scenario_id,eta_0p00__OR-Tools,eta_0p00__ALNS-Mean,eta_0p00__ALNS-CVaR,eta_0p35__OR-Tools,eta_0p35__ALNS-Mean,eta_0p35__ALNS-CVaR,eta_0p70__OR-Tools,eta_0p70__ALNS-Mean,eta_0p70__ALNS-CVaR
0,4.526644488161878,0.0,0.0,13.56755920407312,0.0,0.0,3.3357540988734797,0.3725347271125088,0.0
1,15.469520028909159,1.1422523587101239,0.0,0.0,0.0,0.0,1.389877758073112,3.450060983204878,0.0
2,2.335013797171996,0.0,0.0,0.0,0.9059486544669539,0.0,0.0,0.13218497089991388,0.0
3,29.85661434473647,2.0402163241660958,10.603037857859704,14.825386497412154,3.46361814321898,0.0,8.90663149351576,0.0,0.0
4,18.03743714934322,0.0,0.0,19.500493457530922,0.0,0.35189808326663297,35.133715201615246,3.4960521157024687,0.0
5,5.44304820787039,0.0,0.0,0.296021663662998,0.0,0.0,0.0,0.0,0.0
6,10.719236466558016,0.0,0.0,12.582128986768964,7.1735861402044065,0.0,2.5863433598843812,0.11595839882886594,0.0
7,20.32966272040926,3.0247866851798904,0.0,31.7388198586942,0.0,4.351288925971517,20.217876591095234,8.79312175874071,0.0
8,0.9217425483724924,0.0,0.0,0.9217425483724924,0.0,0.0,0.9217425483724924,0.5681301735437501,0.0
9,15.71631177818412,4.147551987029544,0.0,11.698731671515162,0.0,0.0,11.286001068728922,0.0,0.0
10,23.668836737075964,0.6911831969609352,0.0,13.712779715761144,3.175935914591605,0.0,152.50305663615586,24.17883659766821,9.598470414755496
11,20.514138991593654,0.4136729207955625,0.0,24.176147731302848,0.0,0.0,16.674652010149515,0.6075655594115972,0.0
12,3.4248975612154595,11.331427695242553,0.0,0.0,0.0,0.0,3.4460707996916256,0.0,0.0
13,10.384329216536116,0.0,0.0,8.822055610449723,2.1057656212058475,0.0,32.79991153208985,0.0,0.0
14,18.339381244698927,0.0,0.0,18.555900346075987,0.40821464940489705,1.776729118545802,14.938449655084867,0.0,0.0
15,69.44714207128357,0.0,0.0,20.24025728785574,10.185647708164197,1.2918633915609234,64.29057944925813,0.0,0.0
16,27.76882352318509,4.191177822005642,0.0,9.071376567300234,0.0,0.0,0.7106210587430439,4.140173013425198,0.0
17,6.50893090242829,2.89614182851318,0.0,4.022852987593296,0.0,0.0,1.3858976208765625,0.7191331498595162,0.0
18,44.43686461634357,15.083010005534334,0.0,27.14015561387407,13.026663400733895,8.30636073945783,18.115963316766994,0.03993585124197807,0.0
19,24.92374240699877,0.3842950896697346,0.0,14.95842590077072,0.0,0.0,53.656319694212556,3.251780426212349,0.0
20,12.595897278243115,0.0,0.0,29.63693836704877,2.2225560091144416,0.0,21.200279737419862,11.652867219953407,0.0
21,2.7349606425959223,0.7058327452596984,0.0,0.0,0.0,0.0,1.718069503235256,12.343028475539569,0.0
22,27.771619490902964,12.151704267907462,0.0,83.59896003662544,2.9149158920628224,0.0,21.495535834418234,0.0,0.0
23,5.212857426477825,0.0,0.0,8.665968986143497,0.0,0.0,9.958984817693874,2.2199358400890787,0.0
24,32.728843994960926,0.0,0.0,34.856543765979694,0.0,14.004805483951685,31.00416027679836,0.0,0.0
25,6.65309449711043,0.0,5.251655691253745,5.8621924497944065,0.0,0.0,5.165440152282656,0.0,0.0
26,25.129993770560816,0.9233241015816702,0.0,14.894260231574407,1.616170871472434,0.0,14.894260888573598,0.1414480701860441,0.0
27,28.02346332877309,20.503292081742046,0.0,22.636946247179367,0.0,0.0,24.270402614556275,17.03303291875801,0.0
28,25.944934986939757,0.0,0.0,129.85820067307702,11.798978226631192,30.293185679033854,68.09461609116929,62.1327697029667,17.065371073215147
29,1.9637277378568,0.0,0.0,0.16321221960907906,0.01191885561303252,0.0,2.4582882308386615,0.09057349820432137,0.0
30,3.7919486127833295,0.0,0.0,4.978343861775244,0.0,0.0,0.15576918195660028,0.0,0.0
31,4.534608565245492,0.0,0.0,9.963820984230466,0.0,0.0,3.9008679592277247,0.0,0.0
32,12.049057373056257,0.23236641571958216,0.0,15.125224898453155,11.19229602718221,0.0,30.166805104887004,2.13507229318148,5.796470411528446
33,4.7653464518343185,0.0,0.0,0.0,0.0,0.0,0.0,0.0,0.0
34,3.470894109220069,0.0,0.0,7.219179036064816,2.9808291102023077,0.0,7.663107520571856,0.0,0.0
35,17.209823150763526,0.6029763329885611,0.0,6.25841725948581,1.6034511379633614,0.0,98.9300562494777,2.202177813608216,0.0
36,7.3168547710263,0.0,0.0,49.17295821554367,3.230371254117614,12.848739580004832,24.65893816894183,0.0,0.0
37,19.080923470733012,0.0,0.0,12.093726051601266,2.7934656487948075,0.0,15.108100049193297,0.7955714127802196,0.0
38,1.086488985769961,12.226778631312698,0.0,7.449073802365433,3.7179781796019427,0.0,82.31908487002008,14.517347067690679,0.0
39,4.516338508603468,0.0,0.0,12.48957674395902,5.439048338258999,0.0,7.251259088545595,1.3169834488098218,0.0
40,9.021452950913385,1.6470267293418033,0.0,22.847241431143317,5.091375555252796,0.0,10.753545629920495,0.0,0.0
41,4.923534076249609,0.0,0.0,3.9571661419075497,0.0,0.0,39.95475468434077,48.45993947112203,0.0
42,6.217476663693986,0.0,0.0,13.808561700302278,1.730285591344284,0.0,1.4131727589576428,0.0,0.0
43,23.11430086787027,0.8110448445001452,0.0,22.38655495571362,0.0,0.0,39.91504273871786,9.27956095222035,3.719337738513275
44,10.105176425619874,8.707489025505367,0.0,8.752604333832494,0.0,0.0,28.50929887905434,10.808908007710329,0.0
45,14.588184097199985,0.0,0.0,14.614463245311839,0.4932051063483982,0.0,14.588183129068597,0.18330399939782183,0.0
46,4.509802888687375,0.0,0.0,14.246061406004202,0.0,3.5232238833824283,0.0,9.486536074784908,0.0
47,11.944528175002148,5.104492912810201,4.132627063740699,8.962419126114042,0.0,0.0,8.093536951530439,0.5196194327306216,0.0
48,19.513676429840842,0.0,0.0,68.70533921488317,2.778496590810363,24.969469787269787,5.763210125411661,1.767407854814678,0.0
49,3.8210741687663017,0.0,0.0,2.91828837352719,3.0488186430967517,0.0,45.38391416813158,0.0,0.0
50,5.0216776445357425,0.0,0.0,5.021381798206249,0.0,0.0,10.083284579354398,0.23084595572390754,0.0
51,4.058222014523466,0.0,0.0,7.553950275541041,0.08999133716275765,0.0,3.4094862090634592,11.576446174598118,0.0
52,32.77157426600377,3.212749612960522,119.54954645412892,9.95179712858399,0.0,0.0,2.2397385679738875,2.401313430545258,0.0
53,12.050057778792791,8.962602876363263,0.0,17.438107195955837,0.0,0.0,5.634362725519452,0.1721318275895669,0.0
54,20.83485359625297,0.0,0.0,24.550406692302545,0.0,7.050738942386374,17.635598412598682,0.9073771122895664,0.0
55,21.653753277914774,0.0,0.0,21.032756111967444,10.7414904850595,1.3980614619518974,19.866980029860713,0.0,0.0
56,3.5608063668012164,0.0,0.0,8.868241691267428,5.495760096229844,0.7790932238153232,11.136320049302014,9.19346661950027,9.737105447758324
57,17.875773357981245,4.926445151446984,0.0,12.14088878722714,0.0,0.0,15.476309285402863,4.578569824380736,0.0
58,9.375173011462607,0.0,0.0,23.0443603246282,13.079467407959442,0.0,50.94297582555191,16.66185064225627,0.0
59,1.945086772698403,0.0,0.0,0.0,0.0,0.0,17.040211874719773,6.427143778450954,0.0
60,2.4676513317423883,0.0,0.0,0.0,0.0,0.0,0.0,0.08190067604374462,0.0
61,16.72831458749289,0.0,0.0,57.78347567265891,26.2732863191128,6.018022154774286,11.944763904489122,1.637144328743858,0.0
62,11.41382587189787,4.845029291901426,0.0,2.565213060112967,0.0,0.0,7.424327702940303,0.314521159649928,0.0
63,9.775580712574936,0.5580720403337409,0.0,16.321499042929787,2.3780445629678866,0.0,7.040111521506873,0.0,0.0
64,0.7607864022563717,0.0,2.090997889868845,5.254695568259905,0.0,0.0,0.0,7.2734280669969,0.0
65,36.81731949021699,0.0,0.0,15.42412163492989,0.0,4.487240244575759,9.174932623293586,1.2701004052468932,0.0
66,19.745405315543195,2.1624594883925283,0.0,16.581323760776144,0.0,5.4384256090372105,15.769967300347531,1.1773119411946027,0.0
67,5.670142721108903,12.116003738522494,0.0,0.0,0.0,0.0,0.0,0.7930153878045303,0.0
68,15.50085431906922,15.245094219290138,0.0,10.191468814035034,0.0,0.0,10.191468814035034,1.2025758329440634,0.0
69,0.31533515687897307,0.0,0.0,6.9943610638092935,0.9391526748095771,0.9391526748095771,0.0,0.21380959544751477,0.0
70,25.561097175602782,2.2540968611638164,0.0,22.175127354531725,0.0,2.2973634697164016,34.896020561008385,0.6123222540432494,0.0
71,10.326240438152979,0.0,10.238690929802488,19.733691784412144,0.0,0.0,28.216784097562908,9.616876167348806,0.0
72,7.579492613500548,0.0,0.0,7.581292269650078,0.0,0.0,11.434383705290628,0.37844008546858277,0.0
73,1.7801590821742366,0.0,0.0,0.0,4.059994544822615,0.0,0.0,0.0,0.0
74,0.0,0.0,0.0,15.87225045196871,0.774796904493428,1.4862447597989217,17.82317012761746,0.0,0.0
75,0.0,0.0,0.0,0.0,6.699869319620319,0.0,0.0,1.5440313989870447,0.0
76,14.356822431790249,0.0,0.0,10.215656468579112,0.0,0.0,3.3529076683365133,0.0,0.0
77,16.870678341532454,6.1116354678983384,0.0,19.91041393992009,0.0,0.0,7.047716144106232,0.4554128675429183,0.0
78,0.0,0.0,0.0,0.0,0.0,0.0,0.7122966607002468,5.647321096190552,0.0
79,65.0346025237605,45.02178812757663,8.429261561134211,98.89564761636638,0.0,9.39405492653242,47.89489529390684,21.965025363320905,2.412787220054952
80,1.0772866809771813,7.115192987033936,0.0,0.02543141252994019,0.0,0.0,1.5388829002532702,0.5469850516979591,0.0
81,51.86015386008839,29.90452660741127,1.4056772777653634,65.96801521883572,8.616412547242135,1.8756689574848622,41.318215103656,12.557938399941975,6.125418628092234
82,5.4099345819111875,0.0,0.0,5.289072594490108,0.7541419853779985,0.0,6.988575372177024,4.733953111810649,0.0
83,11.292939433646637,16.577988392407008,0.0,0.0,0.5714652407662584,0.0,18.996302639698342,0.9921971040790822,0.0
84,1.2091223985310648,0.0,0.0,0.0,0.0,0.0,3.313189614068051,0.0,0.0
85,12.089886065217229,7.600977065636954,10.549598997614282,8.453120867866033,0.0,0.0,6.328985839257399,0.0,0.0
86,34.82291984290015,10.790233678631239,0.0,79.88001743421853,1.9241143548943,13.561788138261733,7.554372721926654,4.882559987162779,0.0
87,56.34340516928228,23.788841665112557,0.0,24.115794932171326,0.6962347113810381,0.0,35.32860060229186,6.252915152458343,2.515708029094526
88,0.0,0.0,0.0,0.0,0.0,0.0,8.065212877993417,0.0,0.0
89,9.01860052470252,0.0,0.0,0.6401573360112707,0.0,0.0,5.556535349879084,1.3296325809443204,0.0
90,40.50267534655316,13.362958025239834,6.261267937739149,88.85418100277482,7.195450552459761,16.45771240276963,90.49966914403214,13.78889562809772,0.0
91,16.08686673554078,2.188619506324784,0.0,14.048361503906193,0.0,0.0,26.05326904394863,3.2227264365054964,0.9534396898755801
92,40.38421349099593,2.8154576973153667,0.0,21.50379901191124,0.0,2.2736121406121867,19.43994214175447,0.299222132125891,0.0
93,0.6512683807966937,0.0,0.0,1.8507777533777698,0.0,0.0,48.428715717875946,1.1402751888718683,0.0
94,11.747422266429282,0.0,0.0,19.41676969150936,0.0,0.0,8.67158601145897,0.3949214291324097,0.0
95,8.689663438308486,0.0,0.0,2.6121971260646717,0.0,0.0,2.6121971260646717,0.0,0.0
96,4.720869857392074,0.0,0.0,8.55684560338355,0.0,0.0,3.8417745024210603,0.0,0.0
97,4.294671490187682,0.0,0.0,4.294671490187682,0.0,0.0,13.391172510867392,0.19194785035097084,0.0
98,11.107493359224492,0.0,0.0,12.804434676772928,0.0,0.8388673733934979,11.107493346362759,0.08647861328375939,0.0
99,40.63579888291187,25.470340808142083,0.0,180.69596381767053,0.25117354786004853,15.526399108615749,25.389806017050347,0.0,0.0
100,0.0,0.0,0.0,0.0,0.0,0.0,12.24082359795571,2.1953861242371318,0.0
101,0.0,0.0,0.0,0.0,0.22926867701539777,0.0,3.0299756044922788,10.406943275226752,1.4224380890127009
102,3.3546151148384524,0.0,0.0,3.3490112625347024,0.0,0.0,3.3490112625347024,0.34569899402413284,0.0
103,8.62596224536341,0.2503297940785387,0.0,8.62475467880472,0.0,0.0,8.62470611772926,1.0439765555403255,0.0
104,20.86132596638646,0.07494661271195469,0.0,8.468171643920385,0.0,0.0,8.74121875088602,1.1023220357878074,0.0
105,0.0,22.15955098789084,0.0,6.9454152225648045,0.0,0.0,31.288352598748418,0.0,0.0
106,17.137544247753738,0.0,0.0,27.358077132638783,25.399870432756245,1.4122518002377547,22.491943053473022,6.825665783092035,0.6992253162988789
107,11.300610163646326,2.827548655130869,0.0,41.95803302229115,0.652663308152512,6.87542373781497,89.2971719141749,2.00071791036396,0.0
108,35.99007771010818,0.17605247907067678,2.5182367937510435,19.20885361256032,16.89634039320822,0.9850367595899172,18.078334289877063,0.0,0.0
109,54.023811149839645,1.7229171748850263,0.0,38.56862154128984,8.70267340037799,3.7628037866393242,26.209382643501016,0.0,0.0
110,9.183977146436717,0.0,0.0,8.375010659104476,0.0,0.0,8.375010659104476,0.5241095049709941,0.0
111,11.189681346671392,2.9601583510817306,0.0,3.2265307288498946,0.0,0.0,42.076891406795,0.8773427857859133,0.0
112,3.1962298120684522,0.0,0.0,0.0,0.06163227939305216,0.0,0.0,1.0382441348135103,0.0
113,0.0,0.0,0.0,0.0,0.0,0.0,0.0,3.805997658833462,0.0
114,14.872441955848245,0.0,0.0,5.35360144092175,0.0,0.0,5.711915172128215,0.6161145775226089,1.3581501896067607
115,17.707314004492815,0.0,0.0,14.382041802694545,1.0208523653295742,4.303174628747286,9.123250175849051,0.47481259800599673,0.0
116,0.0,0.0,0.0,7.0504524451064015,14.51392737308447,0.0,0.0,0.12697833140174453,0.0
117,3.7482073457207434,3.996942766218723,0.0,25.175415442757924,1.0109670996251339,0.0,3.748207345626895,2.1308524152915993,0.0
118,5.856112096026209,2.989202606582552,0.0,8.563092467684697,14.285997406855358,0.0,0.0,0.0699741137965475,0.0
119,15.993138658710706,0.0,0.0,10.950826432950777,0.0,3.4276996966581237,21.71417962190108,9.864577495609893,0.0
120,10.646408518128169,0.0,0.0,4.730816703239384,0.0,0.0,5.9263514986161,0.5494072174082874,0.0
121,0.5219462090879574,1.4793259744457714,0.0,78.87311450091482,0.48239787884506313,0.0,11.728036122625554,5.60799851629838,0.0
122,31.915038434671487,0.0,0.0,38.1041073309658,0.0,7.6967484484450495,42.22046809476947,4.115601254140017,2.398025093623062
123,2.6877894844807884,0.0,0.0,1.246582790362254,0.0,0.0,11.80972293153863,5.271526816830573,3.9815623813698835
124,1.8527209362317194,0.0,0.0,34.46419758503788,0.0,0.0,7.082483516566384,17.79902022285424,0.0
125,0.0,0.0,0.0,14.406429474646302,14.018614892782438,2.422657675156927,0.0,0.0,0.0
126,53.12670138169145,11.600060543102927,0.0,21.249086133771215,0.35335644063255245,3.0280267824223586,21.396003149452554,6.284870117233027,0.0
127,14.361454333740397,0.0,0.0,10.532202998710545,0.0,0.0,11.533100611677042,0.031786079077335216,0.0
128,14.869781454579623,0.3222707551333315,0.0,14.029205870183802,0.0,0.0,8.145898636901023,0.3965735424245054,0.0
129,10.264079611729215,6.505073481942247,0.0,8.955539982252532,8.106188578294564,0.0,9.970321948730032,4.629599090731745,2.9699641816700364
130,25.003422029703103,11.020854576826537,0.0,3.7330806358399684,0.0,0.0,3.731753516706732,0.0,0.0
131,9.021441792935008,0.0,7.081444496498193,0.31660511627109145,11.80188522589691,0.0,7.374122337579735,0.03687636092968205,0.0
132,0.0,2.092283691651005,28.31287259556251,9.272659755117132,0.0,0.0,4.906080279110284,2.5711553877656854,0.2373387994500149
133,5.589261755356233,0.0,0.0,11.111655911429523,1.7925439902533071,0.0,3.3231786376981347,0.0,0.0
134,24.65420439505951,0.0,0.0,32.43126002742673,0.0,0.2634345107142053,18.59377944922454,0.0,0.0
135,15.610554184206165,0.5642671879333818,0.0,11.563860134969758,0.0,0.0,11.30518973716093,0.0,0.0
136,11.427239459128486,0.0,0.0,0.0,0.0,0.0,0.0,0.21592567340189817,0.0
137,20.300031387796537,0.0,0.0,21.89408157547686,0.0,0.8982617016909273,18.139879949939683,0.5635534041430219,0.0
138,7.417007126000783,1.5041652743696545,0.0,0.0,0.0,0.0,0.0,0.0,0.0
139,18.662485804163936,3.314431581741303,0.0,28.153848617330937,0.0,6.405977805534974,15.391334118196397,3.937150374080204,0.397582957693146
140,3.3820713259910917,0.0,0.0,1.2088977467390123,0.0,0.0,42.81218018825564,0.0,0.0
141,7.84340431691885,0.0,0.0,0.0,3.406321059420236,0.0,0.0,1.7661363433352903,3.3177335125617446
142,9.103399854595153,1.2291511852045858,0.0,6.935941845310708,0.0,0.0,26.022521275152826,1.902978692086208,0.0
143,6.565546858324126,0.0,0.0,4.121411525206895,0.0,0.0,9.223391176201915,0.018940093827069404,0.018940093827069404
144,2.2906526261085105,0.0,0.0,9.371104330089764,0.8865532037117987,0.0,13.297435474421093,0.0,0.0
145,33.35957066063409,0.0,0.0,36.11743185990062,0.22991539598541522,2.251783034839889,43.477777423214945,2.9446998459424663,0.0
146,15.788086689288434,6.150301447769948,0.0,5.19495229014575,2.4590343443462075,0.0,0.0,0.0,0.0
147,15.605680287882251,0.0,0.0,12.451855512226132,0.0,0.0,9.60260706459988,2.7767482190478177,0.0
148,13.641653256547272,25.771725792169065,0.0,0.0,1.4136606807608985,0.0,42.132850311883516,2.3997721356407737,0.0
149,0.0,0.0,0.0,0.20467563146121392,0.0,0.0,0.0,0.0,0.0
150,11.558870997650217,0.0,0.0,8.679691263891783,0.2288413334263737,0.0,7.176963331068521,0.0,0.0
151,18.912399025645925,0.0,0.0,2.8384194416584307,0.0,0.0,133.2780036688424,56.36160355031814,18.836538823104803
152,34.52450343926117,6.213932515987864,0.0,34.88485036992196,6.766859713329552,3.4645705340448387,47.64893897859508,32.69082294350753,12.19431259221065
153,10.539636454021121,0.0,0.0,7.256470052082619,0.39299717337019047,0.0,4.308032974281019,0.9297319414195044,0.0
154,12.804326821712664,2.504377928235158,0.0,0.0,0.0,0.0,6.655248828478477,11.325100200683437,0.0
155,2.086138442383941,0.0,0.0,8.508853900751916,0.0,0.0,17.625158636277973,11.970089185293034,0.0
156,19.215599509232646,0.0,0.0,81.17026074285766,12.722593144268444,24.755939188286163,14.825594176525442,5.7686226844363375,0.0
157,103.7069604871024,40.660109176245584,4.102234596040461,13.519066821682856,0.0,0.0,16.467635328991435,4.182564699339082,2.141861217663262
158,7.031853024598888,5.537813769682742,0.0,2.879423185036245,7.457369779904553,0.0,74.47366004735895,1.3144001965238772,0.0
159,19.55418769997334,0.8549612902448303,38.49587545053811,39.4161066666274,19.95992268066192,2.8081448443078045,12.835283466023697,1.801521605051306,0.0
160,22.900936207872206,0.0,0.0,17.7885473928676,0.0,0.0,11.948110946901693,0.04913294297074344,0.0
161,6.1443715412127915,0.0,0.0,2.803933235239697,0.0,0.0,1.6801032078139428,2.3173798188921353,0.0
162,11.709274077033768,0.0,0.0,6.8402443683886816,0.0,0.0,3.937309379409186,0.29239557748627476,0.0
163,6.773033051688628,0.0,0.0,11.113364596418364,15.728383439506189,0.0,16.106487108650185,0.0,0.0
164,2.3021663797863994,6.4241804904191895,0.0,0.3560247304725408,0.0,0.0,27.794502379814105,3.3249720490337893,0.0
165,29.76694804887174,12.51472063312471,0.0,2.307822091452522,0.0,0.0,2.2537127630789087,0.0,0.0
166,0.347996134753771,0.0,0.0,3.6753764519882566,0.0,0.0,8.05456163436719,11.658501023075075,0.0
167,50.481902727242726,0.0,0.0,40.456203022755545,0.0,5.256189648316422,41.8823735540426,0.8897217339996644,0.0
168,2.9592741721577056,0.0,0.0,12.95140235903574,0.0,0.0,3.0947853012188205,7.057641975439566,0.0
169,0.0,0.0,0.0,3.789329816768486,0.0,0.0,0.0,0.8407044589854991,0.0
170,29.02162091527046,37.39813872171604,2.8911888600685245,13.463483093235283,6.14547465876376,1.3485852665474454,11.854984636494606,1.5732992226086822,0.0
171,44.51441196145933,0.0,0.0,31.206648175707443,0.0,0.7705513007936418,21.9942669892977,1.276913026118848,0.0
172,0.0,4.961733725098441,0.0,0.0,0.0,0.0,0.0,8.465476258230296,0.0
173,6.878230445442,6.981711283267259,0.0,6.4526857754711955,0.0,0.0,6.4526857754711955,0.0,0.0
174,19.95224917235842,4.1558788774227935,10.717049036959963,15.389945802089557,1.3903529799297303,0.7315128372015351,19.0280219992828,1.9027503723791312,0.0
175,0.0,0.0,0.0,0.0,16.778109337154206,2.6528982800527956,27.76216669958049,3.851607068397641,0.0
176,26.839281431907068,0.0,0.0,7.148609250180755,10.318197909693026,0.1710251716175435,4.984900610405617,0.0,0.0
177,16.854649751265157,13.267200126090927,1.0608041676748599,36.256259661476065,0.0,6.94645134400605,14.277192633892923,7.758750901231679,0.0
178,25.083003905372664,4.606374833250982,0.0,80.53449784359682,1.2423281107175228,13.637754906720346,57.016754922829676,3.7709351865556187,0.0
179,6.467136421259482,1.9833503156725953,0.0,14.076948446320785,0.0,0.3445875966237395,6.558043740640784,2.382316629565935,0.0
180,72.11145225789116,0.0,0.0,25.981179393927306,0.0,2.0102782276167943,16.05757436123713,0.0,0.0
181,7.54104713703299,0.430313380520289,21.295932145976963,22.92231958480056,19.22744412577947,11.501737365631897,0.0,0.2614372517695074,0.0
182,11.429748351743768,0.0,0.0,8.782747492415211,0.0,0.0,19.508322808096352,13.520445569214587,7.307593641165965
183,20.66960028513418,0.0,0.0,20.095428561461347,0.27208011257113185,3.8154559627932088,18.760815140245086,1.1049538344869916,0.0
184,21.248610425456462,4.352990284699274,0.0,2.224468676583541,0.0,0.0,6.429904534564287,0.3229071209047447,0.0
185,11.080411534870024,0.0,0.0,8.255024242402044,0.4323351114185243,0.0,20.619108598433485,4.85322296926023,4.85322296926023
186,6.8186761208551445,0.0,0.0,9.86996710934946,0.47050043522801843,0.0,1.1205942970475746,0.1417995828722951,0.0
187,22.710516236627967,0.0,0.0,91.46797395410536,2.232219197593338,25.35429562448229,10.306691134129096,9.202526692445701,0.0
188,2.6525223182116804,0.0,0.0,2.2903181726114212,0.0,0.0,1.0551940800418151,0.05136373837331121,0.0
189,3.395868204402518,0.0,0.0,16.015891421476738,19.91209657072085,0.0,9.684846679602941,7.232646857379478,0.0
190,1.1703716336039633,0.0,0.0,38.589341613768426,0.0,0.0,0.0,0.0,0.0
191,11.932007828747544,0.0,10.632378805622068,17.38381836682285,0.0,0.0,87.35904211074777,13.920358063959014,2.6171230940869634
192,46.961140440256116,5.336909630407604,0.0,22.649642703928635,0.46534759582414154,9.415603372773973,35.92083724829132,0.0,0.0
193,4.318709287057089,2.005928297110273,0.0,0.005698071503502433,0.0,0.0,12.607317051636699,1.7123294466407515,0.0
194,10.474956947206152,0.0,0.0,8.460407200053254,0.0,0.0,10.96311270722481,0.3177287310571728,0.0
195,7.311178634319532,0.0,0.0,0.2960342797587714,0.0,0.0,0.2960342797587714,0.0,0.0
196,0.0,0.0,1.7961286041245899,0.0,0.41086160406845806,0.0,0.0,0.0,0.0
197,15.029737312861329,0.0,0.0,27.910017728323766,1.7990325923535124,3.202557549934255,13.959381869074463,0.0,0.0
198,4.335086104725519,0.0,0.0,0.0,0.0,0.0,0.0,2.87415484170009,0.0
199,14.63191615927306,0.06929416036206248,0.0,16.450303237164775,5.46621928429866,0.0,18.276059236434975,2.8134070133025375,0.0
200,4.970222634489716,0.0,0.0,18.648629710981538,0.0,0.0,23.876825007460496,40.78076849391323,0.0
201,1.3562695854647586,2.431617647103252,0.0,6.182837703530311,0.0,0.0,0.0,1.7815005512645996,0.0
202,8.272128762280573,0.0,2.5136415101949865,8.271767447244343,0.0,0.0,9.09693297679192,2.527168530733519,0.0
203,1.9454148228520012,0.0,0.0,38.63444621633556,1.224906416500886,14.916123183558227,6.299690770403345,5.345706666395813,0.0
204,21.70857007550316,16.587564065310573,0.0,146.16536265883343,0.0,16.584995742316522,52.86046258869112,9.728150460451474,0.0
205,7.7667449539345625,0.0,0.0,1.3768493130068578,0.0,0.0,1.3601934277154442,1.2383983969729968,0.0
206,7.581772430020237,0.0,0.0,7.184796184729635,5.079904024934535,0.0,1.7301229833033744,0.46480049659814426,0.0
207,9.156146870376801,0.393378814053051,0.0,13.557983358285696,0.3967214943801878,0.0,6.2566765540641995,0.0,0.0
208,24.958630332104946,0.0,0.0,20.400043521754498,0.0,0.0,49.010736120422195,4.2692719986746965,8.769328256951354
209,8.020028670720222,0.0,0.0,6.829964783800875,28.421143417243456,0.0,6.743197240835713,2.219064188207966,0.0
210,15.442080745585884,0.0,2.285824558227432,15.550352681613504,0.0,1.6765162678165098,15.442079090081563,0.18287553939529744,0.0
211,11.424804133105937,0.0,0.0,10.877886761815034,0.0,0.7886857802004386,19.94038105920555,3.7437621834080517,0.0
212,15.602376221721158,4.245421050955656,19.489082821105626,11.534309790715469,0.0,0.0,165.6380974163114,13.30848044307507,0.0
213,29.814065115847285,8.606665878733565,0.0,0.0,0.7054015534505993,0.0,0.7538496321889738,2.6657172410316434,0.0
214,54.641715074322576,9.471832346094885,0.0,61.765924260127036,0.0,0.0,298.8732620867771,99.18709967661627,65.97200027576955
215,3.8564308754517356,0.0,0.0,10.70864433254576,0.0,0.0,0.96981838816356,0.8769349644126692,0.0
216,5.989645143662813,0.0,0.0,3.893465425553501,2.2421824170436935,0.0,3.893465425553501,1.4748703618581942,0.0
217,1.9216934491272752,0.0,0.0,0.0,0.0,0.0,8.843620398140729,0.0,0.0
218,0.5620414570901744,11.711946276898516,0.0,7.110011501165815,0.0,1.2620976205795955,1.8333107892812563,3.963983246676918,0.0
219,30.591353797648907,22.32021925738468,0.0,12.087268903594861,12.894198094513456,0.0,2.0223372221037152,1.3165684592262323,0.0
220,23.98737966388606,0.2036721005171671,0.0,7.2767972367195455,4.245761100773677,0.0,42.6270077446346,0.5480841008202617,0.0
221,28.239996413507953,0.0,0.0,11.404903699533804,13.641861415827549,0.11851009243648036,19.83271641155352,1.493674659938165,0.0
222,0.37673539963512326,3.479731668229192,0.0,0.0,0.0,0.0,0.0,0.08824361725993413,0.0
223,0.09355393941299894,0.0,0.0,3.6250631025477844,0.0,0.0,0.09071170465549017,0.0,0.0
224,56.06074043072638,0.0,0.0,10.126779270895781,6.980418707564809,0.0,75.77971060959703,4.624490296388103,0.0
225,0.0,0.0,0.0,0.0,0.0,0.0,0.0,1.1058812640007716,0.0
226,21.788699765016162,0.0,0.0,1.7400237196118837,0.47936317754152924,0.0,9.669191567460132,0.0,0.0
227,13.821039188750433,0.0,0.0,31.597298978984043,0.0,0.0,5.266762136322711,6.337332006463072,0.0
228,27.48841669657898,0.0,0.0,8.5750363329131,5.44594771729885,0.0,0.0,0.5260856701900423,0.0
229,19.60463537535429,0.0,0.0,28.52318674059029,1.1381053346517547,0.10542951811731882,17.067240393609552,9.714859755658438,0.0
230,18.598413199395765,0.0,0.0,15.324874157651067,2.418092735047935,1.172620971294549,15.324874157651067,2.0478850338249117,0.0
231,15.770819275405188,5.676377678833603,0.0,25.58308728482345,0.0,6.5615371647784855,28.77652985142413,1.6124034239583978,0.0
232,7.730108239928541,3.298499498763647,0.0,11.59269969857263,0.7255652230485907,0.0,8.687791682447937,4.142701211055453,0.0
233,19.620338618928656,2.3497788923456824,0.0,12.189952035547037,0.2542056933521053,0.0,31.261030062757897,11.816317611372199,7.796095012304647
234,6.334952090952299,4.350085898433406,0.0,0.0,0.0,0.0,3.2234596975730767,7.148494945032496,0.0
235,128.5671909401322,4.851110250553319,0.0,80.7599335286288,8.531744781671591,4.286977460700882,49.74531811265544,7.053582470260466,1.0202819213603505
236,0.2601425306244778,0.0,0.0,0.26014253062442094,0.029307295221485674,0.0,12.672281012507653,0.1320703209593148,0.0
237,18.23567400567751,0.0,0.0,1.0589225203392516,0.0,0.0,37.38084626948151,19.68554888837653,0.0
238,2.7240783063261347,0.0,0.0,5.449020890813415,3.3096248406573068,0.0,0.0,0.0,0.0
239,57.68159063230439,8.548477989158982,0.0,66.7508689827618,0.0,3.5453262757143307,39.31079451560072,0.0,0.0
240,1.1720562066126945,0.0,0.0,0.0,0.0,0.0,16.561631349542694,0.6787095063523338,0.0
241,25.20507051620305,0.0,0.0,76.97564230759963,2.0928113934101873,26.102492558938224,9.291908020215942,5.633669922160976,0.0
242,2.7234725622064957,0.0,0.0,25.02467765952099,0.0,0.0,34.00290657624927,0.0,0.0
243,8.329356533022917,0.0,0.0,0.41871530069386154,0.0,0.0,0.41871530069386154,0.0,0.0
244,14.980951475525558,0.18686967366596718,0.0,3.545694586896616,0.0,0.0,17.467146120197725,0.5577323485597105,5.642555815207459
245,27.518837982808776,0.0,0.0,13.547802642785427,1.396183880479839,0.0,9.626596052575564,0.8099825786451333,0.0
246,2.8215777524999908,0.5033813953912158,0.0,1.2394021675740419,0.0,0.0,0.0,0.0,0.0
247,7.364261706565458,0.0,0.0,19.36664580014991,1.1229855781291747,0.0,0.0,4.671421843670316,0.0
248,8.928243101218698,5.326881887066804,0.0,6.087321629540128,2.0241183875323827,0.0,5.707542955526776,0.8877967348408902,0.0
249,7.745439914227546,0.0,0.0,12.85145237089904,0.0528831550153086,0.12637734989633032,6.352309940284755,0.25791534658526416,0.0
250,49.175416150957716,2.4546085600465233,0.0,7.778388756351006,6.945437597364872,0.0,6.359414631246636,0.0,0.0
251,30.250034055098382,0.0,0.0,70.07015226452006,0.0,4.1962138601682,45.63642702714131,24.818076208517,0.0
252,7.83572008046599,0.0,0.0,8.334019115812026,7.30247565893751,0.0,5.120646178291935,0.0,0.0
253,3.2329815882760045,0.16169142512265466,0.0,13.108233230345462,0.0,0.0,5.3663873237002235,10.161141388006314,0.0
254,0.2434796919928317,0.0,0.0,8.70318289151038,0.07195518935196787,0.0,72.82001433449668,22.21027012370385,4.596060262008706
255,0.0,0.0,0.0,0.0,0.0,0.0,14.43842180839789,0.0,0.0
256,20.872565606871632,22.693334091514913,0.0,21.837978421308833,0.0,2.636662499857607,5.190213324312538,0.013957648149926172,0.0
257,1.7982106276082277,0.0,0.0,9.699339738053965,0.0,0.0,26.547365188958906,27.296404191647923,6.328043340209092
258,0.16362933727671702,0.0,0.0,0.37452567528757186,0.0,0.0,6.01808591268221,0.7420444428189796,0.0
259,0.0,7.0220293397970295,0.0,0.0,2.094994951220656,0.0,0.0,1.6239647512366844,0.0
260,11.879087372197546,1.57227785761512,0.0,6.408232144960124,0.0,0.0,1.2582984863740876,0.15876732656317927,0.0
261,1.634296231079361,0.0,0.0,1.634296231079361,0.0,0.0,1.634296231079361,0.0,0.0
262,25.134603029258415,5.456230631974677,0.0,3.332540586434021,0.28141268046465484,0.0,7.882843866782878,0.09928252601497434,0.0
263,1.0984318164020976,0.0,0.0,0.7809051475014144,0.0,0.0,22.36334112900076,0.0,3.9547390167284675
264,2.337882556429747,0.611215679759141,0.0,0.2977184603166734,0.0,0.0,0.2977184603166734,0.0,0.0
265,0.0,0.0,0.0,0.0,0.0,0.0,0.0,0.0,0.0
266,21.706731777480144,0.0,0.0,19.96107349383712,0.0,0.0,19.96107349383712,1.25073277696211,0.0
267,14.327006807181561,3.4438787148078234,0.0,7.4818879024770695,0.13223217785628094,0.0,7.447431633492215,0.0,0.0
268,15.403877156934499,0.20623566721513953,0.0,17.330444898416317,0.0,1.1972052760075655,15.326680192332844,0.0,0.0
269,6.700814483513454,0.033215897641923675,0.0,1.342532619688285,0.6546763684793291,0.0,32.01790598068405,0.0,0.0
270,10.129546295425797,0.0,0.0,0.0,0.0,0.0,0.0,0.0,0.0
271,9.261494059329522,0.58558556528655,0.0,17.408070589095445,0.0,0.0,12.279334930119376,0.0,0.0
272,1.7382339775186324,0.0,0.0,0.21469603066339005,0.0,0.0,0.21469603066339005,0.0,0.0
273,0.0,0.0,0.0,4.8524117094371775,0.0,0.0,0.0,3.6625251444129105,0.0
274,2.7132124116433545,0.0,0.0,0.0,0.14534869914263027,0.0,0.0,0.0,0.0
275,8.323937528195614,0.0,3.9090480725732277,16.671615821979344,0.0,6.65459105495998,5.1713113610704795,3.1760991569293537,0.0
276,0.0,0.0,0.0,11.237760828409819,17.674988832812943,0.0,8.970646778530579,14.983284616401988,0.0
277,6.7911879764787955,0.0,0.0,8.550795824985443,17.86837592506444,0.0,0.14439013342501994,1.9680709932710272,0.0
278,16.69040112986383,0.0,0.0,22.022043354690283,0.0,0.0,17.34628239856235,0.0,0.0
279,0.0,6.069121391789054,0.0,0.0,0.0,0.0,14.388534913102632,17.36714341805643,0.0
280,17.86564829410119,0.0,0.0,10.669472834886534,0.0,0.0,24.744697487614047,2.3747714753791627,0.0
281,13.755765877214941,18.452625799418257,0.0,19.52738679675815,5.170233970456991,0.0,46.31166314060002,19.993529826707174,0.0
282,0.0,0.0,0.0,0.0,5.21099866627921,0.0,33.28784559977254,2.947954628017385,0.0
283,3.2769076438883644,0.0,0.0,10.182577106458496,2.074121543417931,2.5782377351795844,0.0,0.1702203572604617,0.0
284,15.750548280152998,0.0,0.0,20.937428222549897,0.0,0.0,18.183764674212853,3.2084134267315108,0.0
285,11.358045110443811,0.0,0.0,10.319802592432808,0.0,0.0,13.964830617789772,0.3866158482727826,0.0
286,6.19728529507546,0.0,0.0,6.685220423801326,1.722440436823831,0.0,6.113684513354428,0.19402338989283407,0.0
287,25.830676108789902,2.1727159945458823,0.0,17.371138752351726,0.0,0.0,35.45162648569351,5.4873983068422945,0.0
288,2.9251630588063904,0.0,0.0,6.155165922887022,0.0,0.0,24.949499711540113,22.511260912319045,12.167365258322377
289,0.4574781345111205,0.0,0.0,11.544532412376384,0.0,0.0,20.393184371686345,10.561450980731337,2.5807130523261606
290,0.0,2.1838212274950592,0.0,8.295003322005215,0.0,0.0,0.0,0.5154520647015204,0.0
291,0.0,0.0,0.0,7.2493530188711475,0.1343879132577399,0.0,0.21093364684148241,5.506897107398601,0.0
292,10.388718414310858,0.0,4.1517948540484895,37.61550353903431,19.187465585078343,8.624188708602219,1.8160212409002838,19.853283578186222,1.2678690049003762
293,19.523278685908537,0.0,0.0,4.253514128418743,0.0,0.0,7.374383758800974,1.8955377114615146,0.0
294,32.363001055888816,0.0,0.0,117.15884697559036,3.4171535477633483,42.931664182035036,106.00408041792357,1.712568702925438,0.0
295,9.75305640383894,6.065668011079737,0.0,0.0,0.0,0.0,0.28993112517062514,0.544819396775182,0.0
296,24.02527794383289,0.0,0.0,36.52911440859273,0.0,4.743944494583673,42.86460511175022,0.28728581745011184,0.0
297,6.9331842455382,7.870154952029225,0.0,28.32256323924807,31.354843937199377,5.330333084760923,0.7404824828050209,3.808585734649398,0.0
298,0.0,0.0,0.0,10.289818198384353,24.554077645960888,0.0,0.0,0.06269430151291999,0.0
299,13.619455422578085,0.0,0.0,18.275743560187692,1.6885382806006533,4.287148286064195,9.60531107783089,0.16315649492565854,0.0
300,16.7448003020684,0.0,0.0,9.897848873018802,0.0,2.3673230915901797,16.194192981854883,22.048989961467385,0.0
301,22.29604989449311,0.0,0.0,29.62635036933804,0.0,9.889275937694151,35.58265623347032,3.5111954781425823,0.0
302,14.764660311628631,17.626199541172724,0.0,0.0,0.0,0.0,0.0,1.6631743060065673,0.0
303,42.623726861992196,1.4601114688734356,0.0,33.12251000573002,1.342860863756016,0.3753453932619095,41.040491111203636,9.060042921945637,0.0
304,2.835577912689075,4.585214994311997,0.0,3.688060010631716,0.0,0.0,37.03212553825324,0.0,0.9061471551815714
305,4.429907423016914,0.05524834232534204,0.0,16.985466584040353,6.5018239797641115,0.0,9.234814082155225,2.6146974345275567,3.967676049499289
306,8.040649216900903,0.0,0.0,9.910537639375747,0.0,0.0,27.959781279334067,4.07511850960006,0.9257875741749899
307,2.922482531483581,0.0,0.0,17.004858668960765,10.211222651743128,0.0,0.7006765614993924,0.7474121166285386,0.0
308,4.507800656120622,4.328343889332814,0.0,22.184776215299422,23.15712895691857,0.0,3.838730206831997,0.3991505643073765,0.0
309,17.15695245003073,0.0,0.0,1.7551931401446552,2.9759172521980872,0.0,74.23362075896509,1.9365360303502257,0.0
310,13.661583953131668,0.0,0.0,18.646872599459897,6.112764579987697,0.0,36.74655883968023,3.9065789695311537,0.0
311,27.453723554365496,0.0,3.1316689708046965,22.29836259536728,40.34024298305411,0.0,42.44146654694771,4.931628462883566,2.8911362970759455
312,13.156067266733743,0.0,0.0,18.272098172905004,1.8717692768572647,0.1754057096856343,8.915470069886027,0.0,0.0
313,1.4350830505741214,8.794177044415989,0.0,0.0,1.7260914819987931,0.0,0.0,0.0,0.0
314,39.507838279,6.829025688665325,0.0,30.0051451167503,1.7899184027245383,1.7899184027245383,147.1754936066855,9.519240054194768,0.0
315,14.131050112753002,0.0,0.0,7.993752323951298,12.235764403579822,0.0,2.9713572118271827,3.551824674297592,0.0
316,0.0,0.0,0.0,0.0,0.5430185667958085,0.0,0.0,9.859676354640527,0.0
317,40.991244904381034,4.1755185036555815,0.0,28.324530332386786,14.546855685397077,1.2403528236246473,24.89774445968652,5.2665889783142745,0.0
318,36.718773678671,0.0,0.0,79.46655430265696,3.401485863417861,4.873347810137119,28.71617381363407,0.0,0.0
319,0.30844521747184217,0.0,0.0,0.0,0.0,0.0,0.0,0.0,0.0
320,14.05301287538586,0.0,0.0,25.345049171497323,0.0,10.621644222988465,28.854436730214843,3.7767155343060494,0.0
321,0.18420034829100018,0.0,0.0,3.3644928219015355,2.796809695186596,0.0,13.057198313722921,0.0,0.0
322,7.891295395881855,0.0,0.0,7.891295394631896,0.0,0.0,9.109310179956282,0.0,0.0
323,5.643155663214827,0.0,0.0,4.1638544840941165,0.0,0.0,4.1638544840941165,0.0,0.0
324,8.201762532852086,5.239500087868038,0.0,39.942362224212246,38.191546262240536,9.895959433441249,11.197297551557085,0.6179660050396478,0.0
325,18.736846944735845,0.0,0.0,8.770301634249392,5.587914069340741,0.45895609855048747,9.715020557831963,0.10334052207559807,0.0
326,0.0,0.0,0.0,0.312749942797268,0.36236286290591124,0.0,0.0,0.5030217340999172,0.0
327,1.54053737272352,0.0,0.0,1.6852109285995596,0.0,0.0,1.3877685290018746,0.07035347696779581,0.0
328,3.493796472208345,9.802995676781109,0.0,0.0,0.0,0.0,0.0,0.8601260298883631,0.0
329,4.992548435848676,3.236230939925491,0.0,4.478944473376856,0.0,0.0,4.938574392782385,0.9156919288697054,0.0
330,18.711865455200126,0.0,6.290100947061205,17.728981323389775,0.0,2.422499968868806,17.787676473771427,0.40824656995312125,0.0
331,7.54814429486089,0.0,0.0,18.254736984926637,22.43302253401299,3.8930835692272296,2.4073437297434737,0.0,0.0
332,25.596274768757098,0.0,0.0,50.05994787873249,0.0,9.917531156356745,30.48515318915372,4.953367403449192,0.0
333,13.25628342412466,0.0,0.0,76.58686238402166,0.0,0.46247687734455667,131.1931876070687,13.995184274826642,0.0
334,0.0,3.1267865931706353,0.0,0.0,1.6286403784770016,0.0,0.0,0.0,0.0
335,6.479719542623968,0.0,0.0,0.09886328916206821,0.6179387717857026,0.0,0.0,6.761281440828213,0.0
336,30.63071255315174,1.1518870256604146,0.0,5.870107990826483,0.0,0.0,0.4445121099805647,1.3491256809487595,0.0
337,29.24400955707287,15.406859756847297,0.0,21.235009096495588,24.74551466336635,0.0,83.07499684921899,4.693055089118815,0.0
338,11.725447721693797,0.0,0.0,11.726113201154675,0.4859208284463534,0.0,28.769715359459127,2.1737926879152383,0.0
339,3.654523291272625,0.0,0.0,3.661550405389505,0.0,0.0,17.001410406226057,0.0,0.0
340,23.047695385469012,19.125643929093087,0.0,44.39478297618808,0.04938895771812213,10.830077794503637,11.677610591976844,0.24795604792805648,0.0
341,0.0,2.290348039531068,0.0,0.0,0.0,0.0,26.724545445346592,0.0,0.0
342,0.0,3.0582488665857,38.444950724709486,1.4740386063858182,0.20284254356113252,0.0,0.0,0.0,0.0
343,6.3654949410717165,0.0,14.607795040605936,11.654711746482803,5.175063291312483,1.3416207897414836,78.02707428668143,8.107956025334317,0.0
344,7.387610145262073,2.4395556805505976,3.624578299209645,2.6858797939381134,0.0,0.0,44.31922125752581,0.13363414475151103,0.0
345,35.92949510769108,35.71616077224979,50.89432687183191,34.47037661999909,2.4004826968641737,5.927805694003183,34.36808944187226,0.6326757776556917,0.0
346,12.928942454089196,0.0,0.0,20.115714745199142,0.0,0.0,89.45318049516791,21.90298233136963,2.7965966975987158
347,15.524091189394483,0.0,0.0,55.60681731227103,46.98495792107397,12.532681157063848,4.363111528033869,10.91869842631121,0.0
348,2.1989676671633447,0.0,0.0,0.0,0.0,0.0,0.0,0.5318239077755038,0.0
349,3.362202405769267,0.0,0.0,1.1695185337362943,0.0,0.0,2.2544975807071523,0.0,0.0
350,5.985818143937593,0.0,0.0,3.649238592785906,0.0,0.0,9.264464415745238,8.781945133619644,1.4254149643627159
351,0.0,0.0,0.0,0.0,0.0,0.0,0.0,0.47555158740064485,0.0
352,20.05075476796054,0.0,0.0,5.649177445318969,0.0,0.0,3.345316234545976,0.609851350911498,0.0
353,11.142324259665656,0.0,0.0,4.873152019905319,0.0,0.0,0.0,0.0,0.0
354,5.138336838748899,0.0,0.0,0.3797821593018398,0.0,0.0,0.37462146901003734,5.687687317861048,0.0
355,8.054213105353512,0.0,0.0,5.7861361269799545,0.0,0.0,3.941978615468315,0.31394485635954084,0.0
356,0.0,0.0,0.0,0.0,0.0,0.0,0.0,0.0,0.0
357,0.0,3.9679709576271307,0.0,0.0,0.0,0.0,0.0,0.0,0.0
358,11.007744418007633,0.0,0.0,0.9444521711769198,0.0,0.0,19.861044849420892,4.779374846814733,0.0
359,2.583563765892393,0.0,0.0,103.46553781258214,8.80089702770448,6.6065448975046195,13.699053679975776,14.861881325104406,0.0
360,15.33182349969789,0.0,0.0,6.823429057549646,0.0,0.0,13.998081495345389,1.1654524032907148,0.0
361,15.71114550637904,0.0,0.0,22.89661775908897,0.0,2.269945994860393,25.654159900557175,3.850213509998838,0.0
362,32.33515201689457,0.0,0.0,17.56978573246198,1.012770846843182,0.0,15.738157719864006,17.363044375753333,0.0
363,12.362271979371855,0.0,0.0,17.31141676522202,0.0,0.5628191567561203,8.502297929066174,0.10564910415837403,0.0
364,30.666663592172966,0.0,0.0,50.233376483437894,3.508931036161698,1.2439514196893242,20.09484094616394,1.8314243296609618,0.0
365,44.55029125845061,20.579557791726586,0.0,29.479729378194918,3.5307668319846073,2.5686276190507726,136.19595624523322,0.6256466915256169,0.0
366,7.311123618719421,4.061357827874531,15.735523510773987,0.7584379174899425,0.0,0.0,14.730636227766155,1.2258895366034892,0.0
367,0.0,6.26229971747361,0.0,0.0,0.0,0.0,0.0,6.119219655945699,0.0
368,12.67372266768976,0.0,0.0,10.92911580132241,0.0,0.0,8.417064571111808,1.395322309820557,0.0
369,11.550928236000317,0.0,0.0,18.207165749506288,0.0,2.573484157772185,11.752616559490718,0.0,0.0
370,2.7598872739033027,0.0,0.0,0.9633098506088231,0.0,0.0,0.9633098506088231,0.0,0.0
371,11.141247433387832,0.0,0.0,7.5012996304082264,6.534444216291661,0.0,37.838738760852465,11.471072782971305,5.632225422488716
372,2.4981811671662797,0.0,0.0,1.7774454962093387,0.0,0.0,1.7774454962093387,0.0,0.0
373,5.465205546531877,0.0,3.2024259657821403,5.967979702633045,33.28933901883511,2.7103543834881236,3.262162534925551,8.314026329348536,0.0
374,13.953888955080942,0.0,0.0,8.102362044996397,0.0,0.0,7.4116589765443734,0.25670684729198,0.0
375,49.12838997266056,7.015961846829327,0.0,13.64644701727579,0.0,1.4690500321488287,21.16519520577694,1.6791469473636198,0.0
376,0.0,0.0,0.0,9.063783130800914,0.0,0.0,0.0,0.0,0.0
377,4.217393684834775,0.0,0.0,3.169267012063756,7.127854553054334,0.0,14.654121043805617,1.4087333267899282,0.0
378,17.768193768116276,2.9014687032390043,0.0,11.907814259939045,0.27892750451195525,0.0,12.061117920707403,0.0,0.0
379,30.02085213923698,2.9033451138359965,0.0,38.507486221563084,0.0,2.6356034478813797,26.69017837841696,0.6639495064790708,0.0
380,11.632790550304463,0.0,0.0,1.3323121589798177,0.0,0.0,3.4124446859635214,0.07169446198460605,0.0
381,10.386201267496034,3.782723480478751,0.0,7.992244446612801,0.0,0.0,10.424213046993458,1.7983199493112352,0.0
382,13.269863556513457,0.0,0.0,23.40027332404017,0.0,7.298627258954525,24.556606584615878,0.05246173701306134,0.0
383,20.075921903081706,0.0,0.0,14.154639517405656,0.0,0.0,13.590954541681214,2.9277873752790526,0.0
384,0.0,0.8056130870223228,0.0,0.0,0.0,0.0,3.7486458544811967,0.0,0.0
385,5.008334686828533,5.6033335537521225,0.0,11.814159034597083,0.0,0.0,2.2260379875731076,0.0,0.0
386,11.693563635711797,0.0,0.0,5.6870939198236385,0.0,0.0,11.493916345394325,12.116726746134674,0.0
387,0.336400096730074,0.0,0.0,4.966287067395172,3.394255314924635,0.0,1.3705113343595485,0.29844971362771844,0.0
388,2.0988296182121644,0.0,0.0,3.557202775674142,0.0,0.0,17.845136191995067,0.7077181875542919,0.0
389,10.311588473699743,0.0,0.0,26.716143122959153,0.0,0.3903776449117231,9.931646995427712,0.0,0.0
390,48.316187260988755,0.0,0.0,9.317363305729543,0.0,0.0,7.837975833332706,0.0,0.0
391,0.134623827844905,0.0,0.0,21.244281605843895,2.0948492026483905,4.608569967085202,1.1522418943777382,6.538885819992174,0.0
392,6.847845180356245,3.4738582983704873,0.0,0.0,0.0,0.0,11.41333735224788,2.2426014230331646,0.0
393,4.550885859409647,0.0,0.0,9.799207327087885,1.454248664800673,0.0,7.024177972865658,0.0,0.0
394,18.92845795376803,0.0,0.0,28.88783936047446,0.0,6.984356829357296,17.256678046388885,0.0,0.0
395,16.314015582511303,10.391179877277807,0.0,9.146862089937827,0.0,0.0,9.146862089937827,1.51820599252801,0.0
396,2.928470499269565,0.0,0.0,29.22999552622423,4.816201764898324,6.839340477725187,0.8530484744565285,0.6039698679637127,0.0
397,8.330785857512012,0.0,0.0,68.39218817611487,10.72326535553691,23.467665165674134,8.330765032560919,23.023586910761594,0.0
398,25.125592582761556,0.0,0.0,6.9058030976970315,0.0,0.0,11.648628520473977,9.488371185374007,0.0
399,13.851722997804188,4.656272323625075,0.0,8.95277755601819,0.0,0.0,6.299704450467118,0.02902139404193349,0.0
400,6.133933638814227,0.0,0.0,7.9119440795302864,0.0,0.0,83.64072543961132,9.303916646380856,0.0
401,0.0,0.0,0.0,2.4926361404088198,1.3230268344046863,0.0,11.5157579322061,0.2921699819068806,0.0
402,0.6818539393207459,13.318271178199296,0.0,0.0,0.1257205887885675,0.0,0.0,0.0,0.0
403,14.069214812890749,0.0,0.0,35.48585051422128,0.0,4.938041918676703,40.75378572903722,0.0,0.0
404,9.425926909375448,6.366222285746403,0.0,11.04267449168367,0.0,0.0,0.0,0.4244463583465006,0.0
405,3.7354497430875426,0.0,0.0,10.2831873800273,0.0,0.0,2.9224479136819923,0.0,0.0
406,0.0,0.0,0.0,0.0,0.7782619869791461,0.0,5.004421648242442,0.5563297020833886,0.0
407,4.622384425244661,0.0,0.0,0.06233391125391563,0.0,0.0,0.46940553501269733,3.0655363312232566,0.0
408,4.826279693017739,0.0,0.0,4.822857930882719,0.028604382750302193,0.0,4.822857930882719,0.0,0.0
409,7.05625241419483,0.24017219225481767,0.0,2.676500432972148,0.7163934718361133,0.0,3.585643742621528,0.0,0.0
410,10.555820186951621,5.887595745267561,0.0,2.880778149712796,0.0,0.0,1.0542261510154276,0.8795089017031898,0.0
411,12.833824959167373,5.743299622818739,0.0,10.039046374649331,0.0,0.0,1.6060979362399053,0.0,0.0
412,4.249421111598281,0.0,0.0,37.85312224547366,4.217441917373094,0.0,4.253205891596508,0.0,0.0
413,13.545593762682216,0.0,0.0,61.64908863843624,37.3285223594757,9.799627824788502,105.87828245364233,33.17062107959197,18.793976254130655
414,14.503378408821021,2.3884091960819944,0.0,4.356551513244057,0.0,0.0,10.741234849632121,0.9622571583499848,0.0
415,3.650689686805947,0.0,0.0,1.08232626221195,0.0,0.0,9.320281782318403,0.014560032971701276,0.0
416,107.25516114089504,0.0,0.0,92.40024945887771,2.041293861802558,23.00079036686799,48.19448687666139,11.426990665772621,0.0
417,15.433037720914712,0.0,0.0,10.221392717150252,0.0,0.0,11.113601777977067,0.49523401648440313,0.0
418,13.87290777089612,0.0,0.0,10.372998537479987,0.0,0.0,8.450478572700689,0.0,0.0
419,21.31186500463852,0.0,0.0,0.9297250034222202,0.0,0.0,0.0,0.0,0.0
420,3.099536203723744,0.0,0.0,12.146988465177913,2.64040213438858,0.6885251620058739,14.650093259162333,3.1894733366151797,2.574588992893439
421,9.351335918876032,0.0,0.0,32.97518956842697,10.81300499608048,3.6707722092181143,8.030533332744682,0.0,0.0
422,0.3760118556011207,0.9053936714227007,0.0,8.158122133242273,12.421571165155626,4.829660666193945,10.715021465017571,17.21664254221895,0.0
423,22.26969572470722,0.0,0.0,36.316160278295996,36.81346199126284,11.239642584317892,53.49982552329459,9.286690286253219,0.0
424,10.955399718102939,0.0,0.0,15.662096696907355,0.23357000834590735,0.0,92.83657482612574,0.7833256150921954,0.10112315399834415
425,5.685775288605697,5.438221735113814,0.0,4.981779141600782,2.1790001604839517,0.0,4.981779141600782,0.0,0.0
426,24.808614848982558,0.0,0.0,22.2594888319947,0.0,5.419319624840199,19.56963884545158,1.265419037504671,0.0
427,7.7800386694176495,0.0,0.0,25.0760335027029,2.67953967689391,3.901421413032864,7.780038669029977,9.806355610604498,0.0
428,8.82710023257252,3.4357648300090204,0.0,18.44565508636066,0.0,0.0,3.3877123802345466,0.028831087984428905,0.0
429,8.075798609879996,0.017453902844437152,0.0,5.577855314432384,0.0,0.0,5.4783894874751695,0.29052339528686844,0.0
430,4.763219044427444,0.0,0.0,7.874738282011066,0.0,0.0,0.0,0.0,0.0
431,28.73810515451666,0.5638425054893901,0.0,18.151357495612217,8.364829938099376,0.0,11.00529771390137,0.0,0.0
432,36.80161044011271,7.347856695975054,0.0,25.55053636593084,0.0,6.847862252421891,25.595005762281858,0.39268343218947166,0.0
433,5.527660285289812,0.38939015867816806,0.0,2.529000269219125,0.6092114394321015,0.0,6.5060238524368685,11.612530833719546,0.0
434,15.85242465275357,4.315519192633275,0.0,5.218993766459363,0.7061900018972551,0.0,47.60032749179936,1.0944849994915842,0.0
435,0.0,0.0,0.0,0.0,0.0,0.0,8.70370099340741,10.53040644403444,0.0
436,18.677972901946987,3.8559521242419805,0.0,4.5458405571639275,0.16376963997487337,0.0,4.5458405571639275,0.0,0.0
437,3.9758454203043527,0.0,0.0,1.0687528072609211,0.0,0.0,1.0485646276267744,0.0,0.0
438,0.0,0.0,0.0,4.405444564054022,0.0,0.0,0.0,0.09045246543178109,0.0
439,22.075844035967975,0.0,0.0,14.733919409127168,0.0,0.0,14.733919409127168,0.4762301302901051,0.0
440,32.30666079677022,36.3705269246517,0.15338287513691284,7.960348010280654,2.4628212917305063,0.0,6.234678326757347,2.644075697463677,0.0
441,30.35236556795661,0.0,9.902931784872465,23.634740248587434,0.0,0.762202273607528,9.03481128720054,0.0,0.0
442,2.698595273846763,0.0,0.0,0.0,1.36477891593114,0.0,0.0,0.0,0.0
443,0.8611811247345145,0.0,0.0,4.580701369687745,0.0,0.0,4.1743065444015315,3.895666124431358,0.0
444,10.698263004978088,6.650468111647626,0.0,6.018038176921721,0.0,0.0,6.018038176921721,0.2655533661985032,0.0
445,16.03208703930889,5.645494037611343,0.0,13.411787734913645,0.0,0.0,12.174918143557335,0.0,0.0
446,0.0,0.0,0.0,0.0,0.0,0.0,0.0,0.6370219848902252,0.0
447,7.006866703425828,0.0,0.0,6.886025270358658,0.0,0.0,6.97947414969488,0.5485041625059353,0.0
448,0.0,0.0,0.0,9.273423834709831,0.0,0.0,0.0,0.06691676713367656,0.0
449,25.091859581607224,0.0,0.0,30.616653409975072,0.0,1.1402200578820043,20.864788691321735,0.0,0.0
450,6.826670609681059,8.137643890715907,0.0,5.57503175847728,0.0,0.0,0.02794460465344173,0.7720430746379066,0.0
451,17.834302636093156,0.0,0.0,17.83379060589988,0.0,0.0,17.844995287061295,0.0,0.0
452,20.880824257022425,0.0,0.0,12.876524034827384,0.0,0.0,82.9634617378612,31.913687816549242,0.0
453,67.29346582805212,14.081829111526787,0.0,24.9177082508086,0.0,2.7765374586804796,185.31576398918764,44.63854731915549,0.0
454,16.72282232309493,5.461326881537843,0.0,21.837897024342794,0.0,0.0,68.75835809994362,0.0,0.0
455,11.670819749043972,2.9721677427515942,0.0,4.350078412804578,0.0,0.0,2.3781490426830487,0.0,0.0
456,3.1126497497615446,0.0,0.0,15.406597704238152,0.04787051271432574,0.0,2.522093663464034,1.681842773314628,0.0
457,8.841985871989408,0.0,0.0,7.607049473092303,0.0,0.0,0.0,1.1361211689295203,0.0
458,23.526846807267304,0.0,0.0,33.52232474245477,0.48088798571734515,1.539375699396544,160.62279540272692,0.0,0.0
459,4.620968710939792,0.0,0.0,7.709914884941696,0.0,0.0,3.0934504270495324,1.2427400425536064,0.0
460,15.657767897385753,0.0,0.0,31.956224302330128,0.4352558317565922,0.0,9.859796756967796,2.265888371276077,22.469088520376175
461,11.22777914048504,0.0,0.0,58.44852917405228,16.82251298753772,1.1372189496199212,23.375899374904407,1.4440208386943993,0.0
462,41.38182672999133,0.03794287507966487,0.0,14.699046279355457,0.0,0.0,1.9034776520701655,5.99447802809641,0.0
463,1.0711047380858076,0.0,0.0,9.462514336374085,8.988249094973867,0.0,6.062614505556269,0.0730845472780004,0.0
464,0.0,8.928479012291234,0.0,1.9730400417938085,0.0,0.0,0.0,0.5078797445375471,0.0
465,38.871580634193975,20.06892952812791,0.0,31.982186011908283,0.0,4.464701772096305,33.93278878359061,2.340320521053087,0.0
466,1.1848434048139893,0.0,0.0,3.095010743552791,0.0,6.814413704407855,1.1841344335378494,0.0,0.0
467,1.0903416773093113,0.0,0.0,2.016329829352287,1.3223836493135082,0.0,13.61851162853901,0.0,0.0
468,20.434284943628086,0.0,0.0,21.95338704629964,1.0810954762554843,0.0,134.63832036921613,23.907615573060866,2.9424893130714054
469,5.170706190824035,14.900193567731947,0.0,0.0,0.0,0.0,5.113362045866694,6.04662435058313,0.0
470,38.08671419912821,3.3587564954531786,0.0,32.309261521436696,0.0,0.0,17.76718443594234,0.0,0.0
471,0.21017489324123062,0.0,0.0,25.822950989518745,4.602682145748247,0.0,8.99491348521201,4.35641166547731,0.0
472,16.60088198998477,1.4309808413541418,0.0,56.788500722959384,0.0,12.661863404297748,9.951858381322808,3.798623637737876,0.0
473,18.018375554440325,10.696238167375782,0.0,6.407207332660448,0.13934114198411862,0.0,73.14925412448542,34.40853066499895,0.0
474,2.365100693323427,0.0,0.0,0.9884043528097095,0.0,0.0,0.9884043528097095,0.6896291014261067,0.0
475,4.421698979130923,0.0,0.0,16.559623297834037,0.0,1.8062734284486055,59.03546759882272,0.0,0.0
476,15.15288151242143,0.0,0.0,6.041555475058516,8.768116519387775,0.0,6.201996968301273,0.0,0.0
477,30.896899334076267,9.955661757911741,5.233198051797785,82.31804424084231,3.9800129805316544,15.94243099397707,26.161314351400677,12.471964434224049,11.884957899144666
478,0.0,0.0,0.0,12.523583254374302,4.193703019738905,0.0,5.085230809740779,2.8252814283261216,0.0
479,2.280423687506783,0.0,0.0,0.0,0.0,0.0,0.0,0.0,0.0
480,4.795444146442861,1.499506942986045,0.0,0.19867279299054985,0.0,0.0,13.279441616897003,14.714314627536169,0.0
481,10.992623325774531,0.0,0.0,7.792393994841035,8.584346311496233,0.0,31.496825671155705,8.318069736759895,0.0
482,1.7069511064696599,0.0,0.0,1.9107098348841873,0.0,0.0,0.0,0.44503562566004007,0.0
483,5.289616040315138,8.97440500244582,0.0,4.21282869182437,0.0,0.0,3.2797147899397032,0.0,0.0
484,35.10139820845089,6.229553097870536,0.0,14.016695770724425,0.8315982384952463,0.0,20.03953553833753,0.9353958814149337,0.0
485,15.967193645539481,0.2580625355332984,0.0,90.24700699089482,34.31265909249825,36.479240829140906,16.90278244804753,0.4803329044460156,2.4591149470930986
486,28.33611410582293,0.0,0.0,27.191971553856234,0.0,1.180202262241579,27.191971553856234,0.7952375876260476,0.0
487,3.7490149720240424,1.9621326889421482,0.0,20.88612741522337,2.5421236230438353,0.0,39.41547210562226,0.13105448846997092,0.0
488,0.0,0.0,0.0,8.89069147332421,1.496042507333982,0.0,0.8118020426677504,0.0,0.0
489,22.673339375703506,0.0,0.0,14.145991367254965,3.2378494550015944,0.0,38.949350702548855,7.836468761388687,0.0
490,7.528249838508344,1.8133637787333896,0.0,0.6912627457255098,0.0,0.0,0.0733509320124881,19.459899945340197,0.0
491,7.565593080589849,0.0,0.0,7.306062341638096,0.0,0.0,6.253673788847834,2.4644325124527597,0.0
492,11.566744884677604,0.0,0.0,5.629865691907753,0.0,0.0,11.367833127984227,2.4002947501765277,0.0
493,18.075638336770112,4.544509494187054,0.0,2.5812531228673663,1.7833771966181757,0.0,20.256950786627073,1.257343863031366,7.084791505044336
494,2.8467518973124015,1.0505396006776948,0.0,12.207909287002593,0.0,0.0,18.087165996106705,7.698183708053847,0.0
495,2.556443991652742,2.347409889352548,0.0,2.944442358381906,3.737775456775921,0.0,0.0,1.6044602523063247,0.0
496,6.231558838088262,0.0,0.0,32.54048090964798,0.0,0.0,20.98974670729882,6.994974271162079,2.11896220785232
497,21.24887506859639,2.7472267442979614,0.0,13.528544689564768,34.2762273499128,9.681686576490478,12.791163090967643,0.0,0.0
498,7.422492154415664,0.0,0.0,0.2866463881817367,0.0,0.0,0.2866463881817367,0.0,0.0
499,0.0,0.0,0.0,0.0,0.0,0.0,0.0,1.3797471697977244,0.0
500,15.123834668893267,0.0,0.0,13.941184600732385,0.0,0.0,13.941184600732385,0.0,0.0
501,16.058374654658337,0.5923650933376337,0.0,9.246277250322322,0.0,0.0,9.349989034903274,0.9299328788149239,0.0
502,11.006015467977676,0.0,16.20227315867305,6.305603072023644,0.0,0.0,6.084121662452134,0.0,0.0
503,2.108564215686613,0.0,0.0,7.62325712129666,0.0,0.0,0.0,1.2189400248564652,0.0
504,16.682803517889425,3.9199755774756113,0.0,14.698514043053223,6.599914563524976,0.0,11.133909977007221,5.991071082333292,0.0
505,4.345754641269451,0.0,0.0,1.7706271146277004,0.0,0.0,55.64639204497135,13.986116738916849,0.0
506,33.626840827151625,0.0,25.82413063379073,55.92435597407311,0.0,0.0,86.13640228520038,22.406486616821013,12.760634846674407
507,11.048473516993255,0.0,0.0,4.147284031573122,0.0,0.0,7.4450845719761105,2.23692544377397,0.8339855173252317
508,0.5803979080930048,0.0,0.0,17.555916150493317,0.0,0.0,18.22693924721804,0.15954958738069536,0.0
509,10.920596474789704,0.0,0.0,10.438969990025214,0.0,0.0,22.49718459954107,1.0903537964339591,0.0
510,19.851147091498206,5.79027532933361,0.0,26.699755459761832,33.742495328162164,7.70993983505835,42.53138263822078,22.843568736629976,0.0
511,0.0,0.0,0.0,9.636529531801386,3.734536454397869,0.0,0.0,0.0,0.0
512,3.2077679828168755,0.0,0.0,2.01625325759008,0.4542535573553437,0.0,2.478602617344535,0.0,0.0
513,9.251909668573802,1.620135801524043,0.0,9.251909668573802,0.0,1.4263711887721797,9.251909668573802,0.0,0.0
514,10.382374880225285,0.0,2.5392294222058354,11.084320631323891,0.49541837541971745,0.0,1.896948124993088,0.0,0.0
515,3.800502987217783,2.366089438911331,0.0,0.0,0.0,0.0,0.0,0.0,0.0
516,36.31220507428796,15.834946889194242,0.0,13.222646743331296,0.7740304715356956,0.0,13.158381790969429,1.5502971362929827,0.0
517,23.432495028080723,0.0,0.0,31.805179912113232,0.0,2.312781124792508,22.929365666697777,0.0,0.0
518,21.954111066371468,0.0,0.0,16.871438929217334,0.0,0.0,28.372030490714252,0.0,0.0
519,6.90246204427163,0.5448225911599138,0.0,0.0,0.0,0.0,0.0,0.09471917570158439,0.0
520,57.77427472270966,12.162486677774893,4.07528375904019,41.07867550773662,0.0,1.020602701959234,18.306307072505916,0.40270517580711385,0.0
521,0.0,0.0,0.0,5.644146941271515,5.726282897239457,0.0,0.0,3.897746136325054,0.0
522,18.748847955815137,10.71898054813147,0.0,34.589896643417404,0.0,0.0,94.18505145634981,54.39576189693469,13.663205151424137
523,9.52861765932849,0.0,0.0,0.0,4.359404930816822,0.0,0.18505948427576868,10.218403132442944,0.0
524,32.964424859452805,24.6150831526858,0.0,14.857128439422127,0.0,0.0,4.8695412365476045,0.46514109534871295,0.0
525,4.1543681023686645,0.0,0.0,7.600098226621299,0.0,0.0,26.15579568924437,3.012854338981839,0.0
526,11.986940266545929,0.0,0.0,54.61622389496472,61.33379935912845,18.929229543543727,10.097714006378055,10.85418336210273,3.5014697829470265
527,89.03107976784156,34.549028351175906,0.0,10.531355572929613,0.0,0.0,46.927527400232265,3.5142264885188297,0.0
528,0.944453230657416,0.0,0.0,0.15243313537132508,0.0,0.0,0.0,0.0,0.0
529,10.335622810609635,0.0,0.0,8.803769823631768,5.669915343836408,0.0,8.737634647743306,1.2206663400393722,0.0
530,29.684245405555146,0.0,0.0,32.867853848956514,0.0,2.107011608856766,22.10932060516913,0.6613709079148862,0.0
531,0.781620985452804,0.0,0.0,0.781620985452804,0.0,0.0,0.781620985452804,0.0,0.0
532,2.115867124752242,0.34162518305583944,0.0,6.254797209649894,0.0,0.0,4.45384047195023,0.13587440351136593,0.0
533,23.55368377271745,0.0,0.0,27.998191331905105,2.9542632010913508,6.973033194725872,21.186739888216152,8.765826546639744,0.0
534,6.342124684291349,0.0,0.0,13.868005027895691,18.8049607223669,1.1957822235012827,1.127270652914973,0.0,0.0
535,3.4791256054695907,2.4860430434457044,0.0,8.303052860289853,0.19578811041105837,0.0,0.0,0.5620765030841426,0.0
536,8.623335819340156,0.0,0.0,13.175625147832676,0.7685028142464034,0.0,21.4660291484752,18.692599668483126,4.378908760430477
537,6.544880258991014,0.0,0.0,6.544901940816715,4.305448353766849,0.5119773656174971,6.656312419634162,8.359507620108445,0.0
538,8.797108202647564,0.0,0.0,8.403095744702512,0.0,0.0,5.276803298819289,0.030573882058490653,0.0
539,0.0,0.0,0.0,0.0,1.301513401571924,0.0,10.620439626038745,0.7893963401162125,0.0
540,8.470658676876525,0.0,0.0,3.9820072495586203,0.7592646051019756,0.0,2.9007683592917033,8.781831361637671,0.0
541,19.405344851350833,0.0,0.0,12.103019620091345,0.0,0.0,19.03236426501789,0.2735866426378948,0.0
542,0.8527871484039338,4.273609035955644,0.0,54.11263040242875,0.0,7.127306338823644,0.0,0.0,0.0
543,1.9282153086239475,0.0,0.0,34.017249315877706,0.0,0.0,8.709510029985353,0.0,0.0
544,20.632132030288005,2.551656881309327,0.0,3.9632242881492346,0.0,0.0,11.189767486158814,6.737427160065863,0.0
545,0.0,0.0,2.2471183575053715,0.5521596803820614,0.1602676567773642,0.0,9.886916480564253,0.0,0.0
546,12.552503604696398,0.0,0.0,12.450642733833803,0.0,0.0,10.889575783944537,0.0,0.0
547,27.73928780888113,1.5998827103200028,0.0,22.11010028373329,1.9860392840672034,2.1349722166522724,22.127545508963465,0.0,0.0
548,1.7468716085226674,0.0,0.0,1.7555961288616686,1.673038148962405,0.0,1.7468716085226674,1.677123014008771,0.0
549,22.554817456629877,4.592494165487494,0.0,29.6121777060267,4.721003414846393,1.211332026090588,15.044927436578178,0.3527674611030136,0.0
550,13.906373113704632,0.0,0.0,18.826114751975496,23.220478030757363,6.484938294407385,20.25843762246828,10.311733604333796,0.0
551,16.7660096142763,0.0,0.5996028295123779,8.356413048405244,0.0,0.0,12.430049621110925,0.0,0.0
552,5.215001129615132,0.0,0.0,0.9950383859678595,14.837626705673017,0.0,45.86607524324032,13.013503542879988,0.0
553,8.117316907935418,0.0,0.0,23.57044049618699,9.435046395452588,3.3768624668695963,0.0,15.887196005607024,0.0
554,0.0,0.0,4.050148696943552,0.2045971486614917,0.5403379497624883,0.0,0.0,0.0,0.0
555,4.428100801747519,0.0,0.0,5.620389049361023,0.0,0.0,20.196643514541222,4.8802389427621335,1.3714176900255381
556,0.0,0.0,0.0,0.0,0.0,0.0,0.0,0.19761430696098614,0.0
557,0.8481677731558932,5.05054471421073,0.0,21.685092376743796,0.0,0.0,100.02469879150613,4.849760524295078,0.0
558,3.008691140538815,0.0,0.0,10.035405650650404,3.570835041234602,1.2788524516577127,0.0,0.4234501979615857,0.0
559,7.27809871077514,14.305388540549473,47.00269793283431,4.183234399242849,0.0,0.0,2.825842846513069,0.0477052719759854,0.0
560,19.915997466568058,0.0,0.0,93.98206998478139,0.0,27.70239388805149,21.581005417315993,3.265460212876121,0.0
561,1.9868190059428912,0.0,0.0,0.0,0.0,0.0,0.0,0.0,0.0
562,15.714400207433442,0.0,0.0,21.95384725665616,1.8064988332089342,0.0,24.473953389505397,0.15954063263939133,0.0
563,11.600332579012104,2.451987791983015,0.0,8.267203277190987,0.0,0.0,2.9490013186955935,1.4432756341512345,0.0
564,11.692881296244138,0.0,0.0,67.49586374596436,11.682673030308479,15.73588232986674,11.544214186659303,4.659475177657072,0.0
565,18.911812968151395,24.790597905099702,0.0,14.447801774235018,0.0,0.0,8.47171239880845,0.399418163084448,0.0
566,5.578506070569233,15.587689263930542,0.0,0.0,0.7187027835852007,0.0,0.0,0.596403000441768,0.0
567,10.39022561906495,0.0,0.0,25.483817360892886,3.08767054713212,0.0,75.16633896084903,0.0,0.0
568,9.632670511998214,0.0,0.0,12.211137306722122,0.0,0.0,16.14757501313761,0.11932206093456443,0.0
569,16.396319376705236,0.0,0.0,12.992457364903544,0.7128318418805293,0.0,8.057350428398081,0.0,0.0
570,9.519956542640358,0.0,0.0,23.30210527423347,4.273045944496715,0.93897504171224,24.436668658688376,0.23922496440943064,0.0
571,2.6888303220702596,0.0,0.0,7.696198117992537,0.0,0.0,0.1977202619458467,12.715029535539202,0.0
572,2.3149105600591042,0.0,0.0,0.0,0.0,0.0,0.0,0.0,0.0
573,14.875610093021578,0.6478284792577824,0.0,12.859490563850414,0.0,2.219827377707105,9.152663815488637,0.0,0.0
574,12.139435124798297,5.377596369312187,0.0,2.084998845192416,0.0,0.0,9.308165123227411,5.070269675970053,7.809859226386607
575,15.435858022263886,0.0,0.0,10.639694826724138,0.0,0.0,47.02799654045606,4.279548034294265,1.433332215127848
576,27.799984403909974,11.229734831263073,0.0,3.9427393547842087,0.0,0.39047848994903234,14.415470765933321,6.348887450520863,0.0
577,0.20879367738950805,0.0,0.0,3.611940743315614,0.0,0.0,0.5523345728190634,0.5772611301583197,0.0
578,4.78041477642256,2.665603411003758,0.0,7.273278745264463,14.128000010369021,0.0,0.0,0.0,0.0
579,0.0,0.0,0.0,0.0,0.0,0.0,0.0,0.0,0.0
580,1.4860641609451477,0.0,0.0,1.4838403845949983,0.0,0.0,1.4838403845949983,0.18882117332856296,0.0
581,18.888794280719935,0.0,0.0,21.81726230800507,0.0,4.3461510211755865,18.853463699585063,0.0,0.0
582,9.774869272197861,11.234282374172693,16.499396326957026,0.0,0.0,0.0,0.1639739778585465,2.701093389936318,0.0
583,9.49217083848481,0.0,0.0,9.151621108795723,0.0,0.0,9.151621109225573,0.0,0.0
584,0.0,0.0,0.0,0.3813050820849071,0.11681586787631204,0.0,8.192900872431977,0.19108907378145545,0.0
585,9.031010549595209,0.0,0.0,11.328663192085031,11.372827140716737,0.0,9.724834222108882,6.2421093034568855,0.0
586,38.66303303649184,0.0,0.0,46.99982457670302,0.274278424690408,15.251324057905236,18.826869494591335,0.3446766761100548,0.0
587,1.3479726371829486,0.0,0.0,0.0,0.0,0.0,0.0,3.655783888927317,0.0
588,20.868905464023698,0.0,0.0,17.445625621222234,0.0,0.0,7.265386071871575,0.12667450944661596,0.0
589,0.0,7.596668318420427,0.0,0.0,0.0,0.0,0.0,1.322415832661818,0.0
590,8.737421997417187,1.7481083272859905,0.0,14.570359999801354,0.1231365847907,0.0,8.737421997178558,0.18410681650743754,0.0
591,5.487909951231472,0.0,0.0,66.69023842197964,25.809375206803225,10.642149246005772,187.75283392970604,4.220719124128294,0.0
592,7.490616890955124,0.0,0.0,0.0,1.6489327771657827,0.0,0.0,4.100679674226257,0.0
593,0.0,0.0,0.0,3.3879584873699287,12.273854069323647,0.0,27.032847446902593,2.6120820804513585,0.0
594,32.1129602187242,4.140666319592583,0.0,29.679083122471894,1.5604253224212812,1.5664099835708782,24.81365348559811,8.254934221746737,0.0
595,60.422623663201534,7.903888482165172,0.0,22.44486156790734,0.0,0.0,18.406829344394566,0.0,0.0
596,2.9263082576843544,1.5870007482495794,0.0,6.857771200558545,0.0,0.0,88.19535027867943,2.914802457743207,0.0
597,2.708092719496932,0.0,0.0,6.753854043878164,7.520523894625285,0.0,0.6827990031532067,0.0,0.0
598,14.19494355175695,0.0,0.0,12.863983392081622,0.0,1.1717878228369614,12.863983392081622,0.2968462993250114,0.0
599,0.0,0.0,0.0,0.0,0.0,0.0,4.802253659576337,6.331641378672629,0.0
600,17.946034673229974,2.696907446887991,0.0,83.31083791613776,7.912255512519437,18.474376583127167,28.64633487275924,18.321273654097354,0.0
601,16.80278680204364,0.0,0.0,20.71813539186269,0.0,1.4167751057918565,37.90665757032721,8.969520017661864,0.0
602,16.2389384403142,0.0,0.0,3.8785641829668975,0.0,0.0,2.8585858690532575,6.705099632113615,0.0
603,4.86654108068339,0.0,0.0,1.8795364569460844,0.0,0.0,1.753303426721402,0.0,0.0
604,7.09237126368572,0.0,0.0,5.749724396874228,0.0,0.0,0.0,0.0,0.0
605,48.9021864026636,0.0,0.0,34.526422424091635,0.0,0.0,18.26908842623439,0.1259702080325269,0.0
606,13.741575643912824,3.440287307679597,0.0,1.7599002152385879,0.0,0.0,36.64880186962864,1.5517337786747873,0.0
607,3.4758506585164355,0.0,0.0,4.794720432082073,0.0,0.0,2.418634014136046,0.0,0.0
608,9.170105205776451,9.043616687051696,0.0,0.7907391359494227,0.0,0.0,10.666081644121789,18.01712691146244,0.0
609,26.913735586643355,0.0,6.863754003223789,21.968576597073053,0.0,3.4198502383777054,49.95496440613556,0.31795222948537116,0.0
610,10.899501765033932,5.615408156329835,0.0,31.270199723445245,0.0,2.9661833642488773,31.869109951945717,0.08691126414402106,0.0
611,2.182104681747205,0.0,0.0,0.0,0.0,0.0,0.0,0.0,0.0
612,2.764517275790638,0.11408477148154361,0.0,2.7685539171244784,0.0,0.0,2.7632994939439754,0.0,0.0
613,0.0,0.0,0.0,0.44423257423261475,0.0,0.0,6.135201228603023,2.2844061455377584,0.0
614,12.633763030347666,6.57317600135903,0.0,7.805521187420794,0.40762777122387206,0.0,4.235578206493756,0.0,0.0
615,27.903490313016817,0.0,0.0,18.74030129850206,0.0,3.2725674581517126,18.467912626658972,4.179185319663134,0.0
616,0.0,0.0,0.0,0.0,0.0,0.0,0.0,0.5114073706272393,0.0
617,4.601483166281014,0.0,0.0,2.8464616979287882,0.0,0.0,0.0,7.330585111880595,0.0
618,7.33308900392035,0.0,0.0,20.976831796298853,1.7683334762392064,0.0,8.932304255389681,3.477327272268383,0.0
619,43.05755607263521,0.526356024566013,0.0,31.716944107629814,0.0,3.350986046948236,20.975266516306277,0.0,0.0
620,0.0,0.0,0.0,0.0,0.0,0.0,0.0,0.4521471711203162,0.0
621,10.155069295300393,3.1003736707670555,0.0,1.2740700761816015,0.4309003111393963,0.0,10.612568027637337,0.0,0.0
622,11.965267823481838,0.0,0.0,23.356047363378792,11.683133405353828,0.006919580790764712,116.1273270957254,5.191398516281737,0.0
623,3.2748039755977345,3.040793115223323,0.0,2.1256327901523946,0.26005755326087865,0.0,0.0,0.0,0.0
624,1.9899405504308163,0.0,0.0,12.275435276784492,2.7556356801398465,1.4520926937403829,5.947602090391484,10.328987058250163,0.0
625,3.1128446410739343,0.0,0.0,15.205287708201269,0.0,0.17434962677032217,17.024675071928698,3.147309328475245,0.0
626,21.158459316363377,12.940839169087184,0.0,11.30968385272999,0.0,0.0,17.018259687271126,15.730533691985016,0.0
627,17.46746081090282,0.0,3.2979899903697287,0.0,0.0,0.0,0.0,3.687896386796268,0.0
628,12.031343188078637,0.0,0.0,17.307699936101614,0.0,0.4407977124515128,15.624781641081341,0.26184725808283815,0.0
629,31.32209501064702,0.0,0.0,11.157880998541259,0.0,0.0,84.10867682699808,7.262741966982247,24.63217497040742
630,12.88145358184002,0.0,0.0,9.45872263890982,0.0,0.0,20.26318649796474,19.272535708384453,0.0
631,1.8861929669161839,0.0,0.0,0.0451575627641887,0.0,0.0,13.722508326001531,0.0,0.0
632,7.755412463512556,0.0,0.0,16.610059408749493,15.397869407726944,0.8130666114009841,54.37553617187669,0.0,0.0
633,14.503856768831383,15.829744449989136,0.0,9.711626972464018,0.0,0.0,4.610948346726758,0.02367879600851097,0.0
634,8.47291345537596,0.0,0.0,7.974851199002757,0.0,0.0,6.1947680416544415,0.9347554108528016,0.0
635,17.678435006727454,0.12178800498367082,0.0,15.115562438572141,3.4158200049861307,1.8800328404755362,57.742476885190854,2.2836396704596496,0.0
636,9.631388204416965,0.0,0.0,8.950626657508536,5.484640110186035,0.0,34.192750982057504,0.21728280698070535,1.681842273606776
637,3.1457442318042013,0.0,0.0,17.479882447409665,0.0,0.5386191220269438,0.0,0.0008137145654814049,0.0
638,0.6917581968519926,6.511008802692601,0.0,0.0,0.0,0.0,0.0,0.0,0.0
639,2.252404762594665,1.8588725644332271,0.0,2.258072019769344,0.0,0.0,2.2524046452416826,0.0,0.0
640,6.297523017207254,0.0,0.0,1.3463991638050175,9.168380710011348,0.0,2.214510177896557,0.5626311348092372,0.0
641,6.5842700288566505,0.0,0.0,5.942823690196775,0.0,0.0,1.6811686714787868,0.13845029783738028,0.0
642,1.561730036177778,0.0,0.0,2.342500435547578,0.0,0.0,3.508266860230947,0.0,0.0
643,13.94675178422105,0.0,0.0,5.329652216926576,0.0,0.0,7.045341309392114,0.07967044796839673,0.0
644,6.442563144430437,0.0,0.0,20.685018957079933,0.0,0.0,5.582323846381655,0.7533082374734477,0.0
645,0.0,0.0,0.0,0.0,0.0,0.0,3.4841005777241776,3.8813195482201763,3.112169241157744
646,26.88747543531227,0.0,0.0,17.83045909812006,0.0,0.0,0.2673468785339992,7.131121029666247,0.0
647,18.74155110569015,0.0,0.0,26.432651741253494,0.0,7.292907805960226,6.998853495520592,9.519231807269819,0.0
648,10.017193417735655,0.0,0.0,8.467521427793713,0.1514560979808266,0.0,16.923475507851208,0.0,0.0
649,2.4553017681155893,1.908248438690265,0.0,2.612794288069722,0.0,0.0,0.0,0.0,0.0
650,10.563686767026468,0.0,0.0,4.256126281169685,1.4622506272667124,0.0,2.680259907501778,0.27559268513758184,0.0
651,56.19635241709028,0.0,0.0,19.53702411041141,0.0,5.698848828332899,15.949880233785336,0.0031299995227982436,0.0
652,7.903043710857958,5.816471287819297,0.0,2.193650752160238,6.3560778900580885,0.0,0.0,4.771407066864327,0.0
653,2.3349949366931924,0.0,0.0,11.975385166526337,0.0,0.0,1.0747062146864437,9.763094973387183,0.0
654,8.415441992252681,7.677690716690876,0.0,5.696849462403634,0.0,0.0,3.9563568811423693,0.8705974833826815,0.0
655,4.149678333997599,0.0,0.0,4.68292273173779,0.0,0.0,1.049596617479267,0.0,0.0
656,0.0,0.0,0.0,0.0,0.0,0.0,0.0,0.13960459599695696,0.0
657,7.97699213583067,0.0,0.0,3.6169234639633885,3.5746022463529243,0.0,77.53545315890165,10.411103695282662,0.0
658,13.059162200268673,23.60289288572443,0.0,21.54515690278828,0.0,0.0,25.812230980918258,0.0,0.0
659,6.22844428154022,0.0,0.0,12.786403355935107,0.0,0.0,5.7147895452300475,0.046285666866083375,0.0
660,28.582883817653055,26.521985132611917,0.0,7.878897947369154,0.0,0.0,25.122908013330402,12.05000417715911,0.0
661,12.208755889763381,0.0,0.0,1.8240289512636139,0.4830499831575139,0.0,1.2803119581426472,1.7262410746984074,0.0
662,7.175890519682355,0.0,0.0,0.7682564962498759,0.1753332923770472,0.0,6.953262353456523,2.7806106793003096,0.0
663,6.460518825776319,0.418395091842541,0.0,10.958910172862659,0.0,0.0,2.3580158640481272,1.5162338818924468,0.0
664,30.337092954997047,0.0,0.0,7.312260110363326,0.0,0.0,26.100278464690177,13.697917443224611,5.799881832981129
665,4.769028340233518,0.0,0.0,3.9613338152190636,0.0,0.0,3.7464800054663385,1.6353583006824124,0.0
666,5.4470852668243595,0.0,0.0,5.445885501756635,0.14949415241954966,0.0,5.445885501756635,0.2987740578658986,0.0
667,39.843329861735384,0.0,0.0,27.218627687420906,0.0,0.0,21.666812940343505,0.0,0.0
668,7.3605479573413675,4.997013724469014,0.0,28.0755928075925,42.04557098349039,3.5266926996198436,2.546732561569911,6.577805688282467,0.0
669,25.445019441604018,2.1256842961253426,0.0,25.446053032768333,0.4213333487894033,5.293423812413181,15.166061833309328,0.0,0.0
670,0.0,0.0,0.0,0.2662124789630411,5.158188951110503,0.0,32.48327886796366,0.3409532812814291,0.0
671,1.2984835103868022,0.0,0.0,3.780764504087273,0.0,0.0,3.8149962665468706,0.5805142639648011,0.0
672,11.45187343056412,0.0,0.0,7.344686964338138,1.184820010071462,0.0,0.0,0.0,0.0
673,41.91951520939105,4.004750114935121,0.0,33.30596166812336,7.69230157739355,3.0387005308373602,43.38519639326444,0.4214026941593261,0.0
674,1.9840595812030415,0.0,0.0,12.472199970985429,0.0,0.0,8.55441478084498,0.0,0.0
675,0.0,0.0,0.0,0.0,0.0,0.0,0.0,0.04337079516466247,0.0
676,2.066875514754088,0.0,5.292143564205617,23.107641503599325,20.421495666661343,5.492200167249706,0.9919096530242655,12.383196615416722,0.0
677,0.9262188525659951,0.0,0.0,0.13210901861069146,0.0,0.0,0.13209526941213312,0.0,0.0
678,10.25095514720789,0.0,0.0,63.238016542123205,3.944054742053112,11.981401902234353,10.249756886274014,4.232179229177348,0.0
679,20.40823084749499,0.0,0.0,30.394849094870324,0.0,3.9155066432529395,2.0760801549292296,19.61420356434175,0.0
680,11.471477843402226,0.0,0.0,19.64539329076183,3.0860268303003124,3.2816702105548927,8.904080615492148,0.0,0.0
681,24.14939463995455,1.5675971334370615,0.0,16.843620952869202,2.170526699125844,0.41242222996558553,18.402860643956984,0.6075759163933014,0.0
682,8.226859514860479,0.0,0.0,54.533419746607734,12.14010008777808,9.280275773026688,6.865120942996327,4.033477537331237,0.0
683,0.0,0.2829056950819506,0.0,6.065649699273337,0.09367809286575834,0.0,0.0,0.0,0.0
684,27.73438088397654,17.41604392033625,0.0,24.9111674483498,0.0,0.0,49.793032035808636,16.851928192165957,0.0
685,19.713099815881662,0.0,2.7899890237311524,16.56332941928116,0.0,0.0,19.055845269304655,0.0,0.0
686,14.34279371405924,0.0,3.715942120056752,22.28700916709309,0.3117945042508268,1.3778534005814436,38.45971090348553,6.142741929223007,3.5417684067299433
687,18.303478816567377,0.0,0.0,18.1620127324276,0.0,4.635059571726742,18.1620127324276,0.0,0.0
688,39.95529404578096,0.0,0.0,23.039410382476177,0.11822283967393332,0.0,17.6083358219324,0.0,0.0
689,12.770798800313543,0.0,0.0,5.410766569104226,41.47812889079171,0.0,5.400094503210994,15.533692549628313,0.0
690,8.691361921117021,0.0,0.0,16.104211474542126,0.0,3.384472542626696,8.440615383929924,0.6247883850701044,0.0
691,10.838022226938449,0.0,0.0,8.97279062300288,0.2666757943096343,0.0,11.500815507612032,0.08747462362373426,0.0
692,23.456410437689755,4.767820186681149,0.0,21.552538750435048,3.0833265946951656,1.4603911699383616,19.34435585540382,0.5664884740862988,0.5664884740862988
693,0.49694687487595957,0.0,0.0,0.0,0.0,0.0,0.0,0.0,0.0
694,42.762537958893006,0.0,0.0,8.04791636062319,0.0,0.0,16.130058595440943,0.0,0.0
695,6.847275990271129,2.3334947845388,0.0,10.067533677392987,11.181577726902873,0.0,6.712994115801962,1.5014646747871154,0.38358312628130875
696,14.154894955957644,0.0,0.0,7.936158578421669,0.0,0.0,20.075025482671464,8.251190695285771,0.0
697,0.35545703926203487,0.0,0.0,0.06457708074668744,0.0,0.0,0.06457852813798581,0.18972620778237115,0.0
698,18.636025109020864,0.0,0.0,8.161280240028816,0.0,0.0,23.500316261097794,3.039477750187473,3.493322510753046
699,13.056907636209104,0.0,21.592366530242714,22.629572806243516,0.0,0.0,10.860612462158144,5.925581459721371,1.113027131980317
700,28.532517247248336,0.0,0.0,34.956625030265684,0.0,4.814607719942842,23.280068930056643,0.0,0.0
701,12.718770901336285,2.549556421078904,0.0,3.635608340648673,0.0,0.0,19.777894117264225,3.398167160055209,2.7155132718193897
702,12.785452781069296,0.0,0.0,6.667404522219641,0.0,0.0,1.2733906623400912,0.41607666908325314,0.0
703,5.854805201311024,0.0,0.0,60.4367865008887,12.928146692876908,10.87159629892875,6.7134970443840984,6.185844800810543,0.0
704,11.93391608546301,16.740589685630113,0.0,6.354702127242945,0.0,0.0,1.595996265819906,12.085392074144465,0.0
705,0.0,0.0,0.0,0.0,20.171234171149052,4.191680408515339,0.0,0.4933594454222998,0.0
706,17.274214576341848,0.0,0.0,32.989671020940875,5.742079647795265,10.437218868576537,6.130998284743157,0.0,0.0
707,6.799356308864304,0.0,0.0,2.162045116306018,0.09002462692029667,0.0,6.428794153244922,7.247491633241822,0.0
708,12.822146146694593,4.1239568226930885,0.0,28.89096050066661,0.0,4.75588643383287,17.183548435226925,4.252129362025613,0.0
709,17.2146542348936,0.0,0.0,3.7559479637055517,0.0,0.0,2.78615524839978,0.0,0.0
710,7.23372067245495,0.0,0.0,16.542583753106243,0.0,0.0,7.106234470204043,0.3623219340062178,0.0
711,8.210678550945715,5.623137805856544,0.0,0.004162766300510157,0.0,0.0,0.028894829014348034,0.0,0.0
712,1.5080564467929776,0.0,0.0,0.0,0.0,0.0,3.1916126171960286,11.18019022544948,2.105438761249502
713,13.54760206108864,0.0,0.0,9.682384990001054,0.0,0.0,5.579427959130641,0.4169820542131504,0.0
714,4.94156160495271,0.0,0.0,9.490176372931785,3.2284015268955386,0.0,19.198654184988243,0.10075306799245709,0.0
715,0.0,0.0,0.0,0.723143646669115,0.0,0.0,0.0,14.804275847046313,0.0
716,5.835950168390468,0.0,0.0,6.258452497033176,18.964186313994617,0.0,14.172465638511682,9.005861814385696,0.4930559367764431
717,1.3568022703780969,0.0,0.0,1.381699925785739,0.7689420558138238,0.0,14.337453434467307,1.3391417312202805,0.0
718,0.8100435893629481,0.0,0.0,0.8100435893629481,0.0,0.0,0.8100435893629481,0.0,0.0
719,2.1262677053695143,0.0,0.0,3.515134842780469,3.9775612360668333,0.0,21.562256836383426,28.409096744816026,0.007008388538224608
720,0.0,0.0,0.0,0.0,0.0,0.0,0.0,0.7089319557257454,0.0
721,15.321539800796018,0.0,0.0,15.302412490185077,0.0,0.0,15.302412490185077,0.0,0.0
722,10.617463947965916,4.217657184308933,0.0,5.043751881984235,0.0,0.0,4.827305370998175,0.0,0.0
723,10.879640421691363,4.297350463088151,0.0,9.958478454393003,0.0,2.241310205117344,9.958428767727582,0.30147996480314987,0.0
724,0.0,0.2802633440091995,0.0,2.450936246430274,37.00472183261064,0.0,0.0,11.943929651907752,0.0
725,14.783908855741572,4.0576613738828655,0.0,6.446564637074886,2.1421353550845197,0.0,14.440125267044891,2.4060970484036375,0.0
726,30.831701887954637,0.0,0.0,30.597825990933814,0.23180554466284775,6.438376333325124,15.32321331739135,1.9356570910516382,1.9321798734600293
727,10.889329818740919,0.0,0.0,20.735999022630438,0.0,5.136576118858926,10.465628335509479,0.0,0.0
728,7.882608901162115,2.176737650786407,0.0,1.5900510991204442,0.0,0.0,1.879737397423412,0.2104327584532939,0.0
729,17.896195764790946,10.919763466597374,0.0,15.362209127119144,1.0080498693227469,1.0080498693227469,26.616871927793483,8.024569571374172,4.684263924015596
730,39.350301189708006,11.041118586195239,0.0,12.08282948918901,5.696839401734223,0.8063600416867303,15.813076197417757,2.1070731008960877,1.4347918748896973
731,47.492947016883846,4.349910980592568,0.0,35.038483580078065,0.0,3.857726461895936,29.293210669398206,0.0,0.0
732,14.004987451101385,5.8004822468574275,0.0,14.476195460099348,1.462263747300426,0.0,13.688534306314438,0.4672788516577384,0.0
733,9.031762056652212,0.0,0.0,9.80442879801302,0.0,0.7280226051819909,12.323835459022263,1.4707094862691008,0.0
734,4.4293374449291605,0.0,0.0,2.1969014675186713,1.8060835519007128,0.0,14.847487884871327,5.008822764724471,4.236498629072088
735,7.805274727359915,0.0,0.0,6.544988566691472,0.0,0.0,2.7073403874302073,5.6986749893525825,0.0
736,0.23798761337718588,0.0,0.0,0.009318196842173165,0.0,0.0,0.0,0.0,0.0
737,3.4125833880237337,0.0,0.0,0.0,8.740292760485062,0.0,30.813508778143103,3.03718501647856,0.0
738,18.80198163497971,0.0,0.0,8.462652311284756,0.0,0.0,0.0,0.7517946384520826,0.0
739,0.0,0.0,0.0,0.0,0.0,0.0,0.0,0.6384334000936178,0.0
740,19.683874465792314,0.0,0.0,13.774225825570767,0.0,0.3776459770130316,13.774225825570767,1.6539511110704268,0.0
741,30.953562202282285,0.0,18.830095813849653,11.33272724983965,7.445397775003499,0.0,1.748510482817636,0.2769820290307621,0.0
742,14.823523802676789,0.0,0.0,14.591581014059528,0.0,0.0,14.591461362360008,0.0,0.0
743,2.1243442624842714,0.0,0.0,13.530978320603879,0.0,0.0,47.554038970318885,11.033160407094272,0.0
744,18.907996253182915,0.0,0.0,15.278735118578851,3.869575293707584,1.4723489130262237,23.423982079342807,0.14707875407435722,0.0
745,11.07979129504497,0.0,0.0,11.034118242668853,0.0,0.0,14.714418729142437,9.420165647237411,0.0
746,14.242366896098247,0.7143514194364116,0.0,25.142165423628626,7.121135392234038,0.0,10.839825457968232,2.292414118212548,0.0
747,0.0,0.0,0.0,0.0,0.0,0.0,62.242545280929534,3.51841389350227,0.0
748,1.4980172269382876,0.0,0.0,1.2273997102535361,0.0,0.7068902182145393,1.2273997102535361,0.1760049834002757,0.0
749,8.377649720760843,0.0,0.0,0.33984894082735195,0.10829249626556248,0.0,0.0,2.0307314461581143,0.0
750,8.043607328955801,0.0,0.0,5.779965727614581,26.360996689781246,1.88864923837113,6.746655160018776,3.9786968030546177,0.0
751,8.782407225893081,0.0,0.0,15.618594923958483,2.918808827454825,0.0,8.782525806948314,2.81630612251314,0.0
752,7.7081475154709835,0.0,0.0,14.873802528089925,0.0,3.073642487129689,10.550066712366288,0.0,0.0
753,3.4443301660301984,0.0,20.738419818429406,11.527652896979419,0.0,0.0,0.0,0.0,0.0
754,19.952430922688876,9.900871611678554,0.0,6.213547343649282,0.34629612927881226,0.0,6.207994073636826,0.0,0.0
755,2.833702649304797,0.0,0.0,5.949524986017877,0.0,0.0,1.3430823193980927,0.0,0.0
756,8.724954597234387,0.0,0.0,28.28392834781104,0.0,0.0,30.832952203924634,0.0,0.0
757,3.873264042094604,0.0,0.0,0.0,0.0,0.0,7.945327918467285,1.781381036477086,0.0
758,37.90018807993661,3.1344496768450654,0.0,87.90002141363985,0.37983559231275876,45.8201966423822,16.720569487164198,2.261752053098462,0.0
759,10.562675580010904,0.0,0.0,15.419332340565347,0.0,0.0,5.587980033310487,0.0,0.0
760,5.464981411646647,0.0,0.0,2.8191011991861217,0.0,0.0,1.3266002971501507,0.061778330565005035,0.0
761,0.0,0.0,0.0,0.0,0.0,0.0,5.26966089125807,0.7242398818669074,0.0
762,5.829055291354962,0.0,0.0,5.242267398897411,0.0,0.0,3.2990599008746813,0.0,0.0
763,7.867871718263501,2.318633958859948,0.0,0.0,0.0,0.0,11.673507043921347,0.24037093103083862,0.0
764,9.642585923609062,0.0,0.0,9.495624152680733,3.440202487420663,0.0,44.890444406040075,0.8095235974125217,0.0
765,4.524061984574217,0.0,0.0,39.97814786554687,0.0,5.983664919052927,30.25105683381753,7.779476402435847,0.0
766,3.7267565440519093,12.93409921569824,0.0,8.70162432319242,2.7708582334564085,0.0,2.3560171761370157,0.0,0.0
767,2.27642493930864,0.0,0.0,0.0,0.0,0.0,0.0,0.0,0.0
768,27.287662336313076,0.0,0.0,96.24671221872609,0.0,19.736624089027544,29.611114419871797,0.0,0.0
769,41.51413444201134,10.353933483686944,2.7913238998023076,38.46199258605537,0.0,8.941658532415232,10.661754689421912,0.9557484586697171,0.0
770,7.900421731272729,0.0,0.0,7.900421731830164,0.0,0.0,58.24461658831834,6.727434713723909,0.3619086184082789
771,9.183731891732378,0.0,0.0,16.53017976836071,0.0,0.09675939594725946,22.211765203544644,0.2731196821853814,0.0
772,2.7325919799003486,0.0,0.0,8.568086743066203,0.0,0.0,1.3188387777781827,0.8071269908703584,0.0
773,3.3987638800280138,3.6943117440826256,0.0,0.0,0.0,0.0,0.0,0.18485193029479774,0.0
774,0.0,8.201192902301699,0.0,0.0,0.0,0.0,0.0,0.0,0.0
775,21.729255292659303,0.0,0.0,2.141237835923903,0.0,0.0,1.551059511301446,0.0,0.0
776,0.0,0.0,0.0,0.0,0.0,0.0,0.0,0.20978698347977343,0.0
777,14.625407949544808,0.0,0.0,14.045908980134243,0.0,0.0,14.380508946857134,5.516026025772646,0.0
778,10.123800344486654,0.0,0.0,9.566307626746038,0.0,0.0,2.022177939757455,7.846180964631969,0.0
779,58.39289497560904,6.78128609836773,0.0,14.498702475892287,0.0,0.0,7.870766857351299,0.0,0.0
780,70.84776173070802,0.0,0.0,63.099563408303396,8.084504366184149,10.511953932781182,23.226733244725978,0.0,0.0
781,22.955318352168035,0.0,0.0,22.04590329651694,0.0,0.8588227690969177,26.68017185325695,1.246948201809289,0.0
782,0.7171311886671106,0.0,0.0,0.7116738369229552,0.09829250340999351,0.0,0.7116738369229552,1.2610216204520555,0.0
783,0.0,0.0,0.0,0.0,0.0,0.0,0.5740242513465432,1.8675805639800558,0.0
784,4.5978424015292205,1.2833884147783579,0.0,1.2358733443126084,0.0,0.0,49.47292491114416,2.58480784422116,0.0
785,10.46602740374098,0.0,6.992779994220541,12.488351158857228,0.0,0.0,23.40509603063964,4.9965980599307045,0.0
786,30.466267325799862,0.0,0.0,24.9372598629771,0.0,8.432895491094484,16.843390809764287,0.0,0.0
787,13.945804165192698,0.0,0.0,8.333808040326232,0.0,0.0,10.399772394859696,0.0,0.0
788,0.0,0.0,0.0,0.0,0.1255001718532185,0.0,0.0,0.46721513010612625,0.0
789,5.59322223492876,0.0,0.0,85.91695462213045,20.711809248214905,10.50202253159489,5.59993200155543,10.975247663816674,0.0
790,8.324508541456737,0.0,0.0,5.971558657495592,0.0,0.0,0.0,2.3472315299420927,0.0
791,16.090012091640318,0.0,0.0,21.67284042186671,0.0,0.4952994764582286,8.224317821848985,0.0,0.0
792,0.0,0.0,0.0,4.596013136718511,0.0,0.0,0.0,0.0,0.0
793,1.5214475987804121,0.0,0.0,4.506791211478401,5.514970764772102,0.0,1.5426806613486406,4.108818577880982,0.0
794,3.7210690036331755,0.5205879194381282,0.0,0.0,0.0,0.0,1.2632205807572063,2.408626684598346,0.0
795,36.38149849413671,0.0,0.0,27.449004027682435,0.6090424939159789,0.0,17.512644980748775,8.157687974299392,0.0
796,1.767425461648088,0.0,0.0,1.698666685465355,0.05025719551153429,0.0,1.698666685465355,0.38554739555053175,0.0
797,0.8412023067867551,0.0,0.0,8.712229319167022,0.0,0.0,28.78381188181828,0.0,0.0
798,14.059097811128993,0.0,0.0,26.386406255404495,0.0,6.643545921008098,14.059097811078516,0.0,0.0
799,0.0,3.5874010303624857,0.0,0.0,0.28039341533207107,0.0,0.0,0.2205039034275842,0.0
800,0.3826855294091729,0.0,0.0,33.44423927407502,3.041663798809253,4.796007162464406,0.808655345165846,13.125450876661091,0.0
801,28.317383797143577,0.0,0.0,42.89608145225364,0.20702275423212768,2.5304964891215604,66.84114775783729,0.0,0.5101595755139101
802,9.791301792537894,0.026649313596635693,0.0,16.545026613721177,1.4585786510685352,0.0,74.4820283939896,1.0421870384521696,0.0
803,36.49548072460445,0.0,0.0,23.749050922840354,0.0,1.5282421040230645,14.708996343799981,1.152440332773665,0.0
804,0.0,0.723507845813117,0.0,1.9765914921920285,0.18425186856458708,0.0,0.0,0.11408290843945679,0.0
805,27.117657199397144,0.0,0.0,24.44998545208179,0.8385635113025955,0.7024322051534284,24.44998545208179,0.99446945503405,0.0
806,12.764048290272484,0.0,0.0,65.3517223833839,61.6937658223934,15.757822327351818,157.60610459672728,46.74095620150018,17.40325949980479
807,19.171288871940305,0.0,0.0,46.8042095285773,3.314176928971847,3.156163994616719,20.745685644208635,0.6102312215638221,0.0
808,3.749448741942871,0.0,0.0,2.9522976612940965,0.0,0.0,0.0,1.7241544796471828,0.0
809,5.953651449956965,0.0,0.0,14.633938766689766,0.0,0.0,7.321146073436012,3.4911299676257954,0.0
810,11.564694762088465,0.0,37.73458229236428,3.995718467017582,0.0,0.0,15.448910612897379,8.735615633253872,0.7461401019645848
811,17.61991453975304,2.690031457923652,0.0,28.061390684298942,38.87509492788118,13.746450071887494,13.37465952446155,0.0,0.0
812,0.0,0.0,0.0,0.0,0.0,0.0,7.348513680069146,20.67312048269281,4.717689379040621
813,7.436244771446496,1.016850521209733,0.0,44.68815379319216,12.062266588269324,7.3875276927590505,46.36119150209626,36.51906378136687,13.471087671451812
814,18.374617778816713,0.0,0.0,15.773974441358945,0.0,0.0,17.633387740503167,27.579915551114567,2.517409802381593
815,0.3400205449551663,0.0,0.0,0.0,0.0,0.0,0.0,0.0,0.0
816,16.006673816536903,0.0,0.0,23.42572979038229,0.0805910069122433,4.064428068202119,12.965771323454902,14.692769940432584,0.0
817,33.24729328273517,6.326064635121838,0.0,46.42144946934613,4.629211100581358,0.0,125.60805995815522,64.35179756043388,37.48650536399711
818,5.934826015131591,0.0,0.0,1.0823346628801005,0.0,0.0,1.0823346628801005,0.0,0.0
819,3.3314140140421955,0.0,0.0,1.3621263045478145,0.21794735943478827,0.0,1.4528383921041268,0.0,0.0
820,17.02297151901368,5.319365679568278,0.0,16.46037250900892,0.0,0.38880253891909433,12.81729436211765,0.0,0.0
821,1.4689561254879493,0.0,0.0,0.6561203047793924,0.0,0.0,0.0,0.0,0.0
822,7.454383111898551,1.0349195898617438,0.0,7.237544923246304,0.0,0.0,2.226278501698914,0.0,0.0
823,0.4818462436733455,0.0,0.0,0.5394693135444584,0.8263161691101573,0.8738744004043895,6.597062571004983,5.199742295146223,0.0
824,7.5294317990423565,1.8571920784693248,0.0,8.43059045535665,0.0,0.0,5.667370023085425,2.7991479744875107,0.0
825,16.90191828841992,0.0,0.0,15.411280437439302,0.0,0.0,15.411280437439302,2.7474176171945146,0.0
826,8.246526978962578,0.0,0.0,2.954084626159897,0.0,0.0,0.0,1.088388853080005,1.0777485385659133
827,18.986877274893146,0.0,0.0,10.101703297282825,0.0,0.0,1.576885699388356,15.416919012395795,0.0
828,4.081987105378232,1.2120622319906147,0.0,3.8673604904502668,0.0,0.0,3.8669077244275627,2.0850107518555774,0.0
829,24.62601557806437,8.609321482223663,0.0,16.09405077599203,0.0,0.0,131.17063973802706,5.990596501967843,0.0
830,17.5494621518707,1.7424321163619538,0.0,11.937242564270264,0.0,0.0,99.53547045808989,1.7607716907080828,0.0
831,6.4644494763149964,1.7453196055301419,0.0,6.948342110107234,0.0,0.0,2.4478564603500104,7.575322240298419,0.0
832,0.0,0.0,0.0,3.0733585552045497,0.29394727043461444,0.0,0.0,0.0,0.0
833,9.837568842621778,0.0,0.0,13.781454474061434,2.8786386463857525,0.0,9.837524017532814,0.0,0.0
834,0.0,0.0,0.0,0.37602434455754974,0.0,0.0,0.0,0.46174514022919766,0.0
835,24.356256516857428,0.0,0.0,15.82257236137832,0.0,0.0,15.82257236137832,1.1894624452186804,0.0
836,3.7934823554126638,3.0925710294629596,0.0,1.118749360294089,4.357761210083709,0.0,1.1249574000401594,1.4796955919806578,0.0
837,2.402194243818883,0.0,0.0,10.134112975278214,0.0,0.0,13.013786305422144,1.8156197385458483,1.8156197385458483
838,13.784598094839822,6.369389220759501,0.0,41.91949280567087,4.3810859791271355,0.0,1.238298074791203,5.559878101602351,0.0
839,10.929093398758312,0.0,0.0,11.161452232165914,0.0,0.12127705000574451,18.30275425398716,0.19571313307122296,0.0
840,4.261854796678392,5.461518923321762,0.0,0.0,0.0,0.0,0.0,0.008656055533379003,0.0
841,12.56084751865589,16.32886508449016,0.0,3.8203595859349377,0.0,0.0,3.6053589216137425,1.7405289970222384,0.0
842,12.970875100300475,3.1215480579661516,0.0,13.71490522860239,0.0,0.0,2.8874167543567637,0.0,0.0
843,20.847326971587222,0.0,0.0,10.70835336590443,0.0,0.0,9.9055954723475,1.4886214726520848,0.0
844,5.790147110672365,0.0,0.0,9.667108780379976,0.0,0.0,4.094929986993122,0.0,0.0
845,28.773544840198213,0.0,0.0,31.952880471326125,1.90700733341356,4.998132691286855,24.61741555113403,0.0,0.0
846,0.0,20.159871324230494,0.0,0.0,0.0,0.0,0.0,0.07265339146002248,0.0
847,13.407333346156406,0.0,0.0,15.683827682252087,0.0,0.0,12.198907582450772,0.010969387044781342,0.0
848,10.230325270871901,1.702468676493396,0.0,0.0,0.0,0.0,0.0,0.3321463435956389,0.0
849,0.0,0.0,0.0,2.5546075329564815,0.0,0.0,0.0,10.52818341469171,0.0
850,9.063964893982302,4.645516523678168,0.0,0.1740121266858523,0.0,0.0,0.1740121266858523,0.14489560127373124,0.0
851,9.146833329549196,0.0,0.0,9.146833329549196,0.40580626264312514,0.0,9.146833329549196,0.0,0.0
852,26.343358325478107,0.0,0.0,24.265991569985005,0.0,0.0,21.87740332463929,0.0,0.0
853,8.377071511358935,3.9798302025228054,0.0,4.269682597204053,0.0,0.0,191.05143725372872,200.73342121401294,170.09448454082946
854,43.049513694938184,9.20085116253017,0.0,23.556878396431898,0.0,7.236877612118462,8.991104418554869,0.0,0.0
855,26.655582220366398,1.9604956006372731,0.0,55.89693295770803,0.0,11.490954501727884,32.81909670278668,16.525015969624235,0.0
856,22.350441346824056,0.0,0.0,22.31608575506496,0.0,0.0,22.31608575506496,0.09656875811754162,0.0
857,35.810660481355626,0.736475585215203,0.0,11.221606459590618,0.6898687767992442,0.0,78.8670722005136,32.53559512589865,0.0
858,45.12553744898918,0.0,0.0,17.38791157181649,1.401683495579789,0.0,8.00358731585169,1.8763363286969081,0.0
859,1.850739745655119,1.5366535712104223,0.0,1.2951528900249514,3.6713715897350596,0.0,0.5305240348145048,0.19499509588155206,0.0
860,48.57530344393979,4.886815427500267,0.0,53.12256311952626,20.868874752941963,7.191581763479348,52.501120601468386,0.0,0.0
861,0.0,0.0,0.0,0.0,10.723691394749636,0.0,0.0,0.0,0.0
862,28.851771432505245,9.782604463752875,0.0,47.115103130050755,2.936547749087026,0.0,23.96556397643471,0.0,0.0
863,21.615534156920233,12.913315976409393,0.0,22.272139385063753,0.0,4.661310138771199,26.813757689794073,2.6474067241637727,0.0
864,3.4949742009965235,0.0,0.0,23.62542171132725,0.0,0.0,91.93300173630101,27.674921439658505,0.0
865,8.490477098303842,4.605938804966229,0.0,5.627078600238235,0.9693825669725129,0.0,5.627078601101317,0.0,0.0
866,2.2507911663765867,0.0,0.0,3.017968200507312,34.07780475074526,10.258792762511717,24.991220605479157,35.93113640477122,0.0
867,8.411966653915158,0.0,0.0,0.0,0.0,0.0,0.22734335229108638,10.682403739427343,0.22734335229108638
868,34.731928974134206,31.10443049998301,0.0,0.36370081277442523,0.5205663612440503,0.0,23.419451485628883,8.198907502254173,0.0
869,24.825299658491446,1.2967953777485377,0.0,23.671200273944493,0.0,2.097691064560962,23.671200273944493,0.0,0.0
870,20.501297738802464,0.0,0.0,12.638918025809375,0.0,0.0,19.254599973453736,0.14869318860098701,0.0
871,11.526128946672884,0.0,0.0,11.522799852296771,0.0,0.21791299662388042,11.522799852296771,0.5270649332688606,0.0
872,33.58683747108458,0.0,0.0,17.285748136979834,0.0,0.0,156.17174324907202,24.45138764295325,8.811242836760584
873,2.579838754879063,0.0,0.0,18.44481319993423,0.03155091850405256,0.3826128130464497,0.0,0.0,0.0
874,5.315137727292978,0.0,0.0,10.415667022705208,0.87908088945278,0.0,0.6835390682463469,0.0,0.0
875,0.0,0.0,0.0,7.036362118555871,0.0,0.0,0.0,0.0,0.0
876,0.0,2.435928818614059,0.0,0.0,0.0,0.0,0.0,0.0,0.0
877,34.390839033916876,6.9121215164105365,0.0,26.96374597100467,4.378316033145779,8.08954077173874,12.717775909449443,0.0,0.0
878,45.116509789510474,0.0,0.0,26.839172204994924,0.0,8.163728660716629,7.55615915289286,0.0,0.0
879,15.903731652168517,3.7505160102393518,0.0,8.486413917684956,0.0,0.0,35.95640373742688,11.572433001839215,0.0
880,0.0,0.0,0.0,7.9298786610666525,0.0,0.0,0.0,1.2937872213585138,0.0
881,0.0,0.0,0.0,0.0,0.0,0.0,0.0,1.3212697868108592,0.0
882,23.46316554708514,0.0,0.0,25.71995172348508,0.21985526772652975,0.0,43.352954466695564,26.807661952307825,4.750650522059118
883,25.240760826994972,0.0,0.0,28.460685948282645,0.0,1.7527881160414722,25.55522296176187,1.9923789563791274,0.0
884,21.621688497738376,0.0,0.0,22.241024788104625,6.676116993598669,0.0,12.577839735846595,0.0,0.0
885,0.0,0.0,0.0,0.0,0.0,0.0,5.473065717360811,4.1508048145518615,2.246008719762983
886,9.607351319165417,0.0,0.0,66.89094997652006,0.0,11.689740034494207,7.02174331140958,7.620208563871472,0.0
887,5.090553709234229,0.0,0.0,11.765935752049273,0.0,0.5842575995812638,34.833743706964555,0.5569594146282952,0.0
888,2.458750160585737,0.0,0.0,2.3968066478092283,0.4481963439039873,0.0,12.432971030113777,7.023011101051338,0.0
889,2.5209314268382172,0.0,0.0,2.019243430524682,0.0,0.0,16.83920639789224,6.103548823336666,0.0
890,2.26847844054916,0.0,0.0,0.11864171762189812,4.32275460330996,0.0,4.833720240916307,0.0,0.0
891,10.231772342267561,5.8369279194776595,0.0,5.801854935263918,1.2737788589121521,0.37277742880738174,35.18286016014639,7.883079253881988,5.069545361871349
892,31.12656765830306,17.52189719938002,0.0,16.934596946367805,0.0,0.0,16.934354087926494,1.9699478587827741,0.0
893,2.9933793271655986,0.8015098432649665,0.0,2.837210242933253,0.0,0.0,0.4572164946947055,0.0,0.0
894,25.270772984672533,0.0,0.0,4.921743151600367,0.0,0.0,20.67658798040719,4.711623394590646,4.711623394590646
895,1.2115190200157713,0.0,0.0,8.290250438696148,0.26749535426114335,0.0,30.891462683652264,1.7596784245309323,0.0
896,28.11883774246749,0.0,0.0,15.916173677036966,1.2743223344376702,0.18959292640539616,63.78134185518016,5.836660916729016,0.0
897,20.864635903142613,0.6082049073360167,0.0,13.58142829236931,3.9828990910032758,0.0,11.890155579405445,0.0825808884331991,0.0
898,40.294116158941875,4.44897331964836,0.0,9.141727426718603,0.0,0.0,4.356412136328061,1.1932597308771733,0.0
899,25.11598658194555,23.81575415362778,0.0,36.43619657133027,0.0,3.410816303262976,22.147443696874575,0.0,0.0
900,9.168384583053381,7.144586621788676,0.0,3.941696785777964,2.944687816837302,0.0,3.4588420671641984,0.0,0.0
901,0.0,4.2609544298348965,0.0,0.0,0.0,0.0,0.0,0.31196359836940246,0.0
902,5.831040700808472,3.888162067960394,0.0,6.9530958320713125,0.0,0.0,17.742613011520604,0.8522393437535811,0.0
903,1.8137980341996922,0.0,0.0,1.7701676218644593,0.0,0.0,1.7701676218644593,0.24810888173033163,0.0
904,5.278482327058697,0.0,0.0,9.38960205686567,0.0,0.0,4.756575849957187,0.0,0.0
905,1.651120121455051,0.0,0.0,11.113798553372447,0.0,0.0,4.635673424515403,0.0,0.0
906,8.24034911283104,0.0,0.0,3.3060737224354,0.0,0.0,8.952808849390351,3.276073812473129,2.0844324743423215
907,26.084291125032706,1.6619569694390464,0.0,18.40693294458822,1.1410292203595986,4.8200925028383494,49.86394152953858,0.0,0.0
908,18.707080869234744,0.0,0.0,1.846258292725821,0.0,0.0,1.158348790901357,0.5887849277775672,0.0
909,6.528254383476764,0.0,0.0,0.26462272054385494,1.6504866713515867,0.0,17.75229666831342,0.0,0.0
910,18.7925262071507,0.0,0.0,8.400961241211121,0.8182023536178349,1.817157822381347,23.609580280880664,0.0,0.0
911,19.14600678954986,5.815378015549101,0.0,19.114859842940263,0.03070086404397898,0.0,8.04040981081556,0.0,0.0
912,4.642866067695763,0.0,0.0,1.3231860379214595,0.0,0.0,1.3231860379214595,0.0,0.0
913,0.0,0.0,0.0,1.3454168903214736,0.0,0.0,12.5467683088809,3.4627186855906587,2.047682331376791
914,33.25376223827962,0.0,0.0,3.5568132228291063,0.12596251717428686,0.0,3.5568132228299305,0.0,0.0
915,4.064431060217572,4.579019439482153,0.0,16.178782498040192,0.0,0.0,6.444148894925263,0.0,0.0
916,0.1402203083799236,0.0,0.0,0.14022030850452438,0.0,0.0,2.9164178250267696,0.36724252505104005,0.0
917,4.661102304344126,0.0,0.0,9.822106145484781,0.0,0.0,7.639414177813961,21.65366864274955,0.0
918,21.073077165585687,0.876899580286306,0.0,27.73492118781101,0.0,12.462411624230725,18.35489618004422,4.460436140708367,0.0
919,4.249318346926998,1.5457961959023692,0.0,3.1984866542776444,0.0,0.0,0.0,0.0,0.0
920,1.6676858219644828,3.863930270500134,0.0,7.250812138628561,0.0,0.0,0.5427808179089197,7.794735527337139,0.0
921,32.90139512163796,10.693277807282044,0.0,10.351191958463147,2.238678908986458,0.0,17.419409358604554,22.623687140141612,0.0
922,29.12491614913617,19.007301364301156,8.927982240211236,46.8607843811738,0.9292419999720778,0.0,40.50289268134563,16.092270863107927,0.0
923,0.0,0.0,0.0,0.0,0.0,0.0,2.444247414617422,0.0,0.0
924,4.146141715022566,0.0,0.0,10.138163323497594,0.0,0.0,4.144658432489052,0.1401961748782128,0.0
925,8.38624134705961,0.0,0.0,29.525722194144436,0.40171408207069703,0.40171408207069703,118.10151801235423,53.51363007770334,10.052401656273872
926,0.0,0.0,0.0,63.98600662797236,0.0,0.0,41.56640652715504,22.682187258044024,0.0
927,12.488444613126518,6.113702683549889,0.0,33.73159268085331,0.0,6.029934255224845,16.849627645977336,8.959872457204796,0.0
928,0.0,0.0,0.0,0.0,0.00486407494992136,0.0,0.0,0.6851719917622177,0.0
929,8.589505019707047,0.0,0.0,15.796547435923372,1.29274377969503,1.5940694864709712,7.123641494662053,0.0,0.0
930,5.372740142442012,0.0,0.0,6.20629046226361,0.0,0.0,1.6692686287290712,0.0,0.0
931,11.94514231449773,0.0,0.0,0.0,0.0,0.0,0.0,0.0,0.0
932,21.505061300504764,8.126122577788124,0.0,21.505061300504764,0.0,2.160226107183405,21.505061300504764,0.0,0.0
933,0.0,0.0,0.0,0.0,0.0,0.0,0.0,0.0,0.0
934,0.7141655819328889,0.0,0.0,3.248567015241747,0.25963483730549797,0.0,4.653353500655413,0.0,0.0
935,10.442012807258067,0.0,0.0,7.070178938208187,0.0,0.0,5.1110358532098985,0.0,0.0
936,0.0,0.0,0.0,0.0,0.0,0.0,0.0,0.0,0.0
937,20.36587434301731,0.0,0.0,39.852841519366706,10.95980578294936,12.620911697297544,27.61710167910519,2.044092278130222,0.0
938,3.184837222138924,0.0,0.0,0.6238634568517227,0.0,0.0,0.6238634568517227,0.0,0.0
939,11.58028578778945,0.0,0.0,9.020707153492225,0.0,0.0,5.343868269007743,0.1940694467810431,0.0
940,0.0,0.0,0.0,0.0,0.5523345867198088,0.0,0.0,0.0,0.0
941,5.736940847654978,26.44679092745983,0.0,0.06650711439255019,0.0,0.0,0.0,0.20095251789069835,0.0
942,6.7977377112660236,11.606124106302133,10.640572137975823,3.5259246489427767,0.0,0.0,13.700066616504728,1.5133446956736805,0.0
943,6.823430214270957,0.0,0.0,0.0,0.0,0.0,0.0,0.49671281531914246,0.0
944,13.747320926039492,10.751991312495534,9.863581778478022,10.623229628640985,0.0,0.0,12.242154074982409,9.370742960418767,0.0
945,18.526205061992414,0.0,0.0,13.767636133036405,0.0,0.6238207858147575,11.83584500913733,0.0,0.0
946,3.1845324421620944,0.0,0.0,2.9153190783294463,3.5085119859248266,0.0,2.4548465080963524,1.8520241566982918,0.0
947,17.175131383393307,0.0,0.0,20.75465095183597,0.0,2.077653249343399,18.566014413833926,2.086167561015543,0.0
948,26.08089297856671,7.350857079621846,0.0,3.0215328108082247,0.0,0.0,4.199642024737443,3.130950275804963,0.0
949,4.423381777028169,0.0,0.0,2.5699412842708114,0.0,0.0,4.82332328781834,0.0,0.0
950,9.097139632938251,6.789103357769704,0.0,3.9664963710824566,0.0,0.0,2.0735007427911114,0.09850333842589976,0.0
951,0.0,0.0,0.0,0.0,0.0,0.0,0.0,1.71720836247178,0.0
952,18.139935118870795,0.0,0.0,19.447974275293575,0.9126165486652553,4.27479050896585,18.13429042883314,0.0,0.0
953,14.143644906205111,2.09057752390936,0.0,18.706385521657978,15.45478052251994,2.777182692618794,14.009556305572232,0.6772284020962331,0.0
954,6.63763845269213,2.1086493612436357,0.0,18.559635678924366,0.0,0.0,14.501111868333624,0.41171292091325995,0.0
955,1.3423856202811066,0.0,0.0,1.3423856202811066,0.0,0.0,1.3423856202811066,0.0,0.0
956,22.87266470835354,0.0,0.0,13.519660252629393,0.0,0.0,9.891797546645591,0.5460172016111073,0.0
957,0.0,0.0,0.0,0.0,0.0,0.0,4.3435680851680445,11.648066229713777,0.0
958,6.947808415924072,5.681559530109098,0.0,48.422685670258545,3.528664377353266,3.6366207060702607,3.933609600540535,4.854501673021701,0.0
959,39.39952934219025,0.0,0.0,94.52169683912683,5.376232918174196,39.20505232824445,40.8177302376026,3.892335438072621,0.0
960,2.07471213745913,0.0,0.0,8.386284504199978,0.0,0.0,2.306601917726141,1.3772169102948908,0.0
961,28.808235924497723,0.0,0.0,14.627635381453388,0.0,0.0,4.620076587580286,0.0,0.0
962,5.7300480382897945,0.0,0.0,16.91916874172557,0.026465733211296083,0.0,10.877026520558758,8.062613525183338,0.0
963,29.523420713351555,3.4923699615550277,3.2093397186506536,98.5923696125208,0.0,15.615752019566884,62.943730814836414,0.03250101405114947,0.0
964,10.216503286542178,0.0,0.0,7.538185955311775,0.10217623599669423,0.0,7.4584622142785975,0.0,0.0
965,40.699479148736486,0.0,0.0,101.2319596471576,11.44993679223822,32.09421216261083,57.10320493103379,6.209613073018772,0.0
966,0.0,0.0,0.0,0.0,0.0,0.0,0.0,0.0,0.0
967,5.297344064543097,0.0,0.0,7.290439075955192,0.0,0.0,4.070828698193566,1.405189209756628,0.0
968,0.0,3.791832052156451,0.0,4.601302692784884,0.0,0.0,5.598151446908645,0.0,0.0
969,1.39597964375713,0.45460537673187673,0.0,5.324196908197052,0.0,0.0,22.13589582428392,0.0,0.0
970,28.546445135870528,2.837202650621805,0.0,8.308806134057392,5.640820331631403,0.0,11.949367648021564,3.254764107873541,5.808557783882122
971,26.480061723846376,0.0,0.0,45.516451427370015,8.058275888997827,12.074759140370617,27.042825223838065,7.0565642744358,0.0
972,0.0,8.037357671281569,0.0,0.0,0.0526376254912293,0.0,0.0,26.348916213782104,0.0
973,11.839827045141305,0.0,0.0,64.9876685284336,31.569104355903107,13.493305176954976,17.085449137365117,0.01400524778952672,0.0
974,0.5947830566130108,0.7583650643477142,0.0,58.54361222731521,0.0,4.54651670555063,4.221700072082342,2.2642418267043354,0.0
975,12.402828202446983,0.0,0.0,12.913774672244074,0.7085928451532482,3.4169825146801713,15.194463407202448,9.396019303060541,0.0
976,62.174464226343105,0.0,0.0,45.49605193916244,0.0,9.768629561588767,13.996320962823944,0.0,0.0
977,12.074180027874803,2.0582926103115256,0.0,6.970991567879821,0.0,0.0,6.970991567879821,0.0,0.0
978,0.0,0.0,0.0,2.545801397166997,13.582943887269721,0.0,4.1556890562800675,4.731124996536437,0.0
979,9.077985131803644,17.59202896580814,0.0,4.329307210437037,0.0,0.0,13.301930401648974,1.968055442819832,1.9400795652765055
980,3.5969016799836027,0.0,0.0,3.8399518249567564,0.0,0.0,3.5969016799836027,0.0,0.0
981,13.055608474542453,0.0,0.0,12.792519254543521,11.590639357587179,1.4147604135939105,24.840790536450072,36.20060767217325,8.271454363894748
982,4.996511461051995,0.0,0.0,6.187940593347008,0.0,0.0,4.3771779682153635,1.214787226228907,0.0
983,22.12525007543644,0.0,0.0,3.1220086884809746,0.0,0.0,6.346227410266977,1.0937553630013213,0.0
984,23.48739393996547,12.223167280195156,0.0,49.35795206099783,6.336347459365982,0.0,11.00673230807925,11.542247327390669,0.0
985,15.448721350388922,5.849764278693215,0.0,46.389057599387684,0.0,17.172470702993422,27.286353304564614,0.2927149823131572,0.0
986,8.880501471017453,0.3475732134640168,0.0,4.024837857708377,0.0,0.0,4.0710676350544475,1.2910350176242105,0.0
987,17.425971850331138,2.3848484045864495,0.0,3.171996502674233,3.0682054128388927,0.0,0.0,0.939660311466497,0.0
988,17.517989680478422,0.0,0.0,10.28926783176155,0.0,0.0,10.254577998119373,0.0,0.0
989,12.22790799241713,0.0,0.0,10.756836336722301,0.0,2.35005411853561,14.35801324437486,1.0381993676248271,0.0
990,10.607238849652504,1.5462492419062244,0.0,13.12094274972415,0.18614168161474254,0.0,17.20936712579956,8.545385572735114,0.0
991,40.56027661061631,0.0,0.0,28.645572849936684,0.0,1.1854062209756648,28.645572849936684,0.08280765492426667,0.0
992,0.9973234230866979,0.41262031320653136,0.0,51.27036622262099,0.0,1.3603665771698559,3.9914018932230704,0.0,0.0
993,17.110345537714238,0.0,0.0,17.089960306153586,0.0,0.7715139800140207,17.08995940239265,0.3187705691105407,0.0
994,21.076952889513763,0.0,4.05866617936482,88.28337761943365,13.069573013972672,17.134143899946537,19.51808501177561,9.377857974095775,0.41112533794736805
995,4.543894944962915,5.482597772505613,13.91815907424666,0.0,0.0,0.0,0.0,6.105878758339458,0.0
996,9.323050263487914,0.0,0.0,10.401030500427481,0.0,9.12762259549342,4.785468982726201,0.5528821522310068,0.0
997,18.89065063870271,0.0,0.0,8.74430641376378,0.0,0.0,17.23155217411022,1.89285127250659,1.8148987766736298
998,10.05678281141249,0.0,0.0,22.924259746633396,0.0,6.940597177047522,8.091121425738578,9.205467345062118,0.0
999,0.16189526416138733,0.0,0.0,0.8685601985111475,24.57433730805468,0.0,54.51694148499135,0.5924035047137011,0.0
