scenario_id,method,tardiness
0,OR-Tools,3.588500761729904
1,OR-Tools,8.210645341272311
2,OR-Tools,2.6626072705674346
3,OR-Tools,52.48141537004065
4,OR-Tools,0.0
5,OR-Tools,47.735872141286364
6,OR-Tools,8.858846242294987
7,OR-Tools,0.0
8,OR-Tools,18.122398056974077
9,OR-Tools,16.553123799155543
10,OR-Tools,32.943748105152906
11,OR-Tools,0.0
12,OR-Tools,0.0
13,OR-Tools,0.9826938694774583
14,OR-Tools,6.82611068766775
15,OR-Tools,0.0
16,OR-Tools,4.187024734490279
17,OR-Tools,1.878793597152935
18,OR-Tools,0.0
19,OR-Tools,23.19092299480596
20,OR-Tools,1.6457647041870302
21,OR-Tools,3.097701628350592
22,OR-Tools,22.97011372287551
23,OR-Tools,16.233754595958914
24,OR-Tools,5.123465844748409
25,OR-Tools,10.946080117508131
26,OR-Tools,9.771538877500262
27,OR-Tools,9.837817623997978
28,OR-Tools,0.0
29,OR-Tools,4.787106916192471
30,OR-Tools,12.637037808720038
31,OR-Tools,0.0
32,OR-Tools,0.09593619946275567
33,OR-Tools,40.52560634432331
34,OR-Tools,9.660110461665369
35,OR-Tools,60.908347376163704
36,OR-Tools,6.866022998814998
37,OR-Tools,24.801976425273182
38,OR-Tools,0.0
39,OR-Tools,15.61568224476548
40,OR-Tools,4.078965301558412
41,OR-Tools,29.505218363196633
42,OR-Tools,16.625895746157823
43,OR-Tools,14.203348640940646
44,OR-Tools,0.0
45,OR-Tools,11.950729343610249
46,OR-Tools,16.429261360228054
47,OR-Tools,33.348192386817885
48,OR-Tools,20.04043635331672
49,OR-Tools,21.652071947948883
50,OR-Tools,12.854278771148984
51,OR-Tools,42.49493218912053
52,OR-Tools,1.1334674103144948
53,OR-Tools,19.699679525339405
54,OR-Tools,17.911296991982567
55,OR-Tools,59.37123119794671
56,OR-Tools,2.1853912536658413
57,OR-Tools,48.8562402067482
58,OR-Tools,0.0
59,OR-Tools,1.0234081205240955
60,OR-Tools,1.9569390540139295
61,OR-Tools,23.027364134289655
62,OR-Tools,34.76852707049176
63,OR-Tools,17.464235076434477
64,OR-Tools,5.0109620023222305
65,OR-Tools,6.3034523691186735
66,OR-Tools,5.337068249921373
67,OR-Tools,10.214651235627116
68,OR-Tools,5.414997816333113
69,OR-Tools,8.244871631696384
70,OR-Tools,15.389014903421867
71,OR-Tools,3.464260922295722
72,OR-Tools,23.454655553401665
73,OR-Tools,13.781626137003656
74,OR-Tools,10.564666325655168
75,OR-Tools,10.360888858738889
76,OR-Tools,5.597289880894493
77,OR-Tools,0.0
78,OR-Tools,0.0
79,OR-Tools,4.804565339611912
80,OR-Tools,37.59154828546329
81,OR-Tools,0.0
82,OR-Tools,0.0
83,OR-Tools,1.6356470141789146
84,OR-Tools,45.283806772537446
85,OR-Tools,1.9191936873722568
86,OR-Tools,45.79482455962176
87,OR-Tools,3.4546435571643883
88,OR-Tools,17.95034223896252
89,OR-Tools,20.855504382248853
90,OR-Tools,0.0
91,OR-Tools,5.579765701670851
92,OR-Tools,0.0
93,OR-Tools,2.833165542611596
94,OR-Tools,21.866027314316398
95,OR-Tools,14.1549522424433
96,OR-Tools,0.0
97,OR-Tools,2.9523162548495065
98,OR-Tools,11.228125528907327
99,OR-Tools,27.989848974452826
100,OR-Tools,13.242125961034446
101,OR-Tools,0.0
102,OR-Tools,1.814303276106557
103,OR-Tools,4.231858571690822
104,OR-Tools,17.145061371949453
105,OR-Tools,28.425157536136282
106,OR-Tools,16.957337105291856
107,OR-Tools,56.66600500929934
108,OR-Tools,0.0
109,OR-Tools,0.21959923501628964
110,OR-Tools,10.896551937595888
111,OR-Tools,2.0627534952195106
112,OR-Tools,18.39978672017341
113,OR-Tools,0.02460347563697951
114,OR-Tools,6.86193798008091
115,OR-Tools,6.274411701585905
116,OR-Tools,29.17446696928846
117,OR-Tools,28.577407465114078
118,OR-Tools,0.0
119,OR-Tools,5.307945420397516
120,OR-Tools,19.788450999961384
121,OR-Tools,3.738201665753337
122,OR-Tools,9.709469317523087
123,OR-Tools,14.088595260322734
124,OR-Tools,5.113119949575406
125,OR-Tools,0.0
126,OR-Tools,18.322339854913082
127,OR-Tools,0.0
128,OR-Tools,12.08729782497096
129,OR-Tools,31.310275526126475
130,OR-Tools,6.6362205674630275
131,OR-Tools,21.750136974879865
132,OR-Tools,0.0
133,OR-Tools,10.307654084227408
134,OR-Tools,0.0
135,OR-Tools,21.68775754094355
136,OR-Tools,37.42900662156649
137,OR-Tools,2.9285818779242163
138,OR-Tools,3.0220190388359924
139,OR-Tools,0.0
140,OR-Tools,1.9514724963075878
141,OR-Tools,2.4624010543631414
142,OR-Tools,12.144625165707453
143,OR-Tools,0.9187636627107736
144,OR-Tools,26.781443752211572
145,OR-Tools,31.87730735608656
146,OR-Tools,35.04581567080393
147,OR-Tools,32.60412995860597
148,OR-Tools,0.7293818287589886
149,OR-Tools,6.154099502714104
150,OR-Tools,2.5628437136349476
151,OR-Tools,0.0
152,OR-Tools,0.0
153,OR-Tools,6.599677187402989
154,OR-Tools,6.391579876299147
155,OR-Tools,26.674736518132164
156,OR-Tools,55.73778246882054
157,OR-Tools,15.84877866676868
158,OR-Tools,9.496599490554019
159,OR-Tools,40.696407267017065
160,OR-Tools,4.428295794861526
161,OR-Tools,19.54452502574935
162,OR-Tools,25.49132056807838
163,OR-Tools,0.0
164,OR-Tools,10.814873460650233
165,OR-Tools,4.169444358641783
166,OR-Tools,7.977858408878916
167,OR-Tools,4.7811951252009806
168,OR-Tools,20.928464579156326
169,OR-Tools,4.0533207639577995
170,OR-Tools,44.77458603754522
171,OR-Tools,4.098549103848256
172,OR-Tools,10.816084602555947
173,OR-Tools,4.959513642268689
174,OR-Tools,11.646181273961446
175,OR-Tools,11.39861089188119
176,OR-Tools,4.772706124464037
177,OR-Tools,0.5902536410942218
178,OR-Tools,23.593937476783907
179,OR-Tools,0.0
180,OR-Tools,5.345875790066032
181,OR-Tools,1.2090062304359321
182,OR-Tools,22.352658623098165
183,OR-Tools,12.71795191233997
184,OR-Tools,1.0079824535782222
185,OR-Tools,0.3088761878307764
186,OR-Tools,0.0
187,OR-Tools,6.9683042673188424
188,OR-Tools,1.7563863022132296
189,OR-Tools,0.2651344700262257
190,OR-Tools,3.340601648383199
191,OR-Tools,25.715743674296277
192,OR-Tools,3.869278136445274
193,OR-Tools,60.25594893207628
194,OR-Tools,11.673581384596105
195,OR-Tools,9.026360920079611
196,OR-Tools,4.4904970787969205
197,OR-Tools,25.754590083418293
198,OR-Tools,21.536153873073772
199,OR-Tools,17.868644463178555
200,OR-Tools,17.851367498831337
201,OR-Tools,10.023903377228237
202,OR-Tools,12.787728841888622
203,OR-Tools,2.2413788511713904
204,OR-Tools,42.268535283791266
205,OR-Tools,13.065748354754135
206,OR-Tools,26.043871829104063
207,OR-Tools,10.420971399136448
208,OR-Tools,28.597094781505206
209,OR-Tools,31.36680610825755
210,OR-Tools,22.207690716912538
211,OR-Tools,18.49286281553941
212,OR-Tools,10.046419279938846
213,OR-Tools,77.06491179732916
214,OR-Tools,0.0
215,OR-Tools,16.306059777829233
216,OR-Tools,31.188231343892568
217,OR-Tools,13.36275295991041
218,OR-Tools,15.87911127910425
219,OR-Tools,4.329986621190557
220,OR-Tools,4.609766288163684
221,OR-Tools,7.175500240254024
222,OR-Tools,5.300938905025049
223,OR-Tools,8.95444535705596
224,OR-Tools,0.37926543398276635
225,OR-Tools,0.0
226,OR-Tools,14.436633573456561
227,OR-Tools,30.471515054682754
228,OR-Tools,1.7168604311837612
229,OR-Tools,25.325408171614214
230,OR-Tools,17.730117646027367
231,OR-Tools,2.5154018090608474
232,OR-Tools,20.411410391817753
233,OR-Tools,0.0
234,OR-Tools,5.6812595008007065
235,OR-Tools,8.244211563149406
236,OR-Tools,37.27185216823452
237,OR-Tools,29.190723382624213
238,OR-Tools,27.422086304544933
239,OR-Tools,0.0
240,OR-Tools,0.0
241,OR-Tools,12.167566503476593
242,OR-Tools,23.4271673655621
243,OR-Tools,6.837801291797746
244,OR-Tools,0.0
245,OR-Tools,7.685488921747236
246,OR-Tools,29.051599682660026
247,OR-Tools,0.0
248,OR-Tools,14.83484355162642
249,OR-Tools,11.250444510313514
250,OR-Tools,16.208581853866605
251,OR-Tools,15.068789161494948
252,OR-Tools,39.41531525098631
253,OR-Tools,6.049319596647564
254,OR-Tools,19.41938654844361
255,OR-Tools,21.030135708494328
256,OR-Tools,9.62532522833439
257,OR-Tools,24.34634667989468
258,OR-Tools,15.9024784282999
259,OR-Tools,26.68372250460061
260,OR-Tools,28.394830080091282
261,OR-Tools,52.366229212365795
262,OR-Tools,1.8696403385046096
263,OR-Tools,0.0
264,OR-Tools,1.7663360468947644
265,OR-Tools,0.0
266,OR-Tools,2.6543412524615064
267,OR-Tools,35.47956723909738
268,OR-Tools,3.602273896574104
269,OR-Tools,2.1088928354664347
270,OR-Tools,10.17683690790713
271,OR-Tools,14.86194823424779
272,OR-Tools,13.052460145298454
273,OR-Tools,11.342555001405799
274,OR-Tools,0.0
275,OR-Tools,54.564038991885155
276,OR-Tools,1.7982684100645088
277,OR-Tools,0.0
278,OR-Tools,0.0
279,OR-Tools,16.74358070126584
280,OR-Tools,0.0
281,OR-Tools,5.058241368211753
282,OR-Tools,6.803477061430954
283,OR-Tools,15.671305105117256
284,OR-Tools,17.596394396239674
285,OR-Tools,0.746601000746324
286,OR-Tools,12.202006402218558
287,OR-Tools,0.0
288,OR-Tools,5.323003440836118
289,OR-Tools,18.003908576510412
290,OR-Tools,45.45362004802968
291,OR-Tools,48.98365921791307
292,OR-Tools,17.832854298071055
293,OR-Tools,37.77208249379106
294,OR-Tools,8.633966869629063
295,OR-Tools,7.092650548661595
296,OR-Tools,0.0
297,OR-Tools,0.0
298,OR-Tools,17.329851458955062
299,OR-Tools,6.223657509107255
300,OR-Tools,8.429990894587519
301,OR-Tools,17.1558172132315
302,OR-Tools,11.143829134227104
303,OR-Tools,65.71426450692908
304,OR-Tools,86.8296380894378
305,OR-Tools,40.401221776254545
306,OR-Tools,0.0
307,OR-Tools,16.36094357361179
308,OR-Tools,9.086022254007133
309,OR-Tools,1.3588474978558338
310,OR-Tools,8.295472199229152
311,OR-Tools,8.423311014985643
312,OR-Tools,8.797755443396284
313,OR-Tools,30.97360597041697
314,OR-Tools,8.98807285982565
315,OR-Tools,0.0
316,OR-Tools,1.5998120163561111
317,OR-Tools,0.0
318,OR-Tools,4.092342252115401
319,OR-Tools,9.955467970760964
320,OR-Tools,14.789109777500897
321,OR-Tools,0.7845228087338398
322,OR-Tools,0.0
323,OR-Tools,5.419209016529209
324,OR-Tools,0.0
325,OR-Tools,16.69939483833187
326,OR-Tools,13.536958225717797
327,OR-Tools,2.564184010075195
328,OR-Tools,4.030716642640044
329,OR-Tools,0.0
330,OR-Tools,8.122248622319006
331,OR-Tools,16.613931183118495
332,OR-Tools,2.73594844239787
333,OR-Tools,43.9313326954142
334,OR-Tools,14.34239904118968
335,OR-Tools,25.351301421569076
336,OR-Tools,9.287194302311718
337,OR-Tools,5.726370669223485
338,OR-Tools,22.760589089744826
339,OR-Tools,16.02549461720605
340,OR-Tools,17.69772996985438
341,OR-Tools,15.65854817674554
342,OR-Tools,17.450554182234868
343,OR-Tools,62.96574996005083
344,OR-Tools,9.422686078382611
345,OR-Tools,8.606617130897035
346,OR-Tools,23.660178329357564
347,OR-Tools,17.163220457422227
348,OR-Tools,11.377188353695914
349,OR-Tools,3.04094144637304
350,OR-Tools,3.0800144230010744
351,OR-Tools,1.401719849964337
352,OR-Tools,0.3336935055920378
353,OR-Tools,26.641149746784123
354,OR-Tools,32.59069181557558
355,OR-Tools,29.333749781964684
356,OR-Tools,0.0
357,OR-Tools,10.53323302473126
358,OR-Tools,9.339059918565283
359,OR-Tools,7.5005466224952215
360,OR-Tools,22.52294432447343
361,OR-Tools,4.868683761382442
362,OR-Tools,9.05070756270328
363,OR-Tools,7.585407852737944
364,OR-Tools,9.391790802329496
365,OR-Tools,4.307797225233941
366,OR-Tools,4.116336386568378
367,OR-Tools,13.404119936161692
368,OR-Tools,2.303044570706902
369,OR-Tools,16.347204383364044
370,OR-Tools,33.45657446165404
371,OR-Tools,3.721631611036372
372,OR-Tools,1.5028204010760078
373,OR-Tools,0.0
374,OR-Tools,22.629589245874314
375,OR-Tools,7.016534894797445
376,OR-Tools,11.338750010356108
377,OR-Tools,5.807196033357201
378,OR-Tools,8.501342835839608
379,OR-Tools,11.35833535242864
380,OR-Tools,0.0
381,OR-Tools,63.73199874684053
382,OR-Tools,38.92064299619554
383,OR-Tools,2.87216187356708
384,OR-Tools,3.4552449212613396
385,OR-Tools,0.0
386,OR-Tools,8.443772199285945
387,OR-Tools,0.5752477004276955
388,OR-Tools,0.0
389,OR-Tools,3.6545416456217765
390,OR-Tools,2.6405525439571704
391,OR-Tools,23.061405837745497
392,OR-Tools,14.009063466026475
393,OR-Tools,21.935665004348976
394,OR-Tools,3.7358498186633824
395,OR-Tools,24.769179702306985
396,OR-Tools,79.1603215646146
397,OR-Tools,0.0
398,OR-Tools,3.9495378373289327
399,OR-Tools,0.0
400,OR-Tools,0.552477828123557
401,OR-Tools,14.659094001599897
402,OR-Tools,38.060961985502814
403,OR-Tools,16.523646892275366
404,OR-Tools,13.166438347309366
405,OR-Tools,31.33945333745578
406,OR-Tools,21.513692055156753
407,OR-Tools,12.911066174879124
408,OR-Tools,0.0
409,OR-Tools,14.626027002162743
410,OR-Tools,0.0
411,OR-Tools,21.735390666447444
412,OR-Tools,41.64753739135941
413,OR-Tools,2.024337026054866
414,OR-Tools,16.999838366492497
415,OR-Tools,26.985386298134898
416,OR-Tools,1.5742029164161409
417,OR-Tools,2.7533047375127353
418,OR-Tools,21.811289490757957
419,OR-Tools,9.390376098392863
420,OR-Tools,30.584282040754175
421,OR-Tools,14.675469961290247
422,OR-Tools,53.369966127592704
423,OR-Tools,1.8952807690081954
424,OR-Tools,2.0646053670673155
425,OR-Tools,41.73077398574836
426,OR-Tools,0.0
427,OR-Tools,5.319534509682626
428,OR-Tools,3.96715283733667
429,OR-Tools,13.944532409436391
430,OR-Tools,17.426895767897776
431,OR-Tools,0.0
432,OR-Tools,21.68134121516107
433,OR-Tools,0.0
434,OR-Tools,2.190610780227189
435,OR-Tools,29.4893481749109
436,OR-Tools,11.348341058105348
437,OR-Tools,5.182531749071785
438,OR-Tools,31.64683448802873
439,OR-Tools,0.0
440,OR-Tools,0.0
441,OR-Tools,11.892784281617367
442,OR-Tools,0.0
443,OR-Tools,0.0
444,OR-Tools,14.246420082525077
445,OR-Tools,5.097628693551428
446,OR-Tools,3.5035877877766097
447,OR-Tools,5.001326870849567
448,OR-Tools,12.233356382257625
449,OR-Tools,32.10108645098387
450,OR-Tools,15.07053117328499
451,OR-Tools,0.0
452,OR-Tools,8.056510407742621
453,OR-Tools,35.27904760017654
454,OR-Tools,0.0
455,OR-Tools,40.851311808180554
456,OR-Tools,0.0
457,OR-Tools,10.91033219009853
458,OR-Tools,37.13444859523537
459,OR-Tools,28.249033395988477
460,OR-Tools,5.61867198943051
461,OR-Tools,5.9983910671270735
462,OR-Tools,0.9094048590500279
463,OR-Tools,63.15519186170977
464,OR-Tools,150.8731995970285
465,OR-Tools,6.560135633913632
466,OR-Tools,10.50482130026731
467,OR-Tools,5.096197313033713
468,OR-Tools,7.17628693248497
469,OR-Tools,12.364903742740438
470,OR-Tools,4.397543395309469
471,OR-Tools,6.163150213007043
472,OR-Tools,0.0
473,OR-Tools,5.761002013729723
474,OR-Tools,22.789548929124578
475,OR-Tools,0.341485066698084
476,OR-Tools,57.12986000090035
477,OR-Tools,12.880943704879485
478,OR-Tools,0.0
479,OR-Tools,83.78889821974147
480,OR-Tools,0.0
481,OR-Tools,3.888257862755438
482,OR-Tools,1.3787107382115664
483,OR-Tools,1.2335188828960213
484,OR-Tools,15.109708809517628
485,OR-Tools,35.77365941956006
486,OR-Tools,0.0
487,OR-Tools,9.34162443335515
488,OR-Tools,8.710816572711138
489,OR-Tools,10.512341091337333
490,OR-Tools,11.942362351585473
491,OR-Tools,0.6871769183648553
492,OR-Tools,38.874645958379205
493,OR-Tools,14.09326438996439
494,OR-Tools,5.255180867611642
495,OR-Tools,1.9513189728238558
496,OR-Tools,4.621838473942205
497,OR-Tools,13.598864797794874
498,OR-Tools,0.0
499,OR-Tools,10.06970835350458
500,OR-Tools,16.014969708964202
501,OR-Tools,11.928419033534425
502,OR-Tools,12.471487784212655
503,OR-Tools,62.20175381502787
504,OR-Tools,7.630364389072895
505,OR-Tools,3.797576942395864
506,OR-Tools,7.581977419054567
507,OR-Tools,0.0
508,OR-Tools,16.470404332228185
509,OR-Tools,7.815558442674728
510,OR-Tools,51.50326943554052
511,OR-Tools,0.0
512,OR-Tools,1.4840588551818428
513,OR-Tools,24.38357934895265
514,OR-Tools,7.098969495801214
515,OR-Tools,0.0
516,OR-Tools,0.0
517,OR-Tools,4.93613592697784
518,OR-Tools,3.3525661670111617
519,OR-Tools,11.084776065004036
520,OR-Tools,7.66830039525712
521,OR-Tools,5.784030887069775
522,OR-Tools,17.65382620145826
523,OR-Tools,0.7225982742452857
524,OR-Tools,35.90509442922914
525,OR-Tools,20.418469825884955
526,OR-Tools,3.8991757936922227
527,OR-Tools,12.796704292182909
528,OR-Tools,5.065444955072394
529,OR-Tools,0.0
530,OR-Tools,1.9144841575424039
531,OR-Tools,0.0
532,OR-Tools,45.63564992786513
533,OR-Tools,0.09778076464766627
534,OR-Tools,34.425582314622886
535,OR-Tools,68.1766678863253
536,OR-Tools,18.42466423794457
537,OR-Tools,32.567647926853
538,OR-Tools,2.445925109878516
539,OR-Tools,5.155851393035107
540,OR-Tools,6.177519716998177
541,OR-Tools,0.0
542,OR-Tools,22.52670032987598
543,OR-Tools,21.3989420512643
544,OR-Tools,0.0
545,OR-Tools,8.906744720125602
546,OR-Tools,16.694781754374873
547,OR-Tools,0.0
548,OR-Tools,17.027946016025965
549,OR-Tools,1.9221742192821978
550,OR-Tools,0.0
551,OR-Tools,27.12228455090485
552,OR-Tools,57.41975552091321
553,OR-Tools,0.41157311388235485
554,OR-Tools,0.7654674974062345
555,OR-Tools,7.284217867462502
556,OR-Tools,13.386389865011068
557,OR-Tools,7.865085465375699
558,OR-Tools,4.397607022422079
559,OR-Tools,0.5080628834215872
560,OR-Tools,42.70958865937061
561,OR-Tools,15.448099620005593
562,OR-Tools,5.6902528915563835
563,OR-Tools,6.91709249929778
564,OR-Tools,3.5527727491032977
565,OR-Tools,13.78497516672735
566,OR-Tools,0.3863524058504595
567,OR-Tools,0.0
568,OR-Tools,46.9862518566805
569,OR-Tools,0.8405208220299585
570,OR-Tools,22.424016505633233
571,OR-Tools,42.077769379219774
572,OR-Tools,1.2636463830920377
573,OR-Tools,0.5381996950326879
574,OR-Tools,23.943719494524572
575,OR-Tools,20.082834331018972
576,OR-Tools,7.022494909194791
577,OR-Tools,0.0
578,OR-Tools,0.0
579,OR-Tools,10.318366444272982
580,OR-Tools,3.5457432800752144
581,OR-Tools,4.150756411505881
582,OR-Tools,16.888281850693943
583,OR-Tools,7.6700316525390235
584,OR-Tools,0.9520401375897904
585,OR-Tools,12.601350461924
586,OR-Tools,5.016335177035245
587,OR-Tools,8.371258376104635
588,OR-Tools,14.54898872637159
589,OR-Tools,25.753123535857128
590,OR-Tools,44.61465403750489
591,OR-Tools,48.560529738323595
592,OR-Tools,8.838045272069479
593,OR-Tools,14.284290744861408
594,OR-Tools,0.0
595,OR-Tools,2.95555386950565
596,OR-Tools,0.2111477520288645
597,OR-Tools,0.5743584403278987
598,OR-Tools,0.0
599,OR-Tools,12.19541744050909
600,OR-Tools,11.330206285631448
601,OR-Tools,14.920616190459072
602,OR-Tools,35.275592008298645
603,OR-Tools,12.590212424571945
604,OR-Tools,21.59408560134358
605,OR-Tools,25.80727128120631
606,OR-Tools,8.938106576503543
607,OR-Tools,65.46230948963463
608,OR-Tools,19.078666756749016
609,OR-Tools,52.15723978077426
610,OR-Tools,33.87207917306759
611,OR-Tools,15.444593810755578
612,OR-Tools,94.09984115835542
613,OR-Tools,10.918844781793297
614,OR-Tools,14.171102994155461
615,OR-Tools,0.0
616,OR-Tools,0.0
617,OR-Tools,0.0
618,OR-Tools,15.216551504766073
619,OR-Tools,31.537203258502416
620,OR-Tools,21.828448362616797
621,OR-Tools,0.717310501664258
622,OR-Tools,9.830998651253338
623,OR-Tools,9.470101663075525
624,OR-Tools,10.06162245117352
625,OR-Tools,0.0
626,OR-Tools,20.343406804225282
627,OR-Tools,58.444766668414786
628,OR-Tools,23.524245443839135
629,OR-Tools,22.398893442274527
630,OR-Tools,0.0
631,OR-Tools,22.2208385734981
632,OR-Tools,20.42454800581433
633,OR-Tools,29.997809522050375
634,OR-Tools,0.0
635,OR-Tools,8.682777320064758
636,OR-Tools,24.020318608430188
637,OR-Tools,0.0
638,OR-Tools,54.235846639381094
639,OR-Tools,0.6283946398648368
640,OR-Tools,21.299027170795085
641,OR-Tools,0.0
642,OR-Tools,4.774249286102759
643,OR-Tools,16.883970315623344
644,OR-Tools,0.0
645,OR-Tools,3.05511590638946
646,OR-Tools,5.777893727794179
647,OR-Tools,0.0
648,OR-Tools,11.289706843280726
649,OR-Tools,2.5998380630877023
650,OR-Tools,3.2607914163526175
651,OR-Tools,0.29538032273393355
652,OR-Tools,34.795078253413664
653,OR-Tools,0.0
654,OR-Tools,2.7312219089721452
655,OR-Tools,11.163746004525365
656,OR-Tools,3.7649863131996426
657,OR-Tools,0.0
658,OR-Tools,0.0
659,OR-Tools,0.24306644162024327
660,OR-Tools,0.0
661,OR-Tools,5.199893163944921
662,OR-Tools,0.0
663,OR-Tools,16.284751939496715
664,OR-Tools,8.78334335631368
665,OR-Tools,1.1210573282660903
666,OR-Tools,21.624438179151326
667,OR-Tools,14.114535274451356
668,OR-Tools,25.888227152099745
669,OR-Tools,0.0
670,OR-Tools,19.164411577673093
671,OR-Tools,97.46058315117861
672,OR-Tools,4.348339650482558
673,OR-Tools,18.08108527992289
674,OR-Tools,17.262235896851138
675,OR-Tools,10.209440079560267
676,OR-Tools,0.6342739337886201
677,OR-Tools,0.0
678,OR-Tools,6.90877520095367
679,OR-Tools,9.536015567820328
680,OR-Tools,40.039382961766336
681,OR-Tools,0.914675129896267
682,OR-Tools,0.8481735619212145
683,OR-Tools,0.0
684,OR-Tools,4.056948558721842
685,OR-Tools,10.639522998709737
686,OR-Tools,0.0
687,OR-Tools,0.7178033036154261
688,OR-Tools,0.0
689,OR-Tools,40.87210654636465
690,OR-Tools,0.0
691,OR-Tools,29.794135247728747
692,OR-Tools,7.283815630749103
693,OR-Tools,3.5929287847098976
694,OR-Tools,6.83980705698761
695,OR-Tools,10.527667497768903
696,OR-Tools,8.647094951389533
697,OR-Tools,0.0
698,OR-Tools,4.97580344792712
699,OR-Tools,6.261668255915112
700,OR-Tools,6.171093687514485
701,OR-Tools,13.955584012581
702,OR-Tools,27.560115920471247
703,OR-Tools,2.46571719534856
704,OR-Tools,8.470472319592062
705,OR-Tools,5.181724267581046
706,OR-Tools,12.197868467242529
707,OR-Tools,14.23112128803183
708,OR-Tools,0.0
709,OR-Tools,8.570839988628308
710,OR-Tools,21.037917646833506
711,OR-Tools,0.0
712,OR-Tools,1.1372844742748498
713,OR-Tools,1.1588038308460114
714,OR-Tools,14.649395373284364
715,OR-Tools,31.716542736805735
716,OR-Tools,26.180558934130232
717,OR-Tools,5.3263639499851365
718,OR-Tools,30.544300374914684
719,OR-Tools,19.90739058251816
720,OR-Tools,10.019898015365698
721,OR-Tools,0.0
722,OR-Tools,31.177352026786224
723,OR-Tools,9.352685568072786
724,OR-Tools,16.87885514481738
725,OR-Tools,0.0
726,OR-Tools,12.744967600926344
727,OR-Tools,12.092150515781924
728,OR-Tools,2.3667904338425956
729,OR-Tools,6.341181751542592
730,OR-Tools,4.6019008743122924
731,OR-Tools,5.164808211633755
732,OR-Tools,15.678344720946171
733,OR-Tools,4.07926619900644
734,OR-Tools,15.917428100816636
735,OR-Tools,7.143178646971336
736,OR-Tools,1.4499236672489246
737,OR-Tools,42.171667974257446
738,OR-Tools,32.14201516567343
739,OR-Tools,15.496734785743513
740,OR-Tools,10.780018452569806
741,OR-Tools,0.0
742,OR-Tools,33.68873176664468
743,OR-Tools,13.651590392725609
744,OR-Tools,0.855977549008287
745,OR-Tools,10.273090643035914
746,OR-Tools,2.6308472905816984
747,OR-Tools,7.6255003267853
748,OR-Tools,11.874279880148833
749,OR-Tools,6.958119574406851
750,OR-Tools,15.77401941692662
751,OR-Tools,2.2662408143742425
752,OR-Tools,6.038256381879222
753,OR-Tools,6.019366860338323
754,OR-Tools,2.8598806619963
755,OR-Tools,18.252529100659643
756,OR-Tools,21.262446630994162
757,OR-Tools,21.52761442939007
758,OR-Tools,4.819862742141595
759,OR-Tools,12.905910275277932
760,OR-Tools,0.0
761,OR-Tools,0.0
762,OR-Tools,5.346369896311728
763,OR-Tools,9.361719009733093
764,OR-Tools,7.045795996704783
765,OR-Tools,0.6060878947102424
766,OR-Tools,17.40075622081369
767,OR-Tools,6.77647660740098
768,OR-Tools,25.63141542641509
769,OR-Tools,22.01533506419625
770,OR-Tools,5.420587618565463
771,OR-Tools,4.698954508438874
772,OR-Tools,29.004568527748603
773,OR-Tools,19.33574429051052
774,OR-Tools,8.199811323003019
775,OR-Tools,33.8385150429373
776,OR-Tools,0.9618420331322568
777,OR-Tools,13.691625468385325
778,OR-Tools,8.238123199258126
779,OR-Tools,3.1521302593293967
780,OR-Tools,14.89350970867389
781,OR-Tools,0.0
782,OR-Tools,3.296478780073727
783,OR-Tools,25.38154174327488
784,OR-Tools,22.64878689238313
785,OR-Tools,10.170076831220314
786,OR-Tools,0.2637042417786972
787,OR-Tools,7.2140587683617525
788,OR-Tools,16.450314920527887
789,OR-Tools,48.706553602530136
790,OR-Tools,10.489906185017787
791,OR-Tools,15.449703417683736
792,OR-Tools,9.295922983826244
793,OR-Tools,22.295554608617152
794,OR-Tools,18.254559827378017
795,OR-Tools,0.0
796,OR-Tools,43.6408193093591
797,OR-Tools,7.244576777978125
798,OR-Tools,22.78557644763663
799,OR-Tools,12.485747927064011
800,OR-Tools,11.868083029857786
801,OR-Tools,7.137506247789048
802,OR-Tools,10.42380096988083
803,OR-Tools,7.42711204263
804,OR-Tools,6.092517937801119
805,OR-Tools,0.7193955336624924
806,OR-Tools,11.35570894097853
807,OR-Tools,67.3225289414795
808,OR-Tools,6.28716023092494
809,OR-Tools,0.23507988151817472
810,OR-Tools,0.0
811,OR-Tools,20.22359516730458
812,OR-Tools,43.589393984504596
813,OR-Tools,5.62283011034296
814,OR-Tools,13.195510616913367
815,OR-Tools,26.56329901830489
816,OR-Tools,0.0
817,OR-Tools,5.235680310932281
818,OR-Tools,92.76046430995277
819,OR-Tools,7.836505851404127
820,OR-Tools,11.579018939319724
821,OR-Tools,25.394408105840796
822,OR-Tools,26.250640818183825
823,OR-Tools,4.682219723029647
824,OR-Tools,11.956699213838618
825,OR-Tools,14.125364004953525
826,OR-Tools,6.523933837990711
827,OR-Tools,13.301916159537285
828,OR-Tools,0.0
829,OR-Tools,2.6634522867679493
830,OR-Tools,7.720829440905447
831,OR-Tools,7.293602754882386
832,OR-Tools,1.0776952743132426
833,OR-Tools,31.752671678848145
834,OR-Tools,6.52890912414972
835,OR-Tools,0.0
836,OR-Tools,38.4387881744141
837,OR-Tools,0.0
838,OR-Tools,57.6477162522377
839,OR-Tools,36.909615488390045
840,OR-Tools,0.0
841,OR-Tools,22.243759833856217
842,OR-Tools,27.841979190118565
843,OR-Tools,10.785187302704543
844,OR-Tools,6.841766669511088
845,OR-Tools,0.0
846,OR-Tools,4.042462599833868
847,OR-Tools,20.313436738422382
848,OR-Tools,6.5996718887755605
849,OR-Tools,46.614603338532845
850,OR-Tools,0.0
851,OR-Tools,0.9228488192117084
852,OR-Tools,2.5055557284223084
853,OR-Tools,14.479016225996872
854,OR-Tools,5.340017956133522
855,OR-Tools,1.27958251270735
856,OR-Tools,4.817854388611863
857,OR-Tools,15.681530424064334
858,OR-Tools,11.462503983942554
859,OR-Tools,22.09731124345356
860,OR-Tools,15.378748942906725
861,OR-Tools,8.182813505245946
862,OR-Tools,19.06749697688076
863,OR-Tools,8.490017176542835
864,OR-Tools,1.0921918064516376
865,OR-Tools,15.155649154704776
866,OR-Tools,5.833576273360336
867,OR-Tools,20.610514267266126
868,OR-Tools,16.591196318404144
869,OR-Tools,31.07090850362181
870,OR-Tools,7.911561496606055
871,OR-Tools,7.6652740129233905
872,OR-Tools,1.8990700588830691
873,OR-Tools,16.45438453307679
874,OR-Tools,6.7224256882769
875,OR-Tools,0.6350408982809199
876,OR-Tools,0.8121137207144784
877,OR-Tools,0.0
878,OR-Tools,0.2616611079720883
879,OR-Tools,46.851613611700685
880,OR-Tools,63.221756637101095
881,OR-Tools,9.514264071668094
882,OR-Tools,26.805840025433497
883,OR-Tools,0.0
884,OR-Tools,30.945204136236214
885,OR-Tools,0.0
886,OR-Tools,0.0
887,OR-Tools,0.0
888,OR-Tools,36.70741433503565
889,OR-Tools,0.0
890,OR-Tools,0.0
891,OR-Tools,91.19901369997399
892,OR-Tools,0.0
893,OR-Tools,10.55186044856299
894,OR-Tools,48.14931388609469
895,OR-Tools,14.499858229042985
896,OR-Tools,20.348705411186273
897,OR-Tools,0.31048981606977577
898,OR-Tools,8.108082278822991
899,OR-Tools,6.145560365313116
900,OR-Tools,0.0
901,OR-Tools,19.09598648875371
902,OR-Tools,3.899072983284583
903,OR-Tools,3.8989794925323054
904,OR-Tools,19.014636391080018
905,OR-Tools,12.028701887066887
906,OR-Tools,6.273843401057405
907,OR-Tools,0.0
908,OR-Tools,0.0
909,OR-Tools,28.740422574976066
910,OR-Tools,0.0
911,OR-Tools,0.7694628761483955
912,OR-Tools,0.6136246683676916
913,OR-Tools,0.0
914,OR-Tools,0.0
915,OR-Tools,54.76480371404088
916,OR-Tools,0.0
917,OR-Tools,11.826170609477487
918,OR-Tools,3.817806975712813
919,OR-Tools,13.656116439142068
920,OR-Tools,80.32953389349643
921,OR-Tools,6.70633507017817
922,OR-Tools,0.0
923,OR-Tools,10.490100610291961
924,OR-Tools,0.0
925,OR-Tools,16.34669629924221
926,OR-Tools,11.450527139330632
927,OR-Tools,25.858984653399517
928,OR-Tools,33.44676997403596
929,OR-Tools,4.226737150237739
930,OR-Tools,0.8685410720527784
931,OR-Tools,19.172707191267307
932,OR-Tools,24.191856258846997
933,OR-Tools,1.119828942934248
934,OR-Tools,7.593626243902293
935,OR-Tools,8.337676317094036
936,OR-Tools,32.477566402734766
937,OR-Tools,51.61350230129145
938,OR-Tools,1.8162506501116127
939,OR-Tools,3.028582352563376
940,OR-Tools,0.0
941,OR-Tools,12.51562583714022
942,OR-Tools,1.7046019753076393
943,OR-Tools,13.441336952754767
944,OR-Tools,10.43002337101359
945,OR-Tools,21.109235380264323
946,OR-Tools,8.855702833340871
947,OR-Tools,8.82329439261784
948,OR-Tools,12.349141890518553
949,OR-Tools,18.37104128344447
950,OR-Tools,17.079775256877667
951,OR-Tools,14.603457870954173
952,OR-Tools,15.037169547983694
953,OR-Tools,2.7970418315034635
954,OR-Tools,0.3900363510550733
955,OR-Tools,0.5949142084845391
956,OR-Tools,7.422181698266655
957,OR-Tools,6.9660877547692905
958,OR-Tools,6.257152377103523
959,OR-Tools,4.590637269122482
960,OR-Tools,0.0
961,OR-Tools,0.0
962,OR-Tools,20.68527430396165
963,OR-Tools,9.70055544310759
964,OR-Tools,0.0
965,OR-Tools,0.0
966,OR-Tools,0.7396728011391929
967,OR-Tools,42.91868738344368
968,OR-Tools,5.055907279485098
969,OR-Tools,5.919291188466616
970,OR-Tools,1.8569212418390748
971,OR-Tools,16.576880482310486
972,OR-Tools,0.0
973,OR-Tools,0.0
974,OR-Tools,16.347323602123254
975,OR-Tools,7.257631975830122
976,OR-Tools,6.302336472883951
977,OR-Tools,15.144374794478864
978,OR-Tools,23.2444421247329
979,OR-Tools,8.781394333736074
980,OR-Tools,7.536307466909989
981,OR-Tools,14.828725720771587
982,OR-Tools,0.0
983,OR-Tools,3.569871265023181
984,OR-Tools,10.941132122460061
985,OR-Tools,15.849257275346986
986,OR-Tools,0.0
987,OR-Tools,24.585313077942175
988,OR-Tools,112.24986540592474
989,OR-Tools,8.417946351748554
990,OR-Tools,11.828775989287067
991,OR-Tools,28.94856225629104
992,OR-Tools,23.827563383797298
993,OR-Tools,0.0
994,OR-Tools,1.9432072046541293
995,OR-Tools,91.19370813667257
996,OR-Tools,12.298022385616065
997,OR-Tools,7.821488230581963
998,OR-Tools,10.15555389567001
999,OR-Tools,3.0191119623138434
0,ALNS-Nominal,3.588500761729904
1,ALNS-Nominal,8.210645341272311
2,ALNS-Nominal,2.6626072705674346
3,ALNS-Nominal,52.48141537004065
4,ALNS-Nominal,0.0
5,ALNS-Nominal,47.735872141286364
6,ALNS-Nominal,8.858846242294987
7,ALNS-Nominal,0.0
8,ALNS-Nominal,18.122398056974077
9,ALNS-Nominal,16.553123799155543
10,ALNS-Nominal,32.943748105152906
11,ALNS-Nominal,0.0
12,ALNS-Nominal,0.0
13,ALNS-Nominal,0.9826938694774583
14,ALNS-Nominal,6.82611068766775
15,ALNS-Nominal,0.0
16,ALNS-Nominal,4.187024734490279
17,ALNS-Nominal,1.878793597152935
18,ALNS-Nominal,0.0
19,ALNS-Nominal,23.19092299480596
20,ALNS-Nominal,1.6457647041870302
21,ALNS-Nominal,3.097701628350592
22,ALNS-Nominal,22.97011372287551
23,ALNS-Nominal,16.233754595958914
24,ALNS-Nominal,5.123465844748409
25,ALNS-Nominal,10.946080117508131
26,ALNS-Nominal,9.771538877500262
27,ALNS-Nominal,9.837817623997978
28,ALNS-Nominal,0.0
29,ALNS-Nominal,4.787106916192471
30,ALNS-Nominal,12.637037808720038
31,ALNS-Nominal,0.0
32,ALNS-Nominal,0.09593619946275567
33,ALNS-Nominal,40.52560634432331
34,ALNS-Nominal,9.660110461665369
35,ALNS-Nominal,60.908347376163704
36,ALNS-Nominal,6.866022998814998
37,ALNS-Nominal,24.801976425273182
38,ALNS-Nominal,0.0
39,ALNS-Nominal,15.61568224476548
40,ALNS-Nominal,4.078965301558412
41,ALNS-Nominal,29.505218363196633
42,ALNS-Nominal,16.625895746157823
43,ALNS-Nominal,14.203348640940646
44,ALNS-Nominal,0.0
45,ALNS-Nominal,11.950729343610249
46,ALNS-Nominal,16.429261360228054
47,ALNS-Nominal,33.348192386817885
48,ALNS-Nominal,20.04043635331672
49,ALNS-Nominal,21.652071947948883
50,ALNS-Nominal,12.854278771148984
51,ALNS-Nominal,42.49493218912053
52,ALNS-Nominal,1.1334674103144948
53,ALNS-Nominal,19.699679525339405
54,ALNS-Nominal,17.911296991982567
55,ALNS-Nominal,59.37123119794671
56,ALNS-Nominal,2.1853912536658413
57,ALNS-Nominal,48.8562402067482
58,ALNS-Nominal,0.0
59,ALNS-Nominal,1.0234081205240955
60,ALNS-Nominal,1.9569390540139295
61,ALNS-Nominal,23.027364134289655
62,ALNS-Nominal,34.76852707049176
63,ALNS-Nominal,17.464235076434477
64,ALNS-Nominal,5.0109620023222305
65,ALNS-Nominal,6.3034523691186735
66,ALNS-Nominal,5.337068249921373
67,ALNS-Nominal,10.214651235627116
68,ALNS-Nominal,5.414997816333113
69,ALNS-Nominal,8.244871631696384
70,ALNS-Nominal,15.389014903421867
71,ALNS-Nominal,3.464260922295722
72,ALNS-Nominal,23.454655553401665
73,ALNS-Nominal,13.781626137003656
74,ALNS-Nominal,10.564666325655168
75,ALNS-Nominal,10.360888858738889
76,ALNS-Nominal,5.597289880894493
77,ALNS-Nominal,0.0
78,ALNS-Nominal,0.0
79,ALNS-Nominal,4.804565339611912
80,ALNS-Nominal,37.59154828546329
81,ALNS-Nominal,0.0
82,ALNS-Nominal,0.0
83,ALNS-Nominal,1.6356470141789146
84,ALNS-Nominal,45.283806772537446
85,ALNS-Nominal,1.9191936873722568
86,ALNS-Nominal,45.79482455962176
87,ALNS-Nominal,3.4546435571643883
88,ALNS-Nominal,17.95034223896252
89,ALNS-Nominal,20.855504382248853
90,ALNS-Nominal,0.0
91,ALNS-Nominal,5.579765701670851
92,ALNS-Nominal,0.0
93,ALNS-Nominal,2.833165542611596
94,ALNS-Nominal,21.866027314316398
95,ALNS-Nominal,14.1549522424433
96,ALNS-Nominal,0.0
97,ALNS-Nominal,2.9523162548495065
98,ALNS-Nominal,11.228125528907327
99,ALNS-Nominal,27.989848974452826
100,ALNS-Nominal,13.242125961034446
101,ALNS-Nominal,0.0
102,ALNS-Nominal,1.814303276106557
103,ALNS-Nominal,4.231858571690822
104,ALNS-Nominal,17.145061371949453
105,ALNS-Nominal,28.425157536136282
106,ALNS-Nominal,16.957337105291856
107,ALNS-Nominal,56.66600500929934
108,ALNS-Nominal,0.0
109,ALNS-Nominal,0.21959923501628964
110,ALNS-Nominal,10.896551937595888
111,ALNS-Nominal,2.0627534952195106
112,ALNS-Nominal,18.39978672017341
113,ALNS-Nominal,0.02460347563697951
114,ALNS-Nominal,6.86193798008091
115,ALNS-Nominal,6.274411701585905
116,ALNS-Nominal,29.17446696928846
117,ALNS-Nominal,28.577407465114078
118,ALNS-Nominal,0.0
119,ALNS-Nominal,5.307945420397516
120,ALNS-Nominal,19.788450999961384
121,ALNS-Nominal,3.738201665753337
122,ALNS-Nominal,9.709469317523087
123,ALNS-Nominal,14.088595260322734
124,ALNS-Nominal,5.113119949575406
125,ALNS-Nominal,0.0
126,ALNS-Nominal,18.322339854913082
127,ALNS-Nominal,0.0
128,ALNS-Nominal,12.08729782497096
129,ALNS-Nominal,31.310275526126475
130,ALNS-Nominal,6.6362205674630275
131,ALNS-Nominal,21.750136974879865
132,ALNS-Nominal,0.0
133,ALNS-Nominal,10.307654084227408
134,ALNS-Nominal,0.0
135,ALNS-Nominal,21.68775754094355
136,ALNS-Nominal,37.42900662156649
137,ALNS-Nominal,2.9285818779242163
138,ALNS-Nominal,3.0220190388359924
139,ALNS-Nominal,0.0
140,ALNS-Nominal,1.9514724963075878
141,ALNS-Nominal,2.4624010543631414
142,ALNS-Nominal,12.144625165707453
143,ALNS-Nominal,0.9187636627107736
144,ALNS-Nominal,26.781443752211572
145,ALNS-Nominal,31.87730735608656
146,ALNS-Nominal,35.04581567080393
147,ALNS-Nominal,32.60412995860597
148,ALNS-Nominal,0.7293818287589886
149,ALNS-Nominal,6.154099502714104
150,ALNS-Nominal,2.5628437136349476
151,ALNS-Nominal,0.0
152,ALNS-Nominal,0.0
153,ALNS-Nominal,6.599677187402989
154,ALNS-Nominal,6.391579876299147
155,ALNS-Nominal,26.674736518132164
156,ALNS-Nominal,55.73778246882054
157,ALNS-Nominal,15.84877866676868
158,ALNS-Nominal,9.496599490554019
159,ALNS-Nominal,40.696407267017065
160,ALNS-Nominal,4.428295794861526
161,ALNS-Nominal,19.54452502574935
162,ALNS-Nominal,25.49132056807838
163,ALNS-Nominal,0.0
164,ALNS-Nominal,10.814873460650233
165,ALNS-Nominal,4.169444358641783
166,ALNS-Nominal,7.977858408878916
167,ALNS-Nominal,4.7811951252009806
168,ALNS-Nominal,20.928464579156326
169,ALNS-Nominal,4.0533207639577995
170,ALNS-Nominal,44.77458603754522
171,ALNS-Nominal,4.098549103848256
172,ALNS-Nominal,10.816084602555947
173,ALNS-Nominal,4.959513642268689
174,ALNS-Nominal,11.646181273961446
175,ALNS-Nominal,11.39861089188119
176,ALNS-Nominal,4.772706124464037
177,ALNS-Nominal,0.5902536410942218
178,ALNS-Nominal,23.593937476783907
179,ALNS-Nominal,0.0
180,ALNS-Nominal,5.345875790066032
181,ALNS-Nominal,1.2090062304359321
182,ALNS-Nominal,22.352658623098165
183,ALNS-Nominal,12.71795191233997
184,ALNS-Nominal,1.0079824535782222
185,ALNS-Nominal,0.3088761878307764
186,ALNS-Nominal,0.0
187,ALNS-Nominal,6.9683042673188424
188,ALNS-Nominal,1.7563863022132296
189,ALNS-Nominal,0.2651344700262257
190,ALNS-Nominal,3.340601648383199
191,ALNS-Nominal,25.715743674296277
192,ALNS-Nominal,3.869278136445274
193,ALNS-Nominal,60.25594893207628
194,ALNS-Nominal,11.673581384596105
195,ALNS-Nominal,9.026360920079611
196,ALNS-Nominal,4.4904970787969205
197,ALNS-Nominal,25.754590083418293
198,ALNS-Nominal,21.536153873073772
199,ALNS-Nominal,17.868644463178555
200,ALNS-Nominal,17.851367498831337
201,ALNS-Nominal,10.023903377228237
202,ALNS-Nominal,12.787728841888622
203,ALNS-Nominal,2.2413788511713904
204,ALNS-Nominal,42.268535283791266
205,ALNS-Nominal,13.065748354754135
206,ALNS-Nominal,26.043871829104063
207,ALNS-Nominal,10.420971399136448
208,ALNS-Nominal,28.597094781505206
209,ALNS-Nominal,31.36680610825755
210,ALNS-Nominal,22.207690716912538
211,ALNS-Nominal,18.49286281553941
212,ALNS-Nominal,10.046419279938846
213,ALNS-Nominal,77.06491179732916
214,ALNS-Nominal,0.0
215,ALNS-Nominal,16.306059777829233
216,ALNS-Nominal,31.188231343892568
217,ALNS-Nominal,13.36275295991041
218,ALNS-Nominal,15.87911127910425
219,ALNS-Nominal,4.329986621190557
220,ALNS-Nominal,4.609766288163684
221,ALNS-Nominal,7.175500240254024
222,ALNS-Nominal,5.300938905025049
223,ALNS-Nominal,8.95444535705596
224,ALNS-Nominal,0.37926543398276635
225,ALNS-Nominal,0.0
226,ALNS-Nominal,14.436633573456561
227,ALNS-Nominal,30.471515054682754
228,ALNS-Nominal,1.7168604311837612
229,ALNS-Nominal,25.325408171614214
230,ALNS-Nominal,17.730117646027367
231,ALNS-Nominal,2.5154018090608474
232,ALNS-Nominal,20.411410391817753
233,ALNS-Nominal,0.0
234,ALNS-Nominal,5.6812595008007065
235,ALNS-Nominal,8.244211563149406
236,ALNS-Nominal,37.27185216823452
237,ALNS-Nominal,29.190723382624213
238,ALNS-Nominal,27.422086304544933
239,ALNS-Nominal,0.0
240,ALNS-Nominal,0.0
241,ALNS-Nominal,12.167566503476593
242,ALNS-Nominal,23.4271673655621
243,ALNS-Nominal,6.837801291797746
244,ALNS-Nominal,0.0
245,ALNS-Nominal,7.685488921747236
246,ALNS-Nominal,29.051599682660026
247,ALNS-Nominal,0.0
248,ALNS-Nominal,14.83484355162642
249,ALNS-Nominal,11.250444510313514
250,ALNS-Nominal,16.208581853866605
251,ALNS-Nominal,15.068789161494948
252,ALNS-Nominal,39.41531525098631
253,ALNS-Nominal,6.049319596647564
254,ALNS-Nominal,19.41938654844361
255,ALNS-Nominal,21.030135708494328
256,ALNS-Nominal,9.62532522833439
257,ALNS-Nominal,24.34634667989468
258,ALNS-Nominal,15.9024784282999
259,ALNS-Nominal,26.68372250460061
260,ALNS-Nominal,28.394830080091282
261,ALNS-Nominal,52.366229212365795
262,ALNS-Nominal,1.8696403385046096
263,ALNS-Nominal,0.0
264,ALNS-Nominal,1.7663360468947644
265,ALNS-Nominal,0.0
266,ALNS-Nominal,2.6543412524615064
267,ALNS-Nominal,35.47956723909738
268,ALNS-Nominal,3.602273896574104
269,ALNS-Nominal,2.1088928354664347
270,ALNS-Nominal,10.17683690790713
271,ALNS-Nominal,14.86194823424779
272,ALNS-Nominal,13.052460145298454
273,ALNS-Nominal,11.342555001405799
274,ALNS-Nominal,0.0
275,ALNS-Nominal,54.564038991885155
276,ALNS-Nominal,1.7982684100645088
277,ALNS-Nominal,0.0
278,ALNS-Nominal,0.0
279,ALNS-Nominal,16.74358070126584
280,ALNS-Nominal,0.0
281,ALNS-Nominal,5.058241368211753
282,ALNS-Nominal,6.803477061430954
283,ALNS-Nominal,15.671305105117256
284,ALNS-Nominal,17.596394396239674
285,ALNS-Nominal,0.746601000746324
286,ALNS-Nominal,12.202006402218558
287,ALNS-Nominal,0.0
288,ALNS-Nominal,5.323003440836118
289,ALNS-Nominal,18.003908576510412
290,ALNS-Nominal,45.45362004802968
291,ALNS-Nominal,48.98365921791307
292,ALNS-Nominal,17.832854298071055
293,ALNS-Nominal,37.77208249379106
294,ALNS-Nominal,8.633966869629063
295,ALNS-Nominal,7.092650548661595
296,ALNS-Nominal,0.0
297,ALNS-Nominal,0.0
298,ALNS-Nominal,17.329851458955062
299,ALNS-Nominal,6.223657509107255
300,ALNS-Nominal,8.429990894587519
301,ALNS-Nominal,17.1558172132315
302,ALNS-Nominal,11.143829134227104
303,ALNS-Nominal,65.71426450692908
304,ALNS-Nominal,86.8296380894378
305,ALNS-Nominal,40.401221776254545
306,ALNS-Nominal,0.0
307,ALNS-Nominal,16.36094357361179
308,ALNS-Nominal,9.086022254007133
309,ALNS-Nominal,1.3588474978558338
310,ALNS-Nominal,8.295472199229152
311,ALNS-Nominal,8.423311014985643
312,ALNS-Nominal,8.797755443396284
313,ALNS-Nominal,30.97360597041697
314,ALNS-Nominal,8.98807285982565
315,ALNS-Nominal,0.0
316,ALNS-Nominal,1.5998120163561111
317,ALNS-Nominal,0.0
318,ALNS-Nominal,4.092342252115401
319,ALNS-Nominal,9.955467970760964
320,ALNS-Nominal,14.789109777500897
321,ALNS-Nominal,0.7845228087338398
322,ALNS-Nominal,0.0
323,ALNS-Nominal,5.419209016529209
324,ALNS-Nominal,0.0
325,ALNS-Nominal,16.69939483833187
326,ALNS-Nominal,13.536958225717797
327,ALNS-Nominal,2.564184010075195
328,ALNS-Nominal,4.030716642640044
329,ALNS-Nominal,0.0
330,ALNS-Nominal,8.122248622319006
331,ALNS-Nominal,16.613931183118495
332,ALNS-Nominal,2.73594844239787
333,ALNS-Nominal,43.9313326954142
334,ALNS-Nominal,14.34239904118968
335,ALNS-Nominal,25.351301421569076
336,ALNS-Nominal,9.287194302311718
337,ALNS-Nominal,5.726370669223485
338,ALNS-Nominal,22.760589089744826
339,ALNS-Nominal,16.02549461720605
340,ALNS-Nominal,17.69772996985438
341,ALNS-Nominal,15.65854817674554
342,ALNS-Nominal,17.450554182234868
343,ALNS-Nominal,62.96574996005083
344,ALNS-Nominal,9.422686078382611
345,ALNS-Nominal,8.606617130897035
346,ALNS-Nominal,23.660178329357564
347,ALNS-Nominal,17.163220457422227
348,ALNS-Nominal,11.377188353695914
349,ALNS-Nominal,3.04094144637304
350,ALNS-Nominal,3.0800144230010744
351,ALNS-Nominal,1.401719849964337
352,ALNS-Nominal,0.3336935055920378
353,ALNS-Nominal,26.641149746784123
354,ALNS-Nominal,32.59069181557558
355,ALNS-Nominal,29.333749781964684
356,ALNS-Nominal,0.0
357,ALNS-Nominal,10.53323302473126
358,ALNS-Nominal,9.339059918565283
359,ALNS-Nominal,7.5005466224952215
360,ALNS-Nominal,22.52294432447343
361,ALNS-Nominal,4.868683761382442
362,ALNS-Nominal,9.05070756270328
363,ALNS-Nominal,7.585407852737944
364,ALNS-Nominal,9.391790802329496
365,ALNS-Nominal,4.307797225233941
366,ALNS-Nominal,4.116336386568378
367,ALNS-Nominal,13.404119936161692
368,ALNS-Nominal,2.303044570706902
369,ALNS-Nominal,16.347204383364044
370,ALNS-Nominal,33.45657446165404
371,ALNS-Nominal,3.721631611036372
372,ALNS-Nominal,1.5028204010760078
373,ALNS-Nominal,0.0
374,ALNS-Nominal,22.629589245874314
375,ALNS-Nominal,7.016534894797445
376,ALNS-Nominal,11.338750010356108
377,ALNS-Nominal,5.807196033357201
378,ALNS-Nominal,8.501342835839608
379,ALNS-Nominal,11.35833535242864
380,ALNS-Nominal,0.0
381,ALNS-Nominal,63.73199874684053
382,ALNS-Nominal,38.92064299619554
383,ALNS-Nominal,2.87216187356708
384,ALNS-Nominal,3.4552449212613396
385,ALNS-Nominal,0.0
386,ALNS-Nominal,8.443772199285945
387,ALNS-Nominal,0.5752477004276955
388,ALNS-Nominal,0.0
389,ALNS-Nominal,3.6545416456217765
390,ALNS-Nominal,2.6405525439571704
391,ALNS-Nominal,23.061405837745497
392,ALNS-Nominal,14.009063466026475
393,ALNS-Nominal,21.935665004348976
394,ALNS-Nominal,3.7358498186633824
395,ALNS-Nominal,24.769179702306985
396,ALNS-Nominal,79.1603215646146
397,ALNS-Nominal,0.0
398,ALNS-Nominal,3.9495378373289327
399,ALNS-Nominal,0.0
400,ALNS-Nominal,0.552477828123557
401,ALNS-Nominal,14.659094001599897
402,ALNS-Nominal,38.060961985502814
403,ALNS-Nominal,16.523646892275366
404,ALNS-Nominal,13.166438347309366
405,ALNS-Nominal,31.33945333745578
406,ALNS-Nominal,21.513692055156753
407,ALNS-Nominal,12.911066174879124
408,ALNS-Nominal,0.0
409,ALNS-Nominal,14.626027002162743
410,ALNS-Nominal,0.0
411,ALNS-Nominal,21.735390666447444
412,ALNS-Nominal,41.64753739135941
413,ALNS-Nominal,2.024337026054866
414,ALNS-Nominal,16.999838366492497
415,ALNS-Nominal,26.985386298134898
416,ALNS-Nominal,1.5742029164161409
417,ALNS-Nominal,2.7533047375127353
418,ALNS-Nominal,21.811289490757957
419,ALNS-Nominal,9.390376098392863
420,ALNS-Nominal,30.584282040754175
421,ALNS-Nominal,14.675469961290247
422,ALNS-Nominal,53.369966127592704
423,ALNS-Nominal,1.8952807690081954
424,ALNS-Nominal,2.0646053670673155
425,ALNS-Nominal,41.73077398574836
426,ALNS-Nominal,0.0
427,ALNS-Nominal,5.319534509682626
428,ALNS-Nominal,3.96715283733667
429,ALNS-Nominal,13.944532409436391
430,ALNS-Nominal,17.426895767897776
431,ALNS-Nominal,0.0
432,ALNS-Nominal,21.68134121516107
433,ALNS-Nominal,0.0
434,ALNS-Nominal,2.190610780227189
435,ALNS-Nominal,29.4893481749109
436,ALNS-Nominal,11.348341058105348
437,ALNS-Nominal,5.182531749071785
438,ALNS-Nominal,31.64683448802873
439,ALNS-Nominal,0.0
440,ALNS-Nominal,0.0
441,ALNS-Nominal,11.892784281617367
442,ALNS-Nominal,0.0
443,ALNS-Nominal,0.0
444,ALNS-Nominal,14.246420082525077
445,ALNS-Nominal,5.097628693551428
446,ALNS-Nominal,3.5035877877766097
447,ALNS-Nominal,5.001326870849567
448,ALNS-Nominal,12.233356382257625
449,ALNS-Nominal,32.10108645098387
450,ALNS-Nominal,15.07053117328499
451,ALNS-Nominal,0.0
452,ALNS-Nominal,8.056510407742621
453,ALNS-Nominal,35.27904760017654
454,ALNS-Nominal,0.0
455,ALNS-Nominal,40.851311808180554
456,ALNS-Nominal,0.0
457,ALNS-Nominal,10.91033219009853
458,ALNS-Nominal,37.13444859523537
459,ALNS-Nominal,28.249033395988477
460,ALNS-Nominal,5.61867198943051
461,ALNS-Nominal,5.9983910671270735
462,ALNS-Nominal,0.9094048590500279
463,ALNS-Nominal,63.15519186170977
464,ALNS-Nominal,150.8731995970285
465,ALNS-Nominal,6.560135633913632
466,ALNS-Nominal,10.50482130026731
467,ALNS-Nominal,5.096197313033713
468,ALNS-Nominal,7.17628693248497
469,ALNS-Nominal,12.364903742740438
470,ALNS-Nominal,4.397543395309469
471,ALNS-Nominal,6.163150213007043
472,ALNS-Nominal,0.0
473,ALNS-Nominal,5.761002013729723
474,ALNS-Nominal,22.789548929124578
475,ALNS-Nominal,0.341485066698084
476,ALNS-Nominal,57.12986000090035
477,ALNS-Nominal,12.880943704879485
478,ALNS-Nominal,0.0
479,ALNS-Nominal,83.78889821974147
480,ALNS-Nominal,0.0
481,ALNS-Nominal,3.888257862755438
482,ALNS-Nominal,1.3787107382115664
483,ALNS-Nominal,1.2335188828960213
484,ALNS-Nominal,15.109708809517628
485,ALNS-Nominal,35.77365941956006
486,ALNS-Nominal,0.0
487,ALNS-Nominal,9.34162443335515
488,ALNS-Nominal,8.710816572711138
489,ALNS-Nominal,10.512341091337333
490,ALNS-Nominal,11.942362351585473
491,ALNS-Nominal,0.6871769183648553
492,ALNS-Nominal,38.874645958379205
493,ALNS-Nominal,14.09326438996439
494,ALNS-Nominal,5.255180867611642
495,ALNS-Nominal,1.9513189728238558
496,ALNS-Nominal,4.621838473942205
497,ALNS-Nominal,13.598864797794874
498,ALNS-Nominal,0.0
499,ALNS-Nominal,10.06970835350458
500,ALNS-Nominal,16.014969708964202
501,ALNS-Nominal,11.928419033534425
502,ALNS-Nominal,12.471487784212655
503,ALNS-Nominal,62.20175381502787
504,ALNS-Nominal,7.630364389072895
505,ALNS-Nominal,3.797576942395864
506,ALNS-Nominal,7.581977419054567
507,ALNS-Nominal,0.0
508,ALNS-Nominal,16.470404332228185
509,ALNS-Nominal,7.815558442674728
510,ALNS-Nominal,51.50326943554052
511,ALNS-Nominal,0.0
512,ALNS-Nominal,1.4840588551818428
513,ALNS-Nominal,24.38357934895265
514,ALNS-Nominal,7.098969495801214
515,ALNS-Nominal,0.0
516,ALNS-Nominal,0.0
517,ALNS-Nominal,4.93613592697784
518,ALNS-Nominal,3.3525661670111617
519,ALNS-Nominal,11.084776065004036
520,ALNS-Nominal,7.66830039525712
521,ALNS-Nominal,5.784030887069775
522,ALNS-Nominal,17.65382620145826
523,ALNS-Nominal,0.7225982742452857
524,ALNS-Nominal,35.90509442922914
525,ALNS-Nominal,20.418469825884955
526,ALNS-Nominal,3.8991757936922227
527,ALNS-Nominal,12.796704292182909
528,ALNS-Nominal,5.065444955072394
529,ALNS-Nominal,0.0
530,ALNS-Nominal,1.9144841575424039
531,ALNS-Nominal,0.0
532,ALNS-Nominal,45.63564992786513
533,ALNS-Nominal,0.09778076464766627
534,ALNS-Nominal,34.425582314622886
535,ALNS-Nominal,68.1766678863253
536,ALNS-Nominal,18.42466423794457
537,ALNS-Nominal,32.567647926853
538,ALNS-Nominal,2.445925109878516
539,ALNS-Nominal,5.155851393035107
540,ALNS-Nominal,6.177519716998177
541,ALNS-Nominal,0.0
542,ALNS-Nominal,22.52670032987598
543,ALNS-Nominal,21.3989420512643
544,ALNS-Nominal,0.0
545,ALNS-Nominal,8.906744720125602
546,ALNS-Nominal,16.694781754374873
547,ALNS-Nominal,0.0
548,ALNS-Nominal,17.027946016025965
549,ALNS-Nominal,1.9221742192821978
550,ALNS-Nominal,0.0
551,ALNS-Nominal,27.12228455090485
552,ALNS-Nominal,57.41975552091321
553,ALNS-Nominal,0.41157311388235485
554,ALNS-Nominal,0.7654674974062345
555,ALNS-Nominal,7.284217867462502
556,ALNS-Nominal,13.386389865011068
557,ALNS-Nominal,7.865085465375699
558,ALNS-Nominal,4.397607022422079
559,ALNS-Nominal,0.5080628834215872
560,ALNS-Nominal,42.70958865937061
561,ALNS-Nominal,15.448099620005593
562,ALNS-Nominal,5.6902528915563835
563,ALNS-Nominal,6.91709249929778
564,ALNS-Nominal,3.5527727491032977
565,ALNS-Nominal,13.78497516672735
566,ALNS-Nominal,0.3863524058504595
567,ALNS-Nominal,0.0
568,ALNS-Nominal,46.9862518566805
569,ALNS-Nominal,0.8405208220299585
570,ALNS-Nominal,22.424016505633233
571,ALNS-Nominal,42.077769379219774
572,ALNS-Nominal,1.2636463830920377
573,ALNS-Nominal,0.5381996950326879
574,ALNS-Nominal,23.943719494524572
575,ALNS-Nominal,20.082834331018972
576,ALNS-Nominal,7.022494909194791
577,ALNS-Nominal,0.0
578,ALNS-Nominal,0.0
579,ALNS-Nominal,10.318366444272982
580,ALNS-Nominal,3.5457432800752144
581,ALNS-Nominal,4.150756411505881
582,ALNS-Nominal,16.888281850693943
583,ALNS-Nominal,7.6700316525390235
584,ALNS-Nominal,0.9520401375897904
585,ALNS-Nominal,12.601350461924
586,ALNS-Nominal,5.016335177035245
587,ALNS-Nominal,8.371258376104635
588,ALNS-Nominal,14.54898872637159
589,ALNS-Nominal,25.753123535857128
590,ALNS-Nominal,44.61465403750489
591,ALNS-Nominal,48.560529738323595
592,ALNS-Nominal,8.838045272069479
593,ALNS-Nominal,14.284290744861408
594,ALNS-Nominal,0.0
595,ALNS-Nominal,2.95555386950565
596,ALNS-Nominal,0.2111477520288645
597,ALNS-Nominal,0.5743584403278987
598,ALNS-Nominal,0.0
599,ALNS-Nominal,12.19541744050909
600,ALNS-Nominal,11.330206285631448
601,ALNS-Nominal,14.920616190459072
602,ALNS-Nominal,35.275592008298645
603,ALNS-Nominal,12.590212424571945
604,ALNS-Nominal,21.59408560134358
605,ALNS-Nominal,25.80727128120631
606,ALNS-Nominal,8.938106576503543
607,ALNS-Nominal,65.46230948963463
608,ALNS-Nominal,19.078666756749016
609,ALNS-Nominal,52.15723978077426
610,ALNS-Nominal,33.87207917306759
611,ALNS-Nominal,15.444593810755578
612,ALNS-Nominal,94.09984115835542
613,ALNS-Nominal,10.918844781793297
614,ALNS-Nominal,14.171102994155461
615,ALNS-Nominal,0.0
616,ALNS-Nominal,0.0
617,ALNS-Nominal,0.0
618,ALNS-Nominal,15.216551504766073
619,ALNS-Nominal,31.537203258502416
620,ALNS-Nominal,21.828448362616797
621,ALNS-Nominal,0.717310501664258
622,ALNS-Nominal,9.830998651253338
623,ALNS-Nominal,9.470101663075525
624,ALNS-Nominal,10.06162245117352
625,ALNS-Nominal,0.0
626,ALNS-Nominal,20.343406804225282
627,ALNS-Nominal,58.444766668414786
628,ALNS-Nominal,23.524245443839135
629,ALNS-Nominal,22.398893442274527
630,ALNS-Nominal,0.0
631,ALNS-Nominal,22.2208385734981
632,ALNS-Nominal,20.42454800581433
633,ALNS-Nominal,29.997809522050375
634,ALNS-Nominal,0.0
635,ALNS-Nominal,8.682777320064758
636,ALNS-Nominal,24.020318608430188
637,ALNS-Nominal,0.0
638,ALNS-Nominal,54.235846639381094
639,ALNS-Nominal,0.6283946398648368
640,ALNS-Nominal,21.299027170795085
641,ALNS-Nominal,0.0
642,ALNS-Nominal,4.774249286102759
643,ALNS-Nominal,16.883970315623344
644,ALNS-Nominal,0.0
645,ALNS-Nominal,3.05511590638946
646,ALNS-Nominal,5.777893727794179
647,ALNS-Nominal,0.0
648,ALNS-Nominal,11.289706843280726
649,ALNS-Nominal,2.5998380630877023
650,ALNS-Nominal,3.2607914163526175
651,ALNS-Nominal,0.29538032273393355
652,ALNS-Nominal,34.795078253413664
653,ALNS-Nominal,0.0
654,ALNS-Nominal,2.7312219089721452
655,ALNS-Nominal,11.163746004525365
656,ALNS-Nominal,3.7649863131996426
657,ALNS-Nominal,0.0
658,ALNS-Nominal,0.0
659,ALNS-Nominal,0.24306644162024327
660,ALNS-Nominal,0.0
661,ALNS-Nominal,5.199893163944921
662,ALNS-Nominal,0.0
663,ALNS-Nominal,16.284751939496715
664,ALNS-Nominal,8.78334335631368
665,ALNS-Nominal,1.1210573282660903
666,ALNS-Nominal,21.624438179151326
667,ALNS-Nominal,14.114535274451356
668,ALNS-Nominal,25.888227152099745
669,ALNS-Nominal,0.0
670,ALNS-Nominal,19.164411577673093
671,ALNS-Nominal,97.46058315117861
672,ALNS-Nominal,4.348339650482558
673,ALNS-Nominal,18.08108527992289
674,ALNS-Nominal,17.262235896851138
675,ALNS-Nominal,10.209440079560267
676,ALNS-Nominal,0.6342739337886201
677,ALNS-Nominal,0.0
678,ALNS-Nominal,6.90877520095367
679,ALNS-Nominal,9.536015567820328
680,ALNS-Nominal,40.039382961766336
681,ALNS-Nominal,0.914675129896267
682,ALNS-Nominal,0.8481735619212145
683,ALNS-Nominal,0.0
684,ALNS-Nominal,4.056948558721842
685,ALNS-Nominal,10.639522998709737
686,ALNS-Nominal,0.0
687,ALNS-Nominal,0.7178033036154261
688,ALNS-Nominal,0.0
689,ALNS-Nominal,40.87210654636465
690,ALNS-Nominal,0.0
691,ALNS-Nominal,29.794135247728747
692,ALNS-Nominal,7.283815630749103
693,ALNS-Nominal,3.5929287847098976
694,ALNS-Nominal,6.83980705698761
695,ALNS-Nominal,10.527667497768903
696,ALNS-Nominal,8.647094951389533
697,ALNS-Nominal,0.0
698,ALNS-Nominal,4.97580344792712
699,ALNS-Nominal,6.261668255915112
700,ALNS-Nominal,6.171093687514485
701,ALNS-Nominal,13.955584012581
702,ALNS-Nominal,27.560115920471247
703,ALNS-Nominal,2.46571719534856
704,ALNS-Nominal,8.470472319592062
705,ALNS-Nominal,5.181724267581046
706,ALNS-Nominal,12.197868467242529
707,ALNS-Nominal,14.23112128803183
708,ALNS-Nominal,0.0
709,ALNS-Nominal,8.570839988628308
710,ALNS-Nominal,21.037917646833506
711,ALNS-Nominal,0.0
712,ALNS-Nominal,1.1372844742748498
713,ALNS-Nominal,1.1588038308460114
714,ALNS-Nominal,14.649395373284364
715,ALNS-Nominal,31.716542736805735
716,ALNS-Nominal,26.180558934130232
717,ALNS-Nominal,5.3263639499851365
718,ALNS-Nominal,30.544300374914684
719,ALNS-Nominal,19.90739058251816
720,ALNS-Nominal,10.019898015365698
721,ALNS-Nominal,0.0
722,ALNS-Nominal,31.177352026786224
723,ALNS-Nominal,9.352685568072786
724,ALNS-Nominal,16.87885514481738
725,ALNS-Nominal,0.0
726,ALNS-Nominal,12.744967600926344
727,ALNS-Nominal,12.092150515781924
728,ALNS-Nominal,2.3667904338425956
729,ALNS-Nominal,6.341181751542592
730,ALNS-Nominal,4.6019008743122924
731,ALNS-Nominal,5.164808211633755
732,ALNS-Nominal,15.678344720946171
733,ALNS-Nominal,4.07926619900644
734,ALNS-Nominal,15.917428100816636
735,ALNS-Nominal,7.143178646971336
736,ALNS-Nominal,1.4499236672489246
737,ALNS-Nominal,42.171667974257446
738,ALNS-Nominal,32.14201516567343
739,ALNS-Nominal,15.496734785743513
740,ALNS-Nominal,10.780018452569806
741,ALNS-Nominal,0.0
742,ALNS-Nominal,33.68873176664468
743,ALNS-Nominal,13.651590392725609
744,ALNS-Nominal,0.855977549008287
745,ALNS-Nominal,10.273090643035914
746,ALNS-Nominal,2.6308472905816984
747,ALNS-Nominal,7.6255003267853
748,ALNS-Nominal,11.874279880148833
749,ALNS-Nominal,6.958119574406851
750,ALNS-Nominal,15.77401941692662
751,ALNS-Nominal,2.2662408143742425
752,ALNS-Nominal,6.038256381879222
753,ALNS-Nominal,6.019366860338323
754,ALNS-Nominal,2.8598806619963
755,ALNS-Nominal,18.252529100659643
756,ALNS-Nominal,21.262446630994162
757,ALNS-Nominal,21.52761442939007
758,ALNS-Nominal,4.819862742141595
759,ALNS-Nominal,12.905910275277932
760,ALNS-Nominal,0.0
761,ALNS-Nominal,0.0
762,ALNS-Nominal,5.346369896311728
763,ALNS-Nominal,9.361719009733093
764,ALNS-Nominal,7.045795996704783
765,ALNS-Nominal,0.6060878947102424
766,ALNS-Nominal,17.40075622081369
767,ALNS-Nominal,6.77647660740098
768,ALNS-Nominal,25.63141542641509
769,ALNS-Nominal,22.01533506419625
770,ALNS-Nominal,5.420587618565463
771,ALNS-Nominal,4.698954508438874
772,ALNS-Nominal,29.004568527748603
773,ALNS-Nominal,19.33574429051052
774,ALNS-Nominal,8.199811323003019
775,ALNS-Nominal,33.8385150429373
776,ALNS-Nominal,0.9618420331322568
777,ALNS-Nominal,13.691625468385325
778,ALNS-Nominal,8.238123199258126
779,ALNS-Nominal,3.1521302593293967
780,ALNS-Nominal,14.89350970867389
781,ALNS-Nominal,0.0
782,ALNS-Nominal,3.296478780073727
783,ALNS-Nominal,25.38154174327488
784,ALNS-Nominal,22.64878689238313
785,ALNS-Nominal,10.170076831220314
786,ALNS-Nominal,0.2637042417786972
787,ALNS-Nominal,7.2140587683617525
788,ALNS-Nominal,16.450314920527887
789,ALNS-Nominal,48.706553602530136
790,ALNS-Nominal,10.489906185017787
791,ALNS-Nominal,15.449703417683736
792,ALNS-Nominal,9.295922983826244
793,ALNS-Nominal,22.295554608617152
794,ALNS-Nominal,18.254559827378017
795,ALNS-Nominal,0.0
796,ALNS-Nominal,43.6408193093591
797,ALNS-Nominal,7.244576777978125
798,ALNS-Nominal,22.78557644763663
799,ALNS-Nominal,12.485747927064011
800,ALNS-Nominal,11.868083029857786
801,ALNS-Nominal,7.137506247789048
802,ALNS-Nominal,10.42380096988083
803,ALNS-Nominal,7.42711204263
804,ALNS-Nominal,6.092517937801119
805,ALNS-Nominal,0.7193955336624924
806,ALNS-Nominal,11.35570894097853
807,ALNS-Nominal,67.3225289414795
808,ALNS-Nominal,6.28716023092494
809,ALNS-Nominal,0.23507988151817472
810,ALNS-Nominal,0.0
811,ALNS-Nominal,20.22359516730458
812,ALNS-Nominal,43.589393984504596
813,ALNS-Nominal,5.62283011034296
814,ALNS-Nominal,13.195510616913367
815,ALNS-Nominal,26.56329901830489
816,ALNS-Nominal,0.0
817,ALNS-Nominal,5.235680310932281
818,ALNS-Nominal,92.76046430995277
819,ALNS-Nominal,7.836505851404127
820,ALNS-Nominal,11.579018939319724
821,ALNS-Nominal,25.394408105840796
822,ALNS-Nominal,26.250640818183825
823,ALNS-Nominal,4.682219723029647
824,ALNS-Nominal,11.956699213838618
825,ALNS-Nominal,14.125364004953525
826,ALNS-Nominal,6.523933837990711
827,ALNS-Nominal,13.301916159537285
828,ALNS-Nominal,0.0
829,ALNS-Nominal,2.6634522867679493
830,ALNS-Nominal,7.720829440905447
831,ALNS-Nominal,7.293602754882386
832,ALNS-Nominal,1.0776952743132426
833,ALNS-Nominal,31.752671678848145
834,ALNS-Nominal,6.52890912414972
835,ALNS-Nominal,0.0
836,ALNS-Nominal,38.4387881744141
837,ALNS-Nominal,0.0
838,ALNS-Nominal,57.6477162522377
839,ALNS-Nominal,36.909615488390045
840,ALNS-Nominal,0.0
841,ALNS-Nominal,22.243759833856217
842,ALNS-Nominal,27.841979190118565
843,ALNS-Nominal,10.785187302704543
844,ALNS-Nominal,6.841766669511088
845,ALNS-Nominal,0.0
846,ALNS-Nominal,4.042462599833868
847,ALNS-Nominal,20.313436738422382
848,ALNS-Nominal,6.5996718887755605
849,ALNS-Nominal,46.614603338532845
850,ALNS-Nominal,0.0
851,ALNS-Nominal,0.9228488192117084
852,ALNS-Nominal,2.5055557284223084
853,ALNS-Nominal,14.479016225996872
854,ALNS-Nominal,5.340017956133522
855,ALNS-Nominal,1.27958251270735
856,ALNS-Nominal,4.817854388611863
857,ALNS-Nominal,15.681530424064334
858,ALNS-Nominal,11.462503983942554
859,ALNS-Nominal,22.09731124345356
860,ALNS-Nominal,15.378748942906725
861,ALNS-Nominal,8.182813505245946
862,ALNS-Nominal,19.06749697688076
863,ALNS-Nominal,8.490017176542835
864,ALNS-Nominal,1.0921918064516376
865,ALNS-Nominal,15.155649154704776
866,ALNS-Nominal,5.833576273360336
867,ALNS-Nominal,20.610514267266126
868,ALNS-Nominal,16.591196318404144
869,ALNS-Nominal,31.07090850362181
870,ALNS-Nominal,7.911561496606055
871,ALNS-Nominal,7.6652740129233905
872,ALNS-Nominal,1.8990700588830691
873,ALNS-Nominal,16.45438453307679
874,ALNS-Nominal,6.7224256882769
875,ALNS-Nominal,0.6350408982809199
876,ALNS-Nominal,0.8121137207144784
877,ALNS-Nominal,0.0
878,ALNS-Nominal,0.2616611079720883
879,ALNS-Nominal,46.851613611700685
880,ALNS-Nominal,63.221756637101095
881,ALNS-Nominal,9.514264071668094
882,ALNS-Nominal,26.805840025433497
883,ALNS-Nominal,0.0
884,ALNS-Nominal,30.945204136236214
885,ALNS-Nominal,0.0
886,ALNS-Nominal,0.0
887,ALNS-Nominal,0.0
888,ALNS-Nominal,36.70741433503565
889,ALNS-Nominal,0.0
890,ALNS-Nominal,0.0
891,ALNS-Nominal,91.19901369997399
892,ALNS-Nominal,0.0
893,ALNS-Nominal,10.55186044856299
894,ALNS-Nominal,48.14931388609469
895,ALNS-Nominal,14.499858229042985
896,ALNS-Nominal,20.348705411186273
897,ALNS-Nominal,0.31048981606977577
898,ALNS-Nominal,8.108082278822991
899,ALNS-Nominal,6.145560365313116
900,ALNS-Nominal,0.0
901,ALNS-Nominal,19.09598648875371
902,ALNS-Nominal,3.899072983284583
903,ALNS-Nominal,3.8989794925323054
904,ALNS-Nominal,19.014636391080018
905,ALNS-Nominal,12.028701887066887
906,ALNS-Nominal,6.273843401057405
907,ALNS-Nominal,0.0
908,ALNS-Nominal,0.0
909,ALNS-Nominal,28.740422574976066
910,ALNS-Nominal,0.0
911,ALNS-Nominal,0.7694628761483955
912,ALNS-Nominal,0.6136246683676916
913,ALNS-Nominal,0.0
914,ALNS-Nominal,0.0
915,ALNS-Nominal,54.76480371404088
916,ALNS-Nominal,0.0
917,ALNS-Nominal,11.826170609477487
918,ALNS-Nominal,3.817806975712813
919,ALNS-Nominal,13.656116439142068
920,ALNS-Nominal,80.32953389349643
921,ALNS-Nominal,6.70633507017817
922,ALNS-Nominal,0.0
923,ALNS-Nominal,10.490100610291961
924,ALNS-Nominal,0.0
925,ALNS-Nominal,16.34669629924221
926,ALNS-Nominal,11.450527139330632
927,ALNS-Nominal,25.858984653399517
928,ALNS-Nominal,33.44676997403596
929,ALNS-Nominal,4.226737150237739
930,ALNS-Nominal,0.8685410720527784
931,ALNS-Nominal,19.172707191267307
932,ALNS-Nominal,24.191856258846997
933,ALNS-Nominal,1.119828942934248
934,ALNS-Nominal,7.593626243902293
935,ALNS-Nominal,8.337676317094036
936,ALNS-Nominal,32.477566402734766
937,ALNS-Nominal,51.61350230129145
938,ALNS-Nominal,1.8162506501116127
939,ALNS-Nominal,3.028582352563376
940,ALNS-Nominal,0.0
941,ALNS-Nominal,12.51562583714022
942,ALNS-Nominal,1.7046019753076393
943,ALNS-Nominal,13.441336952754767
944,ALNS-Nominal,10.43002337101359
945,ALNS-Nominal,21.109235380264323
946,ALNS-Nominal,8.855702833340871
947,ALNS-Nominal,8.82329439261784
948,ALNS-Nominal,12.349141890518553
949,ALNS-Nominal,18.37104128344447
950,ALNS-Nominal,17.079775256877667
951,ALNS-Nominal,14.603457870954173
952,ALNS-Nominal,15.037169547983694
953,ALNS-Nominal,2.7970418315034635
954,ALNS-Nominal,0.3900363510550733
955,ALNS-Nominal,0.5949142084845391
956,ALNS-Nominal,7.422181698266655
957,ALNS-Nominal,6.9660877547692905
958,ALNS-Nominal,6.257152377103523
959,ALNS-Nominal,4.590637269122482
960,ALNS-Nominal,0.0
961,ALNS-Nominal,0.0
962,ALNS-Nominal,20.68527430396165
963,ALNS-Nominal,9.70055544310759
964,ALNS-Nominal,0.0
965,ALNS-Nominal,0.0
966,ALNS-Nominal,0.7396728011391929
967,ALNS-Nominal,42.91868738344368
968,ALNS-Nominal,5.055907279485098
969,ALNS-Nominal,5.919291188466616
970,ALNS-Nominal,1.8569212418390748
971,ALNS-Nominal,16.576880482310486
972,ALNS-Nominal,0.0
973,ALNS-Nominal,0.0
974,ALNS-Nominal,16.347323602123254
975,ALNS-Nominal,7.257631975830122
976,ALNS-Nominal,6.302336472883951
977,ALNS-Nominal,15.144374794478864
978,ALNS-Nominal,23.2444421247329
979,ALNS-Nominal,8.781394333736074
980,ALNS-Nominal,7.536307466909989
981,ALNS-Nominal,14.828725720771587
982,ALNS-Nominal,0.0
983,ALNS-Nominal,3.569871265023181
984,ALNS-Nominal,10.941132122460061
985,ALNS-Nominal,15.849257275346986
986,ALNS-Nominal,0.0
987,ALNS-Nominal,24.585313077942175
988,ALNS-Nominal,112.24986540592474
989,ALNS-Nominal,8.417946351748554
990,ALNS-Nominal,11.828775989287067
991,ALNS-Nominal,28.94856225629104
992,ALNS-Nominal,23.827563383797298
993,ALNS-Nominal,0.0
994,ALNS-Nominal,1.9432072046541293
995,ALNS-Nominal,91.19370813667257
996,ALNS-Nominal,12.298022385616065
997,ALNS-Nominal,7.821488230581963
998,ALNS-Nominal,10.15555389567001
999,ALNS-Nominal,3.0191119623138434
0,ALNS-Mean,0.0
1,ALNS-Mean,0.0
2,ALNS-Mean,2.8840963936190747
3,ALNS-Mean,0.0
4,ALNS-Mean,0.0
5,ALNS-Mean,0.0
6,ALNS-Mean,0.08028980065353153
7,ALNS-Mean,0.3200072046761875
8,ALNS-Mean,0.14606323153969925
9,ALNS-Mean,0.0
10,ALNS-Mean,0.0
11,ALNS-Mean,0.0
12,ALNS-Mean,0.0
13,ALNS-Mean,0.0
14,ALNS-Mean,3.1686065186578958
15,ALNS-Mean,0.26528123732515496
16,ALNS-Mean,0.0
17,ALNS-Mean,0.0
18,ALNS-Mean,0.0
19,ALNS-Mean,0.738515744173867
20,ALNS-Mean,0.0
21,ALNS-Mean,0.0
22,ALNS-Mean,15.561584249223074
23,ALNS-Mean,0.11050367508033787
24,ALNS-Mean,0.0
25,ALNS-Mean,0.7525818299802722
26,ALNS-Mean,1.5653163863591715
27,ALNS-Mean,0.0
28,ALNS-Mean,0.7197374452432541
29,ALNS-Mean,0.0
30,ALNS-Mean,0.0
31,ALNS-Mean,0.0
32,ALNS-Mean,0.7666901716108896
33,ALNS-Mean,0.38736482084681256
34,ALNS-Mean,2.590277157055681
35,ALNS-Mean,17.585564143453297
36,ALNS-Mean,0.0
37,ALNS-Mean,0.0
38,ALNS-Mean,0.0
39,ALNS-Mean,4.282081759751691
40,ALNS-Mean,0.8119515551206291
41,ALNS-Mean,0.0
42,ALNS-Mean,0.0
43,ALNS-Mean,0.0
44,ALNS-Mean,0.0
45,ALNS-Mean,0.0
46,ALNS-Mean,0.0
47,ALNS-Mean,0.0
48,ALNS-Mean,0.0
49,ALNS-Mean,2.2787169514737684
50,ALNS-Mean,0.0
51,ALNS-Mean,0.0
52,ALNS-Mean,0.0
53,ALNS-Mean,0.0
54,ALNS-Mean,0.0
55,ALNS-Mean,2.7591171953175433
56,ALNS-Mean,0.0
57,ALNS-Mean,3.857068260323956
58,ALNS-Mean,0.0
59,ALNS-Mean,1.0539862621000111
60,ALNS-Mean,0.0
61,ALNS-Mean,0.45288399761042797
62,ALNS-Mean,0.0
63,ALNS-Mean,0.7539997905777227
64,ALNS-Mean,0.0
65,ALNS-Mean,0.0
66,ALNS-Mean,0.0
67,ALNS-Mean,1.8209307515995192
68,ALNS-Mean,0.0
69,ALNS-Mean,0.0
70,ALNS-Mean,0.0
71,ALNS-Mean,0.0
72,ALNS-Mean,0.0
73,ALNS-Mean,0.0
74,ALNS-Mean,0.0
75,ALNS-Mean,0.7102328172851173
76,ALNS-Mean,0.0
77,ALNS-Mean,0.0
78,ALNS-Mean,0.0
79,ALNS-Mean,0.0
80,ALNS-Mean,6.675022674043902
81,ALNS-Mean,0.0
82,ALNS-Mean,0.0
83,ALNS-Mean,0.0
84,ALNS-Mean,0.6603745479808936
85,ALNS-Mean,0.8291909674859426
86,ALNS-Mean,0.0
87,ALNS-Mean,0.0
88,ALNS-Mean,0.0
89,ALNS-Mean,0.0
90,ALNS-Mean,0.0
91,ALNS-Mean,0.0
92,ALNS-Mean,0.0
93,ALNS-Mean,0.0
94,ALNS-Mean,0.0
95,ALNS-Mean,2.0975875696710773
96,ALNS-Mean,0.5350827967757255
97,ALNS-Mean,0.0
98,ALNS-Mean,1.8230393406003316
99,ALNS-Mean,0.0
100,ALNS-Mean,0.8449026697343811
101,ALNS-Mean,0.0
102,ALNS-Mean,3.2366330951308555
103,ALNS-Mean,0.0
104,ALNS-Mean,20.601246391165745
105,ALNS-Mean,0.0
106,ALNS-Mean,0.0
107,ALNS-Mean,0.10918938454329918
108,ALNS-Mean,0.0
109,ALNS-Mean,0.0
110,ALNS-Mean,0.06438866618856309
111,ALNS-Mean,0.0
112,ALNS-Mean,0.0
113,ALNS-Mean,0.0
114,ALNS-Mean,0.0
115,ALNS-Mean,0.0
116,ALNS-Mean,0.0
117,ALNS-Mean,0.0
118,ALNS-Mean,0.0
119,ALNS-Mean,0.0
120,ALNS-Mean,0.0
121,ALNS-Mean,0.0
122,ALNS-Mean,0.12626331804057145
123,ALNS-Mean,0.0
124,ALNS-Mean,0.23914826611587614
125,ALNS-Mean,0.0
126,ALNS-Mean,0.0
127,ALNS-Mean,0.0
128,ALNS-Mean,1.0651820787305724
129,ALNS-Mean,0.0
130,ALNS-Mean,0.0
131,ALNS-Mean,0.0
132,ALNS-Mean,0.0
133,ALNS-Mean,0.0
134,ALNS-Mean,0.20899198423461485
135,ALNS-Mean,2.629173814169633
136,ALNS-Mean,2.9681704591398272
137,ALNS-Mean,0.16044545523334364
138,ALNS-Mean,0.0
139,ALNS-Mean,0.0
140,ALNS-Mean,7.017805086523765
141,ALNS-Mean,0.0
142,ALNS-Mean,3.3008363042368956
143,ALNS-Mean,0.0
144,ALNS-Mean,0.0
145,ALNS-Mean,0.0
146,ALNS-Mean,0.0
147,ALNS-Mean,0.6016207389070019
148,ALNS-Mean,0.0
149,ALNS-Mean,0.0
150,ALNS-Mean,0.0
151,ALNS-Mean,0.0
152,ALNS-Mean,0.0
153,ALNS-Mean,0.0
154,ALNS-Mean,0.0
155,ALNS-Mean,2.2353003853169184
156,ALNS-Mean,35.87459330988179
157,ALNS-Mean,2.7584784598687406
158,ALNS-Mean,2.247855387029176
159,ALNS-Mean,0.0
160,ALNS-Mean,2.045406089585015
161,ALNS-Mean,0.0
162,ALNS-Mean,0.0
163,ALNS-Mean,0.0
164,ALNS-Mean,0.0
165,ALNS-Mean,0.07615561495771317
166,ALNS-Mean,0.0
167,ALNS-Mean,0.0
168,ALNS-Mean,0.22604549175798638
169,ALNS-Mean,0.0
170,ALNS-Mean,0.0
171,ALNS-Mean,0.0
172,ALNS-Mean,1.5728014543885251
173,ALNS-Mean,0.0
174,ALNS-Mean,0.0
175,ALNS-Mean,0.0
176,ALNS-Mean,0.48982329241488287
177,ALNS-Mean,0.0
178,ALNS-Mean,0.0
179,ALNS-Mean,0.0
180,ALNS-Mean,0.0
181,ALNS-Mean,0.0
182,ALNS-Mean,0.0
183,ALNS-Mean,0.0
184,ALNS-Mean,0.0
185,ALNS-Mean,0.0
186,ALNS-Mean,0.0
187,ALNS-Mean,0.0
188,ALNS-Mean,0.0
189,ALNS-Mean,0.0
190,ALNS-Mean,0.8832374725526506
191,ALNS-Mean,25.26239744639335
192,ALNS-Mean,0.0
193,ALNS-Mean,4.8789699613579955
194,ALNS-Mean,0.0
195,ALNS-Mean,0.0
196,ALNS-Mean,0.18482487633730216
197,ALNS-Mean,0.0
198,ALNS-Mean,0.7118716592383691
199,ALNS-Mean,0.0
200,ALNS-Mean,0.0
201,ALNS-Mean,0.0
202,ALNS-Mean,0.0
203,ALNS-Mean,0.0
204,ALNS-Mean,0.6169099604102257
205,ALNS-Mean,0.0
206,ALNS-Mean,0.0
207,ALNS-Mean,0.0
208,ALNS-Mean,6.46698654062854
209,ALNS-Mean,0.0
210,ALNS-Mean,0.16982144060000337
211,ALNS-Mean,0.0
212,ALNS-Mean,0.0
213,ALNS-Mean,45.07394615138463
214,ALNS-Mean,0.0
215,ALNS-Mean,0.0
216,ALNS-Mean,0.4585763256610562
217,ALNS-Mean,0.0
218,ALNS-Mean,0.0
219,ALNS-Mean,0.0
220,ALNS-Mean,0.0
221,ALNS-Mean,0.0
222,ALNS-Mean,0.0
223,ALNS-Mean,0.0
224,ALNS-Mean,1.2668111472170835
225,ALNS-Mean,0.0
226,ALNS-Mean,0.0
227,ALNS-Mean,4.1581995139079595
228,ALNS-Mean,0.0
229,ALNS-Mean,0.0
230,ALNS-Mean,0.0
231,ALNS-Mean,0.0
232,ALNS-Mean,0.0
233,ALNS-Mean,0.0
234,ALNS-Mean,0.0
235,ALNS-Mean,0.0
236,ALNS-Mean,0.6358122073763184
237,ALNS-Mean,0.0
238,ALNS-Mean,0.0
239,ALNS-Mean,0.0
240,ALNS-Mean,0.02317268543777118
241,ALNS-Mean,0.0
242,ALNS-Mean,0.0
243,ALNS-Mean,0.0
244,ALNS-Mean,0.0
245,ALNS-Mean,0.0
246,ALNS-Mean,0.0
247,ALNS-Mean,0.4483979778771072
248,ALNS-Mean,0.0
249,ALNS-Mean,0.2317945008097695
250,ALNS-Mean,1.9585357478424612
251,ALNS-Mean,0.7084158618710319
252,ALNS-Mean,0.0
253,ALNS-Mean,0.0
254,ALNS-Mean,0.0
255,ALNS-Mean,0.7184295504470128
256,ALNS-Mean,0.027218671074706435
257,ALNS-Mean,0.0
258,ALNS-Mean,0.0
259,ALNS-Mean,0.0
260,ALNS-Mean,0.0
261,ALNS-Mean,0.0
262,ALNS-Mean,0.21254997270841613
263,ALNS-Mean,0.0
264,ALNS-Mean,3.637934213908153
265,ALNS-Mean,0.0
266,ALNS-Mean,0.0
267,ALNS-Mean,0.0
268,ALNS-Mean,0.0
269,ALNS-Mean,0.0
270,ALNS-Mean,0.6713340721430541
271,ALNS-Mean,22.30153461438249
272,ALNS-Mean,1.22846571689729
273,ALNS-Mean,0.0
274,ALNS-Mean,0.1879800651156529
275,ALNS-Mean,0.5039701286008835
276,ALNS-Mean,0.0
277,ALNS-Mean,0.0
278,ALNS-Mean,0.0
279,ALNS-Mean,3.2287898806939666
280,ALNS-Mean,0.0
281,ALNS-Mean,0.0
282,ALNS-Mean,0.0
283,ALNS-Mean,0.0
284,ALNS-Mean,2.209439715893609
285,ALNS-Mean,0.0
286,ALNS-Mean,0.8711232214731979
287,ALNS-Mean,0.0
288,ALNS-Mean,0.5677757881692287
289,ALNS-Mean,24.2644044279578
290,ALNS-Mean,0.0
291,ALNS-Mean,0.0
292,ALNS-Mean,0.0
293,ALNS-Mean,0.0
294,ALNS-Mean,0.0
295,ALNS-Mean,0.0
296,ALNS-Mean,0.0
297,ALNS-Mean,0.0
298,ALNS-Mean,0.3428623337312615
299,ALNS-Mean,0.0
300,ALNS-Mean,0.36924372020229157
301,ALNS-Mean,0.0
302,ALNS-Mean,0.0
303,ALNS-Mean,7.488183281200037
304,ALNS-Mean,0.38572144959272237
305,ALNS-Mean,0.0
306,ALNS-Mean,0.0
307,ALNS-Mean,0.0
308,ALNS-Mean,0.0
309,ALNS-Mean,0.3039736255976777
310,ALNS-Mean,0.0
311,ALNS-Mean,0.2503486776982413
312,ALNS-Mean,1.6358455313932438
313,ALNS-Mean,0.0
314,ALNS-Mean,0.0
315,ALNS-Mean,0.12168118376098391
316,ALNS-Mean,0.0
317,ALNS-Mean,0.0
318,ALNS-Mean,0.0
319,ALNS-Mean,1.213929525716594
320,ALNS-Mean,0.0
321,ALNS-Mean,0.0
322,ALNS-Mean,0.0
323,ALNS-Mean,0.0
324,ALNS-Mean,0.2318815540050423
325,ALNS-Mean,0.0
326,ALNS-Mean,0.0
327,ALNS-Mean,0.0
328,ALNS-Mean,0.0
329,ALNS-Mean,0.0
330,ALNS-Mean,0.0
331,ALNS-Mean,0.0
332,ALNS-Mean,0.0
333,ALNS-Mean,0.0
334,ALNS-Mean,0.0
335,ALNS-Mean,0.0
336,ALNS-Mean,3.2574457816639892
337,ALNS-Mean,0.0
338,ALNS-Mean,0.3445874610392252
339,ALNS-Mean,0.0
340,ALNS-Mean,0.0
341,ALNS-Mean,0.0
342,ALNS-Mean,1.4007784607635188
343,ALNS-Mean,20.098716855114844
344,ALNS-Mean,0.0
345,ALNS-Mean,0.0
346,ALNS-Mean,0.0
347,ALNS-Mean,0.0
348,ALNS-Mean,0.0
349,ALNS-Mean,0.0
350,ALNS-Mean,7.583208834622667
351,ALNS-Mean,0.0
352,ALNS-Mean,0.0
353,ALNS-Mean,11.647622837513154
354,ALNS-Mean,0.5129022440924587
355,ALNS-Mean,0.0
356,ALNS-Mean,0.0
357,ALNS-Mean,0.0
358,ALNS-Mean,0.87902090858978
359,ALNS-Mean,0.0
360,ALNS-Mean,0.0
361,ALNS-Mean,0.0
362,ALNS-Mean,0.0
363,ALNS-Mean,0.0
364,ALNS-Mean,0.0
365,ALNS-Mean,0.0
366,ALNS-Mean,0.0
367,ALNS-Mean,0.0
368,ALNS-Mean,0.0
369,ALNS-Mean,0.0
370,ALNS-Mean,0.0
371,ALNS-Mean,0.0
372,ALNS-Mean,0.0
373,ALNS-Mean,0.0
374,ALNS-Mean,0.5830490797644643
375,ALNS-Mean,0.0
376,ALNS-Mean,0.3689138187284584
377,ALNS-Mean,0.0
378,ALNS-Mean,0.0
379,ALNS-Mean,0.2712140187015848
380,ALNS-Mean,0.3872453883572007
381,ALNS-Mean,0.0
382,ALNS-Mean,0.0
383,ALNS-Mean,1.5449666431600804
384,ALNS-Mean,0.0
385,ALNS-Mean,0.0
386,ALNS-Mean,0.0
387,ALNS-Mean,0.0
388,ALNS-Mean,0.0
389,ALNS-Mean,0.0
390,ALNS-Mean,0.0
391,ALNS-Mean,0.0
392,ALNS-Mean,0.0
393,ALNS-Mean,0.6500318438128829
394,ALNS-Mean,0.0
395,ALNS-Mean,0.0
396,ALNS-Mean,0.0
397,ALNS-Mean,0.0
398,ALNS-Mean,0.011468925047040557
399,ALNS-Mean,0.0
400,ALNS-Mean,0.0
401,ALNS-Mean,0.0
402,ALNS-Mean,1.076405432720776
403,ALNS-Mean,0.0
404,ALNS-Mean,0.0
405,ALNS-Mean,0.14077252377325067
406,ALNS-Mean,0.0
407,ALNS-Mean,0.0
408,ALNS-Mean,0.0
409,ALNS-Mean,0.0
410,ALNS-Mean,0.0
411,ALNS-Mean,0.0
412,ALNS-Mean,9.077521653943677
413,ALNS-Mean,0.0
414,ALNS-Mean,0.0
415,ALNS-Mean,0.0
416,ALNS-Mean,0.0
417,ALNS-Mean,0.0
418,ALNS-Mean,0.0
419,ALNS-Mean,2.7371537097086502
420,ALNS-Mean,0.9639048909639882
421,ALNS-Mean,1.5437526206208076
422,ALNS-Mean,0.0
423,ALNS-Mean,0.0
424,ALNS-Mean,2.468855451058289
425,ALNS-Mean,0.0
426,ALNS-Mean,0.665658786167171
427,ALNS-Mean,0.0
428,ALNS-Mean,0.0
429,ALNS-Mean,1.418932254484048
430,ALNS-Mean,0.0
431,ALNS-Mean,0.0
432,ALNS-Mean,0.8852045342937913
433,ALNS-Mean,0.0
434,ALNS-Mean,0.0
435,ALNS-Mean,3.9997068290412017
436,ALNS-Mean,1.8095936171309859
437,ALNS-Mean,0.0
438,ALNS-Mean,0.0
439,ALNS-Mean,0.0
440,ALNS-Mean,0.0
441,ALNS-Mean,0.07637162745692194
442,ALNS-Mean,0.0
443,ALNS-Mean,0.0
444,ALNS-Mean,0.0
445,ALNS-Mean,1.7266324592567912
446,ALNS-Mean,0.0
447,ALNS-Mean,0.15049268980720854
448,ALNS-Mean,0.0
449,ALNS-Mean,0.0
450,ALNS-Mean,0.0
451,ALNS-Mean,0.0
452,ALNS-Mean,0.0
453,ALNS-Mean,1.87902050120681
454,ALNS-Mean,0.27928037606977796
455,ALNS-Mean,0.5864419677553201
456,ALNS-Mean,0.0
457,ALNS-Mean,0.0
458,ALNS-Mean,3.728087473150481
459,ALNS-Mean,0.0
460,ALNS-Mean,0.0
461,ALNS-Mean,0.0
462,ALNS-Mean,1.0000296576678238
463,ALNS-Mean,1.459721589199205
464,ALNS-Mean,4.154504787021892
465,ALNS-Mean,0.4772208979339325
466,ALNS-Mean,0.0
467,ALNS-Mean,3.7002695671105243
468,ALNS-Mean,0.14102821978173097
469,ALNS-Mean,0.0
470,ALNS-Mean,0.0
471,ALNS-Mean,0.0
472,ALNS-Mean,0.0
473,ALNS-Mean,3.5854716787010545
474,ALNS-Mean,0.0
475,ALNS-Mean,0.0
476,ALNS-Mean,0.0
477,ALNS-Mean,0.0
478,ALNS-Mean,0.0
479,ALNS-Mean,0.0
480,ALNS-Mean,0.0
481,ALNS-Mean,0.2207403950987441
482,ALNS-Mean,0.0
483,ALNS-Mean,3.0213399416416564
484,ALNS-Mean,0.0
485,ALNS-Mean,0.0
486,ALNS-Mean,0.0
487,ALNS-Mean,1.8832821012119894
488,ALNS-Mean,0.0
489,ALNS-Mean,0.0
490,ALNS-Mean,0.0
491,ALNS-Mean,0.0
492,ALNS-Mean,0.0
493,ALNS-Mean,0.0
494,ALNS-Mean,0.0
495,ALNS-Mean,0.0
496,ALNS-Mean,0.0
497,ALNS-Mean,0.0
498,ALNS-Mean,0.0
499,ALNS-Mean,0.0
500,ALNS-Mean,0.0
501,ALNS-Mean,0.0
502,ALNS-Mean,0.0
503,ALNS-Mean,5.243084577866597
504,ALNS-Mean,0.0
505,ALNS-Mean,0.0
506,ALNS-Mean,0.0
507,ALNS-Mean,0.5660136736971708
508,ALNS-Mean,0.0
509,ALNS-Mean,0.0
510,ALNS-Mean,0.0
511,ALNS-Mean,0.4274807308247546
512,ALNS-Mean,0.0
513,ALNS-Mean,0.2197528813000531
514,ALNS-Mean,1.0496320820454343
515,ALNS-Mean,0.0
516,ALNS-Mean,0.0
517,ALNS-Mean,0.04617607636001253
518,ALNS-Mean,0.0
519,ALNS-Mean,4.610674000593264
520,ALNS-Mean,1.4453229230986722
521,ALNS-Mean,0.0
522,ALNS-Mean,0.0
523,ALNS-Mean,0.0
524,ALNS-Mean,0.0
525,ALNS-Mean,0.0
526,ALNS-Mean,0.0
527,ALNS-Mean,0.0
528,ALNS-Mean,0.0
529,ALNS-Mean,0.0
530,ALNS-Mean,4.107537689698859
531,ALNS-Mean,0.0
532,ALNS-Mean,0.0
533,ALNS-Mean,0.0
534,ALNS-Mean,0.0
535,ALNS-Mean,39.628699266688926
536,ALNS-Mean,0.0
537,ALNS-Mean,1.2841757632057238
538,ALNS-Mean,0.0
539,ALNS-Mean,0.0
540,ALNS-Mean,1.8666107980216111
541,ALNS-Mean,0.0
542,ALNS-Mean,0.0
543,ALNS-Mean,0.0
544,ALNS-Mean,0.0
545,ALNS-Mean,0.0
546,ALNS-Mean,0.0
547,ALNS-Mean,0.0
548,ALNS-Mean,0.0
549,ALNS-Mean,0.07251989429016703
550,ALNS-Mean,0.0
551,ALNS-Mean,0.0
552,ALNS-Mean,3.2040943671848368
553,ALNS-Mean,0.0
554,ALNS-Mean,0.0
555,ALNS-Mean,0.0
556,ALNS-Mean,0.0
557,ALNS-Mean,0.0
558,ALNS-Mean,0.0
559,ALNS-Mean,0.1651320839488335
560,ALNS-Mean,5.1487245314217205
561,ALNS-Mean,0.0
562,ALNS-Mean,0.0
563,ALNS-Mean,0.0
564,ALNS-Mean,0.0642195577913185
565,ALNS-Mean,0.0
566,ALNS-Mean,0.0
567,ALNS-Mean,0.0
568,ALNS-Mean,0.0
569,ALNS-Mean,0.0
570,ALNS-Mean,0.0
571,ALNS-Mean,0.0
572,ALNS-Mean,0.7145206209347066
573,ALNS-Mean,0.5381996950326879
574,ALNS-Mean,4.637563331385337
575,ALNS-Mean,27.47170776709001
576,ALNS-Mean,0.0
577,ALNS-Mean,0.21083209848882234
578,ALNS-Mean,0.0
579,ALNS-Mean,0.0
580,ALNS-Mean,0.0
581,ALNS-Mean,0.0
582,ALNS-Mean,0.0
583,ALNS-Mean,0.0
584,ALNS-Mean,0.0
585,ALNS-Mean,0.0
586,ALNS-Mean,0.0
587,ALNS-Mean,9.166014572504281
588,ALNS-Mean,0.0
589,ALNS-Mean,0.0
590,ALNS-Mean,12.907823369970032
591,ALNS-Mean,0.0
592,ALNS-Mean,0.0
593,ALNS-Mean,0.4242574660266314
594,ALNS-Mean,0.005924737828479465
595,ALNS-Mean,0.0
596,ALNS-Mean,0.0
597,ALNS-Mean,0.0
598,ALNS-Mean,0.0
599,ALNS-Mean,0.0214745153072613
600,ALNS-Mean,0.8307575775065743
601,ALNS-Mean,11.844160556405
602,ALNS-Mean,0.0
603,ALNS-Mean,0.0
604,ALNS-Mean,0.0
605,ALNS-Mean,0.0
606,ALNS-Mean,0.0
607,ALNS-Mean,6.810551843726927
608,ALNS-Mean,0.13531299632091986
609,ALNS-Mean,2.007445226695836
610,ALNS-Mean,0.0
611,ALNS-Mean,0.0
612,ALNS-Mean,0.0
613,ALNS-Mean,0.0
614,ALNS-Mean,0.0
615,ALNS-Mean,0.0
616,ALNS-Mean,0.0
617,ALNS-Mean,0.0
618,ALNS-Mean,0.0
619,ALNS-Mean,0.0
620,ALNS-Mean,0.3647575662877216
621,ALNS-Mean,0.0
622,ALNS-Mean,0.1467012112424868
623,ALNS-Mean,0.0
624,ALNS-Mean,0.0
625,ALNS-Mean,0.0
626,ALNS-Mean,0.0
627,ALNS-Mean,1.2347866671562429
628,ALNS-Mean,0.0
629,ALNS-Mean,0.0
630,ALNS-Mean,0.0
631,ALNS-Mean,0.0
632,ALNS-Mean,0.0
633,ALNS-Mean,11.713705304299879
634,ALNS-Mean,0.9504195663409405
635,ALNS-Mean,0.0
636,ALNS-Mean,0.34925150518722603
637,ALNS-Mean,0.0
638,ALNS-Mean,0.0
639,ALNS-Mean,1.720699315646641
640,ALNS-Mean,0.0
641,ALNS-Mean,0.0
642,ALNS-Mean,0.0
643,ALNS-Mean,0.0
644,ALNS-Mean,0.0
645,ALNS-Mean,0.0
646,ALNS-Mean,0.0
647,ALNS-Mean,0.0
648,ALNS-Mean,0.0
649,ALNS-Mean,0.0
650,ALNS-Mean,0.8413822705828125
651,ALNS-Mean,0.0
652,ALNS-Mean,0.0
653,ALNS-Mean,0.0
654,ALNS-Mean,2.7644969735080736
655,ALNS-Mean,0.0
656,ALNS-Mean,0.0
657,ALNS-Mean,0.0
658,ALNS-Mean,0.0
659,ALNS-Mean,0.0
660,ALNS-Mean,0.572065046708758
661,ALNS-Mean,0.0
662,ALNS-Mean,3.7950474301784425
663,ALNS-Mean,3.265526549831577
664,ALNS-Mean,0.0
665,ALNS-Mean,0.0
666,ALNS-Mean,0.30116747326246696
667,ALNS-Mean,0.0
668,ALNS-Mean,0.0
669,ALNS-Mean,0.0
670,ALNS-Mean,0.0
671,ALNS-Mean,0.0
672,ALNS-Mean,0.003190461305820236
673,ALNS-Mean,0.0
674,ALNS-Mean,0.0
675,ALNS-Mean,0.3327002617449466
676,ALNS-Mean,0.0
677,ALNS-Mean,0.0
678,ALNS-Mean,0.0
679,ALNS-Mean,0.0
680,ALNS-Mean,0.42500606782630257
681,ALNS-Mean,0.0
682,ALNS-Mean,0.0
683,ALNS-Mean,0.0
684,ALNS-Mean,4.371982884475699
685,ALNS-Mean,4.766132399888477
686,ALNS-Mean,0.0
687,ALNS-Mean,0.0
688,ALNS-Mean,2.5620240964474306
689,ALNS-Mean,12.292652779437702
690,ALNS-Mean,0.557775744190792
691,ALNS-Mean,2.9259067312647744
692,ALNS-Mean,0.0
693,ALNS-Mean,0.0
694,ALNS-Mean,0.0
695,ALNS-Mean,0.0
696,ALNS-Mean,0.0
697,ALNS-Mean,0.0
698,ALNS-Mean,0.0
699,ALNS-Mean,0.0
700,ALNS-Mean,0.0
701,ALNS-Mean,0.0
702,ALNS-Mean,0.0
703,ALNS-Mean,5.686928093337855
704,ALNS-Mean,0.0
705,ALNS-Mean,0.0
706,ALNS-Mean,0.0
707,ALNS-Mean,0.0
708,ALNS-Mean,0.0
709,ALNS-Mean,0.4858090108104136
710,ALNS-Mean,0.0
711,ALNS-Mean,0.0
712,ALNS-Mean,1.7210973409297594
713,ALNS-Mean,0.6030370419986184
714,ALNS-Mean,0.0
715,ALNS-Mean,9.399324656059747
716,ALNS-Mean,1.8353692866147924
717,ALNS-Mean,0.0
718,ALNS-Mean,0.0
719,ALNS-Mean,0.9913415024497283
720,ALNS-Mean,0.0
721,ALNS-Mean,0.0
722,ALNS-Mean,0.0
723,ALNS-Mean,0.0
724,ALNS-Mean,1.7918560138279531
725,ALNS-Mean,0.0
726,ALNS-Mean,0.0
727,ALNS-Mean,0.0
728,ALNS-Mean,2.555074561578067
729,ALNS-Mean,0.0
730,ALNS-Mean,0.0
731,ALNS-Mean,0.5612519190264891
732,ALNS-Mean,0.0
733,ALNS-Mean,0.0
734,ALNS-Mean,0.0
735,ALNS-Mean,0.14022825375411685
736,ALNS-Mean,0.0
737,ALNS-Mean,6.7600496642617145
738,ALNS-Mean,0.0
739,ALNS-Mean,0.0
740,ALNS-Mean,0.0
741,ALNS-Mean,0.0
742,ALNS-Mean,0.0
743,ALNS-Mean,0.7374739852412233
744,ALNS-Mean,0.0
745,ALNS-Mean,0.0
746,ALNS-Mean,0.0
747,ALNS-Mean,0.0
748,ALNS-Mean,0.0
749,ALNS-Mean,0.0
750,ALNS-Mean,0.0
751,ALNS-Mean,0.0
752,ALNS-Mean,0.0
753,ALNS-Mean,0.0
754,ALNS-Mean,0.0
755,ALNS-Mean,1.5892202191150204
756,ALNS-Mean,0.0
757,ALNS-Mean,0.0
758,ALNS-Mean,0.6781784416172059
759,ALNS-Mean,0.0
760,ALNS-Mean,0.0
761,ALNS-Mean,0.0
762,ALNS-Mean,0.0
763,ALNS-Mean,0.40522214281895685
764,ALNS-Mean,0.0
765,ALNS-Mean,0.0
766,ALNS-Mean,2.467971213377467
767,ALNS-Mean,0.0
768,ALNS-Mean,0.0
769,ALNS-Mean,13.22314917077793
770,ALNS-Mean,0.0
771,ALNS-Mean,0.0
772,ALNS-Mean,0.2819796333446334
773,ALNS-Mean,0.0
774,ALNS-Mean,0.0
775,ALNS-Mean,0.0
776,ALNS-Mean,0.0
777,ALNS-Mean,0.0
778,ALNS-Mean,0.0
779,ALNS-Mean,1.32890383961535
780,ALNS-Mean,2.1681740620746837
781,ALNS-Mean,0.0
782,ALNS-Mean,0.9208276252260816
783,ALNS-Mean,0.4107359820074521
784,ALNS-Mean,0.0
785,ALNS-Mean,10.796598741145601
786,ALNS-Mean,0.0
787,ALNS-Mean,0.0
788,ALNS-Mean,0.0
789,ALNS-Mean,3.8191374732737415
790,ALNS-Mean,0.0
791,ALNS-Mean,1.3474255791223015
792,ALNS-Mean,11.720398387873786
793,ALNS-Mean,0.0
794,ALNS-Mean,0.0
795,ALNS-Mean,0.0
796,ALNS-Mean,0.0
797,ALNS-Mean,5.2114160740139255
798,ALNS-Mean,6.659002786728166
799,ALNS-Mean,0.08555130234907438
800,ALNS-Mean,0.0
801,ALNS-Mean,0.3169513463829503
802,ALNS-Mean,0.0
803,ALNS-Mean,0.0
804,ALNS-Mean,9.190118606796375
805,ALNS-Mean,0.0
806,ALNS-Mean,1.8002583022187366
807,ALNS-Mean,0.0
808,ALNS-Mean,0.0
809,ALNS-Mean,0.0
810,ALNS-Mean,0.0
811,ALNS-Mean,0.0
812,ALNS-Mean,1.8026104095108053
813,ALNS-Mean,0.0
814,ALNS-Mean,0.0
815,ALNS-Mean,2.9692285151796796
816,ALNS-Mean,0.0
817,ALNS-Mean,4.160774804200884
818,ALNS-Mean,3.7564398252121407
819,ALNS-Mean,0.0
820,ALNS-Mean,0.3586539398594937
821,ALNS-Mean,0.6930167611557181
822,ALNS-Mean,0.0
823,ALNS-Mean,0.0
824,ALNS-Mean,0.0
825,ALNS-Mean,0.0
826,ALNS-Mean,0.0
827,ALNS-Mean,0.0
828,ALNS-Mean,0.0
829,ALNS-Mean,4.157479015737607
830,ALNS-Mean,0.0
831,ALNS-Mean,2.734922372189402
832,ALNS-Mean,0.0
833,ALNS-Mean,0.0
834,ALNS-Mean,0.0
835,ALNS-Mean,0.0
836,ALNS-Mean,0.5690315475970351
837,ALNS-Mean,0.0
838,ALNS-Mean,19.260659208991797
839,ALNS-Mean,0.0
840,ALNS-Mean,0.057060654077588424
841,ALNS-Mean,0.0
842,ALNS-Mean,0.0
843,ALNS-Mean,0.0
844,ALNS-Mean,0.0
845,ALNS-Mean,0.0
846,ALNS-Mean,0.0
847,ALNS-Mean,0.0
848,ALNS-Mean,0.0
849,ALNS-Mean,0.0
850,ALNS-Mean,0.03596208893026187
851,ALNS-Mean,0.0
852,ALNS-Mean,0.0
853,ALNS-Mean,0.0
854,ALNS-Mean,0.0
855,ALNS-Mean,0.0
856,ALNS-Mean,1.8086607433332915
857,ALNS-Mean,0.0
858,ALNS-Mean,0.0
859,ALNS-Mean,0.0
860,ALNS-Mean,0.0
861,ALNS-Mean,0.0
862,ALNS-Mean,0.0
863,ALNS-Mean,0.0
864,ALNS-Mean,0.0
865,ALNS-Mean,0.0
866,ALNS-Mean,1.6191922372734098
867,ALNS-Mean,0.0
868,ALNS-Mean,85.46571101930155
869,ALNS-Mean,0.31694230551397595
870,ALNS-Mean,13.110146219249827
871,ALNS-Mean,0.03669813871056249
872,ALNS-Mean,0.0
873,ALNS-Mean,0.0
874,ALNS-Mean,0.0
875,ALNS-Mean,0.0
876,ALNS-Mean,0.0
877,ALNS-Mean,0.0
878,ALNS-Mean,0.0
879,ALNS-Mean,3.5606534462341415
880,ALNS-Mean,0.0
881,ALNS-Mean,0.0
882,ALNS-Mean,0.0
883,ALNS-Mean,0.0
884,ALNS-Mean,0.0
885,ALNS-Mean,0.0
886,ALNS-Mean,0.0
887,ALNS-Mean,0.0
888,ALNS-Mean,1.1614621702090915
889,ALNS-Mean,0.0
890,ALNS-Mean,0.0
891,ALNS-Mean,18.280472364223442
892,ALNS-Mean,0.0
893,ALNS-Mean,0.0
894,ALNS-Mean,0.0
895,ALNS-Mean,0.0
896,ALNS-Mean,0.0
897,ALNS-Mean,0.0
898,ALNS-Mean,0.5570017791128521
899,ALNS-Mean,0.0
900,ALNS-Mean,0.0
901,ALNS-Mean,0.0
902,ALNS-Mean,2.7581411442449166
903,ALNS-Mean,0.0
904,ALNS-Mean,3.5998477825286272
905,ALNS-Mean,0.0
906,ALNS-Mean,0.0
907,ALNS-Mean,0.0
908,ALNS-Mean,0.0
909,ALNS-Mean,1.4402164160982238
910,ALNS-Mean,0.0
911,ALNS-Mean,0.0
912,ALNS-Mean,0.7640587150277725
913,ALNS-Mean,0.0
914,ALNS-Mean,0.0
915,ALNS-Mean,13.553202104905324
916,ALNS-Mean,0.0
917,ALNS-Mean,0.5791441997357651
918,ALNS-Mean,0.0
919,ALNS-Mean,0.07972489009921446
920,ALNS-Mean,33.91570553500557
921,ALNS-Mean,0.0
922,ALNS-Mean,0.0
923,ALNS-Mean,0.0
924,ALNS-Mean,0.0
925,ALNS-Mean,1.7225035924818144
926,ALNS-Mean,0.0
927,ALNS-Mean,0.0
928,ALNS-Mean,0.0
929,ALNS-Mean,0.0
930,ALNS-Mean,0.0
931,ALNS-Mean,1.0131990246196665
932,ALNS-Mean,0.21045499852584726
933,ALNS-Mean,0.0
934,ALNS-Mean,1.5887011092771672
935,ALNS-Mean,0.0
936,ALNS-Mean,0.0
937,ALNS-Mean,3.48611482344657
938,ALNS-Mean,0.0
939,ALNS-Mean,2.8519143159487044
940,ALNS-Mean,0.0
941,ALNS-Mean,0.36205363765353127
942,ALNS-Mean,0.0
943,ALNS-Mean,0.0
944,ALNS-Mean,0.0
945,ALNS-Mean,0.01805663695779458
946,ALNS-Mean,0.5328377844272154
947,ALNS-Mean,0.0
948,ALNS-Mean,2.2373184321451447
949,ALNS-Mean,0.0
950,ALNS-Mean,0.0
951,ALNS-Mean,0.0
952,ALNS-Mean,0.0
953,ALNS-Mean,0.0
954,ALNS-Mean,0.24675344425259027
955,ALNS-Mean,0.5949142084845391
956,ALNS-Mean,0.30630226957168816
957,ALNS-Mean,0.09731613308932197
958,ALNS-Mean,0.8148042064037782
959,ALNS-Mean,0.0
960,ALNS-Mean,0.0
961,ALNS-Mean,0.0
962,ALNS-Mean,0.0
963,ALNS-Mean,0.0
964,ALNS-Mean,0.004511995628377008
965,ALNS-Mean,0.0
966,ALNS-Mean,0.7396728011391929
967,ALNS-Mean,0.0
968,ALNS-Mean,0.0
969,ALNS-Mean,0.05021517769057482
970,ALNS-Mean,0.0
971,ALNS-Mean,0.0
972,ALNS-Mean,0.0
973,ALNS-Mean,0.0
974,ALNS-Mean,0.0
975,ALNS-Mean,0.0
976,ALNS-Mean,0.0
977,ALNS-Mean,0.0
978,ALNS-Mean,0.0
979,ALNS-Mean,0.0
980,ALNS-Mean,0.1330717320569761
981,ALNS-Mean,0.0
982,ALNS-Mean,0.0
983,ALNS-Mean,0.0
984,ALNS-Mean,7.3880922368324775
985,ALNS-Mean,0.6990029323173985
986,ALNS-Mean,0.0
987,ALNS-Mean,0.0
988,ALNS-Mean,57.078559538460894
989,ALNS-Mean,0.0
990,ALNS-Mean,0.0
991,ALNS-Mean,2.596935977815747
992,ALNS-Mean,0.0
993,ALNS-Mean,0.0
994,ALNS-Mean,0.0
995,ALNS-Mean,0.0
996,ALNS-Mean,0.9945777757236556
997,ALNS-Mean,0.05804213470395325
998,ALNS-Mean,3.078186785567169
999,ALNS-Mean,0.0
0,ALNS-CVaR,0.0
1,ALNS-CVaR,0.0
2,ALNS-CVaR,0.0
3,ALNS-CVaR,0.0
4,ALNS-CVaR,0.0
5,ALNS-CVaR,0.0
6,ALNS-CVaR,0.0
7,ALNS-CVaR,0.0
8,ALNS-CVaR,0.0
9,ALNS-CVaR,0.07150106704688142
10,ALNS-CVaR,0.0
11,ALNS-CVaR,0.0
12,ALNS-CVaR,0.0
13,ALNS-CVaR,0.0
14,ALNS-CVaR,0.0
15,ALNS-CVaR,0.0
16,ALNS-CVaR,0.0
17,ALNS-CVaR,0.0
18,ALNS-CVaR,0.0
19,ALNS-CVaR,3.3246454491080613
20,ALNS-CVaR,0.0
21,ALNS-CVaR,0.0
22,ALNS-CVaR,1.2821527432913342
23,ALNS-CVaR,0.0
24,ALNS-CVaR,0.0
25,ALNS-CVaR,0.0
26,ALNS-CVaR,0.0
27,ALNS-CVaR,0.0
28,ALNS-CVaR,1.8403916470949184
29,ALNS-CVaR,0.0
30,ALNS-CVaR,0.0
31,ALNS-CVaR,0.0
32,ALNS-CVaR,0.0
33,ALNS-CVaR,0.0
34,ALNS-CVaR,0.0
35,ALNS-CVaR,2.2386590957127055
36,ALNS-CVaR,0.0
37,ALNS-CVaR,0.0
38,ALNS-CVaR,0.0
39,ALNS-CVaR,0.3149307319820025
40,ALNS-CVaR,0.0
41,ALNS-CVaR,0.0
42,ALNS-CVaR,0.0
43,ALNS-CVaR,0.0
44,ALNS-CVaR,0.0
45,ALNS-CVaR,0.0
46,ALNS-CVaR,0.0
47,ALNS-CVaR,0.0
48,ALNS-CVaR,0.0
49,ALNS-CVaR,6.912922748213646
50,ALNS-CVaR,0.0
51,ALNS-CVaR,0.0
52,ALNS-CVaR,0.0
53,ALNS-CVaR,0.0
54,ALNS-CVaR,0.0
55,ALNS-CVaR,0.0
56,ALNS-CVaR,0.0
57,ALNS-CVaR,0.0
58,ALNS-CVaR,0.0
59,ALNS-CVaR,0.0
60,ALNS-CVaR,0.0
61,ALNS-CVaR,0.0
62,ALNS-CVaR,0.0
63,ALNS-CVaR,2.7960344534781143
64,ALNS-CVaR,0.0
65,ALNS-CVaR,0.0
66,ALNS-CVaR,0.0
67,ALNS-CVaR,0.0
68,ALNS-CVaR,0.0
69,ALNS-CVaR,0.0
70,ALNS-CVaR,0.0
71,ALNS-CVaR,0.0
72,ALNS-CVaR,0.0
73,ALNS-CVaR,12.712520193401076
74,ALNS-CVaR,0.0
75,ALNS-CVaR,0.0
76,ALNS-CVaR,0.0
77,ALNS-CVaR,0.0
78,ALNS-CVaR,0.0
79,ALNS-CVaR,0.0
80,ALNS-CVaR,0.0
81,ALNS-CVaR,0.0
82,ALNS-CVaR,0.0
83,ALNS-CVaR,0.0
84,ALNS-CVaR,0.0
85,ALNS-CVaR,0.0
86,ALNS-CVaR,2.6327175266295058
87,ALNS-CVaR,0.0
88,ALNS-CVaR,0.0
89,ALNS-CVaR,0.0
90,ALNS-CVaR,0.0
91,ALNS-CVaR,0.0
92,ALNS-CVaR,0.0
93,ALNS-CVaR,0.0
94,ALNS-CVaR,5.801196471757919
95,ALNS-CVaR,0.0
96,ALNS-CVaR,0.0
97,ALNS-CVaR,0.0
98,ALNS-CVaR,1.8230393406003316
99,ALNS-CVaR,0.0
100,ALNS-CVaR,0.0
101,ALNS-CVaR,0.0
102,ALNS-CVaR,0.0
103,ALNS-CVaR,0.0
104,ALNS-CVaR,0.0
105,ALNS-CVaR,0.0
106,ALNS-CVaR,0.0
107,ALNS-CVaR,0.0
108,ALNS-CVaR,0.0
109,ALNS-CVaR,0.0
110,ALNS-CVaR,0.0
111,ALNS-CVaR,0.0
112,ALNS-CVaR,0.0
113,ALNS-CVaR,0.0
114,ALNS-CVaR,0.0
115,ALNS-CVaR,0.0
116,ALNS-CVaR,0.0
117,ALNS-CVaR,0.0
118,ALNS-CVaR,0.0
119,ALNS-CVaR,0.0
120,ALNS-CVaR,0.0
121,ALNS-CVaR,0.0
122,ALNS-CVaR,0.0
123,ALNS-CVaR,0.0
124,ALNS-CVaR,0.0
125,ALNS-CVaR,0.0
126,ALNS-CVaR,0.0
127,ALNS-CVaR,0.0
128,ALNS-CVaR,7.985806976566835
129,ALNS-CVaR,1.46870127540015
130,ALNS-CVaR,0.0
131,ALNS-CVaR,0.0
132,ALNS-CVaR,0.0
133,ALNS-CVaR,0.0
134,ALNS-CVaR,0.0
135,ALNS-CVaR,0.0
136,ALNS-CVaR,0.0
137,ALNS-CVaR,0.0
138,ALNS-CVaR,0.0
139,ALNS-CVaR,0.0
140,ALNS-CVaR,1.9177578367865635
141,ALNS-CVaR,0.0
142,ALNS-CVaR,0.0
143,ALNS-CVaR,0.0
144,ALNS-CVaR,0.0
145,ALNS-CVaR,0.0
146,ALNS-CVaR,0.0
147,ALNS-CVaR,0.0
148,ALNS-CVaR,0.0
149,ALNS-CVaR,0.0
150,ALNS-CVaR,0.0
151,ALNS-CVaR,0.0
152,ALNS-CVaR,0.0
153,ALNS-CVaR,0.0
154,ALNS-CVaR,0.0
155,ALNS-CVaR,0.0
156,ALNS-CVaR,0.0
157,ALNS-CVaR,0.0
158,ALNS-CVaR,0.0
159,ALNS-CVaR,0.0
160,ALNS-CVaR,0.0
161,ALNS-CVaR,0.0
162,ALNS-CVaR,0.0
163,ALNS-CVaR,0.0
164,ALNS-CVaR,0.0
165,ALNS-CVaR,0.0
166,ALNS-CVaR,0.0
167,ALNS-CVaR,0.0
168,ALNS-CVaR,5.0908251998814364
169,ALNS-CVaR,0.0
170,ALNS-CVaR,0.0
171,ALNS-CVaR,0.0
172,ALNS-CVaR,0.0
173,ALNS-CVaR,0.0
174,ALNS-CVaR,0.0
175,ALNS-CVaR,0.0
176,ALNS-CVaR,0.0
177,ALNS-CVaR,0.0
178,ALNS-CVaR,0.0
179,ALNS-CVaR,0.0
180,ALNS-CVaR,0.0
181,ALNS-CVaR,0.0
182,ALNS-CVaR,0.0
183,ALNS-CVaR,0.0
184,ALNS-CVaR,0.0
185,ALNS-CVaR,0.0
186,ALNS-CVaR,0.0
187,ALNS-CVaR,0.0
188,ALNS-CVaR,0.0
189,ALNS-CVaR,0.0
190,ALNS-CVaR,0.0
191,ALNS-CVaR,0.0
192,ALNS-CVaR,0.0
193,ALNS-CVaR,0.0
194,ALNS-CVaR,0.0
195,ALNS-CVaR,0.0
196,ALNS-CVaR,0.0
197,ALNS-CVaR,0.0
198,ALNS-CVaR,2.544963247923164
199,ALNS-CVaR,0.0
200,ALNS-CVaR,0.0
201,ALNS-CVaR,0.0
202,ALNS-CVaR,0.0
203,ALNS-CVaR,0.0
204,ALNS-CVaR,0.0
205,ALNS-CVaR,0.0
206,ALNS-CVaR,0.0
207,ALNS-CVaR,0.0
208,ALNS-CVaR,0.0
209,ALNS-CVaR,0.0
210,ALNS-CVaR,0.0
211,ALNS-CVaR,0.0
212,ALNS-CVaR,0.0
213,ALNS-CVaR,0.0
214,ALNS-CVaR,0.0
215,ALNS-CVaR,0.0
216,ALNS-CVaR,0.0
217,ALNS-CVaR,4.687893406904436
218,ALNS-CVaR,0.0
219,ALNS-CVaR,0.0
220,ALNS-CVaR,0.0
221,ALNS-CVaR,0.0
222,ALNS-CVaR,0.0
223,ALNS-CVaR,0.0
224,ALNS-CVaR,0.0
225,ALNS-CVaR,0.0
226,ALNS-CVaR,0.0
227,ALNS-CVaR,0.0
228,ALNS-CVaR,0.0
229,ALNS-CVaR,0.0
230,ALNS-CVaR,0.0
231,ALNS-CVaR,0.0
232,ALNS-CVaR,0.0
233,ALNS-CVaR,0.0
234,ALNS-CVaR,0.0
235,ALNS-CVaR,4.76824226830098
236,ALNS-CVaR,0.0
237,ALNS-CVaR,0.0
238,ALNS-CVaR,0.0
239,ALNS-CVaR,0.0
240,ALNS-CVaR,0.0
241,ALNS-CVaR,0.0
242,ALNS-CVaR,0.0
243,ALNS-CVaR,0.0
244,ALNS-CVaR,0.0
245,ALNS-CVaR,0.0
246,ALNS-CVaR,0.0
247,ALNS-CVaR,0.0
248,ALNS-CVaR,0.0
249,ALNS-CVaR,0.0
250,ALNS-CVaR,0.0
251,ALNS-CVaR,0.7084158618710319
252,ALNS-CVaR,0.0
253,ALNS-CVaR,0.0
254,ALNS-CVaR,0.0
255,ALNS-CVaR,0.0
256,ALNS-CVaR,0.0
257,ALNS-CVaR,0.0
258,ALNS-CVaR,0.0
259,ALNS-CVaR,0.0
260,ALNS-CVaR,0.0
261,ALNS-CVaR,0.0
262,ALNS-CVaR,0.0
263,ALNS-CVaR,0.0
264,ALNS-CVaR,12.389039124007354
265,ALNS-CVaR,0.0
266,ALNS-CVaR,0.0
267,ALNS-CVaR,0.0
268,ALNS-CVaR,0.0
269,ALNS-CVaR,0.0
270,ALNS-CVaR,0.0
271,ALNS-CVaR,0.0
272,ALNS-CVaR,0.0
273,ALNS-CVaR,0.0
274,ALNS-CVaR,0.0
275,ALNS-CVaR,0.3993481023795198
276,ALNS-CVaR,0.0
277,ALNS-CVaR,0.0
278,ALNS-CVaR,0.0
279,ALNS-CVaR,0.0
280,ALNS-CVaR,0.0
281,ALNS-CVaR,0.0
282,ALNS-CVaR,0.0
283,ALNS-CVaR,0.0
284,ALNS-CVaR,2.6762987648610306
285,ALNS-CVaR,0.0
286,ALNS-CVaR,0.0
287,ALNS-CVaR,0.0
288,ALNS-CVaR,0.0
289,ALNS-CVaR,0.0
290,ALNS-CVaR,3.4978655491476616
291,ALNS-CVaR,0.0
292,ALNS-CVaR,0.0
293,ALNS-CVaR,0.0
294,ALNS-CVaR,0.0
295,ALNS-CVaR,1.308876762561681
296,ALNS-CVaR,0.0
297,ALNS-CVaR,0.0
298,ALNS-CVaR,0.0
299,ALNS-CVaR,0.0
300,ALNS-CVaR,0.0
301,ALNS-CVaR,0.0
302,ALNS-CVaR,6.019936177986494
303,ALNS-CVaR,0.0
304,ALNS-CVaR,0.0
305,ALNS-CVaR,0.0
306,ALNS-CVaR,0.0
307,ALNS-CVaR,0.0
308,ALNS-CVaR,0.0
309,ALNS-CVaR,0.0
310,ALNS-CVaR,0.0
311,ALNS-CVaR,0.0
312,ALNS-CVaR,1.6358455313932438
313,ALNS-CVaR,0.0
314,ALNS-CVaR,0.0
315,ALNS-CVaR,0.0
316,ALNS-CVaR,0.0
317,ALNS-CVaR,2.6042556474715752
318,ALNS-CVaR,0.0
319,ALNS-CVaR,4.125996642809355
320,ALNS-CVaR,0.0
321,ALNS-CVaR,0.0
322,ALNS-CVaR,0.0
323,ALNS-CVaR,0.0
324,ALNS-CVaR,0.0
325,ALNS-CVaR,0.0
326,ALNS-CVaR,0.0
327,ALNS-CVaR,0.0
328,ALNS-CVaR,0.0
329,ALNS-CVaR,0.0
330,ALNS-CVaR,0.0
331,ALNS-CVaR,0.0
332,ALNS-CVaR,0.0
333,ALNS-CVaR,12.208901199266563
334,ALNS-CVaR,0.0
335,ALNS-CVaR,0.0
336,ALNS-CVaR,0.0
337,ALNS-CVaR,0.0
338,ALNS-CVaR,0.0
339,ALNS-CVaR,0.0
340,ALNS-CVaR,0.4434561417929217
341,ALNS-CVaR,0.0
342,ALNS-CVaR,0.0
343,ALNS-CVaR,5.275745101376231
344,ALNS-CVaR,0.0
345,ALNS-CVaR,0.0
346,ALNS-CVaR,0.0
347,ALNS-CVaR,0.0
348,ALNS-CVaR,0.0
349,ALNS-CVaR,0.0
350,ALNS-CVaR,0.0
351,ALNS-CVaR,0.0
352,ALNS-CVaR,0.0
353,ALNS-CVaR,0.0
354,ALNS-CVaR,1.020046093872054
355,ALNS-CVaR,0.0
356,ALNS-CVaR,0.0
357,ALNS-CVaR,9.371452535337824
358,ALNS-CVaR,3.460897092746677
359,ALNS-CVaR,0.0
360,ALNS-CVaR,0.0
361,ALNS-CVaR,0.0
362,ALNS-CVaR,0.7286380988313681
363,ALNS-CVaR,0.0
364,ALNS-CVaR,0.0
365,ALNS-CVaR,0.0
366,ALNS-CVaR,0.0
367,ALNS-CVaR,0.0
368,ALNS-CVaR,0.0
369,ALNS-CVaR,0.0
370,ALNS-CVaR,0.0
371,ALNS-CVaR,0.693531618379069
372,ALNS-CVaR,0.0
373,ALNS-CVaR,0.0
374,ALNS-CVaR,0.0
375,ALNS-CVaR,0.0
376,ALNS-CVaR,0.0
377,ALNS-CVaR,0.0
378,ALNS-CVaR,0.0
379,ALNS-CVaR,0.0
380,ALNS-CVaR,0.0
381,ALNS-CVaR,0.0
382,ALNS-CVaR,4.971412020368234
383,ALNS-CVaR,1.5449666431600804
384,ALNS-CVaR,0.0
385,ALNS-CVaR,0.0
386,ALNS-CVaR,0.0
387,ALNS-CVaR,0.0
388,ALNS-CVaR,0.0
389,ALNS-CVaR,0.0
390,ALNS-CVaR,0.0
391,ALNS-CVaR,0.0
392,ALNS-CVaR,0.0
393,ALNS-CVaR,5.5845683136125785
394,ALNS-CVaR,2.2276992519117016
395,ALNS-CVaR,0.0
396,ALNS-CVaR,1.8801483166788557
397,ALNS-CVaR,0.0
398,ALNS-CVaR,0.0
399,ALNS-CVaR,0.0
400,ALNS-CVaR,0.0
401,ALNS-CVaR,0.0
402,ALNS-CVaR,0.0
403,ALNS-CVaR,0.0
404,ALNS-CVaR,0.0
405,ALNS-CVaR,6.184105639428935
406,ALNS-CVaR,1.8422354955276887
407,ALNS-CVaR,0.0
408,ALNS-CVaR,0.0
409,ALNS-CVaR,0.0
410,ALNS-CVaR,0.0
411,ALNS-CVaR,0.0
412,ALNS-CVaR,0.0
413,ALNS-CVaR,0.0
414,ALNS-CVaR,0.0
415,ALNS-CVaR,71.30135968735362
416,ALNS-CVaR,0.0
417,ALNS-CVaR,0.0
418,ALNS-CVaR,0.0
419,ALNS-CVaR,0.0
420,ALNS-CVaR,0.0
421,ALNS-CVaR,0.0
422,ALNS-CVaR,0.0
423,ALNS-CVaR,0.0
424,ALNS-CVaR,0.0
425,ALNS-CVaR,0.0
426,ALNS-CVaR,0.0
427,ALNS-CVaR,0.0
428,ALNS-CVaR,0.0
429,ALNS-CVaR,0.0
430,ALNS-CVaR,6.928706918235093
431,ALNS-CVaR,0.0
432,ALNS-CVaR,0.0
433,ALNS-CVaR,0.0
434,ALNS-CVaR,0.0
435,ALNS-CVaR,0.0
436,ALNS-CVaR,0.0
437,ALNS-CVaR,0.0
438,ALNS-CVaR,0.0
439,ALNS-CVaR,0.0
440,ALNS-CVaR,0.0
441,ALNS-CVaR,0.0
442,ALNS-CVaR,0.0
443,ALNS-CVaR,0.0
444,ALNS-CVaR,0.0
445,ALNS-CVaR,0.0
446,ALNS-CVaR,0.0
447,ALNS-CVaR,0.0
448,ALNS-CVaR,0.0
449,ALNS-CVaR,9.764478410871902
450,ALNS-CVaR,0.0
451,ALNS-CVaR,0.0
452,ALNS-CVaR,0.0
453,ALNS-CVaR,2.406132978147184
454,ALNS-CVaR,0.0
455,ALNS-CVaR,0.0
456,ALNS-CVaR,0.0
457,ALNS-CVaR,0.0
458,ALNS-CVaR,0.21621398035489392
459,ALNS-CVaR,0.0
460,ALNS-CVaR,0.0
461,ALNS-CVaR,0.0
462,ALNS-CVaR,0.9094048590500279
463,ALNS-CVaR,0.0
464,ALNS-CVaR,0.0
465,ALNS-CVaR,0.0
466,ALNS-CVaR,0.0
467,ALNS-CVaR,0.0
468,ALNS-CVaR,0.0
469,ALNS-CVaR,0.0
470,ALNS-CVaR,0.0
471,ALNS-CVaR,0.0
472,ALNS-CVaR,0.0
473,ALNS-CVaR,0.0
474,ALNS-CVaR,0.0
475,ALNS-CVaR,0.0
476,ALNS-CVaR,0.0
477,ALNS-CVaR,0.0
478,ALNS-CVaR,0.0
479,ALNS-CVaR,0.0
480,ALNS-CVaR,0.0
481,ALNS-CVaR,0.0
482,ALNS-CVaR,0.0
483,ALNS-CVaR,0.0
484,ALNS-CVaR,0.0
485,ALNS-CVaR,0.0
486,ALNS-CVaR,0.0
487,ALNS-CVaR,0.0
488,ALNS-CVaR,0.0
489,ALNS-CVaR,0.0
490,ALNS-CVaR,0.0
491,ALNS-CVaR,0.0
492,ALNS-CVaR,0.0
493,ALNS-CVaR,0.0
494,ALNS-CVaR,0.0
495,ALNS-CVaR,0.0
496,ALNS-CVaR,0.0
497,ALNS-CVaR,0.0
498,ALNS-CVaR,0.0
499,ALNS-CVaR,5.902730889489078
500,ALNS-CVaR,0.0
501,ALNS-CVaR,0.0
502,ALNS-CVaR,0.0
503,ALNS-CVaR,0.0
504,ALNS-CVaR,0.0
505,ALNS-CVaR,0.0
506,ALNS-CVaR,0.0
507,ALNS-CVaR,0.0
508,ALNS-CVaR,0.0
509,ALNS-CVaR,2.3293549294926947
510,ALNS-CVaR,0.0
511,ALNS-CVaR,0.0
512,ALNS-CVaR,0.0
513,ALNS-CVaR,0.0
514,ALNS-CVaR,0.0
515,ALNS-CVaR,0.0
516,ALNS-CVaR,0.0
517,ALNS-CVaR,0.0
518,ALNS-CVaR,0.0
519,ALNS-CVaR,0.0
520,ALNS-CVaR,0.0
521,ALNS-CVaR,0.0
522,ALNS-CVaR,0.0
523,ALNS-CVaR,0.0
524,ALNS-CVaR,0.0
525,ALNS-CVaR,0.0
526,ALNS-CVaR,0.0
527,ALNS-CVaR,0.0
528,ALNS-CVaR,0.0
529,ALNS-CVaR,0.0
530,ALNS-CVaR,0.0
531,ALNS-CVaR,0.0
532,ALNS-CVaR,0.0
533,ALNS-CVaR,0.0
534,ALNS-CVaR,0.0
535,ALNS-CVaR,0.0
536,ALNS-CVaR,0.0
537,ALNS-CVaR,0.0
538,ALNS-CVaR,0.0
539,ALNS-CVaR,3.954713784823525
540,ALNS-CVaR,0.0
541,ALNS-CVaR,0.0
542,ALNS-CVaR,0.0
543,ALNS-CVaR,0.0
544,ALNS-CVaR,0.0
545,ALNS-CVaR,0.0
546,ALNS-CVaR,3.9545175336484704
547,ALNS-CVaR,0.0
548,ALNS-CVaR,0.0
549,ALNS-CVaR,0.0
550,ALNS-CVaR,0.0
551,ALNS-CVaR,0.0
552,ALNS-CVaR,9.318840780313053
553,ALNS-CVaR,0.0
554,ALNS-CVaR,0.0
555,ALNS-CVaR,0.0
556,ALNS-CVaR,0.0
557,ALNS-CVaR,0.0
558,ALNS-CVaR,0.0
559,ALNS-CVaR,0.0
560,ALNS-CVaR,0.0
561,ALNS-CVaR,0.0
562,ALNS-CVaR,0.0
563,ALNS-CVaR,0.0
564,ALNS-CVaR,0.0
565,ALNS-CVaR,0.0
566,ALNS-CVaR,0.0
567,ALNS-CVaR,0.0
568,ALNS-CVaR,0.0
569,ALNS-CVaR,0.0
570,ALNS-CVaR,0.0
571,ALNS-CVaR,0.0
572,ALNS-CVaR,0.0
573,ALNS-CVaR,0.5381996950326879
574,ALNS-CVaR,0.0
575,ALNS-CVaR,0.0
576,ALNS-CVaR,0.0
577,ALNS-CVaR,0.0
578,ALNS-CVaR,0.0
579,ALNS-CVaR,0.0
580,ALNS-CVaR,0.0
581,ALNS-CVaR,0.0
582,ALNS-CVaR,0.0
583,ALNS-CVaR,0.0
584,ALNS-CVaR,0.0
585,ALNS-CVaR,3.486053190907171
586,ALNS-CVaR,0.0
587,ALNS-CVaR,0.0
588,ALNS-CVaR,0.0
589,ALNS-CVaR,0.0
590,ALNS-CVaR,0.8954941144785948
591,ALNS-CVaR,0.0
592,ALNS-CVaR,0.0
593,ALNS-CVaR,0.0
594,ALNS-CVaR,0.0
595,ALNS-CVaR,2.3478856306513194
596,ALNS-CVaR,0.0
597,ALNS-CVaR,0.0
598,ALNS-CVaR,0.0
599,ALNS-CVaR,0.0
600,ALNS-CVaR,0.0
601,ALNS-CVaR,0.0
602,ALNS-CVaR,0.0
603,ALNS-CVaR,5.250220695314283
604,ALNS-CVaR,0.0
605,ALNS-CVaR,0.0
606,ALNS-CVaR,0.0
607,ALNS-CVaR,0.0
608,ALNS-CVaR,49.23345699808013
609,ALNS-CVaR,10.105046371616936
610,ALNS-CVaR,0.0
611,ALNS-CVaR,0.0
612,ALNS-CVaR,0.0
613,ALNS-CVaR,12.609941807633618
614,ALNS-CVaR,0.0
615,ALNS-CVaR,0.0
616,ALNS-CVaR,0.0
617,ALNS-CVaR,0.0
618,ALNS-CVaR,0.0
619,ALNS-CVaR,0.0
620,ALNS-CVaR,0.0
621,ALNS-CVaR,0.0
622,ALNS-CVaR,0.0
623,ALNS-CVaR,0.0
624,ALNS-CVaR,0.0
625,ALNS-CVaR,0.0
626,ALNS-CVaR,0.0
627,ALNS-CVaR,1.0153647593774622
628,ALNS-CVaR,0.0
629,ALNS-CVaR,0.0
630,ALNS-CVaR,0.0
631,ALNS-CVaR,0.0
632,ALNS-CVaR,0.0
633,ALNS-CVaR,0.0
634,ALNS-CVaR,0.0
635,ALNS-CVaR,0.0
636,ALNS-CVaR,0.0
637,ALNS-CVaR,0.0
638,ALNS-CVaR,0.0
639,ALNS-CVaR,0.0
640,ALNS-CVaR,0.0
641,ALNS-CVaR,0.0
642,ALNS-CVaR,0.0
643,ALNS-CVaR,0.0
644,ALNS-CVaR,0.0
645,ALNS-CVaR,1.5785357716526391
646,ALNS-CVaR,0.0
647,ALNS-CVaR,0.0
648,ALNS-CVaR,0.0
649,ALNS-CVaR,0.0
650,ALNS-CVaR,0.0
651,ALNS-CVaR,0.0
652,ALNS-CVaR,0.9614203017054592
653,ALNS-CVaR,0.0
654,ALNS-CVaR,0.0
655,ALNS-CVaR,0.0
656,ALNS-CVaR,0.0
657,ALNS-CVaR,0.0
658,ALNS-CVaR,0.0
659,ALNS-CVaR,0.0
660,ALNS-CVaR,0.0
661,ALNS-CVaR,0.0
662,ALNS-CVaR,0.0
663,ALNS-CVaR,0.0
664,ALNS-CVaR,0.0
665,ALNS-CVaR,0.0
666,ALNS-CVaR,0.0
667,ALNS-CVaR,0.0
668,ALNS-CVaR,0.0
669,ALNS-CVaR,0.0
670,ALNS-CVaR,0.0
671,ALNS-CVaR,0.7865766289855287
672,ALNS-CVaR,0.0
673,ALNS-CVaR,0.0
674,ALNS-CVaR,0.0
675,ALNS-CVaR,0.0
676,ALNS-CVaR,0.0
677,ALNS-CVaR,0.0
678,ALNS-CVaR,1.960547722547858
679,ALNS-CVaR,3.8819665584574636
680,ALNS-CVaR,0.0
681,ALNS-CVaR,0.0
682,ALNS-CVaR,0.0
683,ALNS-CVaR,0.0
684,ALNS-CVaR,0.0
685,ALNS-CVaR,0.0
686,ALNS-CVaR,0.0
687,ALNS-CVaR,0.0
688,ALNS-CVaR,0.0
689,ALNS-CVaR,0.0
690,ALNS-CVaR,0.0
691,ALNS-CVaR,0.0
692,ALNS-CVaR,0.0
693,ALNS-CVaR,0.0
694,ALNS-CVaR,0.0
695,ALNS-CVaR,0.0
696,ALNS-CVaR,0.0
697,ALNS-CVaR,0.0
698,ALNS-CVaR,0.0
699,ALNS-CVaR,0.0
700,ALNS-CVaR,0.0
701,ALNS-CVaR,0.0
702,ALNS-CVaR,0.0
703,ALNS-CVaR,3.888929874965413
704,ALNS-CVaR,0.0
705,ALNS-CVaR,0.0
706,ALNS-CVaR,0.0
707,ALNS-CVaR,0.0
708,ALNS-CVaR,0.0
709,ALNS-CVaR,0.0
710,ALNS-CVaR,0.0
711,ALNS-CVaR,0.0
712,ALNS-CVaR,0.0
713,ALNS-CVaR,0.0
714,ALNS-CVaR,0.0
715,ALNS-CVaR,0.0
716,ALNS-CVaR,0.0
717,ALNS-CVaR,0.0
718,ALNS-CVaR,0.0
719,ALNS-CVaR,2.038018282573489
720,ALNS-CVaR,0.0
721,ALNS-CVaR,0.0
722,ALNS-CVaR,0.0
723,ALNS-CVaR,0.0
724,ALNS-CVaR,0.0
725,ALNS-CVaR,0.0
726,ALNS-CVaR,0.0
727,ALNS-CVaR,0.0
728,ALNS-CVaR,0.0
729,ALNS-CVaR,0.0
730,ALNS-CVaR,0.0
731,ALNS-CVaR,0.0
732,ALNS-CVaR,0.0
733,ALNS-CVaR,0.0
734,ALNS-CVaR,0.0
735,ALNS-CVaR,0.0
736,ALNS-CVaR,0.0
737,ALNS-CVaR,0.0
738,ALNS-CVaR,0.0
739,ALNS-CVaR,5.757602645643942
740,ALNS-CVaR,0.0
741,ALNS-CVaR,0.0
742,ALNS-CVaR,0.0
743,ALNS-CVaR,0.7374739852412233
744,ALNS-CVaR,0.0
745,ALNS-CVaR,0.0
746,ALNS-CVaR,0.0
747,ALNS-CVaR,0.0
748,ALNS-CVaR,0.0
749,ALNS-CVaR,0.0
750,ALNS-CVaR,0.9832021749615478
751,ALNS-CVaR,0.0
752,ALNS-CVaR,0.0
753,ALNS-CVaR,0.0
754,ALNS-CVaR,0.0
755,ALNS-CVaR,0.0
756,ALNS-CVaR,0.0
757,ALNS-CVaR,0.0
758,ALNS-CVaR,0.0
759,ALNS-CVaR,0.0
760,ALNS-CVaR,0.0
761,ALNS-CVaR,0.0
762,ALNS-CVaR,0.0
763,ALNS-CVaR,0.0
764,ALNS-CVaR,3.953892987836184
765,ALNS-CVaR,0.0
766,ALNS-CVaR,0.0
767,ALNS-CVaR,0.0
768,ALNS-CVaR,0.0
769,ALNS-CVaR,0.0
770,ALNS-CVaR,0.0
771,ALNS-CVaR,0.0833781130406237
772,ALNS-CVaR,0.90752204764118
773,ALNS-CVaR,0.0
774,ALNS-CVaR,0.0
775,ALNS-CVaR,6.355023383584353
776,ALNS-CVaR,0.0
777,ALNS-CVaR,0.0
778,ALNS-CVaR,0.0
779,ALNS-CVaR,0.0
780,ALNS-CVaR,2.4812878182460167
781,ALNS-CVaR,0.0
782,ALNS-CVaR,0.0
783,ALNS-CVaR,0.0
784,ALNS-CVaR,0.0
785,ALNS-CVaR,0.0
786,ALNS-CVaR,0.2620812916538
787,ALNS-CVaR,0.0
788,ALNS-CVaR,0.0
789,ALNS-CVaR,0.0
790,ALNS-CVaR,0.0
791,ALNS-CVaR,0.0
792,ALNS-CVaR,0.0
793,ALNS-CVaR,0.0
794,ALNS-CVaR,0.0
795,ALNS-CVaR,0.0
796,ALNS-CVaR,0.0
797,ALNS-CVaR,2.5070252932698622
798,ALNS-CVaR,0.0
799,ALNS-CVaR,0.0
800,ALNS-CVaR,0.0
801,ALNS-CVaR,0.0
802,ALNS-CVaR,0.0
803,ALNS-CVaR,0.0
804,ALNS-CVaR,5.002519492292208
805,ALNS-CVaR,0.0
806,ALNS-CVaR,0.0
807,ALNS-CVaR,0.0
808,ALNS-CVaR,0.0
809,ALNS-CVaR,0.0
810,ALNS-CVaR,0.0
811,ALNS-CVaR,0.0
812,ALNS-CVaR,0.0
813,ALNS-CVaR,0.0
814,ALNS-CVaR,0.0
815,ALNS-CVaR,0.10993862992302184
816,ALNS-CVaR,0.0
817,ALNS-CVaR,0.0
818,ALNS-CVaR,2.4965167541644178
819,ALNS-CVaR,0.0
820,ALNS-CVaR,5.821687814257814
821,ALNS-CVaR,0.0
822,ALNS-CVaR,0.0
823,ALNS-CVaR,0.0
824,ALNS-CVaR,0.0
825,ALNS-CVaR,0.0
826,ALNS-CVaR,0.0
827,ALNS-CVaR,0.0
828,ALNS-CVaR,0.0
829,ALNS-CVaR,0.0
830,ALNS-CVaR,0.0
831,ALNS-CVaR,0.0
832,ALNS-CVaR,0.0
833,ALNS-CVaR,0.0
834,ALNS-CVaR,0.0
835,ALNS-CVaR,0.0
836,ALNS-CVaR,0.0
837,ALNS-CVaR,0.0
838,ALNS-CVaR,0.0
839,ALNS-CVaR,0.0
840,ALNS-CVaR,0.0
841,ALNS-CVaR,0.0
842,ALNS-CVaR,4.987296482198644
843,ALNS-CVaR,0.0
844,ALNS-CVaR,0.0
845,ALNS-CVaR,0.0
846,ALNS-CVaR,0.0
847,ALNS-CVaR,0.0
848,ALNS-CVaR,0.0
849,ALNS-CVaR,14.020698824605972
850,ALNS-CVaR,0.0
851,ALNS-CVaR,0.0
852,ALNS-CVaR,0.0
853,ALNS-CVaR,0.0
854,ALNS-CVaR,0.0
855,ALNS-CVaR,5.5716419652277125
856,ALNS-CVaR,0.0
857,ALNS-CVaR,0.0
858,ALNS-CVaR,0.0
859,ALNS-CVaR,0.0
860,ALNS-CVaR,0.0
861,ALNS-CVaR,0.0
862,ALNS-CVaR,0.0
863,ALNS-CVaR,0.0
864,ALNS-CVaR,0.0
865,ALNS-CVaR,0.0
866,ALNS-CVaR,0.0
867,ALNS-CVaR,0.0
868,ALNS-CVaR,0.0
869,ALNS-CVaR,13.294835399853127
870,ALNS-CVaR,5.302168483755622
871,ALNS-CVaR,0.0
872,ALNS-CVaR,0.0
873,ALNS-CVaR,0.0
874,ALNS-CVaR,0.0
875,ALNS-CVaR,0.0
876,ALNS-CVaR,0.0
877,ALNS-CVaR,0.0
878,ALNS-CVaR,1.6939648070515432
879,ALNS-CVaR,0.0
880,ALNS-CVaR,0.0
881,ALNS-CVaR,0.0
882,ALNS-CVaR,0.0
883,ALNS-CVaR,0.0
884,ALNS-CVaR,10.876704333868588
885,ALNS-CVaR,0.0
886,ALNS-CVaR,0.0
887,ALNS-CVaR,0.0
888,ALNS-CVaR,0.0
889,ALNS-CVaR,0.0
890,ALNS-CVaR,0.0
891,ALNS-CVaR,3.64631592819336
892,ALNS-CVaR,0.0
893,ALNS-CVaR,0.9635796013635058
894,ALNS-CVaR,0.0
895,ALNS-CVaR,1.1131400785980645
896,ALNS-CVaR,0.0
897,ALNS-CVaR,0.0
898,ALNS-CVaR,0.0
899,ALNS-CVaR,0.0
900,ALNS-CVaR,0.0
901,ALNS-CVaR,0.0
902,ALNS-CVaR,0.0
903,ALNS-CVaR,0.0
904,ALNS-CVaR,0.0
905,ALNS-CVaR,0.0
906,ALNS-CVaR,0.0
907,ALNS-CVaR,0.0
908,ALNS-CVaR,0.0
909,ALNS-CVaR,0.0
910,ALNS-CVaR,0.0
911,ALNS-CVaR,0.0
912,ALNS-CVaR,0.0
913,ALNS-CVaR,0.0
914,ALNS-CVaR,3.4571006900332577
915,ALNS-CVaR,0.0
916,ALNS-CVaR,0.0
917,ALNS-CVaR,0.0
918,ALNS-CVaR,0.0
919,ALNS-CVaR,0.24283480225867038
920,ALNS-CVaR,0.0
921,ALNS-CVaR,0.0
922,ALNS-CVaR,0.0
923,ALNS-CVaR,0.0
924,ALNS-CVaR,0.0
925,ALNS-CVaR,0.0
926,ALNS-CVaR,0.0
927,ALNS-CVaR,0.0
928,ALNS-CVaR,0.0
929,ALNS-CVaR,0.0
930,ALNS-CVaR,0.0
931,ALNS-CVaR,0.0
932,ALNS-CVaR,0.0
933,ALNS-CVaR,0.0
934,ALNS-CVaR,0.0
935,ALNS-CVaR,0.0
936,ALNS-CVaR,0.0
937,ALNS-CVaR,0.0
938,ALNS-CVaR,0.0
939,ALNS-CVaR,0.0
940,ALNS-CVaR,0.0
941,ALNS-CVaR,0.0
942,ALNS-CVaR,0.0
943,ALNS-CVaR,0.0
944,ALNS-CVaR,0.0
945,ALNS-CVaR,0.0
946,ALNS-CVaR,0.0
947,ALNS-CVaR,0.0
948,ALNS-CVaR,2.2373184321451447
949,ALNS-CVaR,0.0
950,ALNS-CVaR,0.0
951,ALNS-CVaR,0.0
952,ALNS-CVaR,0.0
953,ALNS-CVaR,16.45694211617615
954,ALNS-CVaR,0.0
955,ALNS-CVaR,0.5949142084845391
956,ALNS-CVaR,0.0
957,ALNS-CVaR,0.0
958,ALNS-CVaR,0.0
959,ALNS-CVaR,0.0
960,ALNS-CVaR,0.0
961,ALNS-CVaR,0.0
962,ALNS-CVaR,0.0
963,ALNS-CVaR,0.0
964,ALNS-CVaR,0.0
965,ALNS-CVaR,0.0
966,ALNS-CVaR,0.7396728011391929
967,ALNS-CVaR,0.0
968,ALNS-CVaR,0.0
969,ALNS-CVaR,0.0
970,ALNS-CVaR,0.0
971,ALNS-CVaR,5.9324944243067534
972,ALNS-CVaR,0.0
973,ALNS-CVaR,0.0
974,ALNS-CVaR,0.0
975,ALNS-CVaR,0.0
976,ALNS-CVaR,1.3619497106748497
977,ALNS-CVaR,2.8195680402512266
978,ALNS-CVaR,0.0
979,ALNS-CVaR,0.0
980,ALNS-CVaR,0.0
981,ALNS-CVaR,0.0
982,ALNS-CVaR,0.0
983,ALNS-CVaR,0.0
984,ALNS-CVaR,0.0
985,ALNS-CVaR,0.0
986,ALNS-CVaR,0.0
987,ALNS-CVaR,0.0
988,ALNS-CVaR,0.0
989,ALNS-CVaR,0.0
990,ALNS-CVaR,0.0
991,ALNS-CVaR,5.899655232189275
992,ALNS-CVaR,0.0
993,ALNS-CVaR,0.0
994,ALNS-CVaR,0.0
995,ALNS-CVaR,0.0
996,ALNS-CVaR,0.0
997,ALNS-CVaR,0.0
998,ALNS-CVaR,0.0
999,ALNS-CVaR,0.0
0,Uniform-Mean-FFseed,0.0
1,Uniform-Mean-FFseed,0.0
2,Uniform-Mean-FFseed,2.1376948944329683
3,Uniform-Mean-FFseed,30.47019348351421
4,Uniform-Mean-FFseed,0.0
5,Uniform-Mean-FFseed,0.0
6,Uniform-Mean-FFseed,0.0
7,Uniform-Mean-FFseed,0.0
8,Uniform-Mean-FFseed,0.0
9,Uniform-Mean-FFseed,0.07150106704688142
10,Uniform-Mean-FFseed,0.0
11,Uniform-Mean-FFseed,0.0
12,Uniform-Mean-FFseed,0.0
13,Uniform-Mean-FFseed,0.0
14,Uniform-Mean-FFseed,0.0
15,Uniform-Mean-FFseed,0.0
16,Uniform-Mean-FFseed,0.0
17,Uniform-Mean-FFseed,0.0
18,Uniform-Mean-FFseed,0.0
19,Uniform-Mean-FFseed,0.0
20,Uniform-Mean-FFseed,0.0
21,Uniform-Mean-FFseed,0.0
22,Uniform-Mean-FFseed,4.809560643645284
23,Uniform-Mean-FFseed,0.0
24,Uniform-Mean-FFseed,0.0
25,Uniform-Mean-FFseed,0.0
26,Uniform-Mean-FFseed,0.0
27,Uniform-Mean-FFseed,0.0
28,Uniform-Mean-FFseed,0.0
29,Uniform-Mean-FFseed,0.0
30,Uniform-Mean-FFseed,0.0
31,Uniform-Mean-FFseed,0.0
32,Uniform-Mean-FFseed,0.0
33,Uniform-Mean-FFseed,0.0
34,Uniform-Mean-FFseed,0.40495739342793513
35,Uniform-Mean-FFseed,45.42943517085092
36,Uniform-Mean-FFseed,0.0
37,Uniform-Mean-FFseed,0.0
38,Uniform-Mean-FFseed,0.0
39,Uniform-Mean-FFseed,0.0
40,Uniform-Mean-FFseed,0.0
41,Uniform-Mean-FFseed,0.0
42,Uniform-Mean-FFseed,0.0
43,Uniform-Mean-FFseed,0.0
44,Uniform-Mean-FFseed,0.0
45,Uniform-Mean-FFseed,0.0
46,Uniform-Mean-FFseed,0.0
47,Uniform-Mean-FFseed,0.0
48,Uniform-Mean-FFseed,0.0
49,Uniform-Mean-FFseed,6.912922748213646
50,Uniform-Mean-FFseed,0.0
51,Uniform-Mean-FFseed,17.094847818790896
52,Uniform-Mean-FFseed,0.0
53,Uniform-Mean-FFseed,0.0
54,Uniform-Mean-FFseed,0.0
55,Uniform-Mean-FFseed,47.58132317320519
56,Uniform-Mean-FFseed,0.0
57,Uniform-Mean-FFseed,42.9645019018414
58,Uniform-Mean-FFseed,0.0
59,Uniform-Mean-FFseed,0.0
60,Uniform-Mean-FFseed,0.0
61,Uniform-Mean-FFseed,0.0
62,Uniform-Mean-FFseed,0.0
63,Uniform-Mean-FFseed,0.0
64,Uniform-Mean-FFseed,0.0
65,Uniform-Mean-FFseed,0.0
66,Uniform-Mean-FFseed,0.0
67,Uniform-Mean-FFseed,0.0
68,Uniform-Mean-FFseed,0.0
69,Uniform-Mean-FFseed,0.0
70,Uniform-Mean-FFseed,4.4539067058255455
71,Uniform-Mean-FFseed,0.0
72,Uniform-Mean-FFseed,2.307586739415342
73,Uniform-Mean-FFseed,0.0
74,Uniform-Mean-FFseed,0.0
75,Uniform-Mean-FFseed,0.0
76,Uniform-Mean-FFseed,0.0
77,Uniform-Mean-FFseed,0.0
78,Uniform-Mean-FFseed,0.0
79,Uniform-Mean-FFseed,0.0
80,Uniform-Mean-FFseed,0.0
81,Uniform-Mean-FFseed,0.0
82,Uniform-Mean-FFseed,0.0
83,Uniform-Mean-FFseed,0.0
84,Uniform-Mean-FFseed,4.667515370271104
85,Uniform-Mean-FFseed,0.0
86,Uniform-Mean-FFseed,2.622701892522457
87,Uniform-Mean-FFseed,0.0
88,Uniform-Mean-FFseed,0.1191653802767405
89,Uniform-Mean-FFseed,0.0
90,Uniform-Mean-FFseed,0.0
91,Uniform-Mean-FFseed,0.0
92,Uniform-Mean-FFseed,0.0
93,Uniform-Mean-FFseed,0.0
94,Uniform-Mean-FFseed,0.0
95,Uniform-Mean-FFseed,0.0
96,Uniform-Mean-FFseed,0.0
97,Uniform-Mean-FFseed,0.0
98,Uniform-Mean-FFseed,1.8230393406003316
99,Uniform-Mean-FFseed,0.0
100,Uniform-Mean-FFseed,8.145116889688495
101,Uniform-Mean-FFseed,0.0
102,Uniform-Mean-FFseed,0.0
103,Uniform-Mean-FFseed,0.0
104,Uniform-Mean-FFseed,3.9553232724656766
105,Uniform-Mean-FFseed,0.0
106,Uniform-Mean-FFseed,0.0
107,Uniform-Mean-FFseed,0.0
108,Uniform-Mean-FFseed,0.0
109,Uniform-Mean-FFseed,0.0
110,Uniform-Mean-FFseed,0.0
111,Uniform-Mean-FFseed,0.0
112,Uniform-Mean-FFseed,0.0
113,Uniform-Mean-FFseed,0.0
114,Uniform-Mean-FFseed,0.0
115,Uniform-Mean-FFseed,0.0
116,Uniform-Mean-FFseed,0.0
117,Uniform-Mean-FFseed,0.0
118,Uniform-Mean-FFseed,0.0
119,Uniform-Mean-FFseed,0.0
120,Uniform-Mean-FFseed,0.0
121,Uniform-Mean-FFseed,0.0
122,Uniform-Mean-FFseed,0.0
123,Uniform-Mean-FFseed,0.0
124,Uniform-Mean-FFseed,0.0
125,Uniform-Mean-FFseed,0.0
126,Uniform-Mean-FFseed,0.0
127,Uniform-Mean-FFseed,0.0
128,Uniform-Mean-FFseed,1.0651820787305724
129,Uniform-Mean-FFseed,0.0
130,Uniform-Mean-FFseed,0.0
131,Uniform-Mean-FFseed,0.0
132,Uniform-Mean-FFseed,0.0
133,Uniform-Mean-FFseed,0.0
134,Uniform-Mean-FFseed,0.0
135,Uniform-Mean-FFseed,0.0
136,Uniform-Mean-FFseed,7.726204548449886
137,Uniform-Mean-FFseed,0.0
138,Uniform-Mean-FFseed,0.0
139,Uniform-Mean-FFseed,0.0
140,Uniform-Mean-FFseed,0.0
141,Uniform-Mean-FFseed,0.0
142,Uniform-Mean-FFseed,0.22989676354865196
143,Uniform-Mean-FFseed,0.0
144,Uniform-Mean-FFseed,0.0
145,Uniform-Mean-FFseed,0.0
146,Uniform-Mean-FFseed,0.0
147,Uniform-Mean-FFseed,0.0
148,Uniform-Mean-FFseed,0.0
149,Uniform-Mean-FFseed,0.0
150,Uniform-Mean-FFseed,0.0
151,Uniform-Mean-FFseed,0.0
152,Uniform-Mean-FFseed,0.0
153,Uniform-Mean-FFseed,0.0
154,Uniform-Mean-FFseed,0.0
155,Uniform-Mean-FFseed,0.0
156,Uniform-Mean-FFseed,49.3816997944148
157,Uniform-Mean-FFseed,0.0
158,Uniform-Mean-FFseed,0.0
159,Uniform-Mean-FFseed,0.0
160,Uniform-Mean-FFseed,4.308054276198192
161,Uniform-Mean-FFseed,0.0
162,Uniform-Mean-FFseed,0.0
163,Uniform-Mean-FFseed,0.0
164,Uniform-Mean-FFseed,0.0
165,Uniform-Mean-FFseed,0.0
166,Uniform-Mean-FFseed,0.0
167,Uniform-Mean-FFseed,0.0
168,Uniform-Mean-FFseed,0.0
169,Uniform-Mean-FFseed,0.0
170,Uniform-Mean-FFseed,0.0
171,Uniform-Mean-FFseed,0.0
172,Uniform-Mean-FFseed,0.0
173,Uniform-Mean-FFseed,0.0
174,Uniform-Mean-FFseed,0.0
175,Uniform-Mean-FFseed,0.0
176,Uniform-Mean-FFseed,0.0
177,Uniform-Mean-FFseed,0.0
178,Uniform-Mean-FFseed,0.0
179,Uniform-Mean-FFseed,0.0
180,Uniform-Mean-FFseed,0.0
181,Uniform-Mean-FFseed,0.0
182,Uniform-Mean-FFseed,0.0
183,Uniform-Mean-FFseed,0.0
184,Uniform-Mean-FFseed,0.0
185,Uniform-Mean-FFseed,0.0
186,Uniform-Mean-FFseed,0.0
187,Uniform-Mean-FFseed,0.0
188,Uniform-Mean-FFseed,0.0
189,Uniform-Mean-FFseed,0.0
190,Uniform-Mean-FFseed,0.0
191,Uniform-Mean-FFseed,16.034817557734726
192,Uniform-Mean-FFseed,0.0
193,Uniform-Mean-FFseed,43.6629790532474
194,Uniform-Mean-FFseed,4.261369272891159
195,Uniform-Mean-FFseed,0.0
196,Uniform-Mean-FFseed,0.0
197,Uniform-Mean-FFseed,0.0
198,Uniform-Mean-FFseed,0.0
199,Uniform-Mean-FFseed,0.0
200,Uniform-Mean-FFseed,0.0
201,Uniform-Mean-FFseed,0.0
202,Uniform-Mean-FFseed,0.0
203,Uniform-Mean-FFseed,0.0
204,Uniform-Mean-FFseed,0.0
205,Uniform-Mean-FFseed,0.0
206,Uniform-Mean-FFseed,0.0
207,Uniform-Mean-FFseed,0.0
208,Uniform-Mean-FFseed,5.7866871394301995
209,Uniform-Mean-FFseed,0.0
210,Uniform-Mean-FFseed,0.0
211,Uniform-Mean-FFseed,0.0
212,Uniform-Mean-FFseed,0.0
213,Uniform-Mean-FFseed,77.7670799503361
214,Uniform-Mean-FFseed,0.0
215,Uniform-Mean-FFseed,12.501707099745687
216,Uniform-Mean-FFseed,0.0
217,Uniform-Mean-FFseed,0.0
218,Uniform-Mean-FFseed,0.0
219,Uniform-Mean-FFseed,0.0
220,Uniform-Mean-FFseed,0.0
221,Uniform-Mean-FFseed,0.0
222,Uniform-Mean-FFseed,0.0
223,Uniform-Mean-FFseed,0.0
224,Uniform-Mean-FFseed,0.8860894364597129
225,Uniform-Mean-FFseed,0.0
226,Uniform-Mean-FFseed,0.0
227,Uniform-Mean-FFseed,0.0
228,Uniform-Mean-FFseed,0.0
229,Uniform-Mean-FFseed,0.0
230,Uniform-Mean-FFseed,0.0
231,Uniform-Mean-FFseed,0.0
232,Uniform-Mean-FFseed,0.0
233,Uniform-Mean-FFseed,0.0
234,Uniform-Mean-FFseed,0.0
235,Uniform-Mean-FFseed,0.0
236,Uniform-Mean-FFseed,0.0
237,Uniform-Mean-FFseed,0.0
238,Uniform-Mean-FFseed,7.033869351174957
239,Uniform-Mean-FFseed,0.0
240,Uniform-Mean-FFseed,0.0
241,Uniform-Mean-FFseed,0.0
242,Uniform-Mean-FFseed,0.0
243,Uniform-Mean-FFseed,0.0
244,Uniform-Mean-FFseed,0.0
245,Uniform-Mean-FFseed,0.0
246,Uniform-Mean-FFseed,0.0
247,Uniform-Mean-FFseed,0.0
248,Uniform-Mean-FFseed,0.0
249,Uniform-Mean-FFseed,0.0
250,Uniform-Mean-FFseed,0.0
251,Uniform-Mean-FFseed,0.7084158618710319
252,Uniform-Mean-FFseed,0.0
253,Uniform-Mean-FFseed,0.0
254,Uniform-Mean-FFseed,0.0
255,Uniform-Mean-FFseed,0.0
256,Uniform-Mean-FFseed,0.0
257,Uniform-Mean-FFseed,0.0
258,Uniform-Mean-FFseed,0.0
259,Uniform-Mean-FFseed,0.0
260,Uniform-Mean-FFseed,8.071723805493008
261,Uniform-Mean-FFseed,0.0
262,Uniform-Mean-FFseed,0.0
263,Uniform-Mean-FFseed,0.0
264,Uniform-Mean-FFseed,0.0
265,Uniform-Mean-FFseed,0.0
266,Uniform-Mean-FFseed,1.0408715628973937
267,Uniform-Mean-FFseed,0.0
268,Uniform-Mean-FFseed,0.0
269,Uniform-Mean-FFseed,0.0
270,Uniform-Mean-FFseed,0.0
271,Uniform-Mean-FFseed,0.0
272,Uniform-Mean-FFseed,0.0
273,Uniform-Mean-FFseed,0.0
274,Uniform-Mean-FFseed,0.0
275,Uniform-Mean-FFseed,0.3129358310803809
276,Uniform-Mean-FFseed,0.0
277,Uniform-Mean-FFseed,0.0
278,Uniform-Mean-FFseed,0.0
279,Uniform-Mean-FFseed,0.0
280,Uniform-Mean-FFseed,0.0
281,Uniform-Mean-FFseed,0.0
282,Uniform-Mean-FFseed,0.0
283,Uniform-Mean-FFseed,0.0
284,Uniform-Mean-FFseed,2.5361530428031642
285,Uniform-Mean-FFseed,0.0
286,Uniform-Mean-FFseed,0.0
287,Uniform-Mean-FFseed,0.0
288,Uniform-Mean-FFseed,0.0
289,Uniform-Mean-FFseed,16.5542564618664
290,Uniform-Mean-FFseed,25.74795416977568
291,Uniform-Mean-FFseed,0.0
292,Uniform-Mean-FFseed,0.0
293,Uniform-Mean-FFseed,0.0
294,Uniform-Mean-FFseed,0.0
295,Uniform-Mean-FFseed,0.0
296,Uniform-Mean-FFseed,0.0
297,Uniform-Mean-FFseed,0.0
298,Uniform-Mean-FFseed,0.7560410866927327
299,Uniform-Mean-FFseed,0.0
300,Uniform-Mean-FFseed,0.0
301,Uniform-Mean-FFseed,0.0
302,Uniform-Mean-FFseed,5.144425636240442
303,Uniform-Mean-FFseed,19.69008473456435
304,Uniform-Mean-FFseed,0.0
305,Uniform-Mean-FFseed,2.0617680197664754
306,Uniform-Mean-FFseed,0.0
307,Uniform-Mean-FFseed,0.0
308,Uniform-Mean-FFseed,0.0
309,Uniform-Mean-FFseed,0.0
310,Uniform-Mean-FFseed,0.0
311,Uniform-Mean-FFseed,0.0
312,Uniform-Mean-FFseed,1.6358455313932438
313,Uniform-Mean-FFseed,0.0
314,Uniform-Mean-FFseed,0.0
315,Uniform-Mean-FFseed,0.0
316,Uniform-Mean-FFseed,0.0
317,Uniform-Mean-FFseed,0.0
318,Uniform-Mean-FFseed,0.0
319,Uniform-Mean-FFseed,0.0
320,Uniform-Mean-FFseed,0.0
321,Uniform-Mean-FFseed,0.0
322,Uniform-Mean-FFseed,0.0
323,Uniform-Mean-FFseed,0.0
324,Uniform-Mean-FFseed,0.0
325,Uniform-Mean-FFseed,0.0
326,Uniform-Mean-FFseed,0.0
327,Uniform-Mean-FFseed,0.0
328,Uniform-Mean-FFseed,0.0
329,Uniform-Mean-FFseed,0.0
330,Uniform-Mean-FFseed,0.0
331,Uniform-Mean-FFseed,0.0
332,Uniform-Mean-FFseed,0.0
333,Uniform-Mean-FFseed,0.0
334,Uniform-Mean-FFseed,0.0
335,Uniform-Mean-FFseed,2.768047607692097
336,Uniform-Mean-FFseed,0.0
337,Uniform-Mean-FFseed,0.0
338,Uniform-Mean-FFseed,0.0
339,Uniform-Mean-FFseed,0.0
340,Uniform-Mean-FFseed,0.31664726280496325
341,Uniform-Mean-FFseed,0.0
342,Uniform-Mean-FFseed,0.0
343,Uniform-Mean-FFseed,25.841762069416944
344,Uniform-Mean-FFseed,0.0
345,Uniform-Mean-FFseed,0.06103630211453037
346,Uniform-Mean-FFseed,2.168821439412909
347,Uniform-Mean-FFseed,0.0
348,Uniform-Mean-FFseed,0.0
349,Uniform-Mean-FFseed,0.0
350,Uniform-Mean-FFseed,0.0
351,Uniform-Mean-FFseed,0.0
352,Uniform-Mean-FFseed,0.0
353,Uniform-Mean-FFseed,0.0
354,Uniform-Mean-FFseed,0.0
355,Uniform-Mean-FFseed,2.521412353487591
356,Uniform-Mean-FFseed,0.0
357,Uniform-Mean-FFseed,0.0
358,Uniform-Mean-FFseed,1.150423262847994
359,Uniform-Mean-FFseed,0.0
360,Uniform-Mean-FFseed,0.0
361,Uniform-Mean-FFseed,0.0
362,Uniform-Mean-FFseed,0.7286380988313681
363,Uniform-Mean-FFseed,0.0
364,Uniform-Mean-FFseed,0.0
365,Uniform-Mean-FFseed,0.0
366,Uniform-Mean-FFseed,0.0
367,Uniform-Mean-FFseed,5.3735497104384535
368,Uniform-Mean-FFseed,0.0
369,Uniform-Mean-FFseed,0.0
370,Uniform-Mean-FFseed,0.0
371,Uniform-Mean-FFseed,0.0
372,Uniform-Mean-FFseed,0.0
373,Uniform-Mean-FFseed,0.0
374,Uniform-Mean-FFseed,0.0
375,Uniform-Mean-FFseed,0.0
376,Uniform-Mean-FFseed,0.0
377,Uniform-Mean-FFseed,0.0
378,Uniform-Mean-FFseed,0.0
379,Uniform-Mean-FFseed,0.0
380,Uniform-Mean-FFseed,0.0
381,Uniform-Mean-FFseed,0.0
382,Uniform-Mean-FFseed,0.0
383,Uniform-Mean-FFseed,1.5449666431600804
384,Uniform-Mean-FFseed,0.0
385,Uniform-Mean-FFseed,0.0
386,Uniform-Mean-FFseed,0.0
387,Uniform-Mean-FFseed,0.0
388,Uniform-Mean-FFseed,0.0
389,Uniform-Mean-FFseed,0.0
390,Uniform-Mean-FFseed,0.0
391,Uniform-Mean-FFseed,0.1714555826208084
392,Uniform-Mean-FFseed,0.0
393,Uniform-Mean-FFseed,0.0
394,Uniform-Mean-FFseed,0.0
395,Uniform-Mean-FFseed,0.0
396,Uniform-Mean-FFseed,0.8071078070672115
397,Uniform-Mean-FFseed,0.0
398,Uniform-Mean-FFseed,0.0
399,Uniform-Mean-FFseed,0.0
400,Uniform-Mean-FFseed,0.0
401,Uniform-Mean-FFseed,0.0
402,Uniform-Mean-FFseed,0.0
403,Uniform-Mean-FFseed,0.0
404,Uniform-Mean-FFseed,0.0
405,Uniform-Mean-FFseed,0.0
406,Uniform-Mean-FFseed,0.0
407,Uniform-Mean-FFseed,0.0
408,Uniform-Mean-FFseed,0.0
409,Uniform-Mean-FFseed,1.8318620589984107
410,Uniform-Mean-FFseed,0.0
411,Uniform-Mean-FFseed,0.0
412,Uniform-Mean-FFseed,27.600070362797737
413,Uniform-Mean-FFseed,0.0
414,Uniform-Mean-FFseed,0.0
415,Uniform-Mean-FFseed,0.0
416,Uniform-Mean-FFseed,0.0
417,Uniform-Mean-FFseed,0.0
418,Uniform-Mean-FFseed,0.0
419,Uniform-Mean-FFseed,0.0
420,Uniform-Mean-FFseed,0.0
421,Uniform-Mean-FFseed,0.0
422,Uniform-Mean-FFseed,0.0
423,Uniform-Mean-FFseed,0.0
424,Uniform-Mean-FFseed,0.0
425,Uniform-Mean-FFseed,0.0
426,Uniform-Mean-FFseed,0.0
427,Uniform-Mean-FFseed,0.0
428,Uniform-Mean-FFseed,0.0
429,Uniform-Mean-FFseed,0.0
430,Uniform-Mean-FFseed,0.0
431,Uniform-Mean-FFseed,0.0
432,Uniform-Mean-FFseed,0.0
433,Uniform-Mean-FFseed,0.0
434,Uniform-Mean-FFseed,0.0
435,Uniform-Mean-FFseed,12.538172838283003
436,Uniform-Mean-FFseed,3.2132606530412033
437,Uniform-Mean-FFseed,2.7307619754608368
438,Uniform-Mean-FFseed,0.0
439,Uniform-Mean-FFseed,0.0
440,Uniform-Mean-FFseed,0.0
441,Uniform-Mean-FFseed,0.0
442,Uniform-Mean-FFseed,0.0
443,Uniform-Mean-FFseed,0.0
444,Uniform-Mean-FFseed,0.0
445,Uniform-Mean-FFseed,0.0
446,Uniform-Mean-FFseed,0.0
447,Uniform-Mean-FFseed,0.0
448,Uniform-Mean-FFseed,0.0
449,Uniform-Mean-FFseed,0.0
450,Uniform-Mean-FFseed,0.0
451,Uniform-Mean-FFseed,0.0
452,Uniform-Mean-FFseed,0.0
453,Uniform-Mean-FFseed,12.402085211040912
454,Uniform-Mean-FFseed,0.0
455,Uniform-Mean-FFseed,0.4236139367510532
456,Uniform-Mean-FFseed,0.0
457,Uniform-Mean-FFseed,0.0
458,Uniform-Mean-FFseed,0.2158095644763307
459,Uniform-Mean-FFseed,0.0
460,Uniform-Mean-FFseed,0.0
461,Uniform-Mean-FFseed,0.0
462,Uniform-Mean-FFseed,0.9094048590500279
463,Uniform-Mean-FFseed,0.4231001868940325
464,Uniform-Mean-FFseed,18.986763644260975
465,Uniform-Mean-FFseed,0.0
466,Uniform-Mean-FFseed,0.0
467,Uniform-Mean-FFseed,5.097930691131239
468,Uniform-Mean-FFseed,0.0
469,Uniform-Mean-FFseed,1.671082791097092
470,Uniform-Mean-FFseed,0.0
471,Uniform-Mean-FFseed,0.0
472,Uniform-Mean-FFseed,0.0
473,Uniform-Mean-FFseed,0.0
474,Uniform-Mean-FFseed,6.4859571558430105
475,Uniform-Mean-FFseed,0.0
476,Uniform-Mean-FFseed,0.0
477,Uniform-Mean-FFseed,0.0
478,Uniform-Mean-FFseed,0.0
479,Uniform-Mean-FFseed,1.9602217412932248
480,Uniform-Mean-FFseed,0.0
481,Uniform-Mean-FFseed,0.0
482,Uniform-Mean-FFseed,0.0
483,Uniform-Mean-FFseed,0.0
484,Uniform-Mean-FFseed,0.0
485,Uniform-Mean-FFseed,33.819931749187475
486,Uniform-Mean-FFseed,0.0
487,Uniform-Mean-FFseed,0.0
488,Uniform-Mean-FFseed,0.0
489,Uniform-Mean-FFseed,0.0
490,Uniform-Mean-FFseed,2.277196494236307
491,Uniform-Mean-FFseed,0.0
492,Uniform-Mean-FFseed,0.0
493,Uniform-Mean-FFseed,0.0
494,Uniform-Mean-FFseed,0.0
495,Uniform-Mean-FFseed,0.0
496,Uniform-Mean-FFseed,0.0
497,Uniform-Mean-FFseed,0.0
498,Uniform-Mean-FFseed,0.0
499,Uniform-Mean-FFseed,0.0
500,Uniform-Mean-FFseed,0.0
501,Uniform-Mean-FFseed,0.0
502,Uniform-Mean-FFseed,0.0
503,Uniform-Mean-FFseed,28.953328827011774
504,Uniform-Mean-FFseed,0.0
505,Uniform-Mean-FFseed,0.0
506,Uniform-Mean-FFseed,0.0
507,Uniform-Mean-FFseed,0.0
508,Uniform-Mean-FFseed,0.0
509,Uniform-Mean-FFseed,0.0
510,Uniform-Mean-FFseed,0.0
511,Uniform-Mean-FFseed,0.0
512,Uniform-Mean-FFseed,0.0
513,Uniform-Mean-FFseed,0.0
514,Uniform-Mean-FFseed,0.0
515,Uniform-Mean-FFseed,0.0
516,Uniform-Mean-FFseed,0.0
517,Uniform-Mean-FFseed,0.0
518,Uniform-Mean-FFseed,0.0
519,Uniform-Mean-FFseed,10.637807676027194
520,Uniform-Mean-FFseed,0.0
521,Uniform-Mean-FFseed,0.0
522,Uniform-Mean-FFseed,0.0
523,Uniform-Mean-FFseed,0.0
524,Uniform-Mean-FFseed,0.0
525,Uniform-Mean-FFseed,0.0
526,Uniform-Mean-FFseed,0.0
527,Uniform-Mean-FFseed,0.0
528,Uniform-Mean-FFseed,0.0
529,Uniform-Mean-FFseed,0.0
530,Uniform-Mean-FFseed,0.0
531,Uniform-Mean-FFseed,0.0
532,Uniform-Mean-FFseed,0.0
533,Uniform-Mean-FFseed,0.0
534,Uniform-Mean-FFseed,0.0
535,Uniform-Mean-FFseed,34.70884373089544
536,Uniform-Mean-FFseed,0.0
537,Uniform-Mean-FFseed,0.0
538,Uniform-Mean-FFseed,0.0
539,Uniform-Mean-FFseed,3.954713784823525
540,Uniform-Mean-FFseed,0.0
541,Uniform-Mean-FFseed,0.0
542,Uniform-Mean-FFseed,0.0
543,Uniform-Mean-FFseed,0.0
544,Uniform-Mean-FFseed,0.0
545,Uniform-Mean-FFseed,0.0
546,Uniform-Mean-FFseed,4.603457852968859
547,Uniform-Mean-FFseed,0.0
548,Uniform-Mean-FFseed,0.0
549,Uniform-Mean-FFseed,0.0
550,Uniform-Mean-FFseed,0.0
551,Uniform-Mean-FFseed,9.372808156953113
552,Uniform-Mean-FFseed,0.0
553,Uniform-Mean-FFseed,0.0
554,Uniform-Mean-FFseed,0.0
555,Uniform-Mean-FFseed,2.7449951927226266
556,Uniform-Mean-FFseed,0.0
557,Uniform-Mean-FFseed,0.0
558,Uniform-Mean-FFseed,0.0
559,Uniform-Mean-FFseed,0.0
560,Uniform-Mean-FFseed,16.132475876255683
561,Uniform-Mean-FFseed,0.0
562,Uniform-Mean-FFseed,0.0
563,Uniform-Mean-FFseed,0.0
564,Uniform-Mean-FFseed,0.0
565,Uniform-Mean-FFseed,0.0
566,Uniform-Mean-FFseed,0.0
567,Uniform-Mean-FFseed,0.0
568,Uniform-Mean-FFseed,1.0719696017904994
569,Uniform-Mean-FFseed,0.0
570,Uniform-Mean-FFseed,0.0
571,Uniform-Mean-FFseed,0.0
572,Uniform-Mean-FFseed,0.0
573,Uniform-Mean-FFseed,0.5381996950326879
574,Uniform-Mean-FFseed,0.0
575,Uniform-Mean-FFseed,1.1091815862939711
576,Uniform-Mean-FFseed,0.0
577,Uniform-Mean-FFseed,0.0
578,Uniform-Mean-FFseed,0.0
579,Uniform-Mean-FFseed,0.0
580,Uniform-Mean-FFseed,0.0
581,Uniform-Mean-FFseed,0.0
582,Uniform-Mean-FFseed,0.0
583,Uniform-Mean-FFseed,0.0
584,Uniform-Mean-FFseed,0.0
585,Uniform-Mean-FFseed,0.0
586,Uniform-Mean-FFseed,0.0
587,Uniform-Mean-FFseed,0.0
588,Uniform-Mean-FFseed,0.0
589,Uniform-Mean-FFseed,0.0
590,Uniform-Mean-FFseed,27.62889389472764
591,Uniform-Mean-FFseed,0.0
592,Uniform-Mean-FFseed,0.0
593,Uniform-Mean-FFseed,0.0
594,Uniform-Mean-FFseed,0.0
595,Uniform-Mean-FFseed,0.388260091307302
596,Uniform-Mean-FFseed,0.0
597,Uniform-Mean-FFseed,0.0
598,Uniform-Mean-FFseed,0.0
599,Uniform-Mean-FFseed,0.0
600,Uniform-Mean-FFseed,0.0
601,Uniform-Mean-FFseed,0.0
602,Uniform-Mean-FFseed,0.0
603,Uniform-Mean-FFseed,0.0
604,Uniform-Mean-FFseed,0.0
605,Uniform-Mean-FFseed,0.0
606,Uniform-Mean-FFseed,5.234709773605687
607,Uniform-Mean-FFseed,55.827783398785584
608,Uniform-Mean-FFseed,15.054016404416075
609,Uniform-Mean-FFseed,5.533190877744687
610,Uniform-Mean-FFseed,0.5914814022110306
611,Uniform-Mean-FFseed,0.0
612,Uniform-Mean-FFseed,0.0
613,Uniform-Mean-FFseed,0.0
614,Uniform-Mean-FFseed,0.0
615,Uniform-Mean-FFseed,0.0
616,Uniform-Mean-FFseed,0.0
617,Uniform-Mean-FFseed,0.0
618,Uniform-Mean-FFseed,0.0
619,Uniform-Mean-FFseed,0.0
620,Uniform-Mean-FFseed,0.0
621,Uniform-Mean-FFseed,0.0
622,Uniform-Mean-FFseed,0.0
623,Uniform-Mean-FFseed,0.0
624,Uniform-Mean-FFseed,0.0
625,Uniform-Mean-FFseed,0.0
626,Uniform-Mean-FFseed,3.861192319573888
627,Uniform-Mean-FFseed,1.010170150800377
628,Uniform-Mean-FFseed,0.0
629,Uniform-Mean-FFseed,0.0
630,Uniform-Mean-FFseed,0.0
631,Uniform-Mean-FFseed,0.8324922030558923
632,Uniform-Mean-FFseed,0.0
633,Uniform-Mean-FFseed,9.571044370800195
634,Uniform-Mean-FFseed,0.0
635,Uniform-Mean-FFseed,0.0
636,Uniform-Mean-FFseed,0.0
637,Uniform-Mean-FFseed,0.0
638,Uniform-Mean-FFseed,0.0
639,Uniform-Mean-FFseed,0.0
640,Uniform-Mean-FFseed,0.0
641,Uniform-Mean-FFseed,0.0
642,Uniform-Mean-FFseed,0.0
643,Uniform-Mean-FFseed,0.0
644,Uniform-Mean-FFseed,0.0
645,Uniform-Mean-FFseed,4.363394392337398
646,Uniform-Mean-FFseed,0.0
647,Uniform-Mean-FFseed,0.0
648,Uniform-Mean-FFseed,1.2449746315567154
649,Uniform-Mean-FFseed,0.0
650,Uniform-Mean-FFseed,0.0
651,Uniform-Mean-FFseed,0.0
652,Uniform-Mean-FFseed,0.0
653,Uniform-Mean-FFseed,0.0
654,Uniform-Mean-FFseed,0.0
655,Uniform-Mean-FFseed,10.060535725893544
656,Uniform-Mean-FFseed,0.0
657,Uniform-Mean-FFseed,0.0
658,Uniform-Mean-FFseed,0.0
659,Uniform-Mean-FFseed,0.0
660,Uniform-Mean-FFseed,0.0
661,Uniform-Mean-FFseed,0.0
662,Uniform-Mean-FFseed,0.0
663,Uniform-Mean-FFseed,0.0
664,Uniform-Mean-FFseed,0.0
665,Uniform-Mean-FFseed,0.0
666,Uniform-Mean-FFseed,0.0
667,Uniform-Mean-FFseed,0.0
668,Uniform-Mean-FFseed,1.922001257157092
669,Uniform-Mean-FFseed,0.0
670,Uniform-Mean-FFseed,0.0
671,Uniform-Mean-FFseed,0.0
672,Uniform-Mean-FFseed,0.0
673,Uniform-Mean-FFseed,0.0
674,Uniform-Mean-FFseed,0.0
675,Uniform-Mean-FFseed,0.0
676,Uniform-Mean-FFseed,0.0
677,Uniform-Mean-FFseed,0.0
678,Uniform-Mean-FFseed,0.0
679,Uniform-Mean-FFseed,0.8636453610889419
680,Uniform-Mean-FFseed,0.0
681,Uniform-Mean-FFseed,0.0
682,Uniform-Mean-FFseed,0.0
683,Uniform-Mean-FFseed,0.0
684,Uniform-Mean-FFseed,0.0
685,Uniform-Mean-FFseed,0.0
686,Uniform-Mean-FFseed,0.0
687,Uniform-Mean-FFseed,0.0
688,Uniform-Mean-FFseed,0.0
689,Uniform-Mean-FFseed,26.252147496044756
690,Uniform-Mean-FFseed,0.0
691,Uniform-Mean-FFseed,0.0
692,Uniform-Mean-FFseed,0.0
693,Uniform-Mean-FFseed,0.0
694,Uniform-Mean-FFseed,0.0
695,Uniform-Mean-FFseed,0.795524089031062
696,Uniform-Mean-FFseed,0.0
697,Uniform-Mean-FFseed,0.0
698,Uniform-Mean-FFseed,9.301012363164148
699,Uniform-Mean-FFseed,0.0
700,Uniform-Mean-FFseed,0.0
701,Uniform-Mean-FFseed,0.0
702,Uniform-Mean-FFseed,9.573058627045071
703,Uniform-Mean-FFseed,0.0
704,Uniform-Mean-FFseed,0.0
705,Uniform-Mean-FFseed,0.0
706,Uniform-Mean-FFseed,0.0
707,Uniform-Mean-FFseed,0.0
708,Uniform-Mean-FFseed,0.0
709,Uniform-Mean-FFseed,0.0
710,Uniform-Mean-FFseed,0.0
711,Uniform-Mean-FFseed,0.0
712,Uniform-Mean-FFseed,0.0
713,Uniform-Mean-FFseed,0.0
714,Uniform-Mean-FFseed,0.0
715,Uniform-Mean-FFseed,29.35366190000846
716,Uniform-Mean-FFseed,13.421379827716237
717,Uniform-Mean-FFseed,0.0
718,Uniform-Mean-FFseed,0.0
719,Uniform-Mean-FFseed,0.0
720,Uniform-Mean-FFseed,0.0
721,Uniform-Mean-FFseed,0.0
722,Uniform-Mean-FFseed,0.0
723,Uniform-Mean-FFseed,0.0
724,Uniform-Mean-FFseed,1.7778490298929057
725,Uniform-Mean-FFseed,0.0
726,Uniform-Mean-FFseed,0.0
727,Uniform-Mean-FFseed,0.0
728,Uniform-Mean-FFseed,0.0
729,Uniform-Mean-FFseed,0.0
730,Uniform-Mean-FFseed,0.0
731,Uniform-Mean-FFseed,0.0
732,Uniform-Mean-FFseed,0.0
733,Uniform-Mean-FFseed,0.0
734,Uniform-Mean-FFseed,0.0
735,Uniform-Mean-FFseed,0.0
736,Uniform-Mean-FFseed,0.0
737,Uniform-Mean-FFseed,3.0047782896183435
738,Uniform-Mean-FFseed,0.0
739,Uniform-Mean-FFseed,0.0
740,Uniform-Mean-FFseed,0.0
741,Uniform-Mean-FFseed,0.0
742,Uniform-Mean-FFseed,0.0
743,Uniform-Mean-FFseed,0.7374739852412233
744,Uniform-Mean-FFseed,0.0
745,Uniform-Mean-FFseed,0.0
746,Uniform-Mean-FFseed,0.0
747,Uniform-Mean-FFseed,0.0
748,Uniform-Mean-FFseed,0.0
749,Uniform-Mean-FFseed,2.783349282354152
750,Uniform-Mean-FFseed,0.14547622984269992
751,Uniform-Mean-FFseed,0.0
752,Uniform-Mean-FFseed,0.0
753,Uniform-Mean-FFseed,0.0
754,Uniform-Mean-FFseed,0.0
755,Uniform-Mean-FFseed,0.0
756,Uniform-Mean-FFseed,0.0
757,Uniform-Mean-FFseed,0.0
758,Uniform-Mean-FFseed,1.4189733508931681
759,Uniform-Mean-FFseed,0.0
760,Uniform-Mean-FFseed,0.0
761,Uniform-Mean-FFseed,0.0
762,Uniform-Mean-FFseed,0.0
763,Uniform-Mean-FFseed,0.0
764,Uniform-Mean-FFseed,0.0
765,Uniform-Mean-FFseed,0.0
766,Uniform-Mean-FFseed,0.0
767,Uniform-Mean-FFseed,0.0
768,Uniform-Mean-FFseed,0.0
769,Uniform-Mean-FFseed,0.0
770,Uniform-Mean-FFseed,0.0
771,Uniform-Mean-FFseed,0.0
772,Uniform-Mean-FFseed,0.0
773,Uniform-Mean-FFseed,0.0
774,Uniform-Mean-FFseed,0.0
775,Uniform-Mean-FFseed,0.0
776,Uniform-Mean-FFseed,0.0
777,Uniform-Mean-FFseed,0.0
778,Uniform-Mean-FFseed,0.0
779,Uniform-Mean-FFseed,0.0
780,Uniform-Mean-FFseed,0.6068928750418081
781,Uniform-Mean-FFseed,0.0
782,Uniform-Mean-FFseed,0.0
783,Uniform-Mean-FFseed,0.0
784,Uniform-Mean-FFseed,0.0
785,Uniform-Mean-FFseed,1.5378121220377068
786,Uniform-Mean-FFseed,0.0
787,Uniform-Mean-FFseed,0.0
788,Uniform-Mean-FFseed,0.0
789,Uniform-Mean-FFseed,43.84423794374288
790,Uniform-Mean-FFseed,0.0
791,Uniform-Mean-FFseed,0.0
792,Uniform-Mean-FFseed,0.0
793,Uniform-Mean-FFseed,0.0
794,Uniform-Mean-FFseed,0.7304236785470266
795,Uniform-Mean-FFseed,0.0
796,Uniform-Mean-FFseed,0.0
797,Uniform-Mean-FFseed,5.199084702321045
798,Uniform-Mean-FFseed,0.3285084078166278
799,Uniform-Mean-FFseed,1.5082689660277424
800,Uniform-Mean-FFseed,0.0
801,Uniform-Mean-FFseed,0.0
802,Uniform-Mean-FFseed,0.0
803,Uniform-Mean-FFseed,0.0
804,Uniform-Mean-FFseed,5.002519492292208
805,Uniform-Mean-FFseed,0.0
806,Uniform-Mean-FFseed,0.0
807,Uniform-Mean-FFseed,0.0
808,Uniform-Mean-FFseed,0.0
809,Uniform-Mean-FFseed,0.0
810,Uniform-Mean-FFseed,0.0
811,Uniform-Mean-FFseed,0.0
812,Uniform-Mean-FFseed,13.006802589829334
813,Uniform-Mean-FFseed,0.0
814,Uniform-Mean-FFseed,0.0
815,Uniform-Mean-FFseed,17.448586469237995
816,Uniform-Mean-FFseed,0.0
817,Uniform-Mean-FFseed,0.0
818,Uniform-Mean-FFseed,35.51047565768229
819,Uniform-Mean-FFseed,0.0
820,Uniform-Mean-FFseed,0.0
821,Uniform-Mean-FFseed,0.0
822,Uniform-Mean-FFseed,0.0
823,Uniform-Mean-FFseed,0.0
824,Uniform-Mean-FFseed,0.4635201141044831
825,Uniform-Mean-FFseed,0.0
826,Uniform-Mean-FFseed,0.0
827,Uniform-Mean-FFseed,0.0
828,Uniform-Mean-FFseed,0.0
829,Uniform-Mean-FFseed,0.0
830,Uniform-Mean-FFseed,0.0
831,Uniform-Mean-FFseed,0.0
832,Uniform-Mean-FFseed,0.0
833,Uniform-Mean-FFseed,0.0
834,Uniform-Mean-FFseed,0.0
835,Uniform-Mean-FFseed,0.0
836,Uniform-Mean-FFseed,0.0
837,Uniform-Mean-FFseed,0.0
838,Uniform-Mean-FFseed,28.861755514426108
839,Uniform-Mean-FFseed,0.0
840,Uniform-Mean-FFseed,0.0
841,Uniform-Mean-FFseed,0.0
842,Uniform-Mean-FFseed,0.0
843,Uniform-Mean-FFseed,0.0
844,Uniform-Mean-FFseed,0.0
845,Uniform-Mean-FFseed,0.0
846,Uniform-Mean-FFseed,0.0
847,Uniform-Mean-FFseed,0.0
848,Uniform-Mean-FFseed,0.0
849,Uniform-Mean-FFseed,10.266987473055963
850,Uniform-Mean-FFseed,0.0
851,Uniform-Mean-FFseed,0.0
852,Uniform-Mean-FFseed,0.0
853,Uniform-Mean-FFseed,0.310376848197393
854,Uniform-Mean-FFseed,0.0
855,Uniform-Mean-FFseed,0.0
856,Uniform-Mean-FFseed,0.0
857,Uniform-Mean-FFseed,0.0
858,Uniform-Mean-FFseed,0.0
859,Uniform-Mean-FFseed,0.0
860,Uniform-Mean-FFseed,0.0
861,Uniform-Mean-FFseed,0.0
862,Uniform-Mean-FFseed,0.0
863,Uniform-Mean-FFseed,0.0
864,Uniform-Mean-FFseed,0.0
865,Uniform-Mean-FFseed,0.0
866,Uniform-Mean-FFseed,5.098245409622052
867,Uniform-Mean-FFseed,0.0
868,Uniform-Mean-FFseed,13.875394473470493
869,Uniform-Mean-FFseed,9.631372206256742
870,Uniform-Mean-FFseed,0.9673121740889883
871,Uniform-Mean-FFseed,0.0
872,Uniform-Mean-FFseed,0.0
873,Uniform-Mean-FFseed,0.0
874,Uniform-Mean-FFseed,0.0
875,Uniform-Mean-FFseed,0.0
876,Uniform-Mean-FFseed,0.0
877,Uniform-Mean-FFseed,0.0
878,Uniform-Mean-FFseed,0.0
879,Uniform-Mean-FFseed,25.564899499622555
880,Uniform-Mean-FFseed,0.0
881,Uniform-Mean-FFseed,0.0
882,Uniform-Mean-FFseed,0.0
883,Uniform-Mean-FFseed,0.0
884,Uniform-Mean-FFseed,0.0
885,Uniform-Mean-FFseed,0.0
886,Uniform-Mean-FFseed,0.0
887,Uniform-Mean-FFseed,0.0
888,Uniform-Mean-FFseed,5.936346430509303
889,Uniform-Mean-FFseed,0.0
890,Uniform-Mean-FFseed,0.0
891,Uniform-Mean-FFseed,59.002963942465556
892,Uniform-Mean-FFseed,0.0
893,Uniform-Mean-FFseed,1.74030094913752
894,Uniform-Mean-FFseed,0.7577885697837132
895,Uniform-Mean-FFseed,0.0
896,Uniform-Mean-FFseed,0.0
897,Uniform-Mean-FFseed,0.0
898,Uniform-Mean-FFseed,0.0
899,Uniform-Mean-FFseed,0.0
900,Uniform-Mean-FFseed,0.0
901,Uniform-Mean-FFseed,0.0
902,Uniform-Mean-FFseed,0.0
903,Uniform-Mean-FFseed,0.0
904,Uniform-Mean-FFseed,0.0
905,Uniform-Mean-FFseed,0.0
906,Uniform-Mean-FFseed,0.0
907,Uniform-Mean-FFseed,0.0
908,Uniform-Mean-FFseed,0.0
909,Uniform-Mean-FFseed,0.0
910,Uniform-Mean-FFseed,0.0
911,Uniform-Mean-FFseed,0.0
912,Uniform-Mean-FFseed,0.0
913,Uniform-Mean-FFseed,0.0
914,Uniform-Mean-FFseed,0.0
915,Uniform-Mean-FFseed,38.487571651127524
916,Uniform-Mean-FFseed,0.0
917,Uniform-Mean-FFseed,0.0
918,Uniform-Mean-FFseed,0.0
919,Uniform-Mean-FFseed,0.0
920,Uniform-Mean-FFseed,79.18825772268397
921,Uniform-Mean-FFseed,0.0
922,Uniform-Mean-FFseed,0.0
923,Uniform-Mean-FFseed,0.0
924,Uniform-Mean-FFseed,0.0
925,Uniform-Mean-FFseed,0.0
926,Uniform-Mean-FFseed,0.0
927,Uniform-Mean-FFseed,0.0
928,Uniform-Mean-FFseed,8.209112539855056
929,Uniform-Mean-FFseed,0.0
930,Uniform-Mean-FFseed,0.0
931,Uniform-Mean-FFseed,5.446117843856058
932,Uniform-Mean-FFseed,0.0
933,Uniform-Mean-FFseed,0.0
934,Uniform-Mean-FFseed,0.0
935,Uniform-Mean-FFseed,0.0
936,Uniform-Mean-FFseed,0.0
937,Uniform-Mean-FFseed,0.7098225235135942
938,Uniform-Mean-FFseed,0.0
939,Uniform-Mean-FFseed,0.0
940,Uniform-Mean-FFseed,0.0
941,Uniform-Mean-FFseed,0.0
942,Uniform-Mean-FFseed,0.0
943,Uniform-Mean-FFseed,0.0
944,Uniform-Mean-FFseed,1.409213838178573
945,Uniform-Mean-FFseed,0.0
946,Uniform-Mean-FFseed,0.0
947,Uniform-Mean-FFseed,0.0
948,Uniform-Mean-FFseed,2.2373184321451447
949,Uniform-Mean-FFseed,0.0
950,Uniform-Mean-FFseed,0.0
951,Uniform-Mean-FFseed,0.0
952,Uniform-Mean-FFseed,0.0
953,Uniform-Mean-FFseed,2.4666979508555755
954,Uniform-Mean-FFseed,0.0
955,Uniform-Mean-FFseed,0.5949142084845391
956,Uniform-Mean-FFseed,0.0
957,Uniform-Mean-FFseed,0.0
958,Uniform-Mean-FFseed,0.0
959,Uniform-Mean-FFseed,0.0
960,Uniform-Mean-FFseed,0.0
961,Uniform-Mean-FFseed,0.0
962,Uniform-Mean-FFseed,0.0
963,Uniform-Mean-FFseed,0.0
964,Uniform-Mean-FFseed,0.0
965,Uniform-Mean-FFseed,0.0
966,Uniform-Mean-FFseed,0.7396728011391929
967,Uniform-Mean-FFseed,0.0
968,Uniform-Mean-FFseed,0.0
969,Uniform-Mean-FFseed,0.0
970,Uniform-Mean-FFseed,0.0
971,Uniform-Mean-FFseed,9.99649619345189
972,Uniform-Mean-FFseed,0.0
973,Uniform-Mean-FFseed,0.0
974,Uniform-Mean-FFseed,0.0
975,Uniform-Mean-FFseed,0.0
976,Uniform-Mean-FFseed,0.0
977,Uniform-Mean-FFseed,0.0
978,Uniform-Mean-FFseed,0.0
979,Uniform-Mean-FFseed,0.6700549971781982
980,Uniform-Mean-FFseed,0.0
981,Uniform-Mean-FFseed,0.0
982,Uniform-Mean-FFseed,0.0
983,Uniform-Mean-FFseed,0.0
984,Uniform-Mean-FFseed,7.8047291433962585
985,Uniform-Mean-FFseed,0.0
986,Uniform-Mean-FFseed,0.0
987,Uniform-Mean-FFseed,0.0
988,Uniform-Mean-FFseed,96.41044390093003
989,Uniform-Mean-FFseed,0.0
990,Uniform-Mean-FFseed,0.0
991,Uniform-Mean-FFseed,5.899655232189275
992,Uniform-Mean-FFseed,0.0
993,Uniform-Mean-FFseed,0.0
994,Uniform-Mean-FFseed,0.0
995,Uniform-Mean-FFseed,0.0
996,Uniform-Mean-FFseed,2.1961206334539156
997,Uniform-Mean-FFseed,0.0
998,Uniform-Mean-FFseed,0.0
999,Uniform-Mean-FFseed,0.0
0,Uniform-CVaR-FFseed,0.0
1,Uniform-CVaR-FFseed,0.0
2,Uniform-CVaR-FFseed,5.021791288052043
3,Uniform-CVaR-FFseed,9.716693201574458
4,Uniform-CVaR-FFseed,0.0
5,Uniform-CVaR-FFseed,0.0
6,Uniform-CVaR-FFseed,0.08028980065353153
7,Uniform-CVaR-FFseed,0.47890370910835145
8,Uniform-CVaR-FFseed,0.14606323153969925
9,Uniform-CVaR-FFseed,0.07150106704688142
10,Uniform-CVaR-FFseed,0.0
11,Uniform-CVaR-FFseed,0.0
12,Uniform-CVaR-FFseed,0.0
13,Uniform-CVaR-FFseed,0.0
14,Uniform-CVaR-FFseed,0.0
15,Uniform-CVaR-FFseed,0.26528123732515496
16,Uniform-CVaR-FFseed,0.0
17,Uniform-CVaR-FFseed,0.0
18,Uniform-CVaR-FFseed,0.0
19,Uniform-CVaR-FFseed,0.0
20,Uniform-CVaR-FFseed,0.0
21,Uniform-CVaR-FFseed,0.0
22,Uniform-CVaR-FFseed,0.0
23,Uniform-CVaR-FFseed,0.11050367508033787
24,Uniform-CVaR-FFseed,0.0
25,Uniform-CVaR-FFseed,0.7525818299802722
26,Uniform-CVaR-FFseed,0.0
27,Uniform-CVaR-FFseed,0.0
28,Uniform-CVaR-FFseed,0.7197374452432541
29,Uniform-CVaR-FFseed,0.0
30,Uniform-CVaR-FFseed,0.0
31,Uniform-CVaR-FFseed,0.0
32,Uniform-CVaR-FFseed,0.7666901716108896
33,Uniform-CVaR-FFseed,0.38736482084681256
34,Uniform-CVaR-FFseed,0.30833887016024164
35,Uniform-CVaR-FFseed,0.0
36,Uniform-CVaR-FFseed,0.0
37,Uniform-CVaR-FFseed,0.0
38,Uniform-CVaR-FFseed,0.0
39,Uniform-CVaR-FFseed,4.282081759751691
40,Uniform-CVaR-FFseed,0.8119515551206291
41,Uniform-CVaR-FFseed,0.0
42,Uniform-CVaR-FFseed,0.0
43,Uniform-CVaR-FFseed,0.0
44,Uniform-CVaR-FFseed,0.0
45,Uniform-CVaR-FFseed,0.0
46,Uniform-CVaR-FFseed,0.0
47,Uniform-CVaR-FFseed,0.0
48,Uniform-CVaR-FFseed,0.0
49,Uniform-CVaR-FFseed,9.191639699687414
50,Uniform-CVaR-FFseed,0.0
51,Uniform-CVaR-FFseed,0.0
52,Uniform-CVaR-FFseed,0.0
53,Uniform-CVaR-FFseed,0.0
54,Uniform-CVaR-FFseed,12.820185828676586
55,Uniform-CVaR-FFseed,0.18779748880734815
56,Uniform-CVaR-FFseed,0.0
57,Uniform-CVaR-FFseed,0.0
58,Uniform-CVaR-FFseed,0.0
59,Uniform-CVaR-FFseed,1.0539862621000111
60,Uniform-CVaR-FFseed,0.0
61,Uniform-CVaR-FFseed,0.0
62,Uniform-CVaR-FFseed,0.0
63,Uniform-CVaR-FFseed,7.308605115767904
64,Uniform-CVaR-FFseed,0.0
65,Uniform-CVaR-FFseed,0.0
66,Uniform-CVaR-FFseed,0.0
67,Uniform-CVaR-FFseed,1.8209307515995192
68,Uniform-CVaR-FFseed,0.0
69,Uniform-CVaR-FFseed,0.0
70,Uniform-CVaR-FFseed,0.0
71,Uniform-CVaR-FFseed,0.0
72,Uniform-CVaR-FFseed,0.0
73,Uniform-CVaR-FFseed,0.0
74,Uniform-CVaR-FFseed,0.0
75,Uniform-CVaR-FFseed,0.0
76,Uniform-CVaR-FFseed,0.0
77,Uniform-CVaR-FFseed,0.0
78,Uniform-CVaR-FFseed,0.0
79,Uniform-CVaR-FFseed,0.0
80,Uniform-CVaR-FFseed,0.0
81,Uniform-CVaR-FFseed,0.0
82,Uniform-CVaR-FFseed,0.0
83,Uniform-CVaR-FFseed,0.0
84,Uniform-CVaR-FFseed,0.6603745479808936
85,Uniform-CVaR-FFseed,0.0
86,Uniform-CVaR-FFseed,2.622701892522457
87,Uniform-CVaR-FFseed,0.0
88,Uniform-CVaR-FFseed,0.0
89,Uniform-CVaR-FFseed,0.0
90,Uniform-CVaR-FFseed,0.0
91,Uniform-CVaR-FFseed,2.6804926816143393
92,Uniform-CVaR-FFseed,0.0
93,Uniform-CVaR-FFseed,0.0
94,Uniform-CVaR-FFseed,0.0
95,Uniform-CVaR-FFseed,2.0975875696710773
96,Uniform-CVaR-FFseed,0.5350827967757255
97,Uniform-CVaR-FFseed,0.0
98,Uniform-CVaR-FFseed,1.8230393406003316
99,Uniform-CVaR-FFseed,0.0
100,Uniform-CVaR-FFseed,8.990019559422876
101,Uniform-CVaR-FFseed,0.0
102,Uniform-CVaR-FFseed,3.2366330951308555
103,Uniform-CVaR-FFseed,0.0
104,Uniform-CVaR-FFseed,0.0
105,Uniform-CVaR-FFseed,0.0
106,Uniform-CVaR-FFseed,0.0
107,Uniform-CVaR-FFseed,0.10918938454329918
108,Uniform-CVaR-FFseed,0.0
109,Uniform-CVaR-FFseed,0.0
110,Uniform-CVaR-FFseed,0.06438866618856309
111,Uniform-CVaR-FFseed,0.0
112,Uniform-CVaR-FFseed,0.0
113,Uniform-CVaR-FFseed,0.0
114,Uniform-CVaR-FFseed,0.0
115,Uniform-CVaR-FFseed,0.0
116,Uniform-CVaR-FFseed,0.0
117,Uniform-CVaR-FFseed,0.0
118,Uniform-CVaR-FFseed,0.0
119,Uniform-CVaR-FFseed,0.0
120,Uniform-CVaR-FFseed,0.0
121,Uniform-CVaR-FFseed,0.0
122,Uniform-CVaR-FFseed,0.12626331804057145
123,Uniform-CVaR-FFseed,0.0
124,Uniform-CVaR-FFseed,0.23914826611587614
125,Uniform-CVaR-FFseed,0.0
126,Uniform-CVaR-FFseed,0.0
127,Uniform-CVaR-FFseed,0.0
128,Uniform-CVaR-FFseed,1.0651820787305724
129,Uniform-CVaR-FFseed,0.0
130,Uniform-CVaR-FFseed,0.0
131,Uniform-CVaR-FFseed,0.0
132,Uniform-CVaR-FFseed,0.0
133,Uniform-CVaR-FFseed,0.0
134,Uniform-CVaR-FFseed,0.20899198423461485
135,Uniform-CVaR-FFseed,2.629173814169633
136,Uniform-CVaR-FFseed,3.163087883867661
137,Uniform-CVaR-FFseed,0.16044545523334364
138,Uniform-CVaR-FFseed,0.0
139,Uniform-CVaR-FFseed,0.0
140,Uniform-CVaR-FFseed,0.0
141,Uniform-CVaR-FFseed,0.0
142,Uniform-CVaR-FFseed,2.6884796529082564
143,Uniform-CVaR-FFseed,0.0
144,Uniform-CVaR-FFseed,0.0
145,Uniform-CVaR-FFseed,0.0
146,Uniform-CVaR-FFseed,0.0
147,Uniform-CVaR-FFseed,0.6016207389070019
148,Uniform-CVaR-FFseed,0.0
149,Uniform-CVaR-FFseed,0.0
150,Uniform-CVaR-FFseed,0.0
151,Uniform-CVaR-FFseed,0.0
152,Uniform-CVaR-FFseed,0.0
153,Uniform-CVaR-FFseed,0.0
154,Uniform-CVaR-FFseed,0.0
155,Uniform-CVaR-FFseed,0.0
156,Uniform-CVaR-FFseed,2.7778135207283867
157,Uniform-CVaR-FFseed,2.7584784598687406
158,Uniform-CVaR-FFseed,2.247855387029176
159,Uniform-CVaR-FFseed,0.0
160,Uniform-CVaR-FFseed,0.0
161,Uniform-CVaR-FFseed,0.0
162,Uniform-CVaR-FFseed,0.0
163,Uniform-CVaR-FFseed,0.0
164,Uniform-CVaR-FFseed,0.0
165,Uniform-CVaR-FFseed,0.07615561495771317
166,Uniform-CVaR-FFseed,0.0
167,Uniform-CVaR-FFseed,0.0
168,Uniform-CVaR-FFseed,0.22604549175798638
169,Uniform-CVaR-FFseed,4.566481277922065
170,Uniform-CVaR-FFseed,0.0
171,Uniform-CVaR-FFseed,0.0
172,Uniform-CVaR-FFseed,1.5728014543885251
173,Uniform-CVaR-FFseed,0.0
174,Uniform-CVaR-FFseed,0.0
175,Uniform-CVaR-FFseed,0.0
176,Uniform-CVaR-FFseed,0.0
177,Uniform-CVaR-FFseed,0.0
178,Uniform-CVaR-FFseed,0.0
179,Uniform-CVaR-FFseed,0.0
180,Uniform-CVaR-FFseed,0.0
181,Uniform-CVaR-FFseed,0.0
182,Uniform-CVaR-FFseed,0.0
183,Uniform-CVaR-FFseed,0.0
184,Uniform-CVaR-FFseed,0.0
185,Uniform-CVaR-FFseed,0.0
186,Uniform-CVaR-FFseed,0.0
187,Uniform-CVaR-FFseed,0.0
188,Uniform-CVaR-FFseed,0.0
189,Uniform-CVaR-FFseed,0.0
190,Uniform-CVaR-FFseed,0.0
191,Uniform-CVaR-FFseed,0.0
192,Uniform-CVaR-FFseed,0.0
193,Uniform-CVaR-FFseed,0.0
194,Uniform-CVaR-FFseed,0.0
195,Uniform-CVaR-FFseed,0.0
196,Uniform-CVaR-FFseed,0.18482487633730216
197,Uniform-CVaR-FFseed,0.0
198,Uniform-CVaR-FFseed,0.0
199,Uniform-CVaR-FFseed,1.385535834768831
200,Uniform-CVaR-FFseed,0.0
201,Uniform-CVaR-FFseed,0.0
202,Uniform-CVaR-FFseed,0.0
203,Uniform-CVaR-FFseed,0.0
204,Uniform-CVaR-FFseed,0.6169099604102257
205,Uniform-CVaR-FFseed,0.0
206,Uniform-CVaR-FFseed,0.0
207,Uniform-CVaR-FFseed,0.0
208,Uniform-CVaR-FFseed,0.0
209,Uniform-CVaR-FFseed,0.0
210,Uniform-CVaR-FFseed,0.16982144060000337
211,Uniform-CVaR-FFseed,0.0
212,Uniform-CVaR-FFseed,0.0
213,Uniform-CVaR-FFseed,0.0
214,Uniform-CVaR-FFseed,0.0
215,Uniform-CVaR-FFseed,0.0
216,Uniform-CVaR-FFseed,0.4585763256610562
217,Uniform-CVaR-FFseed,0.1922549655770922
218,Uniform-CVaR-FFseed,0.0
219,Uniform-CVaR-FFseed,0.0
220,Uniform-CVaR-FFseed,0.0
221,Uniform-CVaR-FFseed,0.0
222,Uniform-CVaR-FFseed,0.0
223,Uniform-CVaR-FFseed,0.0
224,Uniform-CVaR-FFseed,2.1529005836767965
225,Uniform-CVaR-FFseed,0.0
226,Uniform-CVaR-FFseed,0.0
227,Uniform-CVaR-FFseed,4.1581995139079595
228,Uniform-CVaR-FFseed,0.0
229,Uniform-CVaR-FFseed,0.0
230,Uniform-CVaR-FFseed,0.0
231,Uniform-CVaR-FFseed,0.0
232,Uniform-CVaR-FFseed,0.0
233,Uniform-CVaR-FFseed,0.0
234,Uniform-CVaR-FFseed,0.0
235,Uniform-CVaR-FFseed,0.0
236,Uniform-CVaR-FFseed,0.6358122073763184
237,Uniform-CVaR-FFseed,0.0
238,Uniform-CVaR-FFseed,0.0
239,Uniform-CVaR-FFseed,0.0
240,Uniform-CVaR-FFseed,0.02317268543777118
241,Uniform-CVaR-FFseed,0.0
242,Uniform-CVaR-FFseed,0.882421263120591
243,Uniform-CVaR-FFseed,0.0
244,Uniform-CVaR-FFseed,0.0
245,Uniform-CVaR-FFseed,0.0
246,Uniform-CVaR-FFseed,0.0
247,Uniform-CVaR-FFseed,0.4483979778771072
248,Uniform-CVaR-FFseed,0.0
249,Uniform-CVaR-FFseed,0.2317945008097695
250,Uniform-CVaR-FFseed,1.9585357478424612
251,Uniform-CVaR-FFseed,0.7084158618710319
252,Uniform-CVaR-FFseed,0.0
253,Uniform-CVaR-FFseed,0.0
254,Uniform-CVaR-FFseed,0.0
255,Uniform-CVaR-FFseed,0.0
256,Uniform-CVaR-FFseed,0.027218671074706435
257,Uniform-CVaR-FFseed,0.0
258,Uniform-CVaR-FFseed,0.0
259,Uniform-CVaR-FFseed,0.0
260,Uniform-CVaR-FFseed,0.0
261,Uniform-CVaR-FFseed,0.0
262,Uniform-CVaR-FFseed,0.21254997270841613
263,Uniform-CVaR-FFseed,0.0
264,Uniform-CVaR-FFseed,7.9349052274060625
265,Uniform-CVaR-FFseed,0.0
266,Uniform-CVaR-FFseed,1.0408715628973937
267,Uniform-CVaR-FFseed,0.0
268,Uniform-CVaR-FFseed,0.0
269,Uniform-CVaR-FFseed,0.0
270,Uniform-CVaR-FFseed,0.6713340721430541
271,Uniform-CVaR-FFseed,0.0
272,Uniform-CVaR-FFseed,1.22846571689729
273,Uniform-CVaR-FFseed,0.0
274,Uniform-CVaR-FFseed,0.1879800651156529
275,Uniform-CVaR-FFseed,0.9033182309804033
276,Uniform-CVaR-FFseed,0.0
277,Uniform-CVaR-FFseed,0.0
278,Uniform-CVaR-FFseed,0.0
279,Uniform-CVaR-FFseed,3.2287898806939666
280,Uniform-CVaR-FFseed,0.0
281,Uniform-CVaR-FFseed,0.0
282,Uniform-CVaR-FFseed,0.0
283,Uniform-CVaR-FFseed,0.0
284,Uniform-CVaR-FFseed,4.745592758696773
285,Uniform-CVaR-FFseed,0.0
286,Uniform-CVaR-FFseed,0.0
287,Uniform-CVaR-FFseed,0.0
288,Uniform-CVaR-FFseed,0.5677757881692287
289,Uniform-CVaR-FFseed,0.4274517569577938
290,Uniform-CVaR-FFseed,3.2325592623999455
291,Uniform-CVaR-FFseed,0.0
292,Uniform-CVaR-FFseed,0.0
293,Uniform-CVaR-FFseed,0.0
294,Uniform-CVaR-FFseed,0.0
295,Uniform-CVaR-FFseed,0.0
296,Uniform-CVaR-FFseed,0.0
297,Uniform-CVaR-FFseed,0.0
298,Uniform-CVaR-FFseed,0.3428623337312615
299,Uniform-CVaR-FFseed,0.0
300,Uniform-CVaR-FFseed,0.36924372020229157
301,Uniform-CVaR-FFseed,0.0
302,Uniform-CVaR-FFseed,4.709558882754379
303,Uniform-CVaR-FFseed,0.0
304,Uniform-CVaR-FFseed,0.38572144959272237
305,Uniform-CVaR-FFseed,2.0617680197664754
306,Uniform-CVaR-FFseed,0.0
307,Uniform-CVaR-FFseed,0.0
308,Uniform-CVaR-FFseed,0.0
309,Uniform-CVaR-FFseed,0.3039736255976777
310,Uniform-CVaR-FFseed,0.0
311,Uniform-CVaR-FFseed,0.2503486776982413
312,Uniform-CVaR-FFseed,1.6358455313932438
313,Uniform-CVaR-FFseed,0.0
314,Uniform-CVaR-FFseed,0.0
315,Uniform-CVaR-FFseed,0.12168118376098391
316,Uniform-CVaR-FFseed,0.0
317,Uniform-CVaR-FFseed,0.0
318,Uniform-CVaR-FFseed,0.0
319,Uniform-CVaR-FFseed,1.213929525716594
320,Uniform-CVaR-FFseed,0.0
321,Uniform-CVaR-FFseed,0.0
322,Uniform-CVaR-FFseed,0.0
323,Uniform-CVaR-FFseed,0.0
324,Uniform-CVaR-FFseed,0.0
325,Uniform-CVaR-FFseed,0.0
326,Uniform-CVaR-FFseed,0.0
327,Uniform-CVaR-FFseed,0.0
328,Uniform-CVaR-FFseed,0.0
329,Uniform-CVaR-FFseed,0.0
330,Uniform-CVaR-FFseed,0.0
331,Uniform-CVaR-FFseed,0.0
332,Uniform-CVaR-FFseed,0.0
333,Uniform-CVaR-FFseed,0.7212876632185612
334,Uniform-CVaR-FFseed,0.0
335,Uniform-CVaR-FFseed,0.0
336,Uniform-CVaR-FFseed,0.0
337,Uniform-CVaR-FFseed,0.0
338,Uniform-CVaR-FFseed,0.3445874610392252
339,Uniform-CVaR-FFseed,0.0
340,Uniform-CVaR-FFseed,0.0
341,Uniform-CVaR-FFseed,0.0
342,Uniform-CVaR-FFseed,0.16027263969073147
343,Uniform-CVaR-FFseed,0.7024439804201279
344,Uniform-CVaR-FFseed,0.0
345,Uniform-CVaR-FFseed,0.06103630211453037
346,Uniform-CVaR-FFseed,0.0
347,Uniform-CVaR-FFseed,0.0
348,Uniform-CVaR-FFseed,0.0
349,Uniform-CVaR-FFseed,0.0
350,Uniform-CVaR-FFseed,4.076443342672633
351,Uniform-CVaR-FFseed,0.0
352,Uniform-CVaR-FFseed,0.0
353,Uniform-CVaR-FFseed,0.5732296445942211
354,Uniform-CVaR-FFseed,0.5129022440924587
355,Uniform-CVaR-FFseed,12.861943216655874
356,Uniform-CVaR-FFseed,0.0
357,Uniform-CVaR-FFseed,3.6065018094864456
358,Uniform-CVaR-FFseed,1.150423262847994
359,Uniform-CVaR-FFseed,0.0
360,Uniform-CVaR-FFseed,0.0
361,Uniform-CVaR-FFseed,0.0
362,Uniform-CVaR-FFseed,0.7286380988313681
363,Uniform-CVaR-FFseed,0.0
364,Uniform-CVaR-FFseed,0.0
365,Uniform-CVaR-FFseed,0.0
366,Uniform-CVaR-FFseed,0.0
367,Uniform-CVaR-FFseed,0.0
368,Uniform-CVaR-FFseed,0.0
369,Uniform-CVaR-FFseed,0.0
370,Uniform-CVaR-FFseed,0.0
371,Uniform-CVaR-FFseed,0.0
372,Uniform-CVaR-FFseed,0.0
373,Uniform-CVaR-FFseed,0.0
374,Uniform-CVaR-FFseed,0.0
375,Uniform-CVaR-FFseed,0.0
376,Uniform-CVaR-FFseed,0.3689138187284584
377,Uniform-CVaR-FFseed,0.0
378,Uniform-CVaR-FFseed,0.0
379,Uniform-CVaR-FFseed,0.2712140187015848
380,Uniform-CVaR-FFseed,0.3872453883572007
381,Uniform-CVaR-FFseed,0.0
382,Uniform-CVaR-FFseed,0.0
383,Uniform-CVaR-FFseed,1.5449666431600804
384,Uniform-CVaR-FFseed,0.0
385,Uniform-CVaR-FFseed,0.0
386,Uniform-CVaR-FFseed,0.0
387,Uniform-CVaR-FFseed,0.0
388,Uniform-CVaR-FFseed,0.0
389,Uniform-CVaR-FFseed,0.0
390,Uniform-CVaR-FFseed,0.0
391,Uniform-CVaR-FFseed,0.1714555826208084
392,Uniform-CVaR-FFseed,0.0
393,Uniform-CVaR-FFseed,63.38420848507431
394,Uniform-CVaR-FFseed,0.0
395,Uniform-CVaR-FFseed,0.0
396,Uniform-CVaR-FFseed,1.8801483166788557
397,Uniform-CVaR-FFseed,0.0
398,Uniform-CVaR-FFseed,0.011468925047040557
399,Uniform-CVaR-FFseed,0.0
400,Uniform-CVaR-FFseed,0.0
401,Uniform-CVaR-FFseed,0.0
402,Uniform-CVaR-FFseed,0.0
403,Uniform-CVaR-FFseed,0.0
404,Uniform-CVaR-FFseed,0.0
405,Uniform-CVaR-FFseed,0.14077252377325067
406,Uniform-CVaR-FFseed,0.0
407,Uniform-CVaR-FFseed,0.0
408,Uniform-CVaR-FFseed,0.0
409,Uniform-CVaR-FFseed,0.0
410,Uniform-CVaR-FFseed,0.0
411,Uniform-CVaR-FFseed,46.23319837023655
412,Uniform-CVaR-FFseed,0.0
413,Uniform-CVaR-FFseed,0.0
414,Uniform-CVaR-FFseed,0.0
415,Uniform-CVaR-FFseed,0.0
416,Uniform-CVaR-FFseed,0.0
417,Uniform-CVaR-FFseed,0.0
418,Uniform-CVaR-FFseed,0.0
419,Uniform-CVaR-FFseed,0.0
420,Uniform-CVaR-FFseed,0.0
421,Uniform-CVaR-FFseed,1.5437526206208076
422,Uniform-CVaR-FFseed,0.0
423,Uniform-CVaR-FFseed,0.0
424,Uniform-CVaR-FFseed,2.468855451058289
425,Uniform-CVaR-FFseed,0.0
426,Uniform-CVaR-FFseed,0.665658786167171
427,Uniform-CVaR-FFseed,0.0
428,Uniform-CVaR-FFseed,0.0
429,Uniform-CVaR-FFseed,1.418932254484048
430,Uniform-CVaR-FFseed,0.0
431,Uniform-CVaR-FFseed,0.0
432,Uniform-CVaR-FFseed,0.8852045342937913
433,Uniform-CVaR-FFseed,0.0
434,Uniform-CVaR-FFseed,0.0
435,Uniform-CVaR-FFseed,0.0
436,Uniform-CVaR-FFseed,0.0
437,Uniform-CVaR-FFseed,0.0
438,Uniform-CVaR-FFseed,0.0
439,Uniform-CVaR-FFseed,0.0
440,Uniform-CVaR-FFseed,0.0
441,Uniform-CVaR-FFseed,0.07637162745692194
442,Uniform-CVaR-FFseed,0.0
443,Uniform-CVaR-FFseed,0.0
444,Uniform-CVaR-FFseed,0.0
445,Uniform-CVaR-FFseed,0.0
446,Uniform-CVaR-FFseed,0.0
447,Uniform-CVaR-FFseed,0.15049268980720854
448,Uniform-CVaR-FFseed,0.0
449,Uniform-CVaR-FFseed,0.0
450,Uniform-CVaR-FFseed,0.0
451,Uniform-CVaR-FFseed,0.0
452,Uniform-CVaR-FFseed,0.0
453,Uniform-CVaR-FFseed,4.285153479353994
454,Uniform-CVaR-FFseed,0.27928037606977796
455,Uniform-CVaR-FFseed,0.5864419677553201
456,Uniform-CVaR-FFseed,0.0
457,Uniform-CVaR-FFseed,0.0
458,Uniform-CVaR-FFseed,3.9438970376268117
459,Uniform-CVaR-FFseed,0.0
460,Uniform-CVaR-FFseed,0.0
461,Uniform-CVaR-FFseed,0.0
462,Uniform-CVaR-FFseed,1.9094345167178517
463,Uniform-CVaR-FFseed,1.8828217760932375
464,Uniform-CVaR-FFseed,0.0
465,Uniform-CVaR-FFseed,0.4772208979339325
466,Uniform-CVaR-FFseed,0.0
467,Uniform-CVaR-FFseed,3.7002695671105243
468,Uniform-CVaR-FFseed,0.14102821978173097
469,Uniform-CVaR-FFseed,0.0
470,Uniform-CVaR-FFseed,0.0
471,Uniform-CVaR-FFseed,0.0
472,Uniform-CVaR-FFseed,0.0
473,Uniform-CVaR-FFseed,2.435503728474373
474,Uniform-CVaR-FFseed,0.0
475,Uniform-CVaR-FFseed,0.0
476,Uniform-CVaR-FFseed,0.0
477,Uniform-CVaR-FFseed,0.0
478,Uniform-CVaR-FFseed,0.0
479,Uniform-CVaR-FFseed,0.0
480,Uniform-CVaR-FFseed,0.0
481,Uniform-CVaR-FFseed,0.2207403950987441
482,Uniform-CVaR-FFseed,0.0
483,Uniform-CVaR-FFseed,3.0213399416416564
484,Uniform-CVaR-FFseed,0.0
485,Uniform-CVaR-FFseed,0.0
486,Uniform-CVaR-FFseed,0.0
487,Uniform-CVaR-FFseed,1.8832821012119894
488,Uniform-CVaR-FFseed,0.0
489,Uniform-CVaR-FFseed,0.0
490,Uniform-CVaR-FFseed,0.9915185864089722
491,Uniform-CVaR-FFseed,0.0
492,Uniform-CVaR-FFseed,28.18868417725679
493,Uniform-CVaR-FFseed,0.0
494,Uniform-CVaR-FFseed,0.0
495,Uniform-CVaR-FFseed,0.0
496,Uniform-CVaR-FFseed,1.2555985529199347
497,Uniform-CVaR-FFseed,0.0
498,Uniform-CVaR-FFseed,0.0
499,Uniform-CVaR-FFseed,0.0
500,Uniform-CVaR-FFseed,0.0
501,Uniform-CVaR-FFseed,0.0
502,Uniform-CVaR-FFseed,5.0506881146092155
503,Uniform-CVaR-FFseed,0.0
504,Uniform-CVaR-FFseed,0.0
505,Uniform-CVaR-FFseed,0.0
506,Uniform-CVaR-FFseed,0.0
507,Uniform-CVaR-FFseed,0.5660136736971708
508,Uniform-CVaR-FFseed,0.0
509,Uniform-CVaR-FFseed,0.0
510,Uniform-CVaR-FFseed,0.0
511,Uniform-CVaR-FFseed,0.4274807308247546
512,Uniform-CVaR-FFseed,0.0
513,Uniform-CVaR-FFseed,0.2197528813000531
514,Uniform-CVaR-FFseed,1.0496320820454343
515,Uniform-CVaR-FFseed,0.0
516,Uniform-CVaR-FFseed,0.0
517,Uniform-CVaR-FFseed,0.0
518,Uniform-CVaR-FFseed,12.793110411619153
519,Uniform-CVaR-FFseed,0.0
520,Uniform-CVaR-FFseed,1.4453229230986722
521,Uniform-CVaR-FFseed,0.0
522,Uniform-CVaR-FFseed,0.0
523,Uniform-CVaR-FFseed,0.0
524,Uniform-CVaR-FFseed,0.0
525,Uniform-CVaR-FFseed,0.0
526,Uniform-CVaR-FFseed,0.0
527,Uniform-CVaR-FFseed,0.0
528,Uniform-CVaR-FFseed,0.0
529,Uniform-CVaR-FFseed,0.0
530,Uniform-CVaR-FFseed,4.107537689698859
531,Uniform-CVaR-FFseed,0.0
532,Uniform-CVaR-FFseed,0.0
533,Uniform-CVaR-FFseed,0.0
534,Uniform-CVaR-FFseed,0.0
535,Uniform-CVaR-FFseed,0.0
536,Uniform-CVaR-FFseed,0.0
537,Uniform-CVaR-FFseed,0.3840289009055482
538,Uniform-CVaR-FFseed,0.0
539,Uniform-CVaR-FFseed,3.954713784823525
540,Uniform-CVaR-FFseed,1.8666107980216111
541,Uniform-CVaR-FFseed,0.0
542,Uniform-CVaR-FFseed,0.0
543,Uniform-CVaR-FFseed,0.0
544,Uniform-CVaR-FFseed,0.0
545,Uniform-CVaR-FFseed,0.0
546,Uniform-CVaR-FFseed,2.0364325906027716
547,Uniform-CVaR-FFseed,0.0
548,Uniform-CVaR-FFseed,0.0
549,Uniform-CVaR-FFseed,0.07251989429016703
550,Uniform-CVaR-FFseed,0.0
551,Uniform-CVaR-FFseed,0.0
552,Uniform-CVaR-FFseed,0.0
553,Uniform-CVaR-FFseed,0.0
554,Uniform-CVaR-FFseed,0.0
555,Uniform-CVaR-FFseed,0.0
556,Uniform-CVaR-FFseed,0.0
557,Uniform-CVaR-FFseed,0.0
558,Uniform-CVaR-FFseed,0.0
559,Uniform-CVaR-FFseed,0.1651320839488335
560,Uniform-CVaR-FFseed,0.11230973504831354
561,Uniform-CVaR-FFseed,0.0
562,Uniform-CVaR-FFseed,0.0
563,Uniform-CVaR-FFseed,0.0
564,Uniform-CVaR-FFseed,0.0642195577913185
565,Uniform-CVaR-FFseed,0.0
566,Uniform-CVaR-FFseed,0.0
567,Uniform-CVaR-FFseed,0.0
568,Uniform-CVaR-FFseed,0.0
569,Uniform-CVaR-FFseed,0.0
570,Uniform-CVaR-FFseed,0.0
571,Uniform-CVaR-FFseed,0.0
572,Uniform-CVaR-FFseed,0.7145206209347066
573,Uniform-CVaR-FFseed,0.5381996950326879
574,Uniform-CVaR-FFseed,0.0
575,Uniform-CVaR-FFseed,0.0
576,Uniform-CVaR-FFseed,0.0
577,Uniform-CVaR-FFseed,0.21083209848882234
578,Uniform-CVaR-FFseed,0.0
579,Uniform-CVaR-FFseed,0.0
580,Uniform-CVaR-FFseed,0.0
581,Uniform-CVaR-FFseed,0.0
582,Uniform-CVaR-FFseed,0.0
583,Uniform-CVaR-FFseed,0.0
584,Uniform-CVaR-FFseed,0.0
585,Uniform-CVaR-FFseed,0.0
586,Uniform-CVaR-FFseed,0.0
587,Uniform-CVaR-FFseed,1.5930635945038034
588,Uniform-CVaR-FFseed,0.0
589,Uniform-CVaR-FFseed,0.0
590,Uniform-CVaR-FFseed,0.1417278958613224
591,Uniform-CVaR-FFseed,0.2506889863684876
592,Uniform-CVaR-FFseed,0.0
593,Uniform-CVaR-FFseed,0.4242574660266314
594,Uniform-CVaR-FFseed,0.005924737828479465
595,Uniform-CVaR-FFseed,0.0
596,Uniform-CVaR-FFseed,0.0
597,Uniform-CVaR-FFseed,0.0
598,Uniform-CVaR-FFseed,0.0
599,Uniform-CVaR-FFseed,0.0214745153072613
600,Uniform-CVaR-FFseed,0.8307575775065743
601,Uniform-CVaR-FFseed,0.0
602,Uniform-CVaR-FFseed,0.0
603,Uniform-CVaR-FFseed,6.188440168431214
604,Uniform-CVaR-FFseed,0.0
605,Uniform-CVaR-FFseed,0.0
606,Uniform-CVaR-FFseed,5.234709773605687
607,Uniform-CVaR-FFseed,0.0
608,Uniform-CVaR-FFseed,0.0
609,Uniform-CVaR-FFseed,5.533190877744687
610,Uniform-CVaR-FFseed,0.0
611,Uniform-CVaR-FFseed,0.0
612,Uniform-CVaR-FFseed,0.0
613,Uniform-CVaR-FFseed,0.0
614,Uniform-CVaR-FFseed,0.0
615,Uniform-CVaR-FFseed,0.0
616,Uniform-CVaR-FFseed,0.0
617,Uniform-CVaR-FFseed,0.0
618,Uniform-CVaR-FFseed,0.0
619,Uniform-CVaR-FFseed,0.0
620,Uniform-CVaR-FFseed,0.3647575662877216
621,Uniform-CVaR-FFseed,0.0
622,Uniform-CVaR-FFseed,0.1467012112424868
623,Uniform-CVaR-FFseed,0.0
624,Uniform-CVaR-FFseed,28.36363592898823
625,Uniform-CVaR-FFseed,0.0
626,Uniform-CVaR-FFseed,0.0
627,Uniform-CVaR-FFseed,2.250151426533705
628,Uniform-CVaR-FFseed,0.0
629,Uniform-CVaR-FFseed,0.0
630,Uniform-CVaR-FFseed,0.0
631,Uniform-CVaR-FFseed,0.0
632,Uniform-CVaR-FFseed,0.0
633,Uniform-CVaR-FFseed,0.0
634,Uniform-CVaR-FFseed,2.296356441619139
635,Uniform-CVaR-FFseed,0.0
636,Uniform-CVaR-FFseed,0.34925150518722603
637,Uniform-CVaR-FFseed,0.0
638,Uniform-CVaR-FFseed,0.0
639,Uniform-CVaR-FFseed,3.856525760548294
640,Uniform-CVaR-FFseed,0.0
641,Uniform-CVaR-FFseed,0.0
642,Uniform-CVaR-FFseed,0.0
643,Uniform-CVaR-FFseed,0.0
644,Uniform-CVaR-FFseed,0.0
645,Uniform-CVaR-FFseed,4.363394392337398
646,Uniform-CVaR-FFseed,0.0
647,Uniform-CVaR-FFseed,0.0
648,Uniform-CVaR-FFseed,0.0
649,Uniform-CVaR-FFseed,0.0
650,Uniform-CVaR-FFseed,0.8413822705828125
651,Uniform-CVaR-FFseed,0.0
652,Uniform-CVaR-FFseed,0.0
653,Uniform-CVaR-FFseed,0.0
654,Uniform-CVaR-FFseed,2.7644969735080736
655,Uniform-CVaR-FFseed,0.0
656,Uniform-CVaR-FFseed,0.0
657,Uniform-CVaR-FFseed,0.0
658,Uniform-CVaR-FFseed,0.0
659,Uniform-CVaR-FFseed,0.0
660,Uniform-CVaR-FFseed,0.0
661,Uniform-CVaR-FFseed,0.0
662,Uniform-CVaR-FFseed,0.0
663,Uniform-CVaR-FFseed,3.265526549831577
664,Uniform-CVaR-FFseed,0.0
665,Uniform-CVaR-FFseed,0.0
666,Uniform-CVaR-FFseed,0.30116747326246696
667,Uniform-CVaR-FFseed,0.0
668,Uniform-CVaR-FFseed,0.0
669,Uniform-CVaR-FFseed,0.0
670,Uniform-CVaR-FFseed,0.0
671,Uniform-CVaR-FFseed,0.0
672,Uniform-CVaR-FFseed,0.0
673,Uniform-CVaR-FFseed,0.0
674,Uniform-CVaR-FFseed,0.0
675,Uniform-CVaR-FFseed,0.3327002617449466
676,Uniform-CVaR-FFseed,0.0
677,Uniform-CVaR-FFseed,0.0
678,Uniform-CVaR-FFseed,0.0
679,Uniform-CVaR-FFseed,5.073342883712286
680,Uniform-CVaR-FFseed,0.42500606782630257
681,Uniform-CVaR-FFseed,0.0
682,Uniform-CVaR-FFseed,0.0
683,Uniform-CVaR-FFseed,0.0
684,Uniform-CVaR-FFseed,4.371982884475699
685,Uniform-CVaR-FFseed,4.766132399888477
686,Uniform-CVaR-FFseed,0.0
687,Uniform-CVaR-FFseed,0.0
688,Uniform-CVaR-FFseed,0.0
689,Uniform-CVaR-FFseed,0.0
690,Uniform-CVaR-FFseed,0.557775744190792
691,Uniform-CVaR-FFseed,0.0
692,Uniform-CVaR-FFseed,0.0
693,Uniform-CVaR-FFseed,0.0
694,Uniform-CVaR-FFseed,0.0
695,Uniform-CVaR-FFseed,0.0
696,Uniform-CVaR-FFseed,0.0
697,Uniform-CVaR-FFseed,0.0
698,Uniform-CVaR-FFseed,0.0
699,Uniform-CVaR-FFseed,0.0
700,Uniform-CVaR-FFseed,0.0
701,Uniform-CVaR-FFseed,0.0
702,Uniform-CVaR-FFseed,0.0
703,Uniform-CVaR-FFseed,0.0
704,Uniform-CVaR-FFseed,0.0
705,Uniform-CVaR-FFseed,0.0
706,Uniform-CVaR-FFseed,0.0
707,Uniform-CVaR-FFseed,0.0
708,Uniform-CVaR-FFseed,0.0
709,Uniform-CVaR-FFseed,0.0
710,Uniform-CVaR-FFseed,0.0
711,Uniform-CVaR-FFseed,0.0
712,Uniform-CVaR-FFseed,1.7210973409297594
713,Uniform-CVaR-FFseed,0.6030370419986184
714,Uniform-CVaR-FFseed,0.0
715,Uniform-CVaR-FFseed,0.0
716,Uniform-CVaR-FFseed,0.0
717,Uniform-CVaR-FFseed,0.0
718,Uniform-CVaR-FFseed,0.0
719,Uniform-CVaR-FFseed,0.0
720,Uniform-CVaR-FFseed,0.0
721,Uniform-CVaR-FFseed,0.0
722,Uniform-CVaR-FFseed,0.0
723,Uniform-CVaR-FFseed,0.0
724,Uniform-CVaR-FFseed,0.0
725,Uniform-CVaR-FFseed,0.0
726,Uniform-CVaR-FFseed,0.0
727,Uniform-CVaR-FFseed,0.0
728,Uniform-CVaR-FFseed,2.555074561578067
729,Uniform-CVaR-FFseed,0.0
730,Uniform-CVaR-FFseed,0.0
731,Uniform-CVaR-FFseed,0.0
732,Uniform-CVaR-FFseed,0.0
733,Uniform-CVaR-FFseed,0.0
734,Uniform-CVaR-FFseed,0.0
735,Uniform-CVaR-FFseed,0.14022825375411685
736,Uniform-CVaR-FFseed,0.0
737,Uniform-CVaR-FFseed,0.0
738,Uniform-CVaR-FFseed,0.0
739,Uniform-CVaR-FFseed,0.0
740,Uniform-CVaR-FFseed,0.0
741,Uniform-CVaR-FFseed,0.0
742,Uniform-CVaR-FFseed,0.0
743,Uniform-CVaR-FFseed,0.7374739852412233
744,Uniform-CVaR-FFseed,0.0
745,Uniform-CVaR-FFseed,0.0
746,Uniform-CVaR-FFseed,0.0
747,Uniform-CVaR-FFseed,0.0
748,Uniform-CVaR-FFseed,0.0
749,Uniform-CVaR-FFseed,2.783349282354152
750,Uniform-CVaR-FFseed,0.14547622984269992
751,Uniform-CVaR-FFseed,0.0
752,Uniform-CVaR-FFseed,0.0
753,Uniform-CVaR-FFseed,0.0
754,Uniform-CVaR-FFseed,0.0
755,Uniform-CVaR-FFseed,1.5892202191150204
756,Uniform-CVaR-FFseed,0.0
757,Uniform-CVaR-FFseed,0.0
758,Uniform-CVaR-FFseed,2.097151792510374
759,Uniform-CVaR-FFseed,0.0
760,Uniform-CVaR-FFseed,0.0
761,Uniform-CVaR-FFseed,0.0
762,Uniform-CVaR-FFseed,0.0
763,Uniform-CVaR-FFseed,0.40522214281895685
764,Uniform-CVaR-FFseed,0.0
765,Uniform-CVaR-FFseed,0.0
766,Uniform-CVaR-FFseed,0.0
767,Uniform-CVaR-FFseed,0.0
768,Uniform-CVaR-FFseed,0.0
769,Uniform-CVaR-FFseed,0.018819243999246282
770,Uniform-CVaR-FFseed,0.0
771,Uniform-CVaR-FFseed,0.0
772,Uniform-CVaR-FFseed,0.2819796333446334
773,Uniform-CVaR-FFseed,0.0
774,Uniform-CVaR-FFseed,0.0
775,Uniform-CVaR-FFseed,0.0
776,Uniform-CVaR-FFseed,0.0
777,Uniform-CVaR-FFseed,0.0
778,Uniform-CVaR-FFseed,3.4181054079400326
779,Uniform-CVaR-FFseed,0.0
780,Uniform-CVaR-FFseed,2.7750669371164918
781,Uniform-CVaR-FFseed,0.0
782,Uniform-CVaR-FFseed,0.9208276252260816
783,Uniform-CVaR-FFseed,0.4107359820074521
784,Uniform-CVaR-FFseed,0.0
785,Uniform-CVaR-FFseed,2.961500077977121
786,Uniform-CVaR-FFseed,0.0
787,Uniform-CVaR-FFseed,0.0
788,Uniform-CVaR-FFseed,0.0
789,Uniform-CVaR-FFseed,0.0
790,Uniform-CVaR-FFseed,0.0
791,Uniform-CVaR-FFseed,0.0
792,Uniform-CVaR-FFseed,21.32958302794529
793,Uniform-CVaR-FFseed,0.0
794,Uniform-CVaR-FFseed,0.0
795,Uniform-CVaR-FFseed,0.0
796,Uniform-CVaR-FFseed,0.0
797,Uniform-CVaR-FFseed,10.41050077633497
798,Uniform-CVaR-FFseed,0.0
799,Uniform-CVaR-FFseed,0.08555130234907438
800,Uniform-CVaR-FFseed,0.0
801,Uniform-CVaR-FFseed,0.3169513463829503
802,Uniform-CVaR-FFseed,0.0
803,Uniform-CVaR-FFseed,0.0
804,Uniform-CVaR-FFseed,7.381821704558206
805,Uniform-CVaR-FFseed,0.0
806,Uniform-CVaR-FFseed,0.0
807,Uniform-CVaR-FFseed,0.0
808,Uniform-CVaR-FFseed,0.0
809,Uniform-CVaR-FFseed,0.0
810,Uniform-CVaR-FFseed,0.0
811,Uniform-CVaR-FFseed,0.0
812,Uniform-CVaR-FFseed,1.8026104095108053
813,Uniform-CVaR-FFseed,0.0
814,Uniform-CVaR-FFseed,0.0
815,Uniform-CVaR-FFseed,0.26162546913474216
816,Uniform-CVaR-FFseed,0.0
817,Uniform-CVaR-FFseed,0.01290344438041302
818,Uniform-CVaR-FFseed,0.0
819,Uniform-CVaR-FFseed,0.0
820,Uniform-CVaR-FFseed,0.3586539398594937
821,Uniform-CVaR-FFseed,0.6930167611557181
822,Uniform-CVaR-FFseed,0.0
823,Uniform-CVaR-FFseed,0.0
824,Uniform-CVaR-FFseed,0.0
825,Uniform-CVaR-FFseed,0.0
826,Uniform-CVaR-FFseed,0.0
827,Uniform-CVaR-FFseed,0.0
828,Uniform-CVaR-FFseed,0.0
829,Uniform-CVaR-FFseed,0.38139097727952276
830,Uniform-CVaR-FFseed,0.0
831,Uniform-CVaR-FFseed,0.0
832,Uniform-CVaR-FFseed,0.0
833,Uniform-CVaR-FFseed,0.0
834,Uniform-CVaR-FFseed,0.0
835,Uniform-CVaR-FFseed,0.0
836,Uniform-CVaR-FFseed,0.0
837,Uniform-CVaR-FFseed,0.0
838,Uniform-CVaR-FFseed,0.0
839,Uniform-CVaR-FFseed,0.0
840,Uniform-CVaR-FFseed,0.0
841,Uniform-CVaR-FFseed,0.0
842,Uniform-CVaR-FFseed,0.0
843,Uniform-CVaR-FFseed,0.0
844,Uniform-CVaR-FFseed,0.0
845,Uniform-CVaR-FFseed,0.0
846,Uniform-CVaR-FFseed,0.0
847,Uniform-CVaR-FFseed,0.0
848,Uniform-CVaR-FFseed,0.0
849,Uniform-CVaR-FFseed,0.0
850,Uniform-CVaR-FFseed,0.03596208893026187
851,Uniform-CVaR-FFseed,0.0
852,Uniform-CVaR-FFseed,0.0
853,Uniform-CVaR-FFseed,0.0
854,Uniform-CVaR-FFseed,0.0
855,Uniform-CVaR-FFseed,0.0
856,Uniform-CVaR-FFseed,1.8086607433332915
857,Uniform-CVaR-FFseed,0.0
858,Uniform-CVaR-FFseed,0.0
859,Uniform-CVaR-FFseed,0.0
860,Uniform-CVaR-FFseed,0.0
861,Uniform-CVaR-FFseed,0.0
862,Uniform-CVaR-FFseed,0.0
863,Uniform-CVaR-FFseed,0.0
864,Uniform-CVaR-FFseed,0.0
865,Uniform-CVaR-FFseed,0.0
866,Uniform-CVaR-FFseed,6.717437646895462
867,Uniform-CVaR-FFseed,0.0
868,Uniform-CVaR-FFseed,0.5698089226285106
869,Uniform-CVaR-FFseed,0.31694230551397595
870,Uniform-CVaR-FFseed,0.9673121740889883
871,Uniform-CVaR-FFseed,0.03669813871056249
872,Uniform-CVaR-FFseed,0.0
873,Uniform-CVaR-FFseed,1.837734974613312
874,Uniform-CVaR-FFseed,0.0
875,Uniform-CVaR-FFseed,0.0
876,Uniform-CVaR-FFseed,0.0
877,Uniform-CVaR-FFseed,0.0
878,Uniform-CVaR-FFseed,0.0
879,Uniform-CVaR-FFseed,0.0006884891034815155
880,Uniform-CVaR-FFseed,0.0
881,Uniform-CVaR-FFseed,0.0
882,Uniform-CVaR-FFseed,0.0
883,Uniform-CVaR-FFseed,0.0
884,Uniform-CVaR-FFseed,0.0
885,Uniform-CVaR-FFseed,0.0
886,Uniform-CVaR-FFseed,0.0
887,Uniform-CVaR-FFseed,0.0
888,Uniform-CVaR-FFseed,0.0
889,Uniform-CVaR-FFseed,0.0
890,Uniform-CVaR-FFseed,0.0
891,Uniform-CVaR-FFseed,1.2316504304379237
892,Uniform-CVaR-FFseed,0.0
893,Uniform-CVaR-FFseed,1.74030094913752
894,Uniform-CVaR-FFseed,0.0
895,Uniform-CVaR-FFseed,0.0
896,Uniform-CVaR-FFseed,0.0
897,Uniform-CVaR-FFseed,0.0
898,Uniform-CVaR-FFseed,0.5570017791128521
899,Uniform-CVaR-FFseed,0.0
900,Uniform-CVaR-FFseed,0.0
901,Uniform-CVaR-FFseed,0.0
902,Uniform-CVaR-FFseed,2.7581411442449166
903,Uniform-CVaR-FFseed,0.0
904,Uniform-CVaR-FFseed,3.5998477825286272
905,Uniform-CVaR-FFseed,0.0
906,Uniform-CVaR-FFseed,0.0
907,Uniform-CVaR-FFseed,0.0
908,Uniform-CVaR-FFseed,0.0
909,Uniform-CVaR-FFseed,1.4402164160982238
910,Uniform-CVaR-FFseed,0.0
911,Uniform-CVaR-FFseed,0.0
912,Uniform-CVaR-FFseed,0.7640587150277725
913,Uniform-CVaR-FFseed,0.0
914,Uniform-CVaR-FFseed,0.0
915,Uniform-CVaR-FFseed,0.0
916,Uniform-CVaR-FFseed,0.0
917,Uniform-CVaR-FFseed,0.5791441997357651
918,Uniform-CVaR-FFseed,0.0
919,Uniform-CVaR-FFseed,0.07972489009921446
920,Uniform-CVaR-FFseed,0.0
921,Uniform-CVaR-FFseed,0.0
922,Uniform-CVaR-FFseed,0.0
923,Uniform-CVaR-FFseed,0.0
924,Uniform-CVaR-FFseed,0.0
925,Uniform-CVaR-FFseed,1.7225035924818144
926,Uniform-CVaR-FFseed,0.0
927,Uniform-CVaR-FFseed,0.0
928,Uniform-CVaR-FFseed,0.0
929,Uniform-CVaR-FFseed,0.0
930,Uniform-CVaR-FFseed,0.0
931,Uniform-CVaR-FFseed,0.0
932,Uniform-CVaR-FFseed,0.21045499852584726
933,Uniform-CVaR-FFseed,0.0
934,Uniform-CVaR-FFseed,1.5887011092771672
935,Uniform-CVaR-FFseed,0.0
936,Uniform-CVaR-FFseed,0.0
937,Uniform-CVaR-FFseed,0.5108271393781934
938,Uniform-CVaR-FFseed,0.0
939,Uniform-CVaR-FFseed,0.0
940,Uniform-CVaR-FFseed,0.0
941,Uniform-CVaR-FFseed,0.0
942,Uniform-CVaR-FFseed,0.0
943,Uniform-CVaR-FFseed,0.0
944,Uniform-CVaR-FFseed,0.0
945,Uniform-CVaR-FFseed,0.01805663695779458
946,Uniform-CVaR-FFseed,0.5328377844272154
947,Uniform-CVaR-FFseed,0.0
948,Uniform-CVaR-FFseed,2.2373184321451447
949,Uniform-CVaR-FFseed,0.0
950,Uniform-CVaR-FFseed,0.0
951,Uniform-CVaR-FFseed,0.0
952,Uniform-CVaR-FFseed,0.0
953,Uniform-CVaR-FFseed,2.4666979508555755
954,Uniform-CVaR-FFseed,0.24675344425259027
955,Uniform-CVaR-FFseed,0.5949142084845391
956,Uniform-CVaR-FFseed,0.30630226957168816
957,Uniform-CVaR-FFseed,0.0
958,Uniform-CVaR-FFseed,0.8148042064037782
959,Uniform-CVaR-FFseed,0.0
960,Uniform-CVaR-FFseed,0.0
961,Uniform-CVaR-FFseed,0.0
962,Uniform-CVaR-FFseed,0.0
963,Uniform-CVaR-FFseed,0.0
964,Uniform-CVaR-FFseed,53.868504759697146
965,Uniform-CVaR-FFseed,0.0
966,Uniform-CVaR-FFseed,0.7396728011391929
967,Uniform-CVaR-FFseed,0.0
968,Uniform-CVaR-FFseed,0.0
969,Uniform-CVaR-FFseed,0.05021517769057482
970,Uniform-CVaR-FFseed,0.0
971,Uniform-CVaR-FFseed,9.99649619345189
972,Uniform-CVaR-FFseed,1.8630156077858544
973,Uniform-CVaR-FFseed,0.0
974,Uniform-CVaR-FFseed,0.0
975,Uniform-CVaR-FFseed,0.0
976,Uniform-CVaR-FFseed,0.0
977,Uniform-CVaR-FFseed,0.0
978,Uniform-CVaR-FFseed,0.0
979,Uniform-CVaR-FFseed,4.497609129814407
980,Uniform-CVaR-FFseed,22.195008301273248
981,Uniform-CVaR-FFseed,0.0
982,Uniform-CVaR-FFseed,0.0
983,Uniform-CVaR-FFseed,0.0
984,Uniform-CVaR-FFseed,0.0
985,Uniform-CVaR-FFseed,0.6990029323173985
986,Uniform-CVaR-FFseed,0.0
987,Uniform-CVaR-FFseed,0.0
988,Uniform-CVaR-FFseed,0.0
989,Uniform-CVaR-FFseed,0.0
990,Uniform-CVaR-FFseed,0.0
991,Uniform-CVaR-FFseed,8.496591210005022
992,Uniform-CVaR-FFseed,0.0
993,Uniform-CVaR-FFseed,0.0
994,Uniform-CVaR-FFseed,0.0
995,Uniform-CVaR-FFseed,0.0
996,Uniform-CVaR-FFseed,3.190698409177571
997,Uniform-CVaR-FFseed,0.0
998,Uniform-CVaR-FFseed,0.0
999,Uniform-CVaR-FFseed,0.0
0,Uniform-Mean-GRUseed,0.40849390777714234
1,Uniform-Mean-GRUseed,8.415145515541894
2,Uniform-Mean-GRUseed,2.88356016521999
3,Uniform-Mean-GRUseed,12.929125014870067
4,Uniform-Mean-GRUseed,0.0
5,Uniform-Mean-GRUseed,0.20168001568464433
6,Uniform-Mean-GRUseed,3.4212231993208775
7,Uniform-Mean-GRUseed,0.13106574010294025
8,Uniform-Mean-GRUseed,0.0
9,Uniform-Mean-GRUseed,2.851035482279599
10,Uniform-Mean-GRUseed,0.0
11,Uniform-Mean-GRUseed,2.7140703413234064
12,Uniform-Mean-GRUseed,4.253923247558646
13,Uniform-Mean-GRUseed,0.0
14,Uniform-Mean-GRUseed,0.18043548862357284
15,Uniform-Mean-GRUseed,1.1701358754858688
16,Uniform-Mean-GRUseed,0.0
17,Uniform-Mean-GRUseed,0.0
18,Uniform-Mean-GRUseed,0.0
19,Uniform-Mean-GRUseed,0.4270721788961964
20,Uniform-Mean-GRUseed,1.5689335434852865
21,Uniform-Mean-GRUseed,0.0
22,Uniform-Mean-GRUseed,4.600874712447336
23,Uniform-Mean-GRUseed,0.0
24,Uniform-Mean-GRUseed,5.571473081493309
25,Uniform-Mean-GRUseed,0.4769269457972314
26,Uniform-Mean-GRUseed,1.8035667888097464
27,Uniform-Mean-GRUseed,0.4915161218352182
28,Uniform-Mean-GRUseed,0.037723506668839946
29,Uniform-Mean-GRUseed,0.0
30,Uniform-Mean-GRUseed,2.4840870784946105
31,Uniform-Mean-GRUseed,15.382277675525131
32,Uniform-Mean-GRUseed,0.46292813126456167
33,Uniform-Mean-GRUseed,8.325919346940964
34,Uniform-Mean-GRUseed,0.0
35,Uniform-Mean-GRUseed,1.9161773494649594
36,Uniform-Mean-GRUseed,4.197380476230364
37,Uniform-Mean-GRUseed,5.085251751324904
38,Uniform-Mean-GRUseed,4.7418080156241444
39,Uniform-Mean-GRUseed,4.213211150745138
40,Uniform-Mean-GRUseed,0.7980073658409879
41,Uniform-Mean-GRUseed,0.0
42,Uniform-Mean-GRUseed,8.438161546746642
43,Uniform-Mean-GRUseed,0.0
44,Uniform-Mean-GRUseed,0.0
45,Uniform-Mean-GRUseed,0.0
46,Uniform-Mean-GRUseed,0.0
47,Uniform-Mean-GRUseed,6.9806108861999405
48,Uniform-Mean-GRUseed,0.0
49,Uniform-Mean-GRUseed,0.5887926573425943
50,Uniform-Mean-GRUseed,5.896826311916357
51,Uniform-Mean-GRUseed,0.259614313616396
52,Uniform-Mean-GRUseed,0.0
53,Uniform-Mean-GRUseed,0.35269952729709075
54,Uniform-Mean-GRUseed,0.0
55,Uniform-Mean-GRUseed,0.4064994768502288
56,Uniform-Mean-GRUseed,0.0
57,Uniform-Mean-GRUseed,22.251401665832333
58,Uniform-Mean-GRUseed,6.39454092849877
59,Uniform-Mean-GRUseed,0.38005993840715746
60,Uniform-Mean-GRUseed,0.0
61,Uniform-Mean-GRUseed,0.016427127677047793
62,Uniform-Mean-GRUseed,0.0
63,Uniform-Mean-GRUseed,2.9392949243066937
64,Uniform-Mean-GRUseed,0.0
65,Uniform-Mean-GRUseed,0.12441343675652661
66,Uniform-Mean-GRUseed,0.2141040326333723
67,Uniform-Mean-GRUseed,0.7173189403466722
68,Uniform-Mean-GRUseed,0.0
69,Uniform-Mean-GRUseed,0.0011917658899847083
70,Uniform-Mean-GRUseed,0.6666484365068186
71,Uniform-Mean-GRUseed,2.7593573149561053
72,Uniform-Mean-GRUseed,4.9108038839183905
73,Uniform-Mean-GRUseed,0.19236517872474224
74,Uniform-Mean-GRUseed,0.42917761378356545
75,Uniform-Mean-GRUseed,0.0
76,Uniform-Mean-GRUseed,3.5652501331910003
77,Uniform-Mean-GRUseed,2.2332867112655777
78,Uniform-Mean-GRUseed,0.0
79,Uniform-Mean-GRUseed,0.0
80,Uniform-Mean-GRUseed,0.0
81,Uniform-Mean-GRUseed,0.6660419373532704
82,Uniform-Mean-GRUseed,0.0
83,Uniform-Mean-GRUseed,0.0
84,Uniform-Mean-GRUseed,20.68503094236047
85,Uniform-Mean-GRUseed,0.7564767298572406
86,Uniform-Mean-GRUseed,8.054178456876969
87,Uniform-Mean-GRUseed,1.2092001312778962
88,Uniform-Mean-GRUseed,13.20753737154837
89,Uniform-Mean-GRUseed,0.1704926050932727
90,Uniform-Mean-GRUseed,0.23786816958670443
91,Uniform-Mean-GRUseed,0.0
92,Uniform-Mean-GRUseed,0.0
93,Uniform-Mean-GRUseed,0.1144687311468715
94,Uniform-Mean-GRUseed,21.299488334368675
95,Uniform-Mean-GRUseed,5.368986373512314
96,Uniform-Mean-GRUseed,0.0
97,Uniform-Mean-GRUseed,7.428503200144064
98,Uniform-Mean-GRUseed,1.8230393406003316
99,Uniform-Mean-GRUseed,1.9014509409406628
100,Uniform-Mean-GRUseed,8.388447354134144
101,Uniform-Mean-GRUseed,0.0
102,Uniform-Mean-GRUseed,0.15218731304844368
103,Uniform-Mean-GRUseed,0.0
104,Uniform-Mean-GRUseed,12.054436442743196
105,Uniform-Mean-GRUseed,0.0
106,Uniform-Mean-GRUseed,1.4188146367113745
107,Uniform-Mean-GRUseed,0.9412886482120939
108,Uniform-Mean-GRUseed,6.43784319634733
109,Uniform-Mean-GRUseed,1.6222679727162586
110,Uniform-Mean-GRUseed,0.11571512910023785
111,Uniform-Mean-GRUseed,0.13241168046806706
112,Uniform-Mean-GRUseed,1.7141097024241958
113,Uniform-Mean-GRUseed,5.541391089549052
114,Uniform-Mean-GRUseed,0.4952208431305394
115,Uniform-Mean-GRUseed,3.7743857567445502
116,Uniform-Mean-GRUseed,6.227196100827143
117,Uniform-Mean-GRUseed,0.0
118,Uniform-Mean-GRUseed,0.0
119,Uniform-Mean-GRUseed,0.7826474926050082
120,Uniform-Mean-GRUseed,12.974612855932833
121,Uniform-Mean-GRUseed,1.139905136649304
122,Uniform-Mean-GRUseed,4.4262664282483115
123,Uniform-Mean-GRUseed,0.0
124,Uniform-Mean-GRUseed,1.4493865379456565
125,Uniform-Mean-GRUseed,0.0
126,Uniform-Mean-GRUseed,0.5035524369276914
127,Uniform-Mean-GRUseed,0.0
128,Uniform-Mean-GRUseed,1.0651820787305724
129,Uniform-Mean-GRUseed,9.474905498603079
130,Uniform-Mean-GRUseed,3.762119334959607
131,Uniform-Mean-GRUseed,0.04261628818773033
132,Uniform-Mean-GRUseed,2.8058206869626474
133,Uniform-Mean-GRUseed,2.413912061346082
134,Uniform-Mean-GRUseed,0.0
135,Uniform-Mean-GRUseed,1.4740843626898368
136,Uniform-Mean-GRUseed,0.0
137,Uniform-Mean-GRUseed,6.916021495633856
138,Uniform-Mean-GRUseed,0.0
139,Uniform-Mean-GRUseed,7.659179376684676
140,Uniform-Mean-GRUseed,4.295916556616476
141,Uniform-Mean-GRUseed,2.0253665429411853
142,Uniform-Mean-GRUseed,0.0
143,Uniform-Mean-GRUseed,0.2988239477591037
144,Uniform-Mean-GRUseed,0.6248942343309523
145,Uniform-Mean-GRUseed,1.6476657076447054
146,Uniform-Mean-GRUseed,0.0
147,Uniform-Mean-GRUseed,0.4171229125083187
148,Uniform-Mean-GRUseed,0.0
149,Uniform-Mean-GRUseed,0.0
150,Uniform-Mean-GRUseed,7.585014468847987
151,Uniform-Mean-GRUseed,2.1296612663570045
152,Uniform-Mean-GRUseed,0.015065684462399531
153,Uniform-Mean-GRUseed,3.881443853774954
154,Uniform-Mean-GRUseed,0.0
155,Uniform-Mean-GRUseed,3.334265288647316
156,Uniform-Mean-GRUseed,10.715413331866444
157,Uniform-Mean-GRUseed,9.087413841380396
158,Uniform-Mean-GRUseed,0.3755089024767244
159,Uniform-Mean-GRUseed,0.0
160,Uniform-Mean-GRUseed,2.9015476926991255
161,Uniform-Mean-GRUseed,0.014556147898190375
162,Uniform-Mean-GRUseed,1.7297421388155954
163,Uniform-Mean-GRUseed,0.1810730204569495
164,Uniform-Mean-GRUseed,0.1316463090179809
165,Uniform-Mean-GRUseed,1.0870698929396667
166,Uniform-Mean-GRUseed,1.2700620486077128
167,Uniform-Mean-GRUseed,0.0
168,Uniform-Mean-GRUseed,4.277040419084415
169,Uniform-Mean-GRUseed,0.0
170,Uniform-Mean-GRUseed,0.6626904738254211
171,Uniform-Mean-GRUseed,13.460457226503877
172,Uniform-Mean-GRUseed,2.2895795652379434
173,Uniform-Mean-GRUseed,0.0
174,Uniform-Mean-GRUseed,0.7919386618229396
175,Uniform-Mean-GRUseed,0.26907891636426484
176,Uniform-Mean-GRUseed,0.26767779411318315
177,Uniform-Mean-GRUseed,2.591166273251531
178,Uniform-Mean-GRUseed,1.4938899289637675
179,Uniform-Mean-GRUseed,1.2237050315725355
180,Uniform-Mean-GRUseed,0.035118843261955135
181,Uniform-Mean-GRUseed,0.6124644555680447
182,Uniform-Mean-GRUseed,15.06883904242386
183,Uniform-Mean-GRUseed,0.0
184,Uniform-Mean-GRUseed,0.0
185,Uniform-Mean-GRUseed,0.0
186,Uniform-Mean-GRUseed,0.05610658889543174
187,Uniform-Mean-GRUseed,1.0805608805040947
188,Uniform-Mean-GRUseed,0.0
189,Uniform-Mean-GRUseed,0.0
190,Uniform-Mean-GRUseed,0.22390740571910328
191,Uniform-Mean-GRUseed,16.143291316054274
192,Uniform-Mean-GRUseed,0.0
193,Uniform-Mean-GRUseed,1.855400043508041
194,Uniform-Mean-GRUseed,1.4420645801458818
195,Uniform-Mean-GRUseed,1.7590562759189652
196,Uniform-Mean-GRUseed,3.997636956028771
197,Uniform-Mean-GRUseed,6.681577824473379
198,Uniform-Mean-GRUseed,22.831672678261526
199,Uniform-Mean-GRUseed,3.3875544472524552
200,Uniform-Mean-GRUseed,0.42203463780481343
201,Uniform-Mean-GRUseed,4.507213092385939
202,Uniform-Mean-GRUseed,0.0
203,Uniform-Mean-GRUseed,0.0
204,Uniform-Mean-GRUseed,0.0
205,Uniform-Mean-GRUseed,0.16763669873205345
206,Uniform-Mean-GRUseed,0.051542178457168575
207,Uniform-Mean-GRUseed,0.06667423530336691
208,Uniform-Mean-GRUseed,0.11149422873666026
209,Uniform-Mean-GRUseed,0.6102784967154093
210,Uniform-Mean-GRUseed,4.794642862562114
211,Uniform-Mean-GRUseed,7.261434842192159
212,Uniform-Mean-GRUseed,0.0
213,Uniform-Mean-GRUseed,19.765563455466634
214,Uniform-Mean-GRUseed,0.0
215,Uniform-Mean-GRUseed,4.7771635816717435
216,Uniform-Mean-GRUseed,0.0
217,Uniform-Mean-GRUseed,39.137959556302576
218,Uniform-Mean-GRUseed,1.0315058782450706
219,Uniform-Mean-GRUseed,0.0
220,Uniform-Mean-GRUseed,0.0
221,Uniform-Mean-GRUseed,0.2817405729315965
222,Uniform-Mean-GRUseed,0.0
223,Uniform-Mean-GRUseed,0.0
224,Uniform-Mean-GRUseed,3.671147634871147
225,Uniform-Mean-GRUseed,2.625428248856565
226,Uniform-Mean-GRUseed,0.0
227,Uniform-Mean-GRUseed,0.407023458480694
228,Uniform-Mean-GRUseed,3.968380792465382
229,Uniform-Mean-GRUseed,1.1139461505559325
230,Uniform-Mean-GRUseed,0.0
231,Uniform-Mean-GRUseed,0.0
232,Uniform-Mean-GRUseed,1.710746664102885
233,Uniform-Mean-GRUseed,0.0
234,Uniform-Mean-GRUseed,0.18980165234779633
235,Uniform-Mean-GRUseed,3.2659249640871053
236,Uniform-Mean-GRUseed,1.2160561293883916
237,Uniform-Mean-GRUseed,2.1919557210653693
238,Uniform-Mean-GRUseed,1.6225490722876543
239,Uniform-Mean-GRUseed,1.6049110136945046
240,Uniform-Mean-GRUseed,2.179260339621578
241,Uniform-Mean-GRUseed,2.6177101711207342
242,Uniform-Mean-GRUseed,1.0210122001238346
243,Uniform-Mean-GRUseed,0.0
244,Uniform-Mean-GRUseed,0.0
245,Uniform-Mean-GRUseed,0.0
246,Uniform-Mean-GRUseed,0.0
247,Uniform-Mean-GRUseed,0.6035197442100184
248,Uniform-Mean-GRUseed,1.562988829542121
249,Uniform-Mean-GRUseed,5.671902850662832
250,Uniform-Mean-GRUseed,0.0
251,Uniform-Mean-GRUseed,10.42745735443944
252,Uniform-Mean-GRUseed,14.170075951193326
253,Uniform-Mean-GRUseed,0.0
254,Uniform-Mean-GRUseed,0.0
255,Uniform-Mean-GRUseed,1.992539586769226
256,Uniform-Mean-GRUseed,2.868609270883667
257,Uniform-Mean-GRUseed,0.2165123388742245
258,Uniform-Mean-GRUseed,0.0
259,Uniform-Mean-GRUseed,0.14283034978808473
260,Uniform-Mean-GRUseed,0.7108763578514754
261,Uniform-Mean-GRUseed,0.0
262,Uniform-Mean-GRUseed,0.22189120064018653
263,Uniform-Mean-GRUseed,1.402379439841809
264,Uniform-Mean-GRUseed,3.64032394559257
265,Uniform-Mean-GRUseed,0.8741124324342309
266,Uniform-Mean-GRUseed,2.3691663874772075
267,Uniform-Mean-GRUseed,0.0
268,Uniform-Mean-GRUseed,0.0
269,Uniform-Mean-GRUseed,0.19061896794511313
270,Uniform-Mean-GRUseed,0.0
271,Uniform-Mean-GRUseed,0.0
272,Uniform-Mean-GRUseed,16.698110854427284
273,Uniform-Mean-GRUseed,0.0
274,Uniform-Mean-GRUseed,1.7093394368171744
275,Uniform-Mean-GRUseed,3.0174273833644634
276,Uniform-Mean-GRUseed,0.0
277,Uniform-Mean-GRUseed,0.0
278,Uniform-Mean-GRUseed,4.60323549372356
279,Uniform-Mean-GRUseed,5.42571797531474
280,Uniform-Mean-GRUseed,0.36380466407888434
281,Uniform-Mean-GRUseed,0.0
282,Uniform-Mean-GRUseed,2.5690489719046923
283,Uniform-Mean-GRUseed,1.2716375947597385
284,Uniform-Mean-GRUseed,18.995703053716113
285,Uniform-Mean-GRUseed,0.10458814646904102
286,Uniform-Mean-GRUseed,0.0
287,Uniform-Mean-GRUseed,0.0
288,Uniform-Mean-GRUseed,7.077565837936788
289,Uniform-Mean-GRUseed,5.262372857972537
290,Uniform-Mean-GRUseed,6.091752156026132
291,Uniform-Mean-GRUseed,3.3298850320795736
292,Uniform-Mean-GRUseed,0.0
293,Uniform-Mean-GRUseed,5.917711800510801
294,Uniform-Mean-GRUseed,0.0
295,Uniform-Mean-GRUseed,5.69482114845664
296,Uniform-Mean-GRUseed,2.9180246738836217
297,Uniform-Mean-GRUseed,0.0
298,Uniform-Mean-GRUseed,5.317625832089561
299,Uniform-Mean-GRUseed,0.0
300,Uniform-Mean-GRUseed,6.941770465966101
301,Uniform-Mean-GRUseed,0.05513162895164214
302,Uniform-Mean-GRUseed,3.498405123021712
303,Uniform-Mean-GRUseed,0.0
304,Uniform-Mean-GRUseed,0.0
305,Uniform-Mean-GRUseed,2.0617680197664754
306,Uniform-Mean-GRUseed,0.74066967150452
307,Uniform-Mean-GRUseed,0.0
308,Uniform-Mean-GRUseed,0.03582121555075446
309,Uniform-Mean-GRUseed,0.0
310,Uniform-Mean-GRUseed,4.798045844606918
311,Uniform-Mean-GRUseed,6.863388348118008
312,Uniform-Mean-GRUseed,2.5586233647787537
313,Uniform-Mean-GRUseed,0.8523119882666492
314,Uniform-Mean-GRUseed,0.0
315,Uniform-Mean-GRUseed,3.2270847478590667
316,Uniform-Mean-GRUseed,2.00303499974774
317,Uniform-Mean-GRUseed,6.595710211994856
318,Uniform-Mean-GRUseed,0.772020857072846
319,Uniform-Mean-GRUseed,3.7928580622207164
320,Uniform-Mean-GRUseed,0.0
321,Uniform-Mean-GRUseed,0.0
322,Uniform-Mean-GRUseed,0.0
323,Uniform-Mean-GRUseed,0.0
324,Uniform-Mean-GRUseed,6.427210677366418
325,Uniform-Mean-GRUseed,0.0
326,Uniform-Mean-GRUseed,0.0
327,Uniform-Mean-GRUseed,2.5246525216991813
328,Uniform-Mean-GRUseed,1.3399777134442274
329,Uniform-Mean-GRUseed,0.26054058675606484
330,Uniform-Mean-GRUseed,0.24908435070659607
331,Uniform-Mean-GRUseed,4.501868875014907
332,Uniform-Mean-GRUseed,0.2858869535087365
333,Uniform-Mean-GRUseed,13.200152835677272
334,Uniform-Mean-GRUseed,0.49140236609008525
335,Uniform-Mean-GRUseed,3.4528410383970822
336,Uniform-Mean-GRUseed,0.0
337,Uniform-Mean-GRUseed,0.0
338,Uniform-Mean-GRUseed,6.826930237429451
339,Uniform-Mean-GRUseed,5.257748609712166
340,Uniform-Mean-GRUseed,0.0
341,Uniform-Mean-GRUseed,0.0
342,Uniform-Mean-GRUseed,2.531194854087744
343,Uniform-Mean-GRUseed,16.438921407583052
344,Uniform-Mean-GRUseed,0.0
345,Uniform-Mean-GRUseed,2.597367161329487
346,Uniform-Mean-GRUseed,0.06371439052890082
347,Uniform-Mean-GRUseed,0.36510576910950476
348,Uniform-Mean-GRUseed,9.771731635875824
349,Uniform-Mean-GRUseed,2.289278088206686
350,Uniform-Mean-GRUseed,4.2815957214974105
351,Uniform-Mean-GRUseed,0.9645211019160342
352,Uniform-Mean-GRUseed,0.17999608726864835
353,Uniform-Mean-GRUseed,0.07044102356542226
354,Uniform-Mean-GRUseed,3.793652791215891
355,Uniform-Mean-GRUseed,0.0
356,Uniform-Mean-GRUseed,0.0
357,Uniform-Mean-GRUseed,0.0
358,Uniform-Mean-GRUseed,1.8533302962659945
359,Uniform-Mean-GRUseed,0.0
360,Uniform-Mean-GRUseed,1.7955806919892439
361,Uniform-Mean-GRUseed,0.3699927392806899
362,Uniform-Mean-GRUseed,9.203937934890632
363,Uniform-Mean-GRUseed,1.741523763782311
364,Uniform-Mean-GRUseed,0.0
365,Uniform-Mean-GRUseed,0.0
366,Uniform-Mean-GRUseed,0.0
367,Uniform-Mean-GRUseed,2.2644108904665927
368,Uniform-Mean-GRUseed,0.0
369,Uniform-Mean-GRUseed,0.0
370,Uniform-Mean-GRUseed,0.0
371,Uniform-Mean-GRUseed,0.693531618379069
372,Uniform-Mean-GRUseed,1.0975764607755991
373,Uniform-Mean-GRUseed,0.0
374,Uniform-Mean-GRUseed,0.3371368908468071
375,Uniform-Mean-GRUseed,0.0
376,Uniform-Mean-GRUseed,1.8086808842361393
377,Uniform-Mean-GRUseed,9.334843830156842
378,Uniform-Mean-GRUseed,0.047838650192659316
379,Uniform-Mean-GRUseed,0.14990073995636521
380,Uniform-Mean-GRUseed,0.0
381,Uniform-Mean-GRUseed,0.0
382,Uniform-Mean-GRUseed,15.29904872490647
383,Uniform-Mean-GRUseed,2.1116327505089316
384,Uniform-Mean-GRUseed,0.17012511105781414
385,Uniform-Mean-GRUseed,0.17618836958484962
386,Uniform-Mean-GRUseed,0.0
387,Uniform-Mean-GRUseed,0.02758971758635198
388,Uniform-Mean-GRUseed,1.6400143327081764
389,Uniform-Mean-GRUseed,0.6388609738921787
390,Uniform-Mean-GRUseed,4.594335485148861
391,Uniform-Mean-GRUseed,2.221684328713593
392,Uniform-Mean-GRUseed,0.0
393,Uniform-Mean-GRUseed,0.0
394,Uniform-Mean-GRUseed,0.0
395,Uniform-Mean-GRUseed,0.0
396,Uniform-Mean-GRUseed,3.5368827032145305
397,Uniform-Mean-GRUseed,0.23962470845077632
398,Uniform-Mean-GRUseed,0.0
399,Uniform-Mean-GRUseed,0.0
400,Uniform-Mean-GRUseed,1.904081767298976
401,Uniform-Mean-GRUseed,0.0
402,Uniform-Mean-GRUseed,5.426170562043012
403,Uniform-Mean-GRUseed,5.217925363768131
404,Uniform-Mean-GRUseed,0.30547520363359126
405,Uniform-Mean-GRUseed,1.86098332939099
406,Uniform-Mean-GRUseed,0.6935405155500121
407,Uniform-Mean-GRUseed,10.788001261093655
408,Uniform-Mean-GRUseed,3.3113662438496476
409,Uniform-Mean-GRUseed,6.645852025036845
410,Uniform-Mean-GRUseed,0.42075906622022785
411,Uniform-Mean-GRUseed,0.0
412,Uniform-Mean-GRUseed,4.445844240932445
413,Uniform-Mean-GRUseed,4.141238419532954
414,Uniform-Mean-GRUseed,0.0
415,Uniform-Mean-GRUseed,0.0
416,Uniform-Mean-GRUseed,0.0
417,Uniform-Mean-GRUseed,0.0
418,Uniform-Mean-GRUseed,3.351052988831384
419,Uniform-Mean-GRUseed,1.5815438344044992
420,Uniform-Mean-GRUseed,0.5809345787949951
421,Uniform-Mean-GRUseed,1.6360352521276127
422,Uniform-Mean-GRUseed,0.0
423,Uniform-Mean-GRUseed,0.0
424,Uniform-Mean-GRUseed,0.20903026063211883
425,Uniform-Mean-GRUseed,2.0433689297499313
426,Uniform-Mean-GRUseed,0.34240858574861477
427,Uniform-Mean-GRUseed,0.0
428,Uniform-Mean-GRUseed,0.7911052966264833
429,Uniform-Mean-GRUseed,0.4246161482455477
430,Uniform-Mean-GRUseed,2.727092298162006
431,Uniform-Mean-GRUseed,0.14955262912064882
432,Uniform-Mean-GRUseed,0.7890518624468541
433,Uniform-Mean-GRUseed,0.08482003137913807
434,Uniform-Mean-GRUseed,0.527883600339635
435,Uniform-Mean-GRUseed,0.0
436,Uniform-Mean-GRUseed,0.7206417277753303
437,Uniform-Mean-GRUseed,0.0
438,Uniform-Mean-GRUseed,2.0104424270651293
439,Uniform-Mean-GRUseed,0.0
440,Uniform-Mean-GRUseed,0.0
441,Uniform-Mean-GRUseed,0.6253008884547739
442,Uniform-Mean-GRUseed,5.864397003719603
443,Uniform-Mean-GRUseed,0.5359871047280649
444,Uniform-Mean-GRUseed,6.749824717663728
445,Uniform-Mean-GRUseed,0.0
446,Uniform-Mean-GRUseed,0.0
447,Uniform-Mean-GRUseed,0.07649243197863598
448,Uniform-Mean-GRUseed,5.867297962641999
449,Uniform-Mean-GRUseed,0.14876148170441184
450,Uniform-Mean-GRUseed,0.0
451,Uniform-Mean-GRUseed,0.8811929482925507
452,Uniform-Mean-GRUseed,5.44320271318054
453,Uniform-Mean-GRUseed,7.523069464840546
454,Uniform-Mean-GRUseed,0.0
455,Uniform-Mean-GRUseed,3.010637032382533
456,Uniform-Mean-GRUseed,6.2915236608804435
457,Uniform-Mean-GRUseed,1.2200701226560113
458,Uniform-Mean-GRUseed,22.931308295079646
459,Uniform-Mean-GRUseed,11.854028811111561
460,Uniform-Mean-GRUseed,0.0
461,Uniform-Mean-GRUseed,1.8903341965364575
462,Uniform-Mean-GRUseed,6.114072153803193
463,Uniform-Mean-GRUseed,0.4231001868940325
464,Uniform-Mean-GRUseed,5.700295367769343
465,Uniform-Mean-GRUseed,0.1895284136387545
466,Uniform-Mean-GRUseed,0.14965972473879674
467,Uniform-Mean-GRUseed,1.2851851073953071
468,Uniform-Mean-GRUseed,0.0
469,Uniform-Mean-GRUseed,4.853221451325112
470,Uniform-Mean-GRUseed,0.0
471,Uniform-Mean-GRUseed,0.5027672704602537
472,Uniform-Mean-GRUseed,1.2950891876354262
473,Uniform-Mean-GRUseed,0.0
474,Uniform-Mean-GRUseed,0.0
475,Uniform-Mean-GRUseed,2.762644602597504
476,Uniform-Mean-GRUseed,1.85456913022648
477,Uniform-Mean-GRUseed,0.0
478,Uniform-Mean-GRUseed,5.640156940091458
479,Uniform-Mean-GRUseed,3.0628010644119854
480,Uniform-Mean-GRUseed,1.1423788453527663
481,Uniform-Mean-GRUseed,3.8541784155884216
482,Uniform-Mean-GRUseed,6.211234369334022
483,Uniform-Mean-GRUseed,1.8885524059471663
484,Uniform-Mean-GRUseed,3.9929459587078213
485,Uniform-Mean-GRUseed,0.2297674927224307
486,Uniform-Mean-GRUseed,3.368065071485603
487,Uniform-Mean-GRUseed,3.0249114958534165
488,Uniform-Mean-GRUseed,0.0
489,Uniform-Mean-GRUseed,1.1007107978735462
490,Uniform-Mean-GRUseed,2.3165509006437333
491,Uniform-Mean-GRUseed,0.0
492,Uniform-Mean-GRUseed,0.513529655298214
493,Uniform-Mean-GRUseed,0.0
494,Uniform-Mean-GRUseed,4.169228098636836
495,Uniform-Mean-GRUseed,6.753091587358995
496,Uniform-Mean-GRUseed,0.0
497,Uniform-Mean-GRUseed,0.0
498,Uniform-Mean-GRUseed,2.4079447776164216
499,Uniform-Mean-GRUseed,5.3313259429575055
500,Uniform-Mean-GRUseed,0.0
501,Uniform-Mean-GRUseed,0.2529712965037447
502,Uniform-Mean-GRUseed,0.0
503,Uniform-Mean-GRUseed,2.1646126643826733
504,Uniform-Mean-GRUseed,0.39585427887067226
505,Uniform-Mean-GRUseed,0.0
506,Uniform-Mean-GRUseed,0.0
507,Uniform-Mean-GRUseed,7.752710532221499
508,Uniform-Mean-GRUseed,5.706925779962148
509,Uniform-Mean-GRUseed,2.3293549294926947
510,Uniform-Mean-GRUseed,0.0
511,Uniform-Mean-GRUseed,0.0
512,Uniform-Mean-GRUseed,0.0
513,Uniform-Mean-GRUseed,0.028539437285814984
514,Uniform-Mean-GRUseed,0.07969166484014067
515,Uniform-Mean-GRUseed,2.8908149514309684
516,Uniform-Mean-GRUseed,2.785387610493501
517,Uniform-Mean-GRUseed,0.6033325454739042
518,Uniform-Mean-GRUseed,1.0031028195398335
519,Uniform-Mean-GRUseed,0.33374728165961187
520,Uniform-Mean-GRUseed,0.31950849706402096
521,Uniform-Mean-GRUseed,12.174322710101023
522,Uniform-Mean-GRUseed,0.2531720445114729
523,Uniform-Mean-GRUseed,0.43550617602170405
524,Uniform-Mean-GRUseed,2.070054477860708
525,Uniform-Mean-GRUseed,1.6662938728475183
526,Uniform-Mean-GRUseed,1.9947694931637443
527,Uniform-Mean-GRUseed,4.308147870790094
528,Uniform-Mean-GRUseed,0.46606198719183567
529,Uniform-Mean-GRUseed,0.2963960761215958
530,Uniform-Mean-GRUseed,0.0
531,Uniform-Mean-GRUseed,0.0
532,Uniform-Mean-GRUseed,0.0
533,Uniform-Mean-GRUseed,0.0
534,Uniform-Mean-GRUseed,0.27249406992046943
535,Uniform-Mean-GRUseed,5.169707941575865
536,Uniform-Mean-GRUseed,0.87824240054141
537,Uniform-Mean-GRUseed,0.6720089701646543
538,Uniform-Mean-GRUseed,0.1547698602776677
539,Uniform-Mean-GRUseed,6.0868390166438076
540,Uniform-Mean-GRUseed,0.4223546689478326
541,Uniform-Mean-GRUseed,2.5345723995914113
542,Uniform-Mean-GRUseed,0.524195627856443
543,Uniform-Mean-GRUseed,0.0
544,Uniform-Mean-GRUseed,14.191568848282486
545,Uniform-Mean-GRUseed,0.0
546,Uniform-Mean-GRUseed,7.088340114224252
547,Uniform-Mean-GRUseed,0.0
548,Uniform-Mean-GRUseed,0.0
549,Uniform-Mean-GRUseed,12.161082233054628
550,Uniform-Mean-GRUseed,1.5536987408879668
551,Uniform-Mean-GRUseed,1.817865033067278
552,Uniform-Mean-GRUseed,0.2149895509555222
553,Uniform-Mean-GRUseed,0.0
554,Uniform-Mean-GRUseed,0.0
555,Uniform-Mean-GRUseed,0.2651089522179291
556,Uniform-Mean-GRUseed,0.0
557,Uniform-Mean-GRUseed,0.0
558,Uniform-Mean-GRUseed,1.4568640974891878
559,Uniform-Mean-GRUseed,3.0350896410826635
560,Uniform-Mean-GRUseed,0.0
561,Uniform-Mean-GRUseed,0.0
562,Uniform-Mean-GRUseed,0.4842823871796895
563,Uniform-Mean-GRUseed,0.0
564,Uniform-Mean-GRUseed,9.492797073300949
565,Uniform-Mean-GRUseed,0.0
566,Uniform-Mean-GRUseed,0.0
567,Uniform-Mean-GRUseed,0.2934408648799831
568,Uniform-Mean-GRUseed,0.08829116878831655
569,Uniform-Mean-GRUseed,8.140392032824707
570,Uniform-Mean-GRUseed,0.0
571,Uniform-Mean-GRUseed,0.4023774433316589
572,Uniform-Mean-GRUseed,0.0
573,Uniform-Mean-GRUseed,0.5381996950326879
574,Uniform-Mean-GRUseed,1.3147523604506546
575,Uniform-Mean-GRUseed,0.011368295317026877
576,Uniform-Mean-GRUseed,5.35144661820101
577,Uniform-Mean-GRUseed,0.0
578,Uniform-Mean-GRUseed,0.2730848407123858
579,Uniform-Mean-GRUseed,0.0
580,Uniform-Mean-GRUseed,0.03753124580174472
581,Uniform-Mean-GRUseed,8.03006244049584
582,Uniform-Mean-GRUseed,8.489441048758465
583,Uniform-Mean-GRUseed,0.0
584,Uniform-Mean-GRUseed,0.0
585,Uniform-Mean-GRUseed,1.4377827562985885
586,Uniform-Mean-GRUseed,0.0
587,Uniform-Mean-GRUseed,1.582304824485476
588,Uniform-Mean-GRUseed,8.860915765109382
589,Uniform-Mean-GRUseed,2.0983544911748027
590,Uniform-Mean-GRUseed,0.5993038301543834
591,Uniform-Mean-GRUseed,1.0238614477991632
592,Uniform-Mean-GRUseed,0.0
593,Uniform-Mean-GRUseed,2.0441634542352745
594,Uniform-Mean-GRUseed,1.671470115266004
595,Uniform-Mean-GRUseed,0.0
596,Uniform-Mean-GRUseed,0.2737839177160595
597,Uniform-Mean-GRUseed,0.0
598,Uniform-Mean-GRUseed,0.0
599,Uniform-Mean-GRUseed,0.2667178791035667
600,Uniform-Mean-GRUseed,2.475063572837371
601,Uniform-Mean-GRUseed,0.0
602,Uniform-Mean-GRUseed,0.09622463544667426
603,Uniform-Mean-GRUseed,0.0
604,Uniform-Mean-GRUseed,0.0
605,Uniform-Mean-GRUseed,0.1735845341846698
606,Uniform-Mean-GRUseed,7.118096120988014
607,Uniform-Mean-GRUseed,4.753033361714785
608,Uniform-Mean-GRUseed,0.0
609,Uniform-Mean-GRUseed,8.374997752847378
610,Uniform-Mean-GRUseed,0.0
611,Uniform-Mean-GRUseed,13.808243086629318
612,Uniform-Mean-GRUseed,8.958807839339556
613,Uniform-Mean-GRUseed,4.957280499917317
614,Uniform-Mean-GRUseed,1.1220232596751316
615,Uniform-Mean-GRUseed,2.387820974384624
616,Uniform-Mean-GRUseed,0.0
617,Uniform-Mean-GRUseed,0.8004011278919165
618,Uniform-Mean-GRUseed,0.0
619,Uniform-Mean-GRUseed,9.789340778546318
620,Uniform-Mean-GRUseed,0.0
621,Uniform-Mean-GRUseed,2.7187269853683347
622,Uniform-Mean-GRUseed,3.49413583828607
623,Uniform-Mean-GRUseed,0.0
624,Uniform-Mean-GRUseed,0.0
625,Uniform-Mean-GRUseed,0.0
626,Uniform-Mean-GRUseed,0.0
627,Uniform-Mean-GRUseed,2.8217823328790814
628,Uniform-Mean-GRUseed,6.394521664759111
629,Uniform-Mean-GRUseed,2.0773577318555
630,Uniform-Mean-GRUseed,0.9743233153836854
631,Uniform-Mean-GRUseed,0.0
632,Uniform-Mean-GRUseed,4.494391500912911
633,Uniform-Mean-GRUseed,0.9878305643839553
634,Uniform-Mean-GRUseed,0.6596100155598492
635,Uniform-Mean-GRUseed,0.0
636,Uniform-Mean-GRUseed,8.465773994078063
637,Uniform-Mean-GRUseed,0.12050103202125229
638,Uniform-Mean-GRUseed,11.688783035862144
639,Uniform-Mean-GRUseed,0.0
640,Uniform-Mean-GRUseed,3.4306945870241634
641,Uniform-Mean-GRUseed,0.5669198846010772
642,Uniform-Mean-GRUseed,0.7027648827985331
643,Uniform-Mean-GRUseed,0.501702871285147
644,Uniform-Mean-GRUseed,0.4589610774766584
645,Uniform-Mean-GRUseed,8.523393359155364
646,Uniform-Mean-GRUseed,2.001049873981799
647,Uniform-Mean-GRUseed,0.0
648,Uniform-Mean-GRUseed,7.249778684338253
649,Uniform-Mean-GRUseed,0.0
650,Uniform-Mean-GRUseed,4.957284582040586
651,Uniform-Mean-GRUseed,0.0
652,Uniform-Mean-GRUseed,0.0
653,Uniform-Mean-GRUseed,0.2186373499862384
654,Uniform-Mean-GRUseed,1.1583863110602124
655,Uniform-Mean-GRUseed,0.5758165226067149
656,Uniform-Mean-GRUseed,0.0
657,Uniform-Mean-GRUseed,0.0
658,Uniform-Mean-GRUseed,1.78236747939917
659,Uniform-Mean-GRUseed,7.448818903481651
660,Uniform-Mean-GRUseed,1.1007226421239693
661,Uniform-Mean-GRUseed,0.0
662,Uniform-Mean-GRUseed,0.0
663,Uniform-Mean-GRUseed,3.2323111706799637
664,Uniform-Mean-GRUseed,0.0
665,Uniform-Mean-GRUseed,5.167859078925403
666,Uniform-Mean-GRUseed,0.0
667,Uniform-Mean-GRUseed,0.0
668,Uniform-Mean-GRUseed,0.8985964187542663
669,Uniform-Mean-GRUseed,0.0
670,Uniform-Mean-GRUseed,0.0
671,Uniform-Mean-GRUseed,2.510012514018001
672,Uniform-Mean-GRUseed,0.0
673,Uniform-Mean-GRUseed,5.359388689950265
674,Uniform-Mean-GRUseed,0.41675308298584923
675,Uniform-Mean-GRUseed,1.2495934883005475
676,Uniform-Mean-GRUseed,5.271185089028052
677,Uniform-Mean-GRUseed,1.9850442034664297
678,Uniform-Mean-GRUseed,1.4077457976704295
679,Uniform-Mean-GRUseed,0.6558757447642733
680,Uniform-Mean-GRUseed,0.09702663221975172
681,Uniform-Mean-GRUseed,0.21278096144806113
682,Uniform-Mean-GRUseed,3.8585677107758443
683,Uniform-Mean-GRUseed,2.726409291560799
684,Uniform-Mean-GRUseed,8.725580820712366
685,Uniform-Mean-GRUseed,5.772299250459355
686,Uniform-Mean-GRUseed,0.0
687,Uniform-Mean-GRUseed,2.8964316032456168
688,Uniform-Mean-GRUseed,1.5437652845069465
689,Uniform-Mean-GRUseed,0.9087704162250816
690,Uniform-Mean-GRUseed,0.0
691,Uniform-Mean-GRUseed,2.024638905383256
692,Uniform-Mean-GRUseed,0.004343522003580347
693,Uniform-Mean-GRUseed,0.0
694,Uniform-Mean-GRUseed,0.932555907893402
695,Uniform-Mean-GRUseed,2.9911204792317108
696,Uniform-Mean-GRUseed,6.218094864769114
697,Uniform-Mean-GRUseed,5.668699484550132
698,Uniform-Mean-GRUseed,5.386060594935259
699,Uniform-Mean-GRUseed,0.0
700,Uniform-Mean-GRUseed,0.10777670095689018
701,Uniform-Mean-GRUseed,4.253322514879642
702,Uniform-Mean-GRUseed,0.0
703,Uniform-Mean-GRUseed,2.3373793467190467
704,Uniform-Mean-GRUseed,0.0
705,Uniform-Mean-GRUseed,7.365845041588955
706,Uniform-Mean-GRUseed,0.3083761025060312
707,Uniform-Mean-GRUseed,5.870631331533787
708,Uniform-Mean-GRUseed,2.047284920308414
709,Uniform-Mean-GRUseed,0.0
710,Uniform-Mean-GRUseed,0.0
711,Uniform-Mean-GRUseed,0.0
712,Uniform-Mean-GRUseed,0.0
713,Uniform-Mean-GRUseed,0.0
714,Uniform-Mean-GRUseed,0.2569736228379611
715,Uniform-Mean-GRUseed,0.057777437554761946
716,Uniform-Mean-GRUseed,0.410168442301142
717,Uniform-Mean-GRUseed,0.14647606628295762
718,Uniform-Mean-GRUseed,0.0
719,Uniform-Mean-GRUseed,0.33439593721533356
720,Uniform-Mean-GRUseed,9.048367657744393
721,Uniform-Mean-GRUseed,0.0
722,Uniform-Mean-GRUseed,5.305487827952504
723,Uniform-Mean-GRUseed,1.7911646187411634
724,Uniform-Mean-GRUseed,0.6552715989190006
725,Uniform-Mean-GRUseed,5.484686908862898
726,Uniform-Mean-GRUseed,8.044651377233492
727,Uniform-Mean-GRUseed,6.7272902131430214
728,Uniform-Mean-GRUseed,0.7544340832145053
729,Uniform-Mean-GRUseed,0.0410297466575571
730,Uniform-Mean-GRUseed,0.0
731,Uniform-Mean-GRUseed,0.0
732,Uniform-Mean-GRUseed,12.501590638847802
733,Uniform-Mean-GRUseed,0.0
734,Uniform-Mean-GRUseed,3.5106025356461146
735,Uniform-Mean-GRUseed,3.314796531034574
736,Uniform-Mean-GRUseed,0.029685824579189557
737,Uniform-Mean-GRUseed,0.9111770729737145
738,Uniform-Mean-GRUseed,11.484238586244203
739,Uniform-Mean-GRUseed,14.701685026976634
740,Uniform-Mean-GRUseed,0.0
741,Uniform-Mean-GRUseed,2.14751810503833
742,Uniform-Mean-GRUseed,0.0
743,Uniform-Mean-GRUseed,0.7374739852412233
744,Uniform-Mean-GRUseed,0.0
745,Uniform-Mean-GRUseed,0.1444949493862282
746,Uniform-Mean-GRUseed,0.07801471724616249
747,Uniform-Mean-GRUseed,0.0
748,Uniform-Mean-GRUseed,0.0
749,Uniform-Mean-GRUseed,3.118062750386457
750,Uniform-Mean-GRUseed,2.7911013522078747
751,Uniform-Mean-GRUseed,0.42357947994196365
752,Uniform-Mean-GRUseed,0.0
753,Uniform-Mean-GRUseed,0.0
754,Uniform-Mean-GRUseed,0.0
755,Uniform-Mean-GRUseed,0.71997984754546
756,Uniform-Mean-GRUseed,0.0
757,Uniform-Mean-GRUseed,0.0
758,Uniform-Mean-GRUseed,3.6412397069051394
759,Uniform-Mean-GRUseed,1.9633507534285286
760,Uniform-Mean-GRUseed,0.0
761,Uniform-Mean-GRUseed,0.0
762,Uniform-Mean-GRUseed,0.0
763,Uniform-Mean-GRUseed,0.4261649228424744
764,Uniform-Mean-GRUseed,0.0
765,Uniform-Mean-GRUseed,0.0
766,Uniform-Mean-GRUseed,0.2616443683165244
767,Uniform-Mean-GRUseed,0.0
768,Uniform-Mean-GRUseed,0.0
769,Uniform-Mean-GRUseed,1.017899139287465
770,Uniform-Mean-GRUseed,0.0
771,Uniform-Mean-GRUseed,4.380892423374064
772,Uniform-Mean-GRUseed,5.687205801636594
773,Uniform-Mean-GRUseed,7.199841307318991
774,Uniform-Mean-GRUseed,0.6256146170134116
775,Uniform-Mean-GRUseed,3.5365992565672855
776,Uniform-Mean-GRUseed,6.37201284948469
777,Uniform-Mean-GRUseed,1.0563931448198787
778,Uniform-Mean-GRUseed,0.5869237815501833
779,Uniform-Mean-GRUseed,0.0
780,Uniform-Mean-GRUseed,8.151395672634408
781,Uniform-Mean-GRUseed,4.8494881672619385
782,Uniform-Mean-GRUseed,1.6174882127826322
783,Uniform-Mean-GRUseed,0.2519520316946
784,Uniform-Mean-GRUseed,0.048926631144922794
785,Uniform-Mean-GRUseed,2.3425083348803923
786,Uniform-Mean-GRUseed,3.0014100634144825
787,Uniform-Mean-GRUseed,3.456047775150523
788,Uniform-Mean-GRUseed,0.0
789,Uniform-Mean-GRUseed,0.0
790,Uniform-Mean-GRUseed,0.0
791,Uniform-Mean-GRUseed,0.38331877098119094
792,Uniform-Mean-GRUseed,16.344724302343877
793,Uniform-Mean-GRUseed,0.0
794,Uniform-Mean-GRUseed,9.397452094490973
795,Uniform-Mean-GRUseed,1.122114141079635
796,Uniform-Mean-GRUseed,10.738263680872649
797,Uniform-Mean-GRUseed,13.547357596798633
798,Uniform-Mean-GRUseed,0.0
799,Uniform-Mean-GRUseed,0.7765819653136532
800,Uniform-Mean-GRUseed,0.07111980033238297
801,Uniform-Mean-GRUseed,0.0
802,Uniform-Mean-GRUseed,0.48391721153137723
803,Uniform-Mean-GRUseed,0.9608887541308491
804,Uniform-Mean-GRUseed,9.367106782378528
805,Uniform-Mean-GRUseed,2.2475091651012917
806,Uniform-Mean-GRUseed,16.562448764741333
807,Uniform-Mean-GRUseed,0.6596763139090172
808,Uniform-Mean-GRUseed,0.0
809,Uniform-Mean-GRUseed,6.709070900508834
810,Uniform-Mean-GRUseed,2.558408522579157
811,Uniform-Mean-GRUseed,0.5187492729508563
812,Uniform-Mean-GRUseed,2.126635232370745
813,Uniform-Mean-GRUseed,0.28385820144058016
814,Uniform-Mean-GRUseed,0.0
815,Uniform-Mean-GRUseed,3.718766643807669
816,Uniform-Mean-GRUseed,0.11357723671665099
817,Uniform-Mean-GRUseed,0.0
818,Uniform-Mean-GRUseed,0.0
819,Uniform-Mean-GRUseed,0.6237124144348059
820,Uniform-Mean-GRUseed,0.12424044349967289
821,Uniform-Mean-GRUseed,0.5304728878009541
822,Uniform-Mean-GRUseed,3.42739964162314
823,Uniform-Mean-GRUseed,0.0
824,Uniform-Mean-GRUseed,0.4168375034309406
825,Uniform-Mean-GRUseed,1.545901172843969
826,Uniform-Mean-GRUseed,0.0
827,Uniform-Mean-GRUseed,0.0
828,Uniform-Mean-GRUseed,0.0
829,Uniform-Mean-GRUseed,0.0
830,Uniform-Mean-GRUseed,0.0
831,Uniform-Mean-GRUseed,3.6539430501915433
832,Uniform-Mean-GRUseed,4.815535348030608
833,Uniform-Mean-GRUseed,8.708508518362407
834,Uniform-Mean-GRUseed,7.566935563172649
835,Uniform-Mean-GRUseed,0.0
836,Uniform-Mean-GRUseed,1.1940287207035567
837,Uniform-Mean-GRUseed,0.0
838,Uniform-Mean-GRUseed,3.9959612586027333
839,Uniform-Mean-GRUseed,0.0
840,Uniform-Mean-GRUseed,0.0
841,Uniform-Mean-GRUseed,0.0
842,Uniform-Mean-GRUseed,3.8267143419398053
843,Uniform-Mean-GRUseed,0.7621220731960534
844,Uniform-Mean-GRUseed,0.0
845,Uniform-Mean-GRUseed,0.0
846,Uniform-Mean-GRUseed,3.935035850920997
847,Uniform-Mean-GRUseed,0.0
848,Uniform-Mean-GRUseed,6.782039439713685
849,Uniform-Mean-GRUseed,7.381025098218657
850,Uniform-Mean-GRUseed,0.5789613848162958
851,Uniform-Mean-GRUseed,0.0
852,Uniform-Mean-GRUseed,0.0
853,Uniform-Mean-GRUseed,0.46070336482603125
854,Uniform-Mean-GRUseed,7.623966956514607
855,Uniform-Mean-GRUseed,0.35137982759420083
856,Uniform-Mean-GRUseed,3.953830229412688
857,Uniform-Mean-GRUseed,4.596226366464805
858,Uniform-Mean-GRUseed,0.0
859,Uniform-Mean-GRUseed,0.0
860,Uniform-Mean-GRUseed,0.0
861,Uniform-Mean-GRUseed,0.0
862,Uniform-Mean-GRUseed,1.9191794310254977
863,Uniform-Mean-GRUseed,0.30759155229003454
864,Uniform-Mean-GRUseed,2.4198174511079173
865,Uniform-Mean-GRUseed,5.631781210335873
866,Uniform-Mean-GRUseed,5.68686449025023
867,Uniform-Mean-GRUseed,0.11795349440052405
868,Uniform-Mean-GRUseed,3.547374544433012
869,Uniform-Mean-GRUseed,5.922553517415963
870,Uniform-Mean-GRUseed,1.5686472571363765
871,Uniform-Mean-GRUseed,0.0
872,Uniform-Mean-GRUseed,0.0
873,Uniform-Mean-GRUseed,0.7662719781847045
874,Uniform-Mean-GRUseed,2.4021359393143484
875,Uniform-Mean-GRUseed,0.0
876,Uniform-Mean-GRUseed,0.0
877,Uniform-Mean-GRUseed,0.49063527588430134
878,Uniform-Mean-GRUseed,1.2720816978069251
879,Uniform-Mean-GRUseed,0.0
880,Uniform-Mean-GRUseed,9.048240117832876
881,Uniform-Mean-GRUseed,0.0
882,Uniform-Mean-GRUseed,0.0
883,Uniform-Mean-GRUseed,3.8419700768368443
884,Uniform-Mean-GRUseed,18.11885714330481
885,Uniform-Mean-GRUseed,0.0727660529985883
886,Uniform-Mean-GRUseed,0.0
887,Uniform-Mean-GRUseed,0.0
888,Uniform-Mean-GRUseed,0.9042873023719835
889,Uniform-Mean-GRUseed,0.0
890,Uniform-Mean-GRUseed,0.0
891,Uniform-Mean-GRUseed,5.825364106491122
892,Uniform-Mean-GRUseed,0.0
893,Uniform-Mean-GRUseed,8.5206886623547
894,Uniform-Mean-GRUseed,0.4266648368471806
895,Uniform-Mean-GRUseed,0.0
896,Uniform-Mean-GRUseed,1.3122656618660358
897,Uniform-Mean-GRUseed,0.1321173408310301
898,Uniform-Mean-GRUseed,0.0
899,Uniform-Mean-GRUseed,0.0
900,Uniform-Mean-GRUseed,0.4559105110728865
901,Uniform-Mean-GRUseed,1.9905363903184252
902,Uniform-Mean-GRUseed,3.2717660317319996
903,Uniform-Mean-GRUseed,2.6613821055784115
904,Uniform-Mean-GRUseed,2.4393410608117847
905,Uniform-Mean-GRUseed,1.1498321545797126
906,Uniform-Mean-GRUseed,0.0
907,Uniform-Mean-GRUseed,0.09282376975215811
908,Uniform-Mean-GRUseed,0.0
909,Uniform-Mean-GRUseed,4.946913642035838
910,Uniform-Mean-GRUseed,0.0
911,Uniform-Mean-GRUseed,0.0
912,Uniform-Mean-GRUseed,0.0
913,Uniform-Mean-GRUseed,0.2987438372047677
914,Uniform-Mean-GRUseed,5.446827861722795
915,Uniform-Mean-GRUseed,6.2407942532553875
916,Uniform-Mean-GRUseed,0.21535558828151125
917,Uniform-Mean-GRUseed,0.0
918,Uniform-Mean-GRUseed,0.0
919,Uniform-Mean-GRUseed,1.8111818632882546
920,Uniform-Mean-GRUseed,7.257239036029517
921,Uniform-Mean-GRUseed,0.0
922,Uniform-Mean-GRUseed,0.0
923,Uniform-Mean-GRUseed,0.0
924,Uniform-Mean-GRUseed,2.239459840136817
925,Uniform-Mean-GRUseed,14.141963545487386
926,Uniform-Mean-GRUseed,0.08839686248040834
927,Uniform-Mean-GRUseed,3.62913630238387
928,Uniform-Mean-GRUseed,0.35958648775937263
929,Uniform-Mean-GRUseed,0.17607136171471893
930,Uniform-Mean-GRUseed,0.2489133508858572
931,Uniform-Mean-GRUseed,0.8113030676360324
932,Uniform-Mean-GRUseed,0.0
933,Uniform-Mean-GRUseed,1.9452552854417604
934,Uniform-Mean-GRUseed,8.91079820122377
935,Uniform-Mean-GRUseed,1.000386033125153
936,Uniform-Mean-GRUseed,0.0
937,Uniform-Mean-GRUseed,5.422786717405245
938,Uniform-Mean-GRUseed,0.8528733837663367
939,Uniform-Mean-GRUseed,0.0
940,Uniform-Mean-GRUseed,0.5085047015497253
941,Uniform-Mean-GRUseed,0.2788659572676693
942,Uniform-Mean-GRUseed,0.0
943,Uniform-Mean-GRUseed,0.0
944,Uniform-Mean-GRUseed,0.0
945,Uniform-Mean-GRUseed,0.10132142622484253
946,Uniform-Mean-GRUseed,2.1252055397846448
947,Uniform-Mean-GRUseed,0.0
948,Uniform-Mean-GRUseed,4.008227781244187
949,Uniform-Mean-GRUseed,0.0
950,Uniform-Mean-GRUseed,0.179260573468639
951,Uniform-Mean-GRUseed,6.2653816318802455
952,Uniform-Mean-GRUseed,0.0
953,Uniform-Mean-GRUseed,7.010326846628743
954,Uniform-Mean-GRUseed,0.0
955,Uniform-Mean-GRUseed,0.5949142084845391
956,Uniform-Mean-GRUseed,2.789711509142137
957,Uniform-Mean-GRUseed,0.0
958,Uniform-Mean-GRUseed,0.5756916607443827
959,Uniform-Mean-GRUseed,0.8606808623712254
960,Uniform-Mean-GRUseed,0.3236296660356288
961,Uniform-Mean-GRUseed,3.972085421780548
962,Uniform-Mean-GRUseed,0.0
963,Uniform-Mean-GRUseed,0.0
964,Uniform-Mean-GRUseed,0.0
965,Uniform-Mean-GRUseed,0.3646200733863907
966,Uniform-Mean-GRUseed,0.7575478012618078
967,Uniform-Mean-GRUseed,0.19460697591733833
968,Uniform-Mean-GRUseed,5.808363499125619
969,Uniform-Mean-GRUseed,0.001396170289353904
970,Uniform-Mean-GRUseed,0.0
971,Uniform-Mean-GRUseed,9.950716800463795
972,Uniform-Mean-GRUseed,0.0
973,Uniform-Mean-GRUseed,7.544193526378365
974,Uniform-Mean-GRUseed,0.0
975,Uniform-Mean-GRUseed,0.28722458367144554
976,Uniform-Mean-GRUseed,1.7539378375503816
977,Uniform-Mean-GRUseed,0.0
978,Uniform-Mean-GRUseed,0.0
979,Uniform-Mean-GRUseed,0.0
980,Uniform-Mean-GRUseed,3.932545981620706
981,Uniform-Mean-GRUseed,0.0
982,Uniform-Mean-GRUseed,0.0
983,Uniform-Mean-GRUseed,0.0
984,Uniform-Mean-GRUseed,0.04196726419411334
985,Uniform-Mean-GRUseed,2.1676697447497304
986,Uniform-Mean-GRUseed,0.0
987,Uniform-Mean-GRUseed,0.1703178046894891
988,Uniform-Mean-GRUseed,51.8926921796689
989,Uniform-Mean-GRUseed,1.2732211718416693
990,Uniform-Mean-GRUseed,2.178960755243793
991,Uniform-Mean-GRUseed,2.250018243394152
992,Uniform-Mean-GRUseed,0.006832446833925587
993,Uniform-Mean-GRUseed,0.7586535416185711
994,Uniform-Mean-GRUseed,0.0
995,Uniform-Mean-GRUseed,2.7228257844497534
996,Uniform-Mean-GRUseed,3.4285642125400386
997,Uniform-Mean-GRUseed,0.0
998,Uniform-Mean-GRUseed,0.6223974134123296
999,Uniform-Mean-GRUseed,0.0
0,Uniform-CVaR-GRUseed,0.40849390777714234
1,Uniform-CVaR-GRUseed,0.2600335449370732
2,Uniform-CVaR-GRUseed,2.1376948944329683
3,Uniform-CVaR-GRUseed,12.025810248694825
4,Uniform-CVaR-GRUseed,0.0
5,Uniform-CVaR-GRUseed,0.20168001568464433
6,Uniform-CVaR-GRUseed,6.8502718619662915
7,Uniform-CVaR-GRUseed,0.13106574010294025
8,Uniform-CVaR-GRUseed,0.0
9,Uniform-CVaR-GRUseed,2.36029340146564
10,Uniform-CVaR-GRUseed,0.0
11,Uniform-CVaR-GRUseed,2.1930979467810516
12,Uniform-CVaR-GRUseed,2.9492024761742073
13,Uniform-CVaR-GRUseed,0.0
14,Uniform-CVaR-GRUseed,0.18043548862357284
15,Uniform-CVaR-GRUseed,1.1701358754858688
16,Uniform-CVaR-GRUseed,0.0
17,Uniform-CVaR-GRUseed,0.0
18,Uniform-CVaR-GRUseed,0.0
19,Uniform-CVaR-GRUseed,0.4270721788961964
20,Uniform-CVaR-GRUseed,0.33458929881675203
21,Uniform-CVaR-GRUseed,0.0
22,Uniform-CVaR-GRUseed,15.676121840361219
23,Uniform-CVaR-GRUseed,0.0
24,Uniform-CVaR-GRUseed,5.1451960673392705
25,Uniform-CVaR-GRUseed,0.0
26,Uniform-CVaR-GRUseed,2.6134581629648324
27,Uniform-CVaR-GRUseed,0.0
28,Uniform-CVaR-GRUseed,0.0
29,Uniform-CVaR-GRUseed,0.6954554338684034
30,Uniform-CVaR-GRUseed,2.2995294211941086
31,Uniform-CVaR-GRUseed,9.527313575221058
32,Uniform-CVaR-GRUseed,0.46292813126456167
33,Uniform-CVaR-GRUseed,10.16207239670058
34,Uniform-CVaR-GRUseed,0.0
35,Uniform-CVaR-GRUseed,2.4297876323450396
36,Uniform-CVaR-GRUseed,2.822818161024827
37,Uniform-CVaR-GRUseed,5.205526981467187
38,Uniform-CVaR-GRUseed,10.092756156351754
39,Uniform-CVaR-GRUseed,14.309868124159408
40,Uniform-CVaR-GRUseed,0.07654631689507596
41,Uniform-CVaR-GRUseed,0.0
42,Uniform-CVaR-GRUseed,0.0
43,Uniform-CVaR-GRUseed,0.0
44,Uniform-CVaR-GRUseed,0.0
45,Uniform-CVaR-GRUseed,0.0
46,Uniform-CVaR-GRUseed,0.0
47,Uniform-CVaR-GRUseed,0.0
48,Uniform-CVaR-GRUseed,0.0
49,Uniform-CVaR-GRUseed,15.915096988133826
50,Uniform-CVaR-GRUseed,5.437180381051917
51,Uniform-CVaR-GRUseed,0.259614313616396
52,Uniform-CVaR-GRUseed,0.0
53,Uniform-CVaR-GRUseed,0.0
54,Uniform-CVaR-GRUseed,0.0
55,Uniform-CVaR-GRUseed,0.0
56,Uniform-CVaR-GRUseed,0.0
57,Uniform-CVaR-GRUseed,0.0
58,Uniform-CVaR-GRUseed,6.39454092849877
59,Uniform-CVaR-GRUseed,0.0
60,Uniform-CVaR-GRUseed,0.0
61,Uniform-CVaR-GRUseed,0.016427127677047793
62,Uniform-CVaR-GRUseed,0.0
63,Uniform-CVaR-GRUseed,2.7960344534781143
64,Uniform-CVaR-GRUseed,0.0
65,Uniform-CVaR-GRUseed,0.12441343675652661
66,Uniform-CVaR-GRUseed,0.2141040326333723
67,Uniform-CVaR-GRUseed,0.0
68,Uniform-CVaR-GRUseed,0.0
69,Uniform-CVaR-GRUseed,0.0011917658899847083
70,Uniform-CVaR-GRUseed,0.0
71,Uniform-CVaR-GRUseed,0.0
72,Uniform-CVaR-GRUseed,4.9108038839183905
73,Uniform-CVaR-GRUseed,0.19236517872474224
74,Uniform-CVaR-GRUseed,0.42917761378356545
75,Uniform-CVaR-GRUseed,0.0
76,Uniform-CVaR-GRUseed,0.0
77,Uniform-CVaR-GRUseed,4.6790142997082285
78,Uniform-CVaR-GRUseed,0.0
79,Uniform-CVaR-GRUseed,0.0
80,Uniform-CVaR-GRUseed,0.0
81,Uniform-CVaR-GRUseed,0.0
82,Uniform-CVaR-GRUseed,0.0
83,Uniform-CVaR-GRUseed,0.0
84,Uniform-CVaR-GRUseed,5.858482014937181
85,Uniform-CVaR-GRUseed,0.4924189123848919
86,Uniform-CVaR-GRUseed,3.27148122967958
87,Uniform-CVaR-GRUseed,0.0
88,Uniform-CVaR-GRUseed,0.17720919511646116
89,Uniform-CVaR-GRUseed,0.0
90,Uniform-CVaR-GRUseed,0.23786816958670443
91,Uniform-CVaR-GRUseed,0.0
92,Uniform-CVaR-GRUseed,0.0
93,Uniform-CVaR-GRUseed,4.604947083708623
94,Uniform-CVaR-GRUseed,2.0618812732554943
95,Uniform-CVaR-GRUseed,13.438486430348746
96,Uniform-CVaR-GRUseed,0.0
97,Uniform-CVaR-GRUseed,6.663512386965522
98,Uniform-CVaR-GRUseed,1.8230393406003316
99,Uniform-CVaR-GRUseed,2.2457625615247707
100,Uniform-CVaR-GRUseed,9.388554443437442
101,Uniform-CVaR-GRUseed,0.0
102,Uniform-CVaR-GRUseed,0.15218731304844368
103,Uniform-CVaR-GRUseed,0.0
104,Uniform-CVaR-GRUseed,3.064977633900213
105,Uniform-CVaR-GRUseed,0.0
106,Uniform-CVaR-GRUseed,0.0
107,Uniform-CVaR-GRUseed,0.0
108,Uniform-CVaR-GRUseed,6.43784319634733
109,Uniform-CVaR-GRUseed,0.0
110,Uniform-CVaR-GRUseed,5.325090100494151
111,Uniform-CVaR-GRUseed,0.13241168046806706
112,Uniform-CVaR-GRUseed,0.0
113,Uniform-CVaR-GRUseed,5.541391089549052
114,Uniform-CVaR-GRUseed,0.0
115,Uniform-CVaR-GRUseed,0.0
116,Uniform-CVaR-GRUseed,6.227196100827143
117,Uniform-CVaR-GRUseed,0.0
118,Uniform-CVaR-GRUseed,1.6817652621473371
119,Uniform-CVaR-GRUseed,0.0
120,Uniform-CVaR-GRUseed,0.2708973842375144
121,Uniform-CVaR-GRUseed,0.0
122,Uniform-CVaR-GRUseed,4.4262664282483115
123,Uniform-CVaR-GRUseed,0.0
124,Uniform-CVaR-GRUseed,1.4493865379456565
125,Uniform-CVaR-GRUseed,0.0
126,Uniform-CVaR-GRUseed,0.5035524369276914
127,Uniform-CVaR-GRUseed,0.0
128,Uniform-CVaR-GRUseed,1.0651820787305724
129,Uniform-CVaR-GRUseed,1.46870127540015
130,Uniform-CVaR-GRUseed,0.0
131,Uniform-CVaR-GRUseed,0.0
132,Uniform-CVaR-GRUseed,0.7905117345026156
133,Uniform-CVaR-GRUseed,0.16092441777442446
134,Uniform-CVaR-GRUseed,0.0
135,Uniform-CVaR-GRUseed,0.0
136,Uniform-CVaR-GRUseed,0.0
137,Uniform-CVaR-GRUseed,6.780499627249014
138,Uniform-CVaR-GRUseed,0.0
139,Uniform-CVaR-GRUseed,11.155958172525914
140,Uniform-CVaR-GRUseed,2.1669502783921075
141,Uniform-CVaR-GRUseed,0.0
142,Uniform-CVaR-GRUseed,0.0
143,Uniform-CVaR-GRUseed,0.0
144,Uniform-CVaR-GRUseed,0.0
145,Uniform-CVaR-GRUseed,1.6476657076447054
146,Uniform-CVaR-GRUseed,0.0
147,Uniform-CVaR-GRUseed,0.14039850176692426
148,Uniform-CVaR-GRUseed,0.0
149,Uniform-CVaR-GRUseed,0.0
150,Uniform-CVaR-GRUseed,3.1931954298574396
151,Uniform-CVaR-GRUseed,0.010114400046290939
152,Uniform-CVaR-GRUseed,0.015065684462399531
153,Uniform-CVaR-GRUseed,0.0
154,Uniform-CVaR-GRUseed,0.0
155,Uniform-CVaR-GRUseed,2.5735872877765473
156,Uniform-CVaR-GRUseed,0.04658812511513588
157,Uniform-CVaR-GRUseed,4.862011325449487
158,Uniform-CVaR-GRUseed,2.784319365739009
159,Uniform-CVaR-GRUseed,0.0
160,Uniform-CVaR-GRUseed,2.9015476926991255
161,Uniform-CVaR-GRUseed,0.014556147898190375
162,Uniform-CVaR-GRUseed,0.0
163,Uniform-CVaR-GRUseed,0.1810730204569495
164,Uniform-CVaR-GRUseed,0.1316463090179809
165,Uniform-CVaR-GRUseed,4.985296928271964
166,Uniform-CVaR-GRUseed,1.2700620486077128
167,Uniform-CVaR-GRUseed,0.0
168,Uniform-CVaR-GRUseed,4.07994857631337
169,Uniform-CVaR-GRUseed,0.19615865846179759
170,Uniform-CVaR-GRUseed,0.6626904738254211
171,Uniform-CVaR-GRUseed,0.0
172,Uniform-CVaR-GRUseed,4.927232527950196
173,Uniform-CVaR-GRUseed,0.0
174,Uniform-CVaR-GRUseed,0.0
175,Uniform-CVaR-GRUseed,0.26907891636426484
176,Uniform-CVaR-GRUseed,0.26767779411318315
177,Uniform-CVaR-GRUseed,0.0
178,Uniform-CVaR-GRUseed,1.4938899289637675
179,Uniform-CVaR-GRUseed,0.3192955485719722
180,Uniform-CVaR-GRUseed,0.035118843261955135
181,Uniform-CVaR-GRUseed,7.241077592057138
182,Uniform-CVaR-GRUseed,2.7864338018998183
183,Uniform-CVaR-GRUseed,0.0
184,Uniform-CVaR-GRUseed,0.0
185,Uniform-CVaR-GRUseed,0.0
186,Uniform-CVaR-GRUseed,0.05610658889543174
187,Uniform-CVaR-GRUseed,0.5568467774344867
188,Uniform-CVaR-GRUseed,0.0
189,Uniform-CVaR-GRUseed,0.0
190,Uniform-CVaR-GRUseed,0.22390740571910328
191,Uniform-CVaR-GRUseed,0.5166774032626904
192,Uniform-CVaR-GRUseed,0.0
193,Uniform-CVaR-GRUseed,0.0
194,Uniform-CVaR-GRUseed,8.048623526803453
195,Uniform-CVaR-GRUseed,1.7590562759189652
196,Uniform-CVaR-GRUseed,11.064069335545241
197,Uniform-CVaR-GRUseed,6.637241036547493
198,Uniform-CVaR-GRUseed,2.544963247923164
199,Uniform-CVaR-GRUseed,0.8316448051398879
200,Uniform-CVaR-GRUseed,0.42203463780481343
201,Uniform-CVaR-GRUseed,0.0
202,Uniform-CVaR-GRUseed,0.0
203,Uniform-CVaR-GRUseed,0.0
204,Uniform-CVaR-GRUseed,9.037107421566759
205,Uniform-CVaR-GRUseed,0.16763669873205345
206,Uniform-CVaR-GRUseed,0.0
207,Uniform-CVaR-GRUseed,0.06667423530336691
208,Uniform-CVaR-GRUseed,0.11149422873666026
209,Uniform-CVaR-GRUseed,0.0
210,Uniform-CVaR-GRUseed,3.5418499732976443
211,Uniform-CVaR-GRUseed,0.0
212,Uniform-CVaR-GRUseed,0.0
213,Uniform-CVaR-GRUseed,1.1698259665747628
214,Uniform-CVaR-GRUseed,0.0
215,Uniform-CVaR-GRUseed,4.733910628047681
216,Uniform-CVaR-GRUseed,0.0
217,Uniform-CVaR-GRUseed,0.0
218,Uniform-CVaR-GRUseed,0.18583923934482982
219,Uniform-CVaR-GRUseed,0.0
220,Uniform-CVaR-GRUseed,0.0
221,Uniform-CVaR-GRUseed,0.14489684367254085
222,Uniform-CVaR-GRUseed,0.0
223,Uniform-CVaR-GRUseed,0.0
224,Uniform-CVaR-GRUseed,0.8929017536279389
225,Uniform-CVaR-GRUseed,0.0
226,Uniform-CVaR-GRUseed,0.0
227,Uniform-CVaR-GRUseed,3.094937616514585
228,Uniform-CVaR-GRUseed,14.27674537233105
229,Uniform-CVaR-GRUseed,0.28713918490171864
230,Uniform-CVaR-GRUseed,0.0
231,Uniform-CVaR-GRUseed,0.0
232,Uniform-CVaR-GRUseed,1.710746664102885
233,Uniform-CVaR-GRUseed,0.0
234,Uniform-CVaR-GRUseed,0.18980165234779633
235,Uniform-CVaR-GRUseed,0.07863272009257116
236,Uniform-CVaR-GRUseed,1.760689476811308
237,Uniform-CVaR-GRUseed,2.3816226941906393
238,Uniform-CVaR-GRUseed,0.47622242047759755
239,Uniform-CVaR-GRUseed,1.6049110136945046
240,Uniform-CVaR-GRUseed,0.0
241,Uniform-CVaR-GRUseed,3.65740588808103
242,Uniform-CVaR-GRUseed,0.0
243,Uniform-CVaR-GRUseed,0.0
244,Uniform-CVaR-GRUseed,0.0
245,Uniform-CVaR-GRUseed,0.0
246,Uniform-CVaR-GRUseed,0.0
247,Uniform-CVaR-GRUseed,0.0
248,Uniform-CVaR-GRUseed,0.09693555789777974
249,Uniform-CVaR-GRUseed,5.671902850662832
250,Uniform-CVaR-GRUseed,0.0
251,Uniform-CVaR-GRUseed,1.521073759514337
252,Uniform-CVaR-GRUseed,3.8742204129969764
253,Uniform-CVaR-GRUseed,0.0
254,Uniform-CVaR-GRUseed,0.0
255,Uniform-CVaR-GRUseed,0.0
256,Uniform-CVaR-GRUseed,2.3053093565622476
257,Uniform-CVaR-GRUseed,0.2165123388742245
258,Uniform-CVaR-GRUseed,0.0
259,Uniform-CVaR-GRUseed,0.14283034978808473
260,Uniform-CVaR-GRUseed,0.6778325137614161
261,Uniform-CVaR-GRUseed,0.0
262,Uniform-CVaR-GRUseed,0.0
263,Uniform-CVaR-GRUseed,0.0
264,Uniform-CVaR-GRUseed,1.9841080088250465
265,Uniform-CVaR-GRUseed,0.2846793106631367
266,Uniform-CVaR-GRUseed,1.0408715628973937
267,Uniform-CVaR-GRUseed,0.0
268,Uniform-CVaR-GRUseed,0.0
269,Uniform-CVaR-GRUseed,0.19061896794511313
270,Uniform-CVaR-GRUseed,0.0
271,Uniform-CVaR-GRUseed,0.0
272,Uniform-CVaR-GRUseed,2.5744736260862737
273,Uniform-CVaR-GRUseed,0.0
274,Uniform-CVaR-GRUseed,0.0
275,Uniform-CVaR-GRUseed,2.441276078064675
276,Uniform-CVaR-GRUseed,0.0
277,Uniform-CVaR-GRUseed,0.0
278,Uniform-CVaR-GRUseed,4.60323549372356
279,Uniform-CVaR-GRUseed,0.207470469423356
280,Uniform-CVaR-GRUseed,0.36380466407888434
281,Uniform-CVaR-GRUseed,0.0
282,Uniform-CVaR-GRUseed,0.5007777609195614
283,Uniform-CVaR-GRUseed,7.509837726841397
284,Uniform-CVaR-GRUseed,0.0
285,Uniform-CVaR-GRUseed,0.0
286,Uniform-CVaR-GRUseed,0.0
287,Uniform-CVaR-GRUseed,0.0
288,Uniform-CVaR-GRUseed,0.0
289,Uniform-CVaR-GRUseed,0.03149198346528692
290,Uniform-CVaR-GRUseed,0.9547400099086758
291,Uniform-CVaR-GRUseed,6.930116490936882
292,Uniform-CVaR-GRUseed,0.0
293,Uniform-CVaR-GRUseed,0.0
294,Uniform-CVaR-GRUseed,0.0
295,Uniform-CVaR-GRUseed,3.282225955442186
296,Uniform-CVaR-GRUseed,0.0
297,Uniform-CVaR-GRUseed,0.0
298,Uniform-CVaR-GRUseed,0.007704277140817339
299,Uniform-CVaR-GRUseed,0.0
300,Uniform-CVaR-GRUseed,6.5716814670368535
301,Uniform-CVaR-GRUseed,0.0
302,Uniform-CVaR-GRUseed,3.193579936101173
303,Uniform-CVaR-GRUseed,0.0
304,Uniform-CVaR-GRUseed,0.0
305,Uniform-CVaR-GRUseed,2.0617680197664754
306,Uniform-CVaR-GRUseed,1.3098476121400608
307,Uniform-CVaR-GRUseed,0.0
308,Uniform-CVaR-GRUseed,0.03582121555075446
309,Uniform-CVaR-GRUseed,0.0
310,Uniform-CVaR-GRUseed,0.08994443584668943
311,Uniform-CVaR-GRUseed,6.863388348118008
312,Uniform-CVaR-GRUseed,1.6358455313932438
313,Uniform-CVaR-GRUseed,0.0
314,Uniform-CVaR-GRUseed,0.0
315,Uniform-CVaR-GRUseed,5.307770628437936
316,Uniform-CVaR-GRUseed,2.00303499974774
317,Uniform-CVaR-GRUseed,6.2488536809472635
318,Uniform-CVaR-GRUseed,0.021452300301973537
319,Uniform-CVaR-GRUseed,0.8322233161990766
320,Uniform-CVaR-GRUseed,0.0
321,Uniform-CVaR-GRUseed,0.0
322,Uniform-CVaR-GRUseed,0.0
323,Uniform-CVaR-GRUseed,0.0
324,Uniform-CVaR-GRUseed,0.0
325,Uniform-CVaR-GRUseed,0.0
326,Uniform-CVaR-GRUseed,0.0
327,Uniform-CVaR-GRUseed,0.0
328,Uniform-CVaR-GRUseed,0.2656667628046989
329,Uniform-CVaR-GRUseed,0.0
330,Uniform-CVaR-GRUseed,0.24908435070659607
331,Uniform-CVaR-GRUseed,0.7317215314311625
332,Uniform-CVaR-GRUseed,0.2858869535087365
333,Uniform-CVaR-GRUseed,0.568788617130167
334,Uniform-CVaR-GRUseed,0.49140236609008525
335,Uniform-CVaR-GRUseed,1.5537680054018779
336,Uniform-CVaR-GRUseed,0.0
337,Uniform-CVaR-GRUseed,0.0
338,Uniform-CVaR-GRUseed,0.0
339,Uniform-CVaR-GRUseed,2.987731107873117
340,Uniform-CVaR-GRUseed,0.0
341,Uniform-CVaR-GRUseed,0.0
342,Uniform-CVaR-GRUseed,2.310570412670188
343,Uniform-CVaR-GRUseed,15.718652745541192
344,Uniform-CVaR-GRUseed,0.0
345,Uniform-CVaR-GRUseed,0.2969615372488761
346,Uniform-CVaR-GRUseed,0.06371439052890082
347,Uniform-CVaR-GRUseed,0.0
348,Uniform-CVaR-GRUseed,0.0
349,Uniform-CVaR-GRUseed,0.0
350,Uniform-CVaR-GRUseed,5.302880202120548
351,Uniform-CVaR-GRUseed,0.0
352,Uniform-CVaR-GRUseed,0.17999608726864835
353,Uniform-CVaR-GRUseed,0.07044102356542226
354,Uniform-CVaR-GRUseed,1.8395066937884508
355,Uniform-CVaR-GRUseed,0.0
356,Uniform-CVaR-GRUseed,0.0
357,Uniform-CVaR-GRUseed,0.0
358,Uniform-CVaR-GRUseed,1.150423262847994
359,Uniform-CVaR-GRUseed,0.0
360,Uniform-CVaR-GRUseed,0.0
361,Uniform-CVaR-GRUseed,0.3699927392806899
362,Uniform-CVaR-GRUseed,0.36458532112987996
363,Uniform-CVaR-GRUseed,0.0
364,Uniform-CVaR-GRUseed,0.0
365,Uniform-CVaR-GRUseed,0.0
366,Uniform-CVaR-GRUseed,0.0
367,Uniform-CVaR-GRUseed,0.0
368,Uniform-CVaR-GRUseed,0.0
369,Uniform-CVaR-GRUseed,0.0
370,Uniform-CVaR-GRUseed,0.0
371,Uniform-CVaR-GRUseed,0.693531618379069
372,Uniform-CVaR-GRUseed,0.0
373,Uniform-CVaR-GRUseed,0.0
374,Uniform-CVaR-GRUseed,0.3371368908468071
375,Uniform-CVaR-GRUseed,0.0
376,Uniform-CVaR-GRUseed,0.2480825094118586
377,Uniform-CVaR-GRUseed,0.0
378,Uniform-CVaR-GRUseed,0.047838650192659316
379,Uniform-CVaR-GRUseed,0.14990073995636521
380,Uniform-CVaR-GRUseed,0.0
381,Uniform-CVaR-GRUseed,0.0
382,Uniform-CVaR-GRUseed,0.5406298493555823
383,Uniform-CVaR-GRUseed,1.5449666431600804
384,Uniform-CVaR-GRUseed,0.07838290306528961
385,Uniform-CVaR-GRUseed,0.17618836958484962
386,Uniform-CVaR-GRUseed,0.0
387,Uniform-CVaR-GRUseed,0.0
388,Uniform-CVaR-GRUseed,0.0
389,Uniform-CVaR-GRUseed,0.6388609738921787
390,Uniform-CVaR-GRUseed,4.594335485148861
391,Uniform-CVaR-GRUseed,0.5485452622621665
392,Uniform-CVaR-GRUseed,0.0
393,Uniform-CVaR-GRUseed,0.0
394,Uniform-CVaR-GRUseed,0.0
395,Uniform-CVaR-GRUseed,0.2538395337242605
396,Uniform-CVaR-GRUseed,12.512808773741938
397,Uniform-CVaR-GRUseed,0.23962470845077632
398,Uniform-CVaR-GRUseed,0.0
399,Uniform-CVaR-GRUseed,0.0
400,Uniform-CVaR-GRUseed,0.0
401,Uniform-CVaR-GRUseed,0.0
402,Uniform-CVaR-GRUseed,0.0
403,Uniform-CVaR-GRUseed,0.4681824017689564
404,Uniform-CVaR-GRUseed,0.0
405,Uniform-CVaR-GRUseed,0.0
406,Uniform-CVaR-GRUseed,0.0
407,Uniform-CVaR-GRUseed,3.7232652673126836
408,Uniform-CVaR-GRUseed,0.4495279086107189
409,Uniform-CVaR-GRUseed,0.0
410,Uniform-CVaR-GRUseed,0.0
411,Uniform-CVaR-GRUseed,0.0
412,Uniform-CVaR-GRUseed,0.0
413,Uniform-CVaR-GRUseed,0.0
414,Uniform-CVaR-GRUseed,0.0
415,Uniform-CVaR-GRUseed,0.0
416,Uniform-CVaR-GRUseed,0.0
417,Uniform-CVaR-GRUseed,0.0
418,Uniform-CVaR-GRUseed,0.0
419,Uniform-CVaR-GRUseed,0.00015736789072207102
420,Uniform-CVaR-GRUseed,0.5809345787949951
421,Uniform-CVaR-GRUseed,4.872477287525896
422,Uniform-CVaR-GRUseed,0.0
423,Uniform-CVaR-GRUseed,0.0
424,Uniform-CVaR-GRUseed,0.20903026063211883
425,Uniform-CVaR-GRUseed,1.2680094839678873
426,Uniform-CVaR-GRUseed,0.34240858574861477
427,Uniform-CVaR-GRUseed,0.0
428,Uniform-CVaR-GRUseed,0.1750335864658723
429,Uniform-CVaR-GRUseed,0.0
430,Uniform-CVaR-GRUseed,0.0
431,Uniform-CVaR-GRUseed,0.14955262912064882
432,Uniform-CVaR-GRUseed,0.0
433,Uniform-CVaR-GRUseed,0.08482003137913807
434,Uniform-CVaR-GRUseed,0.527883600339635
435,Uniform-CVaR-GRUseed,0.0
436,Uniform-CVaR-GRUseed,3.857775309570627
437,Uniform-CVaR-GRUseed,0.0
438,Uniform-CVaR-GRUseed,2.0104424270651293
439,Uniform-CVaR-GRUseed,0.0
440,Uniform-CVaR-GRUseed,0.0
441,Uniform-CVaR-GRUseed,0.6253008884547739
442,Uniform-CVaR-GRUseed,5.864397003719603
443,Uniform-CVaR-GRUseed,0.5359871047280649
444,Uniform-CVaR-GRUseed,6.749824717663728
445,Uniform-CVaR-GRUseed,0.0
446,Uniform-CVaR-GRUseed,0.0
447,Uniform-CVaR-GRUseed,2.3177759658412356
448,Uniform-CVaR-GRUseed,0.0
449,Uniform-CVaR-GRUseed,0.14876148170441184
450,Uniform-CVaR-GRUseed,0.0
451,Uniform-CVaR-GRUseed,0.45176612836911545
452,Uniform-CVaR-GRUseed,5.224756219257529
453,Uniform-CVaR-GRUseed,18.0838770390867
454,Uniform-CVaR-GRUseed,0.0
455,Uniform-CVaR-GRUseed,0.002869139084566541
456,Uniform-CVaR-GRUseed,0.0
457,Uniform-CVaR-GRUseed,1.2200701226560113
458,Uniform-CVaR-GRUseed,13.205404616799058
459,Uniform-CVaR-GRUseed,0.4188032776274895
460,Uniform-CVaR-GRUseed,0.0
461,Uniform-CVaR-GRUseed,0.7983334900665682
462,Uniform-CVaR-GRUseed,8.159716335045118
463,Uniform-CVaR-GRUseed,0.4231001868940325
464,Uniform-CVaR-GRUseed,0.2835085283526837
465,Uniform-CVaR-GRUseed,0.0
466,Uniform-CVaR-GRUseed,0.14965972473879674
467,Uniform-CVaR-GRUseed,0.0
468,Uniform-CVaR-GRUseed,0.0
469,Uniform-CVaR-GRUseed,0.08329923960036467
470,Uniform-CVaR-GRUseed,0.0
471,Uniform-CVaR-GRUseed,0.5027672704602537
472,Uniform-CVaR-GRUseed,0.0
473,Uniform-CVaR-GRUseed,0.0
474,Uniform-CVaR-GRUseed,0.0
475,Uniform-CVaR-GRUseed,2.762644602597504
476,Uniform-CVaR-GRUseed,0.0
477,Uniform-CVaR-GRUseed,0.0
478,Uniform-CVaR-GRUseed,0.0
479,Uniform-CVaR-GRUseed,0.0
480,Uniform-CVaR-GRUseed,0.0
481,Uniform-CVaR-GRUseed,0.4145184992315194
482,Uniform-CVaR-GRUseed,6.211234369334022
483,Uniform-CVaR-GRUseed,1.6169006990232901
484,Uniform-CVaR-GRUseed,0.1315585422357799
485,Uniform-CVaR-GRUseed,0.2297674927224307
486,Uniform-CVaR-GRUseed,0.0
487,Uniform-CVaR-GRUseed,0.0
488,Uniform-CVaR-GRUseed,0.0
489,Uniform-CVaR-GRUseed,0.0
490,Uniform-CVaR-GRUseed,0.0
491,Uniform-CVaR-GRUseed,0.0
492,Uniform-CVaR-GRUseed,2.5536800465206397
493,Uniform-CVaR-GRUseed,0.0
494,Uniform-CVaR-GRUseed,0.0
495,Uniform-CVaR-GRUseed,5.540243104747901
496,Uniform-CVaR-GRUseed,0.0
497,Uniform-CVaR-GRUseed,0.0
498,Uniform-CVaR-GRUseed,0.0
499,Uniform-CVaR-GRUseed,0.0
500,Uniform-CVaR-GRUseed,0.0
501,Uniform-CVaR-GRUseed,0.2529712965037447
502,Uniform-CVaR-GRUseed,0.0
503,Uniform-CVaR-GRUseed,12.656172803299
504,Uniform-CVaR-GRUseed,0.39585427887067226
505,Uniform-CVaR-GRUseed,0.0
506,Uniform-CVaR-GRUseed,0.0
507,Uniform-CVaR-GRUseed,11.935410140372824
508,Uniform-CVaR-GRUseed,5.706925779962148
509,Uniform-CVaR-GRUseed,2.3293549294926947
510,Uniform-CVaR-GRUseed,0.0
511,Uniform-CVaR-GRUseed,0.0
512,Uniform-CVaR-GRUseed,0.0
513,Uniform-CVaR-GRUseed,0.028539437285814984
514,Uniform-CVaR-GRUseed,0.0
515,Uniform-CVaR-GRUseed,2.8908149514309684
516,Uniform-CVaR-GRUseed,2.785387610493501
517,Uniform-CVaR-GRUseed,0.6033325454739042
518,Uniform-CVaR-GRUseed,0.18586268530339112
519,Uniform-CVaR-GRUseed,0.33374728165961187
520,Uniform-CVaR-GRUseed,0.0
521,Uniform-CVaR-GRUseed,3.073990880542283
522,Uniform-CVaR-GRUseed,0.2531720445114729
523,Uniform-CVaR-GRUseed,0.43550617602170405
524,Uniform-CVaR-GRUseed,5.120692498349513
525,Uniform-CVaR-GRUseed,0.0
526,Uniform-CVaR-GRUseed,1.9947694931637443
527,Uniform-CVaR-GRUseed,0.0
528,Uniform-CVaR-GRUseed,0.22623977360541403
529,Uniform-CVaR-GRUseed,0.2963960761215958
530,Uniform-CVaR-GRUseed,0.0
531,Uniform-CVaR-GRUseed,0.0
532,Uniform-CVaR-GRUseed,0.0
533,Uniform-CVaR-GRUseed,0.0
534,Uniform-CVaR-GRUseed,0.27249406992046943
535,Uniform-CVaR-GRUseed,0.0
536,Uniform-CVaR-GRUseed,0.87824240054141
537,Uniform-CVaR-GRUseed,0.0
538,Uniform-CVaR-GRUseed,0.1547698602776677
539,Uniform-CVaR-GRUseed,6.0868390166438076
540,Uniform-CVaR-GRUseed,0.4223546689478326
541,Uniform-CVaR-GRUseed,0.0
542,Uniform-CVaR-GRUseed,0.23659957608822424
543,Uniform-CVaR-GRUseed,0.0
544,Uniform-CVaR-GRUseed,0.0
545,Uniform-CVaR-GRUseed,0.0
546,Uniform-CVaR-GRUseed,10.477307998517631
547,Uniform-CVaR-GRUseed,0.0
548,Uniform-CVaR-GRUseed,0.0
549,Uniform-CVaR-GRUseed,3.8005395204148726
550,Uniform-CVaR-GRUseed,0.03820874844723221
551,Uniform-CVaR-GRUseed,0.06180925190699327
552,Uniform-CVaR-GRUseed,0.2149895509555222
553,Uniform-CVaR-GRUseed,2.690995018524518
554,Uniform-CVaR-GRUseed,0.0
555,Uniform-CVaR-GRUseed,0.0
556,Uniform-CVaR-GRUseed,0.0
557,Uniform-CVaR-GRUseed,0.0
558,Uniform-CVaR-GRUseed,0.0
559,Uniform-CVaR-GRUseed,0.0
560,Uniform-CVaR-GRUseed,0.0
561,Uniform-CVaR-GRUseed,0.0
562,Uniform-CVaR-GRUseed,0.8557936924347587
563,Uniform-CVaR-GRUseed,0.0
564,Uniform-CVaR-GRUseed,0.5912429839975744
565,Uniform-CVaR-GRUseed,0.0
566,Uniform-CVaR-GRUseed,0.0
567,Uniform-CVaR-GRUseed,0.2934408648799831
568,Uniform-CVaR-GRUseed,0.08829116878831655
569,Uniform-CVaR-GRUseed,8.140392032824707
570,Uniform-CVaR-GRUseed,3.522974255470558
571,Uniform-CVaR-GRUseed,0.4023774433316589
572,Uniform-CVaR-GRUseed,0.0
573,Uniform-CVaR-GRUseed,0.5381996950326879
574,Uniform-CVaR-GRUseed,0.0
575,Uniform-CVaR-GRUseed,0.011368295317026877
576,Uniform-CVaR-GRUseed,5.982139350735906
577,Uniform-CVaR-GRUseed,0.0
578,Uniform-CVaR-GRUseed,0.2730848407123858
579,Uniform-CVaR-GRUseed,0.0
580,Uniform-CVaR-GRUseed,0.03753124580174472
581,Uniform-CVaR-GRUseed,8.562801081674195
582,Uniform-CVaR-GRUseed,0.4065907771521893
583,Uniform-CVaR-GRUseed,0.0
584,Uniform-CVaR-GRUseed,0.0
585,Uniform-CVaR-GRUseed,3.6746780228596663
586,Uniform-CVaR-GRUseed,0.0
587,Uniform-CVaR-GRUseed,0.0
588,Uniform-CVaR-GRUseed,0.46955397200343896
589,Uniform-CVaR-GRUseed,2.0983544911748027
590,Uniform-CVaR-GRUseed,0.5993038301543834
591,Uniform-CVaR-GRUseed,0.09885772149181093
592,Uniform-CVaR-GRUseed,0.0
593,Uniform-CVaR-GRUseed,0.0
594,Uniform-CVaR-GRUseed,1.2071953500499717
595,Uniform-CVaR-GRUseed,0.0
596,Uniform-CVaR-GRUseed,0.2737839177160595
597,Uniform-CVaR-GRUseed,0.0
598,Uniform-CVaR-GRUseed,0.0
599,Uniform-CVaR-GRUseed,0.2667178791035667
600,Uniform-CVaR-GRUseed,0.0
601,Uniform-CVaR-GRUseed,0.0
602,Uniform-CVaR-GRUseed,0.09622463544667426
603,Uniform-CVaR-GRUseed,0.0
604,Uniform-CVaR-GRUseed,0.0
605,Uniform-CVaR-GRUseed,0.1735845341846698
606,Uniform-CVaR-GRUseed,7.118096120988014
607,Uniform-CVaR-GRUseed,0.0
608,Uniform-CVaR-GRUseed,4.499329005047912
609,Uniform-CVaR-GRUseed,6.028585344329258
610,Uniform-CVaR-GRUseed,0.0
611,Uniform-CVaR-GRUseed,0.6857721261528127
612,Uniform-CVaR-GRUseed,0.09602874645355541
613,Uniform-CVaR-GRUseed,3.6630622746457107
614,Uniform-CVaR-GRUseed,0.2298008585705702
615,Uniform-CVaR-GRUseed,0.0
616,Uniform-CVaR-GRUseed,0.0
617,Uniform-CVaR-GRUseed,0.0
618,Uniform-CVaR-GRUseed,0.0
619,Uniform-CVaR-GRUseed,10.544169785670533
620,Uniform-CVaR-GRUseed,0.0
621,Uniform-CVaR-GRUseed,0.1921990590808491
622,Uniform-CVaR-GRUseed,0.059214571300799435
623,Uniform-CVaR-GRUseed,0.0
624,Uniform-CVaR-GRUseed,0.0
625,Uniform-CVaR-GRUseed,0.0
626,Uniform-CVaR-GRUseed,0.0
627,Uniform-CVaR-GRUseed,0.0
628,Uniform-CVaR-GRUseed,6.394521664759111
629,Uniform-CVaR-GRUseed,4.492888491556471
630,Uniform-CVaR-GRUseed,0.0
631,Uniform-CVaR-GRUseed,0.0
632,Uniform-CVaR-GRUseed,0.0
633,Uniform-CVaR-GRUseed,0.42738947227900326
634,Uniform-CVaR-GRUseed,0.6596100155598492
635,Uniform-CVaR-GRUseed,0.0
636,Uniform-CVaR-GRUseed,0.0
637,Uniform-CVaR-GRUseed,0.0
638,Uniform-CVaR-GRUseed,0.0
639,Uniform-CVaR-GRUseed,0.0
640,Uniform-CVaR-GRUseed,14.614178516156528
641,Uniform-CVaR-GRUseed,0.2590623467427804
642,Uniform-CVaR-GRUseed,0.7027648827985331
643,Uniform-CVaR-GRUseed,2.655850599076416
644,Uniform-CVaR-GRUseed,0.4589610774766584
645,Uniform-CVaR-GRUseed,4.363394392337398
646,Uniform-CVaR-GRUseed,0.010660297243759942
647,Uniform-CVaR-GRUseed,0.0
648,Uniform-CVaR-GRUseed,6.828452914295724
649,Uniform-CVaR-GRUseed,0.0
650,Uniform-CVaR-GRUseed,0.0
651,Uniform-CVaR-GRUseed,0.0
652,Uniform-CVaR-GRUseed,0.0
653,Uniform-CVaR-GRUseed,0.2186373499862384
654,Uniform-CVaR-GRUseed,0.32006125035542254
655,Uniform-CVaR-GRUseed,0.31875244696436766
656,Uniform-CVaR-GRUseed,0.0
657,Uniform-CVaR-GRUseed,0.0
658,Uniform-CVaR-GRUseed,1.78236747939917
659,Uniform-CVaR-GRUseed,0.0
660,Uniform-CVaR-GRUseed,0.0
661,Uniform-CVaR-GRUseed,0.0
662,Uniform-CVaR-GRUseed,0.0
663,Uniform-CVaR-GRUseed,0.0860034871947164
664,Uniform-CVaR-GRUseed,0.0
665,Uniform-CVaR-GRUseed,0.10692926643179135
666,Uniform-CVaR-GRUseed,0.0
667,Uniform-CVaR-GRUseed,0.0
668,Uniform-CVaR-GRUseed,0.5911118151483379
669,Uniform-CVaR-GRUseed,0.0
670,Uniform-CVaR-GRUseed,0.0
671,Uniform-CVaR-GRUseed,1.6437418014978675
672,Uniform-CVaR-GRUseed,0.0
673,Uniform-CVaR-GRUseed,0.3068812671829164
674,Uniform-CVaR-GRUseed,0.0
675,Uniform-CVaR-GRUseed,1.2495934883005475
676,Uniform-CVaR-GRUseed,5.271185089028052
677,Uniform-CVaR-GRUseed,4.92404288129552
678,Uniform-CVaR-GRUseed,0.0
679,Uniform-CVaR-GRUseed,0.0
680,Uniform-CVaR-GRUseed,0.09702663221975172
681,Uniform-CVaR-GRUseed,0.21278096144806113
682,Uniform-CVaR-GRUseed,0.0
683,Uniform-CVaR-GRUseed,0.0
684,Uniform-CVaR-GRUseed,8.029391285670897
685,Uniform-CVaR-GRUseed,0.0
686,Uniform-CVaR-GRUseed,0.0
687,Uniform-CVaR-GRUseed,0.0
688,Uniform-CVaR-GRUseed,0.0
689,Uniform-CVaR-GRUseed,0.0689464461547118
690,Uniform-CVaR-GRUseed,0.0
691,Uniform-CVaR-GRUseed,3.1005322597608256
692,Uniform-CVaR-GRUseed,0.004343522003580347
693,Uniform-CVaR-GRUseed,0.0
694,Uniform-CVaR-GRUseed,0.932555907893402
695,Uniform-CVaR-GRUseed,2.9911204792317108
696,Uniform-CVaR-GRUseed,6.218094864769114
697,Uniform-CVaR-GRUseed,2.7499972459820583
698,Uniform-CVaR-GRUseed,5.081413590211071
699,Uniform-CVaR-GRUseed,0.0
700,Uniform-CVaR-GRUseed,0.10777670095689018
701,Uniform-CVaR-GRUseed,6.363562021945654
702,Uniform-CVaR-GRUseed,0.0
703,Uniform-CVaR-GRUseed,6.845910676017468
704,Uniform-CVaR-GRUseed,0.0
705,Uniform-CVaR-GRUseed,15.937603308192081
706,Uniform-CVaR-GRUseed,0.3083761025060312
707,Uniform-CVaR-GRUseed,1.6593651969143366
708,Uniform-CVaR-GRUseed,0.0
709,Uniform-CVaR-GRUseed,0.0
710,Uniform-CVaR-GRUseed,0.0
711,Uniform-CVaR-GRUseed,0.0
712,Uniform-CVaR-GRUseed,0.0
713,Uniform-CVaR-GRUseed,0.0
714,Uniform-CVaR-GRUseed,0.2569736228379611
715,Uniform-CVaR-GRUseed,0.057777437554761946
716,Uniform-CVaR-GRUseed,0.410168442301142
717,Uniform-CVaR-GRUseed,0.0
718,Uniform-CVaR-GRUseed,0.0
719,Uniform-CVaR-GRUseed,0.33439593721533356
720,Uniform-CVaR-GRUseed,8.52165037213922
721,Uniform-CVaR-GRUseed,0.0
722,Uniform-CVaR-GRUseed,0.0
723,Uniform-CVaR-GRUseed,1.5610698744850424
724,Uniform-CVaR-GRUseed,2.4516046600609798
725,Uniform-CVaR-GRUseed,5.484686908862898
726,Uniform-CVaR-GRUseed,4.3990590666444405
727,Uniform-CVaR-GRUseed,6.049206478088081
728,Uniform-CVaR-GRUseed,0.14427900455649478
729,Uniform-CVaR-GRUseed,0.0410297466575571
730,Uniform-CVaR-GRUseed,0.0
731,Uniform-CVaR-GRUseed,0.0
732,Uniform-CVaR-GRUseed,0.0
733,Uniform-CVaR-GRUseed,0.0
734,Uniform-CVaR-GRUseed,0.0
735,Uniform-CVaR-GRUseed,0.0
736,Uniform-CVaR-GRUseed,0.029685824579189557
737,Uniform-CVaR-GRUseed,0.44668307007253816
738,Uniform-CVaR-GRUseed,0.009493089720422176
739,Uniform-CVaR-GRUseed,1.0833223668714709
740,Uniform-CVaR-GRUseed,0.0
741,Uniform-CVaR-GRUseed,3.8617651049277697
742,Uniform-CVaR-GRUseed,0.0
743,Uniform-CVaR-GRUseed,0.7374739852412233
744,Uniform-CVaR-GRUseed,0.0
745,Uniform-CVaR-GRUseed,0.1444949493862282
746,Uniform-CVaR-GRUseed,0.07801471724616249
747,Uniform-CVaR-GRUseed,0.0
748,Uniform-CVaR-GRUseed,0.0
749,Uniform-CVaR-GRUseed,3.118062750386457
750,Uniform-CVaR-GRUseed,5.300676757193457
751,Uniform-CVaR-GRUseed,0.42357947994196365
752,Uniform-CVaR-GRUseed,0.0
753,Uniform-CVaR-GRUseed,0.0
754,Uniform-CVaR-GRUseed,0.0
755,Uniform-CVaR-GRUseed,0.0
756,Uniform-CVaR-GRUseed,0.0
757,Uniform-CVaR-GRUseed,0.0
758,Uniform-CVaR-GRUseed,1.4189733508931681
759,Uniform-CVaR-GRUseed,0.0
760,Uniform-CVaR-GRUseed,7.545470105326217
761,Uniform-CVaR-GRUseed,0.0
762,Uniform-CVaR-GRUseed,0.0
763,Uniform-CVaR-GRUseed,0.0
764,Uniform-CVaR-GRUseed,3.9169472117193322
765,Uniform-CVaR-GRUseed,0.0
766,Uniform-CVaR-GRUseed,0.2616443683165244
767,Uniform-CVaR-GRUseed,0.0
768,Uniform-CVaR-GRUseed,0.0
769,Uniform-CVaR-GRUseed,0.0
770,Uniform-CVaR-GRUseed,0.0
771,Uniform-CVaR-GRUseed,0.0
772,Uniform-CVaR-GRUseed,0.4060124141677761
773,Uniform-CVaR-GRUseed,7.199841307318991
774,Uniform-CVaR-GRUseed,0.0
775,Uniform-CVaR-GRUseed,5.677555937927195
776,Uniform-CVaR-GRUseed,0.0
777,Uniform-CVaR-GRUseed,5.84992493932333
778,Uniform-CVaR-GRUseed,0.5869237815501833
779,Uniform-CVaR-GRUseed,0.0
780,Uniform-CVaR-GRUseed,14.268759681924053
781,Uniform-CVaR-GRUseed,0.0
782,Uniform-CVaR-GRUseed,0.0
783,Uniform-CVaR-GRUseed,0.2519520316946
784,Uniform-CVaR-GRUseed,0.0
785,Uniform-CVaR-GRUseed,0.0
786,Uniform-CVaR-GRUseed,3.0014100634144825
787,Uniform-CVaR-GRUseed,0.0
788,Uniform-CVaR-GRUseed,0.0
789,Uniform-CVaR-GRUseed,0.0
790,Uniform-CVaR-GRUseed,0.0
791,Uniform-CVaR-GRUseed,0.38331877098119094
792,Uniform-CVaR-GRUseed,1.1625235650619175
793,Uniform-CVaR-GRUseed,0.0
794,Uniform-CVaR-GRUseed,0.0
795,Uniform-CVaR-GRUseed,0.0
796,Uniform-CVaR-GRUseed,1.5808864122819273
797,Uniform-CVaR-GRUseed,14.167442699642493
798,Uniform-CVaR-GRUseed,0.0
799,Uniform-CVaR-GRUseed,0.7765819653136532
800,Uniform-CVaR-GRUseed,0.013831293926898525
801,Uniform-CVaR-GRUseed,0.0
802,Uniform-CVaR-GRUseed,0.48391721153137723
803,Uniform-CVaR-GRUseed,0.2198703609101358
804,Uniform-CVaR-GRUseed,2.616700212493413
805,Uniform-CVaR-GRUseed,2.2475091651012917
806,Uniform-CVaR-GRUseed,7.455160267772953
807,Uniform-CVaR-GRUseed,0.6596763139090172
808,Uniform-CVaR-GRUseed,0.0
809,Uniform-CVaR-GRUseed,6.55447283716228
810,Uniform-CVaR-GRUseed,0.14184580767050647
811,Uniform-CVaR-GRUseed,0.0
812,Uniform-CVaR-GRUseed,0.0
813,Uniform-CVaR-GRUseed,0.28385820144058016
814,Uniform-CVaR-GRUseed,0.0
815,Uniform-CVaR-GRUseed,0.6966561550703432
816,Uniform-CVaR-GRUseed,0.11357723671665099
817,Uniform-CVaR-GRUseed,0.0
818,Uniform-CVaR-GRUseed,0.0
819,Uniform-CVaR-GRUseed,0.6237124144348059
820,Uniform-CVaR-GRUseed,0.12424044349967289
821,Uniform-CVaR-GRUseed,0.0
822,Uniform-CVaR-GRUseed,4.278963430512306
823,Uniform-CVaR-GRUseed,0.0
824,Uniform-CVaR-GRUseed,0.4168375034309406
825,Uniform-CVaR-GRUseed,0.0
826,Uniform-CVaR-GRUseed,0.0
827,Uniform-CVaR-GRUseed,0.0
828,Uniform-CVaR-GRUseed,0.0
829,Uniform-CVaR-GRUseed,0.0
830,Uniform-CVaR-GRUseed,0.0
831,Uniform-CVaR-GRUseed,0.49475477073411867
832,Uniform-CVaR-GRUseed,4.815535348030608
833,Uniform-CVaR-GRUseed,0.0
834,Uniform-CVaR-GRUseed,2.090641840584965
835,Uniform-CVaR-GRUseed,0.0
836,Uniform-CVaR-GRUseed,0.0012839790407497276
837,Uniform-CVaR-GRUseed,0.0
838,Uniform-CVaR-GRUseed,0.0
839,Uniform-CVaR-GRUseed,0.0
840,Uniform-CVaR-GRUseed,0.0
841,Uniform-CVaR-GRUseed,0.0
842,Uniform-CVaR-GRUseed,0.0
843,Uniform-CVaR-GRUseed,0.7621220731960534
844,Uniform-CVaR-GRUseed,0.0
845,Uniform-CVaR-GRUseed,0.0
846,Uniform-CVaR-GRUseed,3.935035850920997
847,Uniform-CVaR-GRUseed,0.0
848,Uniform-CVaR-GRUseed,6.782039439713685
849,Uniform-CVaR-GRUseed,0.09778739829283722
850,Uniform-CVaR-GRUseed,0.2874146589347788
851,Uniform-CVaR-GRUseed,0.0
852,Uniform-CVaR-GRUseed,0.0
853,Uniform-CVaR-GRUseed,0.8896522804484448
854,Uniform-CVaR-GRUseed,0.0017779444659140609
855,Uniform-CVaR-GRUseed,0.35137982759420083
856,Uniform-CVaR-GRUseed,5.3360901991470655
857,Uniform-CVaR-GRUseed,6.167264714872431
858,Uniform-CVaR-GRUseed,0.0
859,Uniform-CVaR-GRUseed,5.729478386739515
860,Uniform-CVaR-GRUseed,0.0
861,Uniform-CVaR-GRUseed,0.0
862,Uniform-CVaR-GRUseed,0.47557863753650054
863,Uniform-CVaR-GRUseed,3.3473698381599775
864,Uniform-CVaR-GRUseed,2.4198174511079173
865,Uniform-CVaR-GRUseed,0.0
866,Uniform-CVaR-GRUseed,5.569848014157458
867,Uniform-CVaR-GRUseed,0.11795349440052405
868,Uniform-CVaR-GRUseed,3.4783570488241367
869,Uniform-CVaR-GRUseed,4.598432164592111
870,Uniform-CVaR-GRUseed,3.1527276468476657
871,Uniform-CVaR-GRUseed,0.0
872,Uniform-CVaR-GRUseed,0.0
873,Uniform-CVaR-GRUseed,0.6922022106228383
874,Uniform-CVaR-GRUseed,0.0
875,Uniform-CVaR-GRUseed,0.0
876,Uniform-CVaR-GRUseed,0.0
877,Uniform-CVaR-GRUseed,0.49063527588430134
878,Uniform-CVaR-GRUseed,2.833457711558367
879,Uniform-CVaR-GRUseed,0.0
880,Uniform-CVaR-GRUseed,8.24506928863508
881,Uniform-CVaR-GRUseed,0.0
882,Uniform-CVaR-GRUseed,0.0
883,Uniform-CVaR-GRUseed,3.872162459419769
884,Uniform-CVaR-GRUseed,0.9888168741572372
885,Uniform-CVaR-GRUseed,0.0
886,Uniform-CVaR-GRUseed,0.0
887,Uniform-CVaR-GRUseed,0.0
888,Uniform-CVaR-GRUseed,6.550895838161921
889,Uniform-CVaR-GRUseed,0.0
890,Uniform-CVaR-GRUseed,0.0
891,Uniform-CVaR-GRUseed,1.2316504304379237
892,Uniform-CVaR-GRUseed,0.0
893,Uniform-CVaR-GRUseed,7.868984813054908
894,Uniform-CVaR-GRUseed,0.4266648368471806
895,Uniform-CVaR-GRUseed,0.0
896,Uniform-CVaR-GRUseed,0.0
897,Uniform-CVaR-GRUseed,0.1321173408310301
898,Uniform-CVaR-GRUseed,0.0
899,Uniform-CVaR-GRUseed,0.0
900,Uniform-CVaR-GRUseed,0.0
901,Uniform-CVaR-GRUseed,4.275453817236894
902,Uniform-CVaR-GRUseed,0.0
903,Uniform-CVaR-GRUseed,0.3764715516368824
904,Uniform-CVaR-GRUseed,0.0
905,Uniform-CVaR-GRUseed,0.12456811402432777
906,Uniform-CVaR-GRUseed,0.0
907,Uniform-CVaR-GRUseed,0.09282376975215811
908,Uniform-CVaR-GRUseed,0.0
909,Uniform-CVaR-GRUseed,1.4337613008474932
910,Uniform-CVaR-GRUseed,0.0
911,Uniform-CVaR-GRUseed,0.0
912,Uniform-CVaR-GRUseed,0.0
913,Uniform-CVaR-GRUseed,0.2987438372047677
914,Uniform-CVaR-GRUseed,0.0
915,Uniform-CVaR-GRUseed,1.6846862775249178
916,Uniform-CVaR-GRUseed,0.21535558828151125
917,Uniform-CVaR-GRUseed,0.0
918,Uniform-CVaR-GRUseed,2.224357730447764
919,Uniform-CVaR-GRUseed,0.0
920,Uniform-CVaR-GRUseed,2.0200825924274
921,Uniform-CVaR-GRUseed,0.0
922,Uniform-CVaR-GRUseed,0.0
923,Uniform-CVaR-GRUseed,0.0
924,Uniform-CVaR-GRUseed,0.0
925,Uniform-CVaR-GRUseed,3.559691952387084
926,Uniform-CVaR-GRUseed,0.08839686248040834
927,Uniform-CVaR-GRUseed,1.7486483535709567
928,Uniform-CVaR-GRUseed,0.35958648775937263
929,Uniform-CVaR-GRUseed,0.17607136171471893
930,Uniform-CVaR-GRUseed,0.0
931,Uniform-CVaR-GRUseed,0.4002561819139032
932,Uniform-CVaR-GRUseed,0.0
933,Uniform-CVaR-GRUseed,0.0
934,Uniform-CVaR-GRUseed,0.0
935,Uniform-CVaR-GRUseed,0.0
936,Uniform-CVaR-GRUseed,0.0
937,Uniform-CVaR-GRUseed,5.422786717405245
938,Uniform-CVaR-GRUseed,0.0
939,Uniform-CVaR-GRUseed,0.0
940,Uniform-CVaR-GRUseed,0.5085047015497253
941,Uniform-CVaR-GRUseed,0.2788659572676693
942,Uniform-CVaR-GRUseed,0.0
943,Uniform-CVaR-GRUseed,0.0
944,Uniform-CVaR-GRUseed,2.066192065381813
945,Uniform-CVaR-GRUseed,0.10132142622484253
946,Uniform-CVaR-GRUseed,2.1252055397846448
947,Uniform-CVaR-GRUseed,0.0
948,Uniform-CVaR-GRUseed,2.2373184321451447
949,Uniform-CVaR-GRUseed,0.0
950,Uniform-CVaR-GRUseed,0.179260573468639
951,Uniform-CVaR-GRUseed,6.2653816318802455
952,Uniform-CVaR-GRUseed,0.0
953,Uniform-CVaR-GRUseed,5.54306934200946
954,Uniform-CVaR-GRUseed,0.0
955,Uniform-CVaR-GRUseed,0.5949142084845391
956,Uniform-CVaR-GRUseed,4.3586174546128404
957,Uniform-CVaR-GRUseed,0.0
958,Uniform-CVaR-GRUseed,0.5756916607443827
959,Uniform-CVaR-GRUseed,0.8606808623712254
960,Uniform-CVaR-GRUseed,0.3236296660356288
961,Uniform-CVaR-GRUseed,0.4894136529056823
962,Uniform-CVaR-GRUseed,0.0
963,Uniform-CVaR-GRUseed,0.0
964,Uniform-CVaR-GRUseed,0.0
965,Uniform-CVaR-GRUseed,0.3646200733863907
966,Uniform-CVaR-GRUseed,0.7575478012618078
967,Uniform-CVaR-GRUseed,0.19460697591733833
968,Uniform-CVaR-GRUseed,5.277227252101284
969,Uniform-CVaR-GRUseed,0.0
970,Uniform-CVaR-GRUseed,0.0
971,Uniform-CVaR-GRUseed,9.950716800463795
972,Uniform-CVaR-GRUseed,0.0
973,Uniform-CVaR-GRUseed,7.544193526378365
974,Uniform-CVaR-GRUseed,0.0
975,Uniform-CVaR-GRUseed,0.28722458367144554
976,Uniform-CVaR-GRUseed,0.0
977,Uniform-CVaR-GRUseed,0.0
978,Uniform-CVaR-GRUseed,0.0
979,Uniform-CVaR-GRUseed,0.0
980,Uniform-CVaR-GRUseed,21.73816125077076
981,Uniform-CVaR-GRUseed,0.0
982,Uniform-CVaR-GRUseed,0.21356767187393189
983,Uniform-CVaR-GRUseed,0.0
984,Uniform-CVaR-GRUseed,0.04196726419411334
985,Uniform-CVaR-GRUseed,2.1676697447497304
986,Uniform-CVaR-GRUseed,0.0
987,Uniform-CVaR-GRUseed,0.1703178046894891
988,Uniform-CVaR-GRUseed,2.0347843626769873
989,Uniform-CVaR-GRUseed,0.0
990,Uniform-CVaR-GRUseed,0.0
991,Uniform-CVaR-GRUseed,0.0
992,Uniform-CVaR-GRUseed,0.006832446833925587
993,Uniform-CVaR-GRUseed,0.7586535416185711
994,Uniform-CVaR-GRUseed,0.0
995,Uniform-CVaR-GRUseed,13.359316628798922
996,Uniform-CVaR-GRUseed,2.9047753770326494
997,Uniform-CVaR-GRUseed,0.0
998,Uniform-CVaR-GRUseed,0.11591308982832516
999,Uniform-CVaR-GRUseed,0.0
