scenario_id,eta_0p00__OR-Tools,eta_0p00__ALNS-Mean,eta_0p00__ALNS-CVaR,eta_0p35__OR-Tools,eta_0p35__ALNS-Mean,eta_0p35__ALNS-CVaR,eta_0p70__OR-Tools,eta_0p70__ALNS-Mean,eta_0p70__ALNS-CVaR
0,17.021411534288973,0.0,0.0,38.44869897907961,0.0,0.0,14.217611454083169,0.0,8.886516899321663
1,8.315099905751026,0.0,0.0,8.315103447760407,0.0,0.0,35.54548833505925,0.0,31.979118200972266
2,9.030543636605586,0.0,0.8566225960536258,8.803228287024808,0.0,0.0,5.891111149505292,0.0,0.0
3,4.869546454755039,0.0,0.0,2.495391149037175,0.0,0.0,2.495391149037175,0.0,0.0
4,0.0,0.0,0.0,7.8795433002677555,1.3901488938404043,1.3901488938404043,15.234634185996015,5.515981304277233,0.0
5,10.269575781072376,0.0,0.0,0.5555000301130235,0.0,0.0,0.0,0.0,0.0
6,27.29681724699725,0.0,0.0,16.169617283188188,0.0,0.0,15.501421065920567,0.0,0.0
7,11.094932897551956,0.0,0.0,6.649874855653309,0.0,0.0,179.68887520129067,35.7744819663163,46.404128308474895
8,34.61529715832583,0.0,0.4293049565288527,29.61016800932856,0.0,0.0,126.67083865066326,30.12769471157523,30.366770402632625
9,4.423991090143744,0.0,0.0,0.1537261175473077,0.0,0.0,0.1773104604734499,0.0,0.0
10,6.678762796534386,0.0,0.0,3.8494100994110454,2.8376494884023487,0.0,0.9229093428533588,0.0,0.0
11,1.7323043125343531,0.0,0.18380442405106123,0.0,0.21510847961502577,0.21510847961502577,0.0,0.18380442026494848,0.18380442026494848
12,8.428524300391672,0.0,0.0,15.340743819284882,1.5556672982717998,1.5556672982717998,57.441523694077404,0.0,0.0
13,6.540587189941334,0.0,0.0,8.855868022153942,0.0,0.0,4.875951340686953,0.0,0.0
14,0.09556651673534589,0.0,0.0,9.767084869781513,0.0,0.0,17.275285886719757,0.026547754365111587,0.0
15,12.240790544177884,0.0,0.0,0.0,0.0,0.0,0.0,0.0,0.0
16,17.542345963427437,0.0,0.0,33.97354601196696,0.0,0.0,15.51300194870339,0.0,0.34329924238048193
17,16.97537283868104,0.0,0.0,84.21358906767782,0.6696115295670779,0.0,26.80984281960758,2.814297048024713,4.399107309062515
18,0.0,0.0,0.24114322934599386,1.2212681888399572,0.3545922709278102,0.3545922709278102,4.11715437286901,0.24114322934588017,0.24114322934588017
19,20.21288511465727,1.944844638951679,0.09658843399677153,16.09667497877726,0.09658843399677153,0.09658843399677153,18.387322313495986,1.0583227269329996,0.09658843399677153
20,35.051456373885145,0.0,0.6907368744622886,0.987388178348624,0.6907368744394944,0.6907368744394944,0.9873847289356945,0.6907368744394944,0.6907368744394944
21,0.9025455138557845,0.0,0.0,0.0,0.0,0.0,0.0,0.0,3.6250428742070255
22,17.816024800202683,0.0,0.0,42.940340917541505,0.0,0.0,7.1802463227085696,0.0,13.16378596433566
23,0.0,0.0,0.0,14.000052797877515,6.4210803499701115,0.9610640621970106,0.0,0.0,0.0
24,7.7091897414898085,0.0,0.0,0.03134392512933459,0.0,0.0,0.03134392512933459,0.0,0.0
25,15.693587526063169,0.024123030652617672,0.024123030652617672,6.052349209806664,0.0,0.0,6.052349209806664,0.0,0.0
26,0.0,0.0,0.0,0.0,0.0,0.0,0.0,0.0,0.0
27,0.0,0.0,1.6005070936357129,0.0,0.0,0.0,0.0,0.0,0.9351823519056666
28,0.0,0.0,0.012047868303625364,10.53709883966468,0.012047868303625364,0.012047868303625364,11.554614708857486,0.012047868303625364,30.012571369435733
29,3.9176798093383525,0.0,2.132067845614813,6.128967127967115,0.0,0.0,7.350627115955746,8.862180420317372,8.862180420317372
30,15.22419867047347,0.0,0.0,15.13097552043223,0.0,0.0,15.129930920874301,0.0,0.0
31,18.556834732823887,0.0,0.0,5.727026285886041,0.0,0.0,5.727026285886041,0.0,0.0
32,44.43395794281392,1.6909642928746962,0.0,27.654260385050208,4.472067629266405,0.0,12.539769122161232,0.0,0.0
33,30.675254638496597,0.0,0.0,26.170991742420966,0.0,0.0,32.01582138834567,7.110620692989983,7.110620692989983
34,35.1336744050291,0.0,0.0,45.986546738352416,1.1130682667459837,0.0,186.58147810416776,0.0,0.3549655241340872
35,9.307274152946178,0.0,0.0,20.05608566988343,0.0,0.0,1.9038146676686267,0.0,0.0
36,23.176833146854534,0.0,2.3181990075404997,24.358489569140374,0.0,0.0,13.371458300481947,7.316742676859093,0.0
37,19.177027516810085,0.0,0.0,0.0,0.0,0.0,0.0,0.0,0.0
38,13.227315503088136,0.0,0.0,4.481722714247212,0.0,0.0,13.40781190147311,0.0,8.338008923989065
39,9.256146963321385,0.0,0.0,15.622529584982914,3.994318928341329,0.0,18.95107141890327,10.67477264355739,10.568413463316745
40,6.449091883445817,0.0,0.0,9.386153587855858,0.0,0.0,6.46797906111442,0.0,0.0
41,21.501405048959896,0.0,0.0,17.23149591303047,0.0,0.0,18.894991747777226,1.1876286188003178,0.0
42,0.7520431112650385,0.0,0.9166292733197565,0.0,0.9166284309942512,0.9166284309942512,0.4249304257841118,0.9166284309942512,1.3791455230329746
43,5.133960888136386,0.0,0.0,5.525954688190097,0.0,0.0,5.1342816862702705,0.0,0.0
44,2.527761258019382,0.0,0.0,2.401031558022396,0.0,0.0,6.455713711315639,0.0,0.0
45,53.84235647357315,5.01856521337487,0.0,5.477282796134745,0.0,0.0,0.0,0.0,0.0
46,6.319209083938205,0.0,0.22224610275713985,3.1855033872428464,0.22224610275713985,0.22224610275713985,3.18550296104101,0.22224610275713985,0.22224610275713985
47,10.443649260788902,0.0,0.5706232551713128,0.7846842060008612,0.5705593213969564,0.5705593213969564,1.5629839484721515,0.5705593213969564,0.5705593213969564
48,8.551180101192756,0.0,0.0,12.070707812074176,0.0,0.0,71.40876939852552,4.683154698443275,40.10674004259778
49,20.09502842124965,0.0,0.04117362205653308,16.442383764657734,0.04064168439686,0.04064168439686,13.024081530138233,0.04064168439686,0.04064168439686
50,11.433685169547118,0.0,0.0,11.362340441531444,0.0,0.0,11.362340441531444,0.0,1.061255225757833
51,21.236923691435408,0.0,0.0,7.238721838750251,0.0,0.0,7.2404711090578076,0.0,2.11182705698792
52,26.932668391624475,0.0,0.0,30.064589707286018,0.0,0.0,88.83266666562182,16.363244481816537,8.516310255133504
53,0.0,0.0,0.0,0.0,0.0,0.0,0.0,0.0,0.0
54,18.34500466197079,0.0,0.0479206324080792,58.12790055128633,0.7861118961944271,2.350950008335559,64.13194923378805,9.145628271175752,6.824282705819172
55,4.256829652028898,0.0,0.0,4.81695811563381,0.0,0.0,0.8810737031990925,0.0,0.0
56,9.090587123451712,0.0,0.0,9.524315641458571,0.0,0.0,14.86141993624841,3.782384993353361,0.0
57,13.330313192241505,0.0,0.5196724467347167,6.72214329193875,0.5196724467347167,0.5196724467347167,20.664227592479477,0.7110669206487046,0.7110669206487046
58,0.0,0.0,0.0,0.0,4.091186658053061,4.091186658053061,0.0,7.134889396737492,7.134889396737492
59,1.4751126530592842,0.0,0.0,0.4312180278074038,0.0,0.0,0.4312180278074038,0.0,0.0
60,2.9505680359810924,0.0,0.0,2.917251631682433,0.0,0.0,2.917251631682433,0.0,0.0
61,14.072458923812746,0.0,0.7692929385325442,52.27922563744585,0.7692929384369904,0.7692929384369904,5.722030290217532,0.7692929384369904,0.7692929384369904
62,2.7780942674544917,0.0,0.0,21.145257736012525,0.0,1.9115919901037444,9.419922275232352,2.336291687119285,1.3850428523557525
63,2.0765180637335447,0.0,0.0,6.160758434553713,0.0,0.0,0.7393155255081751,0.0,0.0
64,6.057413640289326,0.0,0.0,3.215078249116999,0.0,0.0,12.219008904648007,7.143401194369801,0.0
65,44.892150805473136,2.2235013273057405,0.0,8.917079314680763,0.0,0.0,13.188861460862512,4.320788479629982,4.320788479629982
66,47.48022326010158,0.0,21.245303684575504,41.055143432202556,10.59150595285604,0.0,30.97819674209987,0.0,0.0
67,2.9221642229164786,0.0,0.0,15.742193823136063,4.093691509029156,4.093691509029156,20.14745940678381,3.54023890381913,3.6505997523451867
68,82.01698708253343,0.0,2.102862552491274,27.749881016622794,0.0,0.0,59.59166601995781,0.0,2.336908685541232
69,16.322638720854798,0.0,0.0,0.0,0.0,0.0,7.615366897095612,4.1635058441265755,4.1635058441265755
70,83.55676662700625,4.863588891925588,0.9167087302473647,26.662328697235438,0.0,0.0,123.30316413579976,9.853375896533663,8.46233093186018
71,5.218527251012006,0.0,0.2857778435620162,15.334296456745676,6.525570065598174,4.76851226600138,10.225109448700891,0.2849619403761494,10.385953670112542
72,28.186288864101613,0.0,0.0,7.174497477014768,0.0,0.0,25.42887140282579,0.0,4.677850470782886
73,3.7797733501128334,0.0,0.0,6.570377676967439,0.0,0.0,17.01867561394255,10.474651319230759,14.183810778214166
74,35.520797238381704,0.0,0.0,52.28312592433795,2.582297024057027,0.0,60.97689972738749,9.292315540548572,13.65719128288697
75,0.0,0.0,0.0,5.217758354086982,0.0,0.0,1.3171294786667431,0.0,0.0
76,11.571973913046094,0.0,0.0,11.571973913046094,0.0,0.0,11.571973913046094,0.0,0.0
77,9.24796434715293,0.0,0.0,0.0,0.0,0.0,0.46148824877593597,0.0,0.0
78,8.54507935252127,0.0,0.0,15.484483468285646,0.06067376090689436,0.06067376090689436,55.53221555670808,13.108991963570077,25.733427430159878
79,3.3497576784474177,0.0,0.6359427522796182,2.2988845830450373,0.6359339311916301,0.6359339311916301,0.0,0.6359339311916301,0.6359339311916301
80,10.336954957877424,0.0,0.0,7.136716401044055,0.0,0.0,7.136716401044055,0.0,0.0
81,5.972874286736271,0.0,1.8564932378231447,32.21448623277573,3.009342226351521,3.009342226351521,1.8408366987137015,0.0,0.0
82,13.089030629044828,0.0,0.0,18.698675465623836,0.0,0.0,167.02610932160732,3.3021145960955494,0.0
83,14.418854763194446,0.0,0.0,37.774151015100756,0.0,6.611122584404967,3.617610467580022,0.0,0.0
84,5.192245470759872,0.0,0.0,9.957514114706129,0.0,0.0,16.070522665773666,6.512318164920941,3.8321411661828506
85,0.0,0.0,0.0,0.0,0.0,0.0,0.0,0.0,0.0
86,19.01227638390756,0.0,0.0,18.33863670143961,0.0,0.0,21.862884094811847,2.682503194150428,3.1246622043579464
87,11.404768362263354,0.0,0.0,10.60196018355549,0.0,0.0,9.601624999766187,0.0,0.0
88,2.1381922166103777,0.0,0.02996524786419741,20.134510255757476,4.511411366744142,6.02802093100243,10.417475366212301,2.010317407414817,16.259880002956976
89,0.6918969741334706,0.0,0.0,15.661804849413159,0.5763821672634322,0.0,0.6853211792283389,0.0,0.0
90,7.086778302095496,0.0,0.0,13.22004975390945,0.0,0.0,6.879870805401339,0.0,0.0
91,6.041936094153158,0.0,0.0,4.891754403947118,0.0,0.0,4.891754403947118,0.0,4.68983905344021
92,6.82864378275309,0.0,1.777260522019958,7.230523746288753,0.45055833665730916,0.45055833665730916,1.609073387540235,0.0,0.0
93,1.424199122503211,0.0,0.0,0.1590248276633588,0.0,0.0,0.722292972779826,0.0,0.0
94,16.266854573604775,0.0,0.0,18.90129235643147,0.9548612834552728,0.9548612834552728,31.990338789781447,3.1734904483093374,4.10146585921521
95,0.0,0.0,0.0,1.218798721583255,0.0,0.0,6.740435794906432,0.0,0.0
96,1.801173317599563,0.0,2.210093960195991,3.248009542603114,0.6289038419660642,0.0,138.08068185330714,28.0925023938118,47.982268309566166
97,5.965819991683077,0.0,0.0,10.115120820464625,0.0,0.0,12.604988950099738,0.0,0.0
98,117.3330017838185,15.142458979386447,15.100422249858951,10.672464443777699,0.0,0.0,9.775699567617778,4.265208857510345,4.265208857510345
99,0.0,0.0,0.0,0.0,0.0,0.0,0.0,0.0,0.0
100,5.8211867495255945,0.0,0.0,9.489651925935078,4.151861865411433,4.151861865411433,7.257746677040359,0.0,0.0
101,32.783975281352014,0.0,0.0,18.23015532411202,3.767116290573199,3.767116290573199,20.164605833366835,7.131824535894651,0.7248849362408691
102,10.711561235457367,0.0,0.0,6.421157033554408,0.0,0.0,15.284834469068585,0.0,0.0
103,28.675226551139076,0.0,0.0,11.490163040888802,0.0,0.0,21.591219051732054,6.737034203667065,6.737034203667065
104,6.83216191731691,0.0,0.0,2.5120305247082513,1.500260787726404,1.500260787726404,0.0,0.0,0.12330122391733767
105,19.5251564853136,0.0,0.0,14.910295809409973,0.0,0.0,117.87358117077775,8.475134462933084,0.0
106,10.91439937917059,0.5290142017091455,0.5290142017091455,0.0,0.0,0.0,8.018371266508268,0.0,0.0
107,0.4918768812227654,0.0,0.0,0.0,0.0,0.0,0.0,0.0,0.0
108,9.758157058583748,0.0,0.4002239009380446,9.758157058583748,0.4002239009380446,0.4002239009380446,9.758157058583748,0.4002239009380446,0.4002239009380446
109,24.39670674827903,16.9674093421894,0.0,8.39971134873278,0.0,0.0,12.91308835950528,0.0,1.2730152774470582
110,19.747947165572015,0.0,0.0,2.889474019369061,0.0,0.0,38.61978052571675,0.0,0.0
111,2.167190410319108,0.0,0.6257875033582536,0.0,0.0,0.0,0.0,0.0,0.0
112,18.523870477009922,0.0,0.0,33.52743755605664,0.0,0.0,11.487081685859806,7.759620720627311,7.986301725048293
113,0.0,0.0,0.0,0.0,0.0,0.0,43.558801491163365,0.0,0.0
114,43.68102809410888,0.0,0.0,8.886189883068823,0.0,0.0,7.867772229395172,0.0,0.0
115,0.0,0.0,0.0,0.0,0.0,0.0,13.044095153682974,0.9183535087646533,4.416588512850893
116,36.605236567586445,0.0,0.33132565801037117,22.17125536534195,0.33132565801037117,0.33132565801037117,35.656881595767544,10.75019511381916,0.33132565801037117
117,17.176767828497674,0.0,0.0,38.38852753800438,4.234309731512383,0.0,56.091497378379756,0.0,0.0
118,2.722485835384873,0.0,0.0,1.7237262417824581,0.0,0.0,4.357250607622689,0.0,18.339043123687873
119,0.0,0.0,0.0,24.85477923363831,0.0,0.0,0.0,0.0,0.0
120,10.526869194330828,9.260350273850236,9.408663595766939,22.963330300509597,0.0,0.0,3.3547796935246765,0.0,0.0
121,0.0,0.0,0.0,7.63064644588917,0.0,0.0,9.43475108601018,0.0,18.141648432710042
122,5.933795103709997,0.0,1.1574560403805094,8.064246257317848,0.0,0.0,3.5165410811986817,16.653965186209575,16.653965186209575
123,15.793625880661267,2.7941491671459175,0.0,27.69819253011616,0.0,0.0,9.214227182919785,0.0,0.0
124,8.452213716747906,0.0,0.0,8.184828542069198,0.0,0.0,8.473343879134632,0.0,0.0
125,2.539220600348898,0.0,3.9110474895066147,6.2835925766801495,0.0,0.0,3.6058641781982033,0.0,0.0
126,2.436149640239506,0.0,0.0,3.0995106507805303,0.0,0.0,4.4542704107948055,0.0,6.437030773798767
127,2.740562377800586,0.0,0.0,0.0,0.0,0.0,6.114135126669623,0.011194930756175836,3.5609279998120087
128,29.73942153624722,0.0,0.0,20.931959456505894,0.0,0.0,20.931959456505894,0.0,0.0
129,0.8327461440235311,0.0,1.188519995516799,7.78167802517757,0.979357576698817,0.979357576698817,0.0,0.9793575764667253,0.9793575764667253
130,7.872007941759591,0.0,0.0,17.509411678696438,0.0,0.0,5.457557812368009,0.0,0.0
131,2.1855676880610986,0.0,0.5049823360066057,0.0,0.4885108864261838,0.4885108864261838,10.606325858797646,5.197196335487035,1.2674741458713754
132,0.388490907603682,0.0,0.4387706923462815,5.057112340268162,0.4387706923462815,0.4387706923462815,6.474207867530367,5.182360659643024,0.5815485492061327
133,2.669914490423082,0.0,0.0,1.2004129369577186,0.0,0.0,94.42469668017182,0.1558321799597593,2.6218673752739505
134,8.309999546714181,0.0,0.0,18.909980604707613,0.03580978537570445,0.0,1.9108595484133843,0.0,0.0
135,10.263721678252438,0.0,0.0,5.636076033390083,4.570986032843962,2.553979565332668,4.861760863441276,0.0,0.0
136,13.323385760585637,0.0,0.0,12.763409330657709,0.0,0.0,23.834881760037888,0.0,0.0
137,9.675610743516302,0.0,0.0,5.48296710029004,0.0,0.0,0.68914176973243,0.0,0.0
138,9.457538455843775,0.0,0.0,6.251833164262365,0.0,0.0,1.834978347370111,0.0,0.0
139,3.141475777296364,0.0,0.0,5.270482329896765,1.2786985612729609,0.6701705500671551,1.407710519914474,0.0,0.0
140,29.593964057754818,0.0,0.0,36.13411055109495,0.0,0.0,4.482834985648566,0.0,0.0
141,12.73589948633034,0.0,0.0,22.44071407789295,0.568079553848861,0.0,26.36117068070797,5.649713625459327,0.0
142,3.9642752161142027,0.0,0.0,4.1878985474604065,0.0,0.0,0.5509387688783249,0.0,0.0
143,37.8220511303343,4.137972773351066,0.0,30.299995889371672,0.0,0.0,38.77957743928059,0.0,1.2658494737678438
144,10.951222549286626,0.0,0.0,7.798383987648862,7.2134838144076525,0.0,25.18898276254697,1.4216251768387735,0.0
145,2.166576627918232,0.0,0.0,0.0,0.0,0.0,0.992784217910696,0.0,0.0
146,20.6335152985948,0.0,0.0,20.740182779464163,0.0,0.0,4.566185822547226,0.0,0.0
147,20.347397523183247,0.0,0.0,21.14634973004715,0.0,0.0,28.29120203329427,0.0,17.24148003955665
148,0.872645338980135,0.0,0.0,20.4839381866623,0.0,0.0,76.04616359137242,9.487941705242037,0.9170268752962158
149,4.17962749685023,0.0,0.8991186412679326,9.973117270623788,0.6641078133845895,0.0,0.0,0.0,9.550471242544404
150,4.43602793073137,0.0,2.2345149927843977,33.63353687551387,0.35413680395544134,0.0,3.001448671578146,0.0,0.0
151,2.931894249030904,0.0,0.0,0.0,0.0,0.0,1.9098393822532103,2.2592162308234833,0.0
152,0.6903345399788918,0.0,0.5556689705629765,0.0,0.5556672785928072,0.5556672785928072,2.3311226736084905,0.5556672759183812,0.5556672759183812
153,1.2047616274950883,0.0,0.0,0.0,0.0,0.0,10.666534138992176,2.4210546609879486,1.4662796610266184
154,25.911868590859314,0.0,0.0,16.667549584054086,0.0,0.0,0.6448879904646674,0.0,0.0
155,18.77332028050617,0.0,0.0,13.505687559761014,0.0,0.0,13.492323583770428,0.0,0.0
156,23.546861786805266,0.3810058201853508,0.0,8.606813818683577,0.0,0.0,65.49887846798111,3.337910594919265,5.902351490349076
157,5.521945955939373,0.0,0.0,19.82735376441235,0.0,0.0,1.7872013006030443,0.0,0.0
158,17.316887713492264,0.0,2.0928861838146986,19.750084787545262,0.0,0.0,9.031322681974785,0.0,0.0
159,10.282136962226673,0.0,0.0,19.127685963111446,1.7785288144380615,0.0,14.249763992166862,0.0,3.0678874974013297
160,26.67255257096292,0.0,0.0,23.70890319041024,0.0,0.0,23.708888933355865,0.0,0.0
161,12.344416424354307,0.0,0.0,14.67622016698354,0.0,0.0,49.39456277445561,17.15188938839887,11.434222183090014
162,0.0,0.0,0.24971852646541493,9.068214590104958,0.0,0.0,6.702794773021253,0.0,4.582677938945437
163,12.21817391533358,0.0,0.0,15.87758058666833,0.0,0.0,53.562882215382274,5.483368212905987,5.669441716462757
164,10.889122131862962,0.0,0.0,17.268301399431436,0.8126005471111171,0.6948148071528522,9.374127041026469,0.0,0.0
165,1.5746252544173842,0.0,0.26189515921862494,0.0,0.26189515921862494,0.26189515921862494,1.7399113387782847,0.26189515921862494,0.26189515921862494
166,2.652612627535092,0.0,0.0,0.0,0.0,0.0,0.0,1.3961910065449388,1.3961910065449388
167,6.116088474284993,0.0,0.0,1.2112801817529544,0.0,0.0,0.0,0.0,0.0
168,16.081606056395344,0.0,0.0,7.840660616201262,0.0,0.0,5.017402191325658,0.0,0.0
169,0.0,0.0,0.0,0.0,0.0,0.0,0.0,0.0,0.0
170,1.1317210024706128,0.0,0.0,0.0,0.0,0.0,0.0,0.0,0.0
171,85.45790435353206,9.519960321205957,0.0,10.721215453924742,0.0,0.0,14.53795011553774,0.2870211655603043,0.0
172,3.3531852253793204,0.0,0.0,3.3531852253793204,0.0,0.0,3.3531852253793204,0.0,0.0
173,7.028181749034559,0.0,0.10394927522986563,0.17036768037468164,0.10394915369079172,0.10394915369079172,97.65971416335381,26.158755237902795,29.426335760113687
174,46.909267638474034,0.0,1.1459476559315362,82.01864663537572,1.1642598637793071,0.0,47.485766249173594,0.0,5.226301361785659
175,0.0,0.0,1.3966975969848363,3.1017709909524456,1.396697565777913,1.396697565777913,14.090819010588007,1.3966975752539952,21.149016915738173
176,5.483395463371693,0.0,0.0,5.483318411645627,0.0,0.0,5.483318411645627,0.0,0.0
177,20.54734421582876,0.0,0.0,18.38150478201092,0.0,0.0,18.38150478201092,0.0,0.0
178,13.934083750920223,3.0612029276248904,0.0,13.365830868980566,0.0,0.0,17.44252785210503,0.0,0.26450766601215037
179,4.462527550951648,0.0,0.0,4.462527550951648,0.0,0.0,4.462527550951648,2.202501392855936,0.0
180,3.5932686188951948,0.0,0.0,3.5764261583808548,0.0,0.0,11.752781780354667,6.50607387347776,0.014157604625495424
181,7.6418660556579425,0.0,0.0,1.313795965490101,0.0,0.0,1.313795965490101,0.0,0.0
182,33.2946388482398,0.0,0.207690517304286,20.144750278618147,0.39663756535532,0.39663756535532,31.616264129666007,0.1778983693158125,0.1778983693158125
183,1.0865410588284021,0.0,0.0,11.882681408395428,0.0,0.0,3.0514538819029156,0.0,0.0
184,5.273879264091079,0.0,2.2740730209929154,18.124232453449906,0.0,0.0,26.22824593451122,0.0,5.12454570462134
185,11.664846310618856,0.0,0.0,19.17655647357725,0.0,0.0,16.257905959394122,0.0,7.929998708829459
186,16.125519553512703,0.0,1.8048642724623392,75.46223207925041,0.0,0.6674819120046891,51.45385196799262,6.534142242311702,6.534142242311702
187,21.839705722675973,0.0,1.9107035692657064,22.38278095150764,0.0,0.0,41.441583331162576,0.6729666812096866,0.6729666812096866
188,22.41327703024689,0.0,0.10659758914374606,36.69305426555309,0.0,0.0,26.632696541435735,0.0,8.03850182140448
189,6.250968143384739,0.0,0.0,6.250968143384739,0.0,0.0,6.250968143384739,0.0,0.0
190,32.07393672803417,0.0,0.0,17.98628443771932,0.0,0.0,17.98628443771932,0.0,0.0
191,1.274901610293199,0.0,0.0,3.9114353226020455,0.0,0.0,1.0442579871947544,0.0,0.0
192,6.945130098639737,0.0,0.0,5.650568060467208,0.0,0.0,5.650568060467208,0.0,0.0
193,0.0,0.0,0.0,5.432258588052946,0.0,0.0,0.8873712384708483,0.0,0.0
194,13.83849812912004,0.0,0.0,23.620307563232984,0.0,0.0,15.63359334028803,0.16658747146786368,4.2701668377095245
195,8.410942690905074,0.0,0.0,74.20809749632139,1.5679032949182101,0.0,15.527660769591819,6.627154205469225,2.6750300128597644
196,6.954876953113342,0.0,0.0,6.67437190339669,0.0,0.0,58.2665426404138,0.0,10.175549087335042
197,62.86323098290319,0.0,0.0,22.6798630613861,0.0,0.0,15.899619133933669,0.0,0.0
198,26.422483168175205,0.0,0.0,9.844418243826368,0.0,0.0,9.844418243826368,0.0,0.0
199,27.124461831725597,0.0,3.75634708848429,29.237445623630236,3.7138615408334203,0.6251939456405466,10.150963774515532,2.7055813990843944,0.8806515210797841
200,10.815409674172571,0.0,0.594577779147528,4.568733504148668,1.6294256336810804,0.0,4.075599864760875,0.0,0.0
201,20.798949362955625,0.0,0.0,41.88122207180692,0.0,0.0,22.501561509916826,0.0,0.0
202,35.605871474835794,0.0,0.0,39.00575885256785,0.05575291647210179,0.0,175.2334571959797,11.817501076333713,0.0
203,6.3764255565070584,0.0,0.0,0.0,0.0,0.0,0.3982417934811906,0.0,0.0
204,22.72647947010688,0.0,0.0,11.23426405025316,0.0,0.0,13.466627709250702,0.0,5.10902808237222
205,3.469210609907549,0.0,0.0,12.821995394405889,0.0,0.0,0.0,0.0,0.0
206,3.036467313139667,0.0,0.0,12.5120101700509,3.357363809923811,3.357363809923811,0.0,0.0,0.0
207,15.76931344134178,0.0,0.0,16.75061883290968,0.0,0.0,10.639644076403187,0.0,0.0
208,8.248501286690697,0.0,0.0,16.71537021642081,0.0,0.0,13.123037103513923,16.893511361614117,16.893511361614117
209,7.577557229059522,0.0,0.0,4.599746693883418,0.0,0.0,5.931615905896422,0.0,0.0
210,14.135189790015886,5.494513555948288,0.0,6.63294460381519,5.69027412159636,0.0,38.973772809622176,0.0,0.0
211,19.913626074077484,0.0,5.525743883280967,10.640798947705235,0.0,0.0,16.39519253509303,0.0,12.923126410483263
212,5.072399389215718,0.0,0.025358925979617197,1.6089724556689475,0.0009956204289665038,0.0009956204289665038,39.89666380688092,9.241485038343512,3.3357841978443616
213,3.5450855040143097,0.0,0.0,10.517307108930737,0.0,0.0,106.38750624310092,28.301372345755738,25.59168286302068
214,33.81058939777705,0.5554879257530843,0.0,20.543975641808032,3.1165561672040667,0.0,10.499426599921833,0.0,0.0
215,2.144116103028267,0.0,0.0,0.043406582223497026,0.0,0.0,0.0,0.0,0.0
216,0.0,0.0,0.16327698107068045,0.0,0.16327696825476323,0.16327696825476323,0.0,0.16327696825476323,0.16327696825476323
217,27.471835599236243,0.0,0.0,5.133094927910179,0.0,0.0,58.30174848604747,3.3584637560824717,0.0
218,43.25751039036669,0.0,0.15829291780909216,20.633779349898703,0.15829291411154145,0.15829291411154145,80.17675610787578,3.2772505137206736,2.901141724701745
219,0.5115268959191042,0.0,0.0,0.17216707811434162,0.0,0.0,0.1721216525058935,0.0,0.0
220,9.216926912416682,0.0,0.0,11.96498492768086,0.0,0.0,2.6264045607445894,5.266623778578349,0.0
221,15.861024134509648,0.0,0.0,10.323526301258568,0.0,0.0,10.332262267929877,0.0,0.0
222,3.6998402091041385,0.0,2.101621137905738,14.294939786504585,0.0,0.0,0.0,0.0,1.811928345846752
223,10.25807194811236,0.0,0.08871857449918252,0.0,0.08871857449918252,0.08871857449918252,0.6566326627435615,0.08871857449918252,0.08871857449918252
224,15.617314461702392,0.0,0.0,16.287315750919333,1.1808406468825865,0.0,28.9029173522824,0.0,0.23438701558040975
225,13.947093081494273,0.0,1.8988607821453911,50.337681712014216,1.6601121085778345,0.0,29.37032563188467,0.0,0.0
226,20.92047545171536,0.0,1.637907004238798,47.546728329677876,0.5970531094298508,0.5970531094298508,4.6232368245264865,0.5970531094298508,5.774550177550282
227,29.250947495173506,0.0,0.0,43.133193156435624,0.0,0.0,3.591474087131189,0.0,0.0
228,19.942753981987323,0.0,0.0,37.81965631808737,0.0,0.0,6.962755783575602,0.0,0.0
229,11.272001369801302,0.0,0.0,11.861869749196927,0.0,0.0,5.726903804967975,0.0,6.667241485366503
230,14.087660002388333,0.0,0.3104287693431047,27.61132763418894,0.34551325734520333,0.34551325734520333,13.853147829488563,0.3104287693431047,0.3104287693431047
231,3.2840435038169176,0.0,0.0,0.0,0.0,0.0,1.158984905974421,0.0,6.038395412385654
232,12.723556702888999,0.0,0.0,7.696812542014868,0.0,0.0,404.42606185482055,122.97274037130362,107.77382799294915
233,2.4607652817679764,0.0,0.0,2.460765268580815,0.0,0.0,22.520503967674074,5.7731163420786515,0.0
234,10.08194341084615,0.0,0.0,7.584828367047152,0.0,0.0,5.873245011849264,0.0,0.0
235,1.985744580609662,0.0,0.0,10.47419875741005,0.0,0.0,43.191139260930385,19.67527323893796,10.060149570139686
236,3.0808952351634957,0.03925588633620691,0.0,67.36745125571844,0.5931574535009076,0.0,48.686797711206,2.542753702837075,12.359911006638214
237,6.042944310920632,0.0,2.000586800649785,7.038038664571218,0.0,0.0,12.291396820680518,0.0,0.0
238,2.102551551347574,0.0,0.0,3.752614218136273,0.0,0.0,1.8297173992592661,0.0,0.0
239,23.32393987278084,0.2773389180724166,0.0,24.543002434580643,0.0,0.0,22.284316074019245,0.0,0.0
240,16.96130881980997,0.0,0.0,32.37924405724317,0.0,0.0,28.730232356503336,0.0,0.0
241,0.0,0.0,0.0,0.1072837406553333,0.0,2.366070648341605,0.0,0.0,4.469016853283023
242,30.26585350070323,0.0,0.0,12.43091982810941,0.0,0.0,17.32879643339365,0.0,0.0
243,5.251343053719609,0.0,0.1312360044277625,2.947351699743109,0.18739055330365773,0.18739055330365773,1.417107348917284,0.1312360044277625,0.1312360044277625
244,9.698350909342253,0.0,0.2369350809037769,17.602892334052598,0.0,0.0,17.83886011169173,0.0,0.24056011536262645
245,4.740754247898309,0.0,0.0,0.0,0.0,0.0,0.0,0.0,0.0
246,33.65276775622684,0.0,0.0,16.267344431095523,0.0,0.0,7.082077591100131,0.0,0.0
247,5.377622408916636,0.0,0.0,0.5955708249684335,0.9047856826600764,0.9047856826600764,0.0,0.0,0.0
248,3.885167856823557,0.0,0.0,8.479001901695085,0.0,0.0,20.331201367488944,0.0,0.0
249,7.209094991852908,1.2057728694724688,2.110081819721472,2.4911204443072847,0.0,0.0,12.103526280288463,0.0,2.994507577162011
250,1.5526650136890225,0.0,0.0,28.723740131322472,2.182985064633556,6.352199110094915,3.424289316274013,0.0,0.0
251,13.68730352693072,0.0,4.1019390637112565,5.922559684210086,0.0,0.0,11.336711187217361,0.0,0.0
252,35.46085711753739,0.0,0.01098903089820169,8.516403102496753,4.59605646214203,4.59605646214203,14.053407168028627,3.0655504546242867,4.768723015195889
253,2.573905185703836,0.0,0.0,12.516280235563869,0.0,0.0,0.0,0.0,0.0
254,10.085697960498464,0.0,0.0,8.753275327465161,0.0,0.0,8.753275327465161,0.3929869082716664,0.0
255,2.294601930149611,0.0,0.0,1.7249813931172184,3.66350911421398,2.051422433039022,14.056829583546687,0.0,0.0
256,4.100447137630795,0.0,0.0,2.425943332490931,0.0,0.0,13.229376235617934,0.0,1.3444066138471555
257,17.198350127612002,0.0,0.0,30.122227529163666,3.2916959341201846,3.2916959341201846,9.399314771162153,0.0,4.645351312311334
258,18.65124394753343,0.0,0.00878375137421017,23.065284482325865,0.008783751625799141,0.008783751625799141,29.606317064737425,5.17872762251659,0.00878375137421017
259,17.512647813176216,0.0,0.0,21.625506630345257,0.0,0.0,6.4320187562491355,1.846088772664615,4.371592524239645
260,9.346874684563716,0.0,0.0,18.522735677294662,0.0,0.0,15.409329128494136,0.9693467926108781,2.8003218687582603
261,80.1491939865981,0.0,0.5807711519886993,20.37184254330714,7.024414765514905,5.479005490402017,97.16247539438118,0.565519712284015,15.112694403599562
262,11.529127299866929,0.0,0.0,1.1302371689940856,0.0,0.0,1.4924634930602565,0.0797164258933094,0.0
263,11.027547347952492,0.0,0.0,87.80216098010774,7.160234391826975,1.6871607028632525,46.09223077190239,4.689935008920742,3.6660196641864786
264,35.22084635812661,0.0,0.0,73.04683087171125,4.908249081348856,0.0,69.48460226294213,0.0,0.0
265,52.579667129323326,0.0,0.0,59.49091967504745,0.0,0.0,31.168575839863877,8.358418833079611,0.0
266,6.3438377894008795,0.0,0.0,1.0820965915439729,0.0,0.0,1.0820965915439729,0.0,0.0
267,0.0,0.0,0.0,0.0,0.0,0.0,0.0,0.0,0.0
268,17.361895436510963,0.0,0.0,17.342212892735688,0.0,0.0,25.800651705865988,0.42399650107381603,0.42399650107381603
269,4.868272161607678,0.0,0.09551430539261219,4.737492179147893,0.09211364456552928,0.09211364456552928,4.737492179147893,0.09211364456552928,0.09211364456552928
270,10.100288140359936,0.0,0.0,0.0,0.0,0.0,0.0,0.0,0.0
271,7.322748691037617,1.2017190932136828,0.0,12.379015844761625,8.903313361694245,0.0,1.2955385163202209,4.534744750657751,4.534744750657751
272,3.4693289988919105,0.0,0.29472415472832836,5.180341678925259,0.5922591854668156,0.5922591854668156,7.603210518173512,1.4999934677138356,0.2947241543330392
273,7.3043664122348275,0.0,0.0,7.304366182618111,0.0,0.0,17.24641392738866,0.0,0.0
274,25.069042876201365,0.0,0.0,20.363315878396435,1.5769447528660976,0.0,9.783803839364424,4.865357931652795,4.865357931652795
275,4.142046223230267,0.0,0.0,17.956754694845387,0.0,0.0,48.73302775493241,10.6583110613293,1.7608192701088967
276,1.1032139679858233,0.0,3.0349424164856487,54.99384579529183,0.0,0.0,0.0,0.0,0.0
277,14.610816285940217,0.0,0.0,12.841994967569804,0.0,0.0,10.43129285094139,6.844869568667889,1.6212374463192418
278,24.68194601305146,0.0,0.0,22.862945395463612,0.0,0.0,11.277122908262072,0.0,0.0
279,3.3563645836871103,0.0,0.0,17.817246087618514,9.472838063752647,0.6288690165134199,2.0842017317565364,0.0,0.0
280,1.1428265334410526,0.0,0.0,0.8112061360648113,0.0,0.0,0.8307391124159267,0.0,0.0
281,42.64102832513865,0.0,0.0,42.15727154959367,16.99222626336291,2.168843234600672,23.866885697419633,0.0,0.0
282,2.8746924572683383,0.0,0.0,5.955412105223047,0.0,0.0,23.009223536211294,13.487372268092429,1.5369691961448098
283,8.857151812976866,1.5429267434701046,0.4593623709577628,8.333257573212848,0.4593629258503711,0.4593629258503711,82.62652644176376,31.212296670919642,21.459522768932715
284,6.923234866988025,0.0,0.0,16.20013115888642,6.278163006032798,2.6326275265526533,0.8354476390887839,0.0,0.0
285,4.63104451533485,0.0,0.9666578095802265,15.33094686721816,0.9666552350138886,0.9666552350138886,67.75299213177391,2.2275553477458914,4.118723544119462
286,0.34905283710750723,0.0,0.897432698258001,49.02046524394868,2.65337159936783,1.6133839040836335,39.02255991092372,0.897432698258001,0.897432698258001
287,26.324685569708976,0.0,0.0,18.764796627770323,0.0,0.0,20.444168027719968,4.721286502284329,0.47906695239998953
288,2.072016906648429,0.0,1.130335882857878,1.8719252053518858,0.0,0.0,0.0,0.0,0.0
289,15.017203684162638,0.0,0.0,29.79444292193503,0.0,0.0,17.01530465620064,0.0,10.705075378037861
290,4.887280908462287,0.0,0.0,7.556940449839033,1.5220776776242246,0.0,15.338130700007866,1.9914218072928236,4.43401180616047
291,15.128394665064093,0.0,0.0,13.580388381707735,0.0,0.0,13.161518856367934,0.0,0.0
292,25.90760651460735,0.0,0.0,8.930583831306706,0.0,0.0,8.342462846903715,1.6833661038776313,1.6833661038776313
293,3.104564897966327,0.0,0.0,45.45098156780526,0.0,0.0,12.143897222143437,54.352870067594836,54.352870067594836
294,22.105073474101033,0.0,2.1194272620495553,11.086650882204026,0.0,0.0,3.4911333664404083,0.0,0.0
295,0.0,0.0,0.0,2.098586040902262,0.495604769675424,0.495604769675424,0.0,0.0,0.0
296,26.656122506368433,0.0,0.0,32.6352621626761,0.0,0.0,16.18448713911863,0.0,0.0
297,0.0,0.0,0.0,7.070312649271358,0.0,0.0,9.252295486850983,0.0,5.622297636166138
298,21.50716490500764,0.0,0.0,44.42095557655162,1.4454014909504735,0.0,41.27637612326086,0.0,11.267087574105659
299,14.618880601699203,0.0,0.0,18.207250786370366,0.0,0.0,2.9081241369487714,4.792769166285382,4.792769166285382
300,33.4713720626965,0.0,0.0,5.095350406138522,0.0,0.0,5.350069684098571,0.0,0.0
301,25.28937443662184,0.0,0.0,0.7102503356754539,0.0,0.0,0.584015596881784,0.0,0.0
302,17.221455075330624,0.0,0.0,10.736596288883732,0.0,0.0,10.650554531288378,0.0,0.0
303,22.53597653306872,0.561360948771835,0.0,53.497904150996135,0.0,4.501307575570507,9.772631283614743,3.462223210214887,8.359069171469372
304,82.95437020780338,0.0,0.0,30.156643151069346,0.0,0.0,13.746999530220648,0.0,0.0
305,7.69370353932149,0.0,0.0,3.6200110136521175,0.0,0.0,2.192413835138268,0.0,0.0
306,3.5002201607026677,0.0,1.259968899620901,0.9998694270032615,0.0,0.0,4.1504224834154115,0.0,0.0
307,12.102338712747155,0.0,0.0,16.565466392930773,0.0,0.0,7.617395827880415,0.0,0.0
308,0.0,0.0,0.5380014799202399,0.0,0.5380014799202399,0.5380014799202399,13.94540594374186,0.5380014799202399,0.5380014799202399
309,10.7052155791703,0.0,0.031029717146054736,12.612291649663263,1.2385190705959417,0.0,7.18818954969484,0.0,0.0
310,1.2489298911394258,0.0,0.0,5.400257600066709,0.0,0.0,0.10850797735537299,0.0,0.0
311,36.348176379700845,0.0,0.3527233403218588,15.837306524311856,0.35272334086795354,0.35272334086795354,14.173407058322425,0.3527233403218588,0.3527233403218588
312,3.0444892824463636,0.0,2.8221063771023296,11.681692164724836,0.0,0.0,12.931224499459233,0.0,5.377983018475504
313,12.951523137860619,0.0,0.5706609256180855,9.8447231766186,0.6582680670052241,0.6582680670052241,9.800295777834009,0.5706609256180855,0.5706609256180855
314,4.723707096194829,0.0,0.0,6.1810621156894,3.1341480918031266,0.7972232256100824,2.449430720972316,0.0,8.088937967656875
315,9.369954609586728,0.0,0.0,3.570002942224562,0.7494605953480118,0.0,4.501425458711992,0.0,0.0
316,27.04055850633253,0.0,0.0,5.746859900126822,0.0,0.0,35.159895500060486,10.458788216717124,4.632456679626529
317,0.0,0.0,0.0,0.0,0.0,0.0,0.0,0.0,0.0
318,0.0,0.0,0.0,0.0,0.0,0.0,0.0,0.0,0.0
319,25.542726150947004,0.0,0.0,16.789986863567265,0.0,0.0,92.50793668845682,0.0,0.0
320,2.0912520845634504,0.0,0.0,0.014651919437369543,0.0,0.0,10.058779468581633,0.0,12.847629205516512
321,14.513448498663081,2.12307500744339,1.6680304656113094,9.187254399771035,0.8080131016326959,0.649039047106271,97.66486683707177,0.0,0.0
322,14.682048689347596,0.0,0.0,14.414238800023895,4.668553404365696,0.0,3.3213004665548738,0.0,0.0
323,1.5464255568375052,0.0,0.0,2.416740980460986,0.0,0.0,39.8972901146484,15.582679469017535,11.057682245238055
324,8.876902803642821,0.0,0.021048736081866082,0.1394191264803908,0.24406281449927292,0.021059762289837636,0.0,0.021048736081866082,0.021048736081866082
325,22.833552893562995,0.0,0.0,12.357281481746668,3.1551622651716684,3.1551622651716684,9.19399286980024,0.0,0.0
326,22.729824962732266,0.0,0.0,22.691286485766966,0.0015012644461194213,0.0015012644461194213,31.74776153058974,4.251711619888283,4.251711619888283
327,25.307746609210994,0.0,0.0,46.11937663670116,0.0,0.0,22.518842237158395,0.0,0.0
328,5.789851179556621,0.0,0.0,8.83910675617173,0.0,0.0,4.426827831117805,0.0,0.0
329,6.187882622380926,0.0,1.1065850024402266,3.838090335412943,0.0,0.0,42.07473734816716,0.0,4.915989726969258
330,63.445569006294704,0.0,0.0,101.58426306942877,0.0,0.0,31.59037100159651,0.0,15.446086827900245
331,21.416685967539166,0.0,0.0,11.324375179528971,0.0,0.0,10.086915758453614,0.0,0.0
332,43.250899796275945,0.0,0.7973190540989208,25.389268403476706,0.0,0.0,23.72351941886194,0.0,0.0
333,0.5036280715468138,0.0,0.0,0.5295838996119073,0.0,0.0,6.7147244703018885,1.0960762132982609,0.08248698436051427
334,20.30246589401702,0.0,0.2361727483194045,19.399664873883324,1.2041649899248341,1.2041649899248341,18.748128144431035,0.2361727483194045,0.2361727483194045
335,12.935353272720164,0.0,0.0754052652416135,18.05717247038305,2.248096143066107,0.3332824545335029,18.136904140886998,10.429075734933065,30.986054590745766
336,11.802564677432088,0.0,0.0,7.5639844538231955,0.0,0.0,6.504549429830149,0.0,0.0
337,2.030310738585058,0.0,0.3155856232127121,0.0,0.0,0.0,0.0,0.0,0.0
338,0.0,0.0,0.002922990404954362,0.0,0.002922990404954362,0.002922990404954362,11.252840009372676,0.002922990404954362,0.002922990404954362
339,24.796745677273975,0.0,0.0,39.12123084297795,0.0,0.0,38.97824687156486,9.553352844071497,1.1393577235470218
340,44.27457327975691,0.0,0.0,12.791050878819561,2.1362166359369894,0.0,7.589834761900619,0.0,0.0
341,3.0510552857588493,0.0,0.0,0.0,0.0,0.0,0.0,0.0,0.0
342,26.316863692029784,0.0,0.0,7.874188282509749,0.0,0.0,8.82074357484538,0.0,2.005573140888032
343,0.0,0.0,0.0,0.33746527144253946,0.0,0.0,0.0,0.0,0.0
344,24.34220281568625,0.0,0.0,4.060316874440417,0.0,0.0,6.489380505197062,1.204413146312504,1.204413146312504
345,11.21371895883243,0.0,0.0,7.616959106058744,0.0,0.0,7.616959106058744,0.0,0.0
346,1.2195714958487258,0.0,0.0,0.0,0.0,0.0,0.0,0.0,0.0
347,16.437770657008826,0.0,0.0,69.90697478675213,0.0,0.0,9.127749658748428,0.0,0.0
348,24.057175471773263,0.7837829335357469,0.0,19.78015218979823,0.0,0.0,23.58507490301153,11.432521011436421,6.306067918375163
349,3.3861930674038376,0.0,0.0,6.157945766478377,0.0,0.0,9.814430154199584,3.196565209504456,0.0
350,3.0666722142307776,0.0,0.0,3.066310543825864,0.0,0.0,3.066310543825864,0.0,0.0
351,24.224777394189573,2.1784392807675204,0.0,33.94907671127842,2.9937126885313035,2.9937126885313035,37.996535321370715,32.21014365565043,12.107090419900658
352,2.7080137184640876,0.0,0.0,2.672185733034837,0.0,0.0,13.799555949771019,0.0,0.0
353,8.024371128029486,0.0,0.0,5.069307413851959,0.0,0.0,5.069307413851959,0.0,0.0
354,4.451019532328274,0.0,0.0,4.614670003796846,0.0,0.0,4.376635645994838,0.0,0.0
355,13.917072299372876,0.0,3.929274262174033,98.07938069255383,0.8233984794376852,2.2442643969916674,96.39905377169393,19.336362879753892,16.360024948032816
356,6.030316575351918,0.0,0.0,5.687947572300203,2.0486445334105383,0.0,0.0,0.0,0.0
357,7.4567659209750445,0.0,0.0,3.878022138806273,0.0,0.0,35.17886228619261,0.0,6.915904258998182
358,0.0,0.0,0.3458634674223049,0.0,0.3458634674223049,0.3458634674223049,0.0,0.3458634674223049,0.3458634674223049
359,17.18533968602975,0.0,0.0,18.561162452393916,0.0,0.0,23.543294291884877,0.0,0.0
360,0.0,0.0,0.0,0.0,0.0,0.0,18.268956570561272,8.593361396282404,5.775391870722871
361,23.257412197221555,0.0,0.0,16.53401070593054,0.0,0.0,16.53401887311213,2.6557792338106765,0.0
362,3.192323307171705,0.0,0.0,3.0257794908118285,0.0,0.0,2.1921618016185676,0.0,0.0
363,0.12796611850805562,0.0,0.007832345841450206,0.0,0.007832345822464504,0.007832345822464504,0.0,0.007832345822464504,0.007832345822464504
364,0.0,0.0,0.0,0.0,0.0,0.0,0.0,0.0,0.0
365,16.921584158581595,0.0,0.0,19.396906638868387,0.0,0.0,15.393843856429555,0.0,11.336101057046847
366,3.271792031893625,0.0,0.6169374792602298,3.806647149899618,0.8802354564288635,0.0,18.014364098910278,4.47080756418481,0.0
367,9.6843966785936,0.0,0.0,14.869573062594498,4.730285753096496,0.0,8.642273721768106,0.0,0.0
368,42.158859309710266,0.0,0.0,14.812572416161203,0.0,0.0,14.839061407479335,0.0,0.0
369,0.0,0.0,0.0,0.0,0.0,0.0,0.0,0.0,0.08457501482283192
370,17.45275673472554,0.0,0.0,4.717646550308757,0.0,0.0,4.5981599047502755,0.0,0.0
371,5.165644179401056,1.643056249430117,0.5882465963381946,13.606800956083418,0.24552405203422722,0.24552405203422722,4.413451311145195,0.24552405203422722,0.24552405203422722
372,47.97756713827445,0.0,0.0,8.365288815359861,0.0,0.0,8.362498712948877,0.0,0.0
373,3.465250017986733,0.0,0.0,38.11541081286228,0.0,0.0,2.3959210453138553,9.988174722212761,9.988174722212761
374,3.67558031725045,0.0,0.0,2.853501656922191,0.0,0.0,2.853501656922191,0.0,0.0
375,18.928542544581347,0.0,0.12563661909132406,8.906114284186458,3.5580938301633296,3.5580938301633296,5.371182062360759,0.11762374818738408,0.11762374818738408
376,20.727902685889717,0.0,5.0759260784554385,15.897404076893764,0.42170867016224634,0.42170867016224634,9.84613644584985,0.0,0.0
377,2.8071259011534835,0.0,0.0,4.972363592447891,0.0,0.0,56.34558154540048,0.0,0.0
378,11.670619278780208,0.0,0.0,13.593604187590302,0.0,3.718247501288033,1.5897439409822596,0.0,6.739810875683588
379,4.956416238462111,0.0,0.2767969299181914,0.0,0.2767882152653556,0.2767882152653556,0.0,0.2767882152653556,0.2767882152653556
380,3.835210483018841,0.0,0.0,4.184568793609742,0.0,0.0,3.6989350383551027,0.0,0.0
381,17.15645284467493,0.0,0.0,6.676504341599781,1.8134132692124467,0.0,65.78320933121265,5.160965661747952,0.0
382,0.0,0.0,0.0,9.19426982444881,0.0,0.0,4.363052129609315,2.2683725121778195,0.5335762741241581
383,47.96957853500206,0.0,0.0,33.31768928656109,0.0,0.0,30.21016613322061,2.588280556353425,2.588280556353425
384,20.8766915333467,0.0,0.0,12.282014101653573,0.0,0.0,10.263835683929074,0.0,0.0
385,6.6559302586262845,0.0,0.0,2.1811887789288846,0.0,0.0,2.1811887789288846,0.0,0.0
386,7.35387489033252,0.0,0.0,36.470165554275184,0.0,0.0,0.0,0.0,12.028840747671666
387,2.618240301101679,0.0,0.0,1.4743018399323944,0.0,0.0,0.9661082660765032,0.0,0.0
388,9.95324048859294,0.0,0.0,16.918409489350836,0.0,0.0,20.941138435001562,9.000675182290564,8.652105709718882
389,0.868647729044369,0.0,0.0,0.7247156934410555,0.0,0.0,0.046405451226121386,0.0,0.0
390,8.96050368868427,0.0,0.0,13.980321645900176,2.1203527000532176,1.5799586057155466,8.937590071369698,0.0,0.0
391,63.54267989961207,3.7241949357377564,1.3427587535418581,101.15433778690641,0.0,0.0,34.17973361530656,5.359386432381513,0.8499211519548453
392,28.563492478107378,0.0,0.4698096109472658,18.39586925289933,0.0,0.0,18.004807513766025,0.14890492770348374,0.0
393,14.85518963868742,0.0,0.0,133.3699651355853,0.4798931348520341,45.669878518407614,183.06459373440785,10.453506860638242,2.865366291807561
394,14.814437226243939,0.0,0.0,20.274568525909842,0.0,0.0,7.6225223546469465,0.0,0.0
395,15.737133417786907,0.0,0.0,5.798168009722815,0.0,0.0,5.448103430443325,0.0,0.0
396,4.712500252681963,0.0,2.7261625438520696,6.72687405536189,0.0,0.0,0.0,1.9787938096125686,1.9787938096125686
397,16.249073615289092,0.0,0.0,68.88343455899633,0.0,0.0,10.21305516263942,0.0,0.0
398,0.1217700320950712,0.0,0.0,0.6873965233100989,0.0,0.0,11.758416659940167,0.0,1.4409811046483014
399,3.130249963539825,0.0,0.10315928274877706,2.600790983738932,0.030339728658248077,0.030339728658248077,2.600790983738932,0.030339728658248077,0.030339728658248077
400,28.35915118157132,0.0,0.0,39.74714146705662,0.0,0.0,8.030460768566002,0.0,0.0
401,0.0,0.0,0.0,1.3204457284787736,1.5915293119130638,1.0354450222429818,0.0,0.0,1.6214641871545723
402,0.0,0.0,0.0,0.0,0.0,0.0,92.49009580776934,27.435828121788262,21.89174501232111
403,13.195094418382041,0.0,0.0,27.670385769027348,0.0,0.0,12.998797065190615,0.0,0.0
404,13.924266685237967,0.0,0.0,33.377642943357955,0.0,0.0,68.32173736604204,0.0,0.0
405,0.0,0.0,0.0,3.410778067376242,0.0,0.0,1.6114111894414123,0.7081286571067835,9.697113470130688
406,63.57047259159074,0.0,0.0,24.95010351533449,0.0,0.0,34.87900672429524,3.6999132087059934,0.35091750954649115
407,14.529243660322692,0.0,0.0,34.82525660324427,0.0,0.0,26.23508934344204,0.0,0.0
408,45.04313873041727,6.819110662057,8.619056977823874,4.776172625467154,0.4133535977240399,0.4133535977240399,11.85423170483196,0.41335359764855184,0.41335359764855184
409,16.67304551558138,0.0,0.39689453197888724,36.56388920809695,0.4059567626217131,0.4059567626217131,54.540276103655856,0.49609742290920167,8.604144600832853
410,35.90856975681933,0.0,0.7470229832310906,12.375639162702527,5.37326231902415,0.0,71.95227334409688,8.673199562843905,10.820596157831233
411,12.091491807003507,0.0,0.0,10.425865804742813,0.0,0.0,37.42015353186815,0.39237095381713516,1.8053301488943418
412,11.610905241155763,0.0,0.0,17.185283014939444,0.0,0.0,13.83062737575898,0.0,0.0
413,1.4007007259081945,0.0,0.0,0.0,0.0,0.0,0.0,0.0,0.0
414,11.576901269314192,0.0,0.0,5.208303631510319,0.5382985796875914,0.5382985796875914,2.1524686678532134,0.0,0.0
415,0.0,0.0,0.0,0.0,0.0,0.0,0.0,0.0,0.0
416,0.8566331734163839,0.0,0.0,8.375722497550242,0.0,0.0,0.8540508362281969,0.0,0.0
417,0.0,0.0,0.0,0.0,0.0,0.0,0.0,0.0,49.6120782703849
418,20.058642273225672,0.0,0.0,49.51746913888741,0.04526647765743519,0.0,13.02397621060453,0.23215127337175545,11.284470325115649
419,12.005889230028345,0.0,0.0,14.310835697534117,2.421303026978137,2.421303026978137,1.4089079597069372,0.0,0.0
420,0.0,0.0,0.0,0.0,0.0,0.0,0.0,0.0,0.0
421,41.64122736076058,0.0,0.0,35.41014826960247,0.0,0.0,33.76545349446519,4.921013070467467,0.0
422,0.0,0.0,0.0,27.75366758346044,0.0,0.0,4.171713069050668,2.2417328790886586,2.2417328790886586
423,4.026395895226102,0.0,0.0,4.024606956659198,0.0,0.0,4.024606956659198,0.0,0.0
424,6.33231754410977,0.0,0.0,9.123801769749349,7.04536833494609,0.0,124.09245881843299,35.25262591972654,32.42403683990398
425,28.393486326120353,0.0,0.0,20.911375671223453,0.0,0.0,19.569152404565926,0.0,0.0
426,0.4778081470532243,0.0,0.0,0.0,1.3496706488019754,1.3496706488019754,0.0,0.0,0.0
427,0.0,0.0,0.0,0.0,0.0,0.0,0.0,0.0,0.0
428,1.1388686396375078,0.0,0.0,0.0,0.0,0.0,0.0,0.0,0.0
429,3.7344594684442427,0.0,0.0,5.671719360739161,0.0,0.0,80.38545464334044,30.917543961942016,14.079940690341544
430,17.233352172399663,0.0,0.0,13.037324375570279,0.0,0.0,14.063110386857346,0.0,0.0
431,16.59935567026045,0.0,0.0,8.287405371176334,0.0,0.0,4.725230736283834,0.0,3.3692226862731047
432,17.02317483722632,0.0,0.0,11.851661369433941,0.0,0.0,11.851661369433941,0.0,0.0
433,17.486982950244,0.0,0.0,18.308636340810835,0.0,0.0,23.411696383871032,0.0,0.0
434,20.121400136637334,0.0,0.0,2.5485197717221126,0.0,0.0,2.1419638234721106,0.0,0.0
435,26.135640136389753,0.0,5.51134690881446,14.452442498651493,0.0,0.0,10.793902874835453,0.0,3.679511820990996
436,0.0,0.0,0.0,0.0,0.0,0.0,0.0,0.0,0.0
437,17.74993927731404,0.0,0.0,38.179646411053426,1.5167592570902002,0.02500259969696117,17.190223883533264,0.9233726422546624,0.0
438,10.077505790377757,0.0,0.0,5.710314318594385,0.0,0.0,15.16962399904358,0.0,0.0
439,13.201249720084178,0.0,0.0,6.01899355761509,0.0,0.0,8.186490919198377,0.0,11.651272747480505
440,4.996829071669765,0.0,0.0,7.594572908995957,0.0,0.0,4.1433751873275355,0.13877679454313352,0.0
441,7.757512339581297,0.0,0.0,12.274992075405066,0.0,0.0,7.754254778271218,0.0,0.0
442,33.59169598210471,3.434126371297225,0.5031443300749743,24.89018554808743,0.8490089991391301,0.5217810013457438,17.975683191775346,8.546679341860226,8.546679341860226
443,24.335063268560333,0.0,5.730572063915531,66.71815736718625,1.8173450612897568,3.1755268358899116,14.742767777648481,0.0,0.0
444,2.2365191780420446,0.0,0.0,0.0,0.0,0.0,11.256744135545773,0.0,1.9047836522790078
445,1.3700423470120882,0.0,0.12938179545136563,5.491159085580705,5.087118108668335,0.1293848933432855,0.0,0.12938179545136563,0.12938179545136563
446,0.0,0.0,0.0,0.0,0.0,0.0,0.3976009653915753,0.0,0.0
447,20.376217846551185,0.0,0.0,62.42029293929798,0.0,0.0,19.3837231343376,0.0,0.36486604894986385
448,0.0,0.0,0.0,3.821281331316186,0.7940141918505219,0.0,0.0,0.0,1.6827690776890165
449,5.765086916668622,0.0,0.0,4.413634199886587,0.0,0.0,31.168710905246428,6.137569525993001,7.451174387266178
450,14.744976093941347,0.0,0.0,6.706213304258682,0.0,0.0,10.674608524677495,2.1115854651196173,2.1115854651196173
451,3.439454258169718,0.0,0.0,139.48831020466798,6.320321047194454,1.437735425820506,4.585791896425036,6.1479382035101935,8.725017043105964
452,20.22626188524174,0.0,0.0,12.357858030996908,1.4982243757577294,1.4982243757577294,14.77083463138979,0.0,0.0
453,2.122812912564939,0.0,0.0,31.01260507501661,0.0,0.0,54.82204652349424,0.0,0.0
454,9.295816556868886,0.0,0.0,0.0,0.0,0.0,2.709459245210212,0.0,0.0
455,2.4209192244831286,0.0,0.0,5.2623634774165,0.0,0.0,0.6113765108174221,0.0,0.0
456,20.611571385333576,0.0,0.0,25.94956521784931,0.0,0.0,61.56891338809439,11.61364990508963,2.3088648874297917
457,5.486411417304737,0.0,0.02905349531158663,3.9654086156536437,0.0,0.0,3.9654086156536437,0.0,0.0
458,13.083541722711146,0.0,0.0,0.8377373992300647,0.0,0.0,10.407119558543513,0.0,10.696282774033705
459,3.575578551772992,0.0,0.7377065206522389,2.8439151270050615,0.30658488769233827,0.0,0.6842253197394257,0.0,0.0
460,33.07729807977691,0.0,0.3763309591093389,29.57006019903298,2.0818718875788136,0.3741202244955275,32.66518677414686,0.3741200571329273,0.3741200571329273
461,15.602160315342275,0.0,0.0,14.906836482998756,0.0,0.0,23.68583940487639,0.0,2.1842133901541274
462,25.368923277420265,0.0,0.0,0.0,0.0,0.0,154.14098753161142,40.700084025957835,26.67772762565872
463,13.919011691618095,0.0,0.0,20.097699656637957,0.0,0.0,15.896529512601887,0.0,0.0
464,21.613261898579623,0.0,0.0,24.415328652006565,0.0,0.0,42.73893612437598,9.184777973506982,7.043348265023582
465,33.4965317797145,0.0,0.0,48.493859642674494,0.0,0.0,30.41826133192268,0.0,0.0
466,0.5367851514266135,0.0,1.432215419864292,3.251332629242313,0.0,0.0,2.1819692620516093,0.0,1.5814993282450018
467,0.0,0.0,0.24925719231930543,17.837426992732162,0.2480798315103243,0.2480798315103243,0.0,0.24807986373508584,0.24807986373508584
468,6.256924343293889,0.0,0.0,6.729346161430868,0.0,0.0,51.16507666228256,21.01171466448639,8.957212393592442
469,6.301314848534247,0.0,0.0,1.7216486404949478,0.0,0.0,6.622976334282583,0.0,0.0
470,9.845588874121546,0.0,1.7952984817453057,0.5308785990031879,0.2685644970962926,0.2685644970962926,24.35475142239676,15.096701680680496,4.222468639172149
471,0.0,0.0,0.0,0.0,0.0,0.0,4.963869622082427,3.772107970495597,3.772107970495597
472,4.125477949732812,0.0,0.0,3.8177833590713135,0.0,0.0,3.8177833590713135,0.0,0.0
473,8.563810124958252,0.0,0.0,4.356277770607363,0.0,0.0,4.356277770607363,0.0,0.0
474,9.836877336471616,0.893212444317669,0.0,3.758279100021099,0.0,0.0,2.6573770730113324,0.0,0.0
475,9.179112410784597,0.0,0.9519367406295487,5.627275202807255,0.9519367406295487,0.9519367406295487,8.759770420823997,2.5884444417505676,4.049406325792717
476,12.122480343378271,0.0,0.0,15.301099647521085,0.0,0.0,11.574598120351482,0.0,0.0
477,8.114996209381957,0.0,0.0,12.679673178495705,6.835077210223631,1.4951748952190655,6.816634677476884,0.0,0.0
478,15.512450133789798,0.0,0.0,8.238263973751657,8.320797236807891,0.0,32.12462881419489,0.0,7.75707792443751
479,5.788952085022146,0.0,0.0,10.076439149057933,0.0,0.0,11.942558400460513,3.1015835635674307,0.0
480,82.92285201228938,0.0,0.0,28.53343517958089,0.0,0.0,20.133662379213575,0.0,0.0
481,3.8201129634422273,0.0,0.0,0.8721970885531505,0.0,0.0,0.8655993614549402,28.408810266658577,28.408810266658577
482,0.3155681008021247,0.0,0.0,0.0,0.0,0.0,0.0,0.0,0.0
483,25.878521329028985,0.0,0.0,10.41524197267006,7.655780258351172,0.0,7.77515288122504,0.0,5.728733821315586
484,5.297061327845938,0.0,0.0,0.2702435674889898,0.0,0.0,11.916006790779676,0.0,0.0
485,1.1278804077936684,0.0,0.0,0.0,0.0,0.0,0.0,0.0,2.551294487924082
486,9.184378485042743,0.0,0.0,2.5171071920059944,0.0,0.0,2.5171071920059944,0.0,0.0
487,21.753882693782572,0.0,0.0,12.746727281052245,0.0,0.0,10.940812089855115,0.0,0.9997998156496521
488,2.013220244502179,0.0,0.0,2.013220244502179,0.0,0.0,2.013220244502179,0.0,0.0
489,19.362116128548507,2.2251904921303662,0.15161259531186033,11.672947111581834,0.1516103107381923,0.1516103107381923,33.42347340721773,8.659163536187208,14.075155468168532
490,0.0,0.0,0.0,0.0,0.0,0.0,1.3950855319886273,0.0,0.0
491,7.940988965991693,0.0,2.0791092708561223,5.337670886819865,0.29526461394806347,0.29526461394806347,2.944569155000721,0.2952646139477224,0.2952646139477224
492,2.670702124575712,0.0,0.0,11.944910487731676,0.14268664780504992,0.14268664780504992,33.93861205579273,7.446922478596804,15.565133840123735
493,3.033371088144122,0.0,0.0,17.468076566992295,14.792257684183824,0.0,2.2246399395205003,0.0,0.0
494,6.420914695977729,0.0,0.0,4.662099725386952,0.0,0.0,1.3647706081570163,0.0,0.0
495,3.867701764822158,0.0,0.64144793239916,6.466581396322084,0.5437432675820446,0.5437432675820446,18.805091201823444,0.543743267486434,0.543743267486434
496,12.063366535142507,0.0,0.0,26.280037628653815,0.0,0.0,8.974590437655678,0.0,0.0
497,1.5282984507085189,0.0,1.4160574915227926,0.1070525579484638,0.0,0.0,0.1070525579484638,0.0,0.0
498,0.0,0.0,0.0,0.0,0.0,0.0,0.0,0.0,0.0
499,31.00187970247856,0.0,0.17520993698849452,20.849203873106973,0.5193060934038272,0.5193060934038272,171.3293121946157,0.17520993698849452,4.8317416661360255
500,0.0,0.0,0.0,1.0871546765625624,1.025715513943993,1.025715513943993,0.0,0.0,0.0
501,2.456756809479259,0.0,2.17710434007455,5.98338030086768,7.590664593960128,1.173975618249699,1.8470703177629844,0.0,0.0
502,3.0363973419393346,0.0,0.0,2.1179931894580477,0.0,0.0,4.807089704897578,0.0,0.0
503,2.243513050145168,0.0,0.0,2.243513042256353,0.0,0.0,2.2436874453252074,0.0,0.0
504,0.6228382651324011,0.0,0.0,0.0,0.0,0.0,0.0,0.0,0.0
505,1.4935506004613899,0.0,0.0,4.5013572010974485,0.0,0.0,1.6633214859855912,0.0,0.0
506,1.7487618132760474,0.0,0.0,2.7162944898005037,0.0,0.0,1.7397474515074975,0.0,0.0
507,74.44728463665402,6.955111453302692,0.0,18.033591900433976,0.9454697349398202,0.0,99.91236447955697,0.0,0.0
508,4.975773221134887,0.0,0.0,0.6495419231584947,0.0,0.0,0.6495419241460922,0.0,0.0
509,18.024610392137077,0.5244482587423818,0.0,12.243452537186414,0.0,0.0,12.28887873787869,0.0,0.0
510,20.609324247304897,0.2049194888246859,0.0,24.66070000221552,0.0,0.0,3.6092589146070964,0.0,0.0
511,3.9987523987960287,0.0,0.0,0.48191215700970247,0.0,0.0,4.938255005946161,0.7741734825615936,0.0
512,8.56998621736355,2.7025140067628968,0.0,11.648288358311959,0.0,0.0,17.95597946249194,0.0,0.0
513,17.562330888928898,0.0,0.0,32.30828853979588,6.506197605932471,1.7838374444564238,33.24246483919933,0.0,0.5699493827855235
514,0.0,0.0,0.0,1.2534572609182248,0.0,0.0,0.0,0.0,0.0
515,4.045759492500963,0.0,0.0,4.029321457133392,0.0,0.0,81.32862533118376,31.028187506359842,23.06937573331274
516,11.146248851766188,0.0,0.0,9.986283748461744,0.0,0.0,11.699073504408261,0.5048903296236062,0.2534788459580284
517,3.663295662816779,0.0,0.9361569371510541,0.0,0.0,0.0,19.036829746161885,11.421231218985668,0.0
518,3.063229187078093,0.0,0.0,3.0603536905034048,0.0,0.0,68.90916420977402,0.0,0.0
519,3.6862676941159407,0.0,3.4662143701729065,0.0,0.0,0.0,0.0,0.0,0.0
520,0.0,0.0,0.0,0.0,0.0,0.0,1.7868867160946706,0.0,0.0
521,14.185053281528155,0.0,0.0,12.93723916039366,0.3512456210768278,0.34823196800397227,15.53820247296565,0.0,6.752032348228028
522,18.029921297721103,0.0,0.0,15.496224721880452,0.0,0.0,22.911671025315286,0.0,0.0
523,0.0,0.0,0.0,7.92014435901703,0.0,0.0,4.680905477617131,0.0,0.0
524,13.241604914109189,0.0,0.9475972146885852,19.563459391660786,0.0,0.0,8.855948570425,0.0,0.0
525,0.0,0.0,0.0,0.0,0.0,0.0,0.0,0.0,9.634064951396311
526,14.814994610546734,0.0,0.0,12.912992129540129,2.199223349397357,2.199223349397357,9.234810220268088,0.0,0.0
527,0.0,0.0,0.0,0.028166953144307172,0.0,0.0,11.399869884536088,17.984164066567445,19.293297204265144
528,5.7908402024124825,0.0,0.0,0.0,0.0,0.0,0.0,0.0,0.0
529,21.389297505210408,0.0,0.0,53.36847166664538,0.0,0.0,37.82754965166913,3.461402018009551,20.730327528336318
530,3.4449111435911846,0.0,1.1799123976497299,12.353397554930439,1.2194668018782409,1.2194668018782409,202.36330708885362,30.55922484448189,42.82497409138222
531,10.659777483452217,0.0,0.0,19.07139862442645,6.0573776897946345,0.0,17.592825800873015,0.0,1.9067879732560868
532,0.9946441388780727,1.0329178129363754,0.0,0.8747166060059612,0.0,0.0,43.50054175465823,0.0,0.0
533,5.923030558939871,0.0,0.0,0.0,0.0,0.0,0.0,0.0,0.0
534,3.8242626672036977,0.0,0.0,7.235997888158693,0.22172201930357005,0.22172201930357005,0.0,0.0,0.0
535,81.74500352299012,0.0,0.0,18.23293954292552,0.0,0.0,32.24075359712796,0.0,1.737320463326796
536,4.061712874057548,0.0,0.23646153931156277,2.170235361901746,2.9243280845583968,2.9243280845583968,0.0,0.23646153931156277,0.23646153931156277
537,0.365723367986277,0.0,0.0,4.797415022537223,3.7182930657526185,0.0,2.0921640766443375,0.0,0.8962204547198667
538,24.667839063940022,0.0,0.0,20.692355199383286,0.0,0.0,23.465154053322408,0.0,0.0
539,1.7681300830213047,0.0,0.0,1.3282410781754947,0.0,0.0,1.9730143459146916,0.0,4.991144561953234
540,10.19667508248068,0.0,0.0,0.0,0.737529684830065,0.737529684830065,0.13689374335615412,0.0,0.0
541,18.684076853854805,0.0,0.0,2.1346761227876243,0.0,0.0,94.31165591370473,1.1131977063340628,0.0
542,9.689782452069466,0.0,0.0,2.112352712887514,0.0,0.0,11.865424664461472,0.0,0.13525959461892967
543,12.878061995437776,0.0,0.0,5.931823190959733,0.0,0.0,8.194925305549617,0.0,0.0
544,11.124169414914178,0.0,0.0,9.801636279560142,0.0,0.0,9.984414615800432,0.0,0.0
545,36.071181153168,0.0,0.0,49.28678892772899,6.369266190174983,0.0,29.653895240379967,0.0,0.0
546,18.582338839299865,0.0,0.0,45.519286908266565,0.0,0.0,28.876297087630974,6.391169032301207,0.0
547,36.08011103416422,0.0,0.0,25.26172342880929,0.0,0.0,39.86589613944298,0.0,0.0
548,2.4592461565268025,0.0,0.0,13.63656378828432,4.379023195421098,0.0,3.08812443089937,0.0,6.001820038890571
549,17.440146671566453,0.0,0.0,1.105984603068066,0.0,0.0,6.184069625423177,6.713956818114127,0.0
550,0.0,0.0,0.0,0.0,0.0,0.0,0.0,0.0,0.0
551,16.636586920660733,0.0,0.0,13.217080028724808,0.0,0.0,12.70005176553505,0.0,0.0
552,56.147277015444814,3.8474561360102086,0.0,35.015896862451115,0.0,0.0,152.75620185527063,39.29028334776444,36.856698927856115
553,26.124814174983186,0.0,0.0,31.621902526515328,0.0,0.0,20.79192032672006,0.0,0.0
554,23.965195808411153,0.0,0.00963799206931526,29.111677151202514,0.009566498902188414,0.009566498902188414,53.820238188280115,0.08407662456346543,0.08407662456346543
555,0.0,0.0,0.0,0.6935806370899513,0.0,0.0,1.2066481303399996,0.0,0.7042025916020407
556,5.0589117982134155,0.0,1.0952966247055542,4.528521248289479,1.0952966247055542,1.0952966247055542,5.576470550941224,1.0952966253506702,1.0952966253506702
557,53.73528285125215,0.0,0.0,25.966259657141393,0.0,0.0,14.344545415589721,0.0,0.0
558,35.973806238469706,0.0,0.0,28.523248363650538,8.543613452304498,0.0,10.510740619436575,4.396377035148419,0.8493358091869254
559,78.5377074375873,0.0,0.0,25.710314567512313,0.0,0.0,20.40847455038798,0.0,0.0
560,0.0,0.0,0.0,3.583786745608279,3.3832573778086044,1.727844508115595,0.0,0.0,0.0
561,4.420069399714009,0.0,0.0,9.02433005453318,4.4444076273272515,4.4444076273272515,0.3151234583562541,0.0,19.953099732726145
562,14.52910162591806,0.0,0.0,6.386641327524586,0.0,0.0,6.386641327524586,0.0,0.0
563,79.00079532149672,0.0,2.2049526048926396,24.22770514858999,0.0,0.0,119.30905809744132,4.504099780914743,0.15625811098624354
564,14.868999894927526,0.0,0.0,21.03640917820067,0.0,0.0,13.22764306513642,0.0,0.0
565,25.6575044195437,0.0,0.0,25.895912179434447,0.0,0.0,21.55982082468634,0.7683960039141482,1.3133044933939573
566,3.9458543736007243,0.0,0.0,23.609025209746108,0.0,0.0,11.54746915475468,1.8842892835718317,11.017559580162157
567,10.062076286282775,0.0,0.0,5.438463504454489,4.028684893217246,0.0,0.8445467305747627,0.0,0.0
568,0.02719337269812172,0.0,0.18256724413515713,3.4774103454309966,4.658762238411214,4.658762238411214,0.0,0.18256724413515713,0.18256724413515713
569,11.537225813518916,0.0,0.0,9.470613723203172,0.0,0.0,11.990180176490156,0.0,0.0
570,8.96168155444525,0.0,0.0,0.23128035923105017,0.0,0.0,11.684260168059325,0.0,0.0
571,44.44964334646764,0.0,0.0,39.678498563414195,0.0,0.0,37.29783257399717,0.0,0.0
572,12.022410208801432,0.0,0.0,12.573402002283103,4.904506541064677,0.0,11.863206557042929,0.0,0.0
573,31.929624187925555,0.0,0.0,18.219343371797805,0.0,0.0,65.26742526972666,17.446827535156103,10.153143593739287
574,2.575867033284453,0.0,0.0,13.184197846233786,8.829124397401756,0.8694027463232032,4.785933094949286,0.0,0.0
575,3.558460231506956,0.0,0.0,2.155825477670817,0.0,0.0,1.210055470814666,0.0,0.0
576,3.120650543955975,0.0,0.0,8.335091041920748,0.0,0.0,0.03717280233126985,0.0,0.0
577,0.0,0.0,0.0,0.1713548824059501,0.0,0.0,0.0,0.0,0.0
578,17.304709574557506,0.0,0.06910360823985684,26.584490523904947,0.06910232435421904,0.06910232435421904,21.136358057587188,1.877792118994961,18.332081234861533
579,16.90427194301276,0.0,0.48766017585757027,7.178451405415643,0.16719599055937806,0.0,3.902131437026469,0.0,0.0
580,42.617642489113024,0.0,0.0,35.04771068007389,0.0,0.0,28.839436013633616,0.0,0.0
581,0.9957860822674434,0.0,0.0,5.139707330664862,0.08202949492147127,0.08202949492147127,9.290074038576222,5.395666796116757,5.096613870026317
582,14.027391280725936,0.0,0.0,0.2689333835339198,0.0,0.0,5.7377764214870695,8.551121744533702,8.551121744533702
583,0.0,0.0,0.0,0.0,0.0,0.0,0.0,0.0,0.0
584,3.065852204796016,0.0,0.4013241690369682,21.086887753502197,0.40814733369848,0.40814733369848,14.224771317795785,1.3946679795501211,1.5520898099644285
585,3.043296797054637,0.0,0.0,0.0708579515548422,0.0,0.0,0.0708579515548422,0.0,0.0
586,18.436942799368524,0.18110349480122068,0.0,20.005327801411966,0.0,0.0,7.427685935720945,0.0,0.0
587,17.261203714036043,0.0,0.0,8.282161780701273,0.0,0.0,17.60665625734964,2.274531121267273,2.274531121267273
588,0.0,0.0,0.0,3.442403369595013,3.3258052601909753,0.0,9.188998104296815,0.0,0.0
589,37.35569556041892,0.0,0.0,7.699522113959716,0.0,0.0,15.639604260315025,0.0,0.0
590,9.64678587812,0.0,0.0,0.0,0.0,0.0,0.0,0.0,0.0
591,45.386401726909526,0.0,0.06257145258797436,13.229022338567518,0.050756785780436076,0.050756785780436076,2.4122068189089987,0.05075678575508391,0.05075678575508391
592,8.25288048576519,0.0,0.709035753269859,70.20446987731606,14.152226752637773,0.0,23.2597496101221,4.909723000144311,3.566886679233221
593,1.1804286537033022,0.0,0.0,1.1804286537033022,0.0,0.0,1.1804286537033022,0.0,0.0
594,0.0,0.0,0.0,3.50661389586179,0.0,0.0,0.0,0.0,0.0
595,0.0,0.0,0.0,0.0,0.0,0.0,0.0,0.0,0.0
596,38.617065786933125,0.0,0.295749379038341,39.35330617222027,0.2957493671079874,0.2957493671079874,221.0880932177039,8.142009662663725,13.795001970582831
597,11.572865598246665,0.0,0.0,2.1158448537454433,0.0,0.0,16.66127636019067,5.621219811819742,12.282555890263609
598,7.446023018743915,2.606348325164049,0.0,2.603948479943142,5.143718761022853,2.728719115169497,1.2606192437529558,0.0,0.0
599,0.0,0.0,2.369512471469875,0.0,0.0,0.0,0.0,0.0,0.0
600,17.5794021338736,0.0,0.001545778197510117,0.390581595076128,0.10204114210432635,0.10204114210432635,0.0,0.0,0.0
601,16.874470763848876,0.0,0.0,12.069958901009812,0.0,0.0,29.420716954366753,0.0,0.0
602,5.651382620547537,0.0,0.0,5.466776093316838,0.0,0.0,5.435975226363297,0.0,0.0
603,9.94730088733479,0.0,0.0,41.62908413707157,0.0,0.0,13.8016410786459,4.4824815238276585,3.980726115145359
604,0.0,0.0,0.0,16.42873203666244,0.0,3.100501625198575,0.0,0.0,0.0
605,1.8771847791461198,0.0,0.0,0.0,0.0,0.0,0.0,0.0,0.0
606,9.244288977769287,0.0,0.0,2.593941246515527,0.0,0.0,2.5939412486441142,0.0,0.0
607,3.179855860093596,0.0,0.0,3.190997612784031,0.0,0.0,31.973563170004724,1.5728737180783412,21.392105733075113
608,0.44572066123211584,0.0,0.0,36.84434889452132,0.0,0.0,1.4685172415729824,0.0,0.0
609,25.91789248042781,0.0,0.0,7.753979021547735,0.5692830720175266,0.0,4.022540795067982,0.0,0.0
610,5.5539644247770354,0.0,0.0,5.5539644247770354,0.0,0.0,5.5539644247770354,0.0,0.0
611,35.649543153745554,0.0,0.0,26.412469126485234,0.0,0.0,29.174493031670778,0.0,0.0
612,10.24570773247018,0.0,1.535837131623623,14.201392599330546,0.0,0.0,4.442163456743344,2.5481527903804135,2.5481527903804135
613,0.0,0.0,0.0,0.782362734025611,0.0,3.6047647434256476,0.0,0.0,0.0
614,16.872957507466083,0.0,0.30474545601140335,73.07379057198125,0.30474545601140335,0.30474545601140335,48.58242994843576,18.132611378793598,7.402835197906398
615,18.300926837644454,0.0,0.0,15.251333721879234,0.12547930380026173,0.0,16.233792809249422,0.0,0.0
616,9.163765576795669,0.0,0.0,4.243783739927011,0.0,0.0,11.867893635048205,0.0,0.0
617,1.1023108188470871,0.0,0.0,0.11354137629919592,0.0,0.0,106.72122387529268,27.45610117480979,24.123687062022782
618,42.17101191332023,1.3101916510629792,0.0,17.843612722297024,0.0,0.0,13.585607663838118,0.0,5.799813250449205
619,22.70474189308544,0.0,0.0,22.79389758189552,0.0,0.0,22.57727307590028,0.0,0.0
620,11.731805259574855,0.0,0.0,10.278753690473906,0.0,0.0,41.2109951772768,16.722030912477038,5.769178837548111
621,0.0,0.0,0.0,4.421223880571347,0.0,0.0,0.0,0.0,0.08587434274892303
622,6.1194093070757845,0.0,0.0,19.776710905374642,0.0,0.0,15.629544939318492,0.0,0.0
623,4.4362123504255635,0.0,0.0,8.92619718606224,0.0,0.0,2.047992999472058,0.0,14.033421051391258
624,1.4321086449955942,2.4064841542305544,0.0,0.986239241098076,5.233801745936148,0.0,0.29802078574107327,0.0,0.0
625,24.861208064315804,0.0,0.14629404037395943,16.82219475575252,0.8411508745674041,0.14629404037384575,71.81295550486877,0.14629404037384575,0.14629404037384575
626,0.0,0.0,0.0,0.342219624280915,0.0,0.0,0.0,0.0,1.782136813415491
627,26.508908579426958,0.0,0.19541274629938243,35.14290623866714,0.22649439751069167,0.0,21.934833245573373,7.658498089151351,0.0
628,9.397266482817685,0.0,0.3193570388564808,9.547149688720623,0.0,0.0,19.760194223124984,2.5552857390443364,11.898676046988584
629,54.904088087014344,0.0,0.0,10.831136242201609,0.0,0.0,10.540662718685155,0.0,0.0
630,8.451463045292229,0.0,0.0,8.40158599286218,0.0,0.0,8.40158599286218,0.0,0.0
631,13.081794388876318,0.0,0.1678684420242007,40.58995573659445,0.1678684420242007,0.1678684420242007,21.91702836110653,9.75088449652793,21.67322376318296
632,11.830945252671427,0.14192686114296293,1.640172410741684,14.802326488074357,0.0,0.0,7.463072665556382,0.0,8.233746528107758
633,43.20544551920764,0.0,0.0,28.55505443834042,0.0,0.0,92.87669578195963,37.88233753662786,35.948666658430994
634,17.499411610732977,0.0,0.0,4.738838069470518,0.0,0.0,0.0,0.0,0.0
635,4.106006324407986,0.0,0.0,3.611155921695172,0.0,0.0,3.611155921695172,0.0,0.7909197901710456
636,0.0,0.0,0.0,2.193592571922977,0.0,0.0,0.0,0.0,0.0
637,16.9327805835741,0.0,0.0,13.24500796684373,4.094586815026787,4.094586815026787,9.27761078875119,0.0,0.0
638,49.033342236615994,0.0,0.0,102.74161489233205,0.10934993507078161,0.0,66.85652594089999,0.0,0.0
639,5.506145858360583,0.0,0.0,37.80266822668952,0.0,0.0,0.0,0.0,0.0
640,13.00475941280095,0.0,0.0,12.635077371276282,0.0,0.0,16.44423766154688,4.840689762231392,2.838880590817041
641,12.78910730826803,0.0,0.0,11.64877976087999,0.0,0.0,11.649272552166991,0.0,0.0
642,4.588987890888205,0.0,0.0,2.552544342035503,0.0,0.0,2.5276492086920825,0.0,0.0
643,31.482875781888538,0.0,0.0,28.939598115318773,0.0,0.0,11.50712240595189,0.0,0.0
644,2.513972642887893,0.0,0.0,12.100160080295382,0.0,0.0,9.211623920041632,0.0,0.0
645,17.938890518264714,0.0,0.0,17.8076069777521,0.0,0.0,13.077377940158243,0.0,0.0
646,3.263334065010582,0.0,0.0,5.8610243446802315,0.49221653061391635,0.0,8.145072513562184,0.0,13.243217312382853
647,10.840261857353568,0.0,0.0,22.635855085056363,0.0,0.0,8.933222206493696,0.0,0.0
648,9.566890375481421,0.0,0.0,0.0,0.0,0.0,11.32661047310188,10.169951376546578,10.169951376546578
649,2.383825951956794,0.0,0.0,6.763693572483305,0.0,0.0,2.10016625006665,0.0,0.0
650,18.917459520225748,0.0,0.2597930584465189,7.5428041636364185,0.2576326041869379,0.2576326041869379,7.5540331254931345,0.25763260418727896,0.25763260418727896
651,65.4931365016032,0.0,2.737135013244938,12.489473898404498,0.07150241127112622,0.07150241127112622,43.02690636265342,1.998389051141885,5.452811515649842
652,3.2055865379421107,0.0,0.0,9.7792554926979,1.4785927153316152,1.4785927153316152,3.205552215047078,0.0,0.0
653,0.1675773837099257,0.0,0.0,0.0,0.0,0.0,0.0,0.0,0.0
654,41.64674499379299,7.901082498648464,0.0,0.0,0.5089684433180537,0.5089684433180537,3.3948466308506227,0.0,0.0
655,0.0,0.0,0.0,10.792269334266138,0.0,0.0,0.0,0.0,1.7293232629164663
656,9.873641563063757,0.0,0.0,0.7305410259994005,0.0,0.0,0.3705715439381265,0.0,0.0
657,60.03844383033609,0.6026466469535023,0.11247773866216448,19.32685577017432,0.11247773853585841,0.11247773853585841,42.09831239212943,8.40527566201996,18.59384519215581
658,0.0,0.0,0.0,0.7535073112814246,0.0,0.0,0.0,0.0,0.0559319768219666
659,23.434549314442165,0.0,0.0,21.95103185632766,0.0,0.0,26.28894534312593,8.968129613636734,0.0
660,37.46045938315538,0.0,0.0,10.839380028812059,1.6184943764401964,1.6184943764401964,6.726258784116283,0.0,0.0
661,14.540904362826467,0.0,0.0,13.724869662681868,0.0,0.0,11.237262772965778,0.5740695620828831,0.0
662,2.141919131593795,0.0,0.0,9.526694549522091,0.0,0.0,1.1255468791010799,0.0,11.753887229872134
663,22.369040944402002,0.0,0.0,26.65704053015105,0.22537806150779716,0.22537806150779716,25.93760157420735,0.0,6.573191622822776
664,4.776562951979912,0.0,0.0,8.001556730500283,0.0,0.0,116.0446463293755,27.190765819095816,22.83372466289609
665,19.41748471781588,0.0,0.0,18.227634318667384,0.8731457619334719,0.0,19.78493575909158,3.632215327730478,7.737955916965575
666,20.668065791289223,0.0,0.0,33.048631917792676,0.0,0.0,26.80521349758402,0.0,0.0
667,0.0,0.0,0.0,0.0,0.0,0.0,5.398952657604752,0.0,0.0
668,13.062426370738194,0.0,0.0,57.45703525742101,0.0,1.8175500796962183,16.24207372443786,0.0,0.8182732312774306
669,5.850394277528494,0.0,0.0,7.655116316349108,0.0,0.0,5.850359226082645,0.0,0.0
670,5.082998533552939,0.0,0.0,4.216922504897923,0.4063736977325334,0.0,1.0404599683608922,0.0,0.0
671,27.366600605106555,0.0,0.0,19.306355114228438,3.1344591897801024,1.9979833203598787,17.38050450900539,0.0,0.0
672,60.119207512225614,0.0,0.0,11.628605508013095,0.0,0.0,12.303588940688854,0.8015593350660879,0.8015593350660879
673,13.889451982013782,0.0,0.0,2.385964375783743,0.0,0.0,2.367010387612112,0.0,0.0
674,8.354842058782054,0.0,0.0,9.687814774560024,0.0,0.0,8.35475618261674,0.0,0.0
675,7.859228034158008,0.0,0.6839586608179502,18.40922524407938,17.174550064689356,5.62419628257004,27.070125910873287,7.482438569193221,7.482438569193221
676,18.81043413006276,0.0,0.0,14.437263447046831,6.082674522769992,3.145541734684514,11.796818186972217,0.0,0.0
677,4.589814143170031,0.0,0.0,15.22304685530625,0.0,0.0,101.0638620044898,5.3562665702209245,6.457528119509618
678,2.688806397292808,2.556948225972974,0.40860976859295306,0.0,0.4086082254779626,0.4086082254779626,13.827994146911067,0.4086082259278214,0.4086082259278214
679,2.6456401419582107,0.0,0.2136993323405818,5.997061763533395,3.0284821630252168,0.2136993323405818,2.432114354198575,0.2136993323405818,0.2136993323405818
680,109.97265683510662,0.0,0.0,19.1054271810369,0.0,0.0,27.462479793147935,6.64041025827197,0.0
681,14.071947176239462,0.0,0.0,28.452569414050373,0.0,0.0,92.35394184967365,15.774284534185767,7.3619212839637385
682,1.505548450237086,0.0,0.0,8.72377658282872,0.0,0.0,1.516480859858234,0.0,0.0
683,4.18097766455287,0.0,0.0,3.7276470857109416,0.0,0.0,8.951424828564598,2.9412609292437537,2.9412609292437537
684,36.01114767832857,0.0,0.0,36.91518675845418,0.0,0.0,43.96160874277385,2.7697425242366194,2.7697425242366194
685,14.880803604791652,0.0,0.0,14.467997092766552,0.0,0.0,14.451238003236796,2.275928835823038,5.068040165111313
686,50.70960271207659,0.0,0.0,31.422427381449978,0.0,0.0,27.163399677674903,0.0,0.0
687,9.37201907707069,0.0,0.0,8.330438009469049,0.0,0.0,13.398072353302581,0.0,0.0
688,3.406176559694501,0.0,0.0,75.46733015643647,0.0,0.0,11.817586016247361,5.961212395073943,8.429109077325819
689,17.149263872010124,0.0,0.8066420952168301,6.527232093581119,0.1724183798038439,0.1724183798038439,8.88331656283097,0.1724183798038439,0.1724183798038439
690,45.409484756582,4.815806776597242,0.0,14.943645311395585,0.0,0.0,15.518298257662792,5.92248773048226,4.632687828921689
691,40.65190502927254,0.0,0.0,21.145357444860963,9.861836217364555,2.8907946527756962,9.014463927826995,0.0,0.0
692,31.160771092271347,0.0,0.0482291626203164,22.878263512987957,0.048229146295227565,0.048229146295227565,52.60412268756451,0.048229146295227565,0.048229146295227565
693,3.2559440603164944,0.0,0.0,3.2559440603164944,0.0,0.0,3.2559440603164944,0.0,0.0
694,1.6748608545880757,0.0,2.783549897970431,5.903780630388923,0.0,0.0,18.219884694537598,9.46311678411962,20.557131518464416
695,3.128275431478727,0.0,0.0,15.987693682426737,0.8083513691064468,0.0,3.0624361301497345,0.0,12.235016071924235
696,27.741472788103124,0.0,0.0,0.7910703487497415,0.0,0.0,22.321764730144878,0.0,0.0
697,19.535678456465604,0.0,0.0,25.566223106366436,0.0,0.0,77.31731334704563,16.38955771926257,1.379667228728465
698,18.30762566019834,0.0,0.0,19.61521072216715,0.0,0.0,12.182486641332304,0.0,4.480685785228673
699,8.655164582623968,0.0,0.0,19.76779426047898,0.0,0.0,11.95169013717674,7.2799791783683645,0.0
700,12.164047784753933,0.0,0.0,7.537457175268003,0.0,0.0,5.678660233543582,0.0,0.0
701,11.701550719562164,0.0,0.0,18.757071313756455,0.0,0.0,13.445415994908188,11.102962115179196,11.102962115179196
702,1.4524445268525596,0.0,0.0,21.36608569880488,0.0,0.0,12.292131185529684,1.9516165807683024,1.9516165807683024
703,4.768981819395037,0.0,0.0,2.388141801481595,0.7110921126690073,0.0,2.3425946437799325,0.0,0.0
704,6.328580416501637,0.0,0.0,2.790802019158093,0.0,0.0,13.556992199348826,0.0,0.0
705,8.34562268104969,0.0,0.0,6.542976011194014,0.0,0.0,1.1636469075266405,0.0,0.0
706,0.0,0.0,0.0,0.0,0.0,0.0,0.0,0.0,0.0
707,47.29538388834854,0.0,0.0,21.016786115736465,0.0,3.838248184961458,17.936124975800283,0.0,0.0
708,4.859244948596427,1.7785018695980739,0.0,13.495997478761893,0.0,0.0,1.8491996706055716,0.0,0.0
709,0.0,0.0,0.46844939557786347,0.0,0.46844939687042597,0.46844939687042597,0.0,0.46844939557786347,0.46844939557786347
710,15.460846150569779,0.0,0.0,12.274520267765354,0.0,0.0,11.82661165123568,0.0,0.0
711,17.52032884658189,0.0,0.0,6.88877754426278,0.0,0.0,15.150606070169744,0.0,0.0
712,5.9129431910790515,0.0,0.0,23.212113328291252,0.0,0.0,16.44803064549339,0.0,5.664364322722861
713,3.036328135357138,0.0,0.7984607736366343,8.428310522229026,2.5792998542838177,0.0,6.719381188985466,0.0,5.58185180489528
714,2.9201177641395475,0.0,0.0,31.496163276193812,0.0,0.6330792580537832,2.46664088276043,0.0,0.0
715,11.954556245001072,0.0,0.0,14.492239318168771,11.197928924982591,1.157896490990879,44.33583934022522,0.0,0.012086252726646762
716,5.6039122449737135,0.0,0.044079099951204626,4.723466996475082,0.0440791528727118,0.0440791528727118,4.651165081138913,0.044079099951204626,0.044079099951204626
717,3.2063744136142986,0.0,0.0,2.907065832983392,0.0,0.0,0.0,0.0,0.0
718,0.0,0.0,0.0,0.0,0.0,0.0,33.46564423901776,13.723590292140358,6.820943152516747
719,3.0981924434623807,0.0,2.25371165449792,0.21020529234434093,0.0,0.0,0.0,0.0,3.392785370793888
720,10.993374322321273,0.0,0.0,10.33792671190065,0.0,0.0,6.141479418881659,0.0,0.0
721,2.31548250465147,0.0,0.0,3.859463631696485,3.527166173172077,3.527166173172077,1.6681281569433963,0.0,0.0
722,36.2057923083855,0.5212198892731124,0.0,4.548895975324399,0.0,0.0,4.537867010400646,0.0,0.0
723,16.2576237824687,0.0,0.0,38.40651917345704,5.205480964759886,0.0,14.935546476423383,0.0,0.0
724,1.2361710830628283,0.0,0.0,5.565387537179163,0.0,0.0,0.0,0.0,0.0
725,0.23875711393804977,0.0,0.0,0.0,0.0,0.0,0.0,0.0,0.0
726,25.94877779008226,0.0,0.3959166664250233,45.73557602127977,0.8283948971575228,0.8283948971575228,25.868012627492988,5.087799019414604,0.3959166664250233
727,8.603530517309622,0.0,0.098591160543549,5.9440502967349005,1.066491992769727,1.066491992769727,3.036228273603683,0.0,0.0
728,1.6659555004428057,0.0,3.9655650455209184,6.478796017381143,0.7655590661336191,0.7655590661336191,16.143769238906316,6.208057606058617,11.569832424202957
729,18.311295887748003,0.0,0.0,13.893040062301822,0.0,0.0,19.267681285862608,8.248625834111436,20.5188880082751
730,60.804033776989115,0.0,0.0,16.38216049300891,2.188471991649749,0.0,23.263938362435937,0.0,0.0
731,0.0,0.0,0.0,0.0,0.0,0.0,9.641990297135322,0.0,0.0
732,19.540735594014848,0.0,0.04039690624387049,21.318773162934463,3.5776161734736434,3.5776161734736434,19.468718352001872,0.04039690624387049,0.04039690624387049
733,7.655289797463155,0.0,0.24324898504232806,4.540248437774835,0.24324898504232806,0.24324898504232806,18.58130210749414,0.24324898504232806,0.24324898504232806
734,21.79282186736853,0.0,0.0,27.19296273976221,0.0,0.0,30.48636334601875,0.0,1.6455978719235418
735,0.0,0.0,0.0,0.0,0.0,0.0,0.0,0.0,0.0
736,7.917221328232159,0.0,0.0,10.654354122691757,10.950302290033221,0.0,0.0,0.0,0.0
737,7.961106735856873,0.0,0.0,7.594366183045878,0.0,0.0,7.594365086813241,0.0,0.0
738,11.494997089831031,1.2436858242629398,0.2539266573708687,6.015163668206185,0.2539266573708687,0.2539266573708687,5.048102776470017,0.2539266573708687,0.2539266573708687
739,10.25504783592271,0.0,5.147486440566865,4.41235315197099,0.0,0.0,2.855642316065257,0.0,0.0
740,0.9272399989096698,0.0,0.0,0.0,0.0,0.0,0.0,0.0,0.0
741,2.327641937376967,0.0,0.40433999371754226,2.327641937376967,0.40433999371754226,0.40433999371754226,2.327641937376967,0.40433999371754226,0.40433999371754226
742,6.783568530952806,0.0,0.0,6.880305703410357,0.0,0.0,13.660750919351074,0.0,4.9967438838899625
743,49.32701411825636,0.3900458374705238,0.0,36.35063564847408,0.0,2.573661094544093,17.55275101648664,5.274270457050193,0.0008096974460727324
744,0.0,0.0,0.0,0.0,0.0,0.0,0.0,0.0,1.790305164253084
745,0.0,0.0,0.0,0.0,0.0,0.0,0.0,0.0,2.7061492942124232
746,18.510174608523926,0.0,0.0,14.263748413996439,0.0,0.0,30.278299917157597,9.427388985248683,0.427957244259062
747,6.2550589872001865,0.0,0.0,12.370762864991576,0.0,2.2501900706681113,3.71140849405964,0.0,0.0
748,0.0,0.0,0.0,1.5763919595875109,0.0,0.0,4.52898664236551,13.682271113456693,20.367718192555316
749,12.704559662443643,0.0,0.0,4.100229444026752,0.0,0.0,55.160390218999424,17.01030185556732,7.598128706975672
750,10.926291767209023,0.0,0.0,9.080041065245268,0.0,0.0,9.080041065245268,0.0,0.0
751,5.796594410256489,0.0,0.0,8.469819341281806,0.0,0.0,4.581705011638974,0.0,0.0
752,25.74725924505364,0.0,0.0,1.52933985352675,0.0,0.0,23.203203917814534,3.378092827394596,0.0
753,19.93250650660724,4.016120078832898,0.3657215224441188,21.86404598559463,1.1342827443584724,0.0,19.026690643902185,0.0,0.0
754,5.683056572151742,0.0,0.0,5.683056576576462,0.0,0.0,12.83568534076116,1.0287365060232787,1.0287365060232787
755,8.509426404377052,0.0,0.0,8.509426404377052,0.0,0.0,8.509426404377052,0.0,0.0
756,106.01262950153551,17.231387734520666,0.0,17.32151749058744,0.0,0.0,25.01777281955978,9.889575326741323,3.3556687127102975
757,12.465367161219092,0.0,0.0,8.116078756976663,0.0,0.0,29.142860153180663,4.1767955355531114,3.031693742458799
758,26.02391223650423,0.0,0.050804070727451744,19.53571576086398,0.3257432295567355,0.05094763414570025,8.690610544310886,0.050804033796850945,0.050804033796850945
759,18.22030460608542,0.0,0.0,10.617221017638798,6.030897156907429,0.0,15.669826510327624,0.0,0.0
760,38.083268144188764,0.0,0.0,25.581425349495134,0.0,0.0,21.749911648091995,0.0,0.0
761,7.346346956121408,0.0,0.0,2.9890759343296054,0.0,0.0,0.0,0.0,0.0
762,10.979425064307264,0.0,0.0,1.8204491377826457,0.0,0.0,0.9393474116894822,0.0,0.0
763,6.117021737104238,0.0,0.0,13.462784831416656,0.0,0.0,0.4485816307416144,0.0,0.0
764,25.908903617965535,0.0,0.0,2.0797067981597763,0.0,0.0,2.126683374419116,0.0,0.0
765,2.3618481160200133,0.0,0.0,0.6613744211870483,0.0,0.0,1.5055029198387615,0.0,0.0
766,11.15378450998233,0.0,0.0,12.408528260303683,0.8335777079516333,0.8335777079516333,10.805842120523607,0.0,0.0
767,17.255375469597226,2.2375802633625312,0.0,16.74002457106741,0.0,0.0,11.237576528222064,0.0,0.00870206593333478
768,11.160084733198772,0.0,0.0,9.694326440179992,0.0,0.0,9.694326440179992,0.0,0.0
769,8.339659410590372,0.0,2.266394529447041,1.1953928924265256,0.0,0.0,1.4355733966969524,0.0,0.0
770,12.829019534915375,0.0,0.0,6.074541198229355,0.19340042774075528,0.0,0.042524796708619306,0.0,0.0
771,89.39805645710007,0.0,0.0,40.49691221706021,0.0,0.0,17.05787726283822,0.0,0.0
772,7.900823988593771,0.0,0.2815639300075077,6.014131420188818,0.2815639300068824,0.2815639300068824,0.35275543425444766,0.2815639300068824,1.8991304106824884
773,0.0,0.0,0.0,0.840382095202358,0.0,0.0,0.0,0.0,0.0
774,0.0,0.0,0.0,0.0,0.0,0.0,0.20603024976065853,0.0,0.0
775,5.234240320897726,0.0,0.0,5.234240345284121,0.0,0.0,5.234240320900909,0.0,0.0
776,18.685157001390422,0.0,0.0,23.94655460213798,0.0,0.0,24.125698357115112,0.0,0.0
777,24.16872154636397,0.0,0.05682493500012242,0.17748989765044598,0.05682493652551557,0.05682493652551557,14.256216203782856,0.26882168406328333,2.044421063382174
778,16.97793685933692,0.0,0.0,18.734020071713672,0.0,0.0,16.345754930965853,0.0,0.0
779,15.260934875215725,0.0,0.0,22.13264295837675,1.0504238036699007,1.0504238036699007,47.65787136436441,15.759138687954191,7.515645019408851
780,0.7677415472717257,0.0,0.0,0.763092082366768,0.0,0.0,0.763092082366768,0.0,0.0
781,17.609136324471706,0.0,0.0,67.16985632690754,0.0,0.0,213.2156040035134,25.52558288287497,38.78383035942869
782,22.39120564544399,0.0,0.0,27.18588144791164,0.0,0.0,15.638426119192275,0.0,0.0
783,14.788372326924161,0.0,0.982042792323,11.160381901964541,0.9820427923277748,0.9820427923277748,16.27676681504795,3.9070728215264694,2.568567116161688
784,12.080322917649795,0.0,0.0,16.23044631772032,0.8829222612850742,0.8829222612850742,9.554177087026488,0.0,0.0
785,84.25793101894192,11.920573896086069,4.297560173060532,80.40106330175928,10.241988588598986,0.0,31.206319930442163,5.648427204597738,0.0
786,33.712195159895145,0.0,3.4283883369788555,43.172147341856174,0.0384262633117487,0.0384262633117487,19.998355089475353,0.0384262633117487,0.0384262633117487
787,18.47572407718505,0.0,0.0,41.71676764406274,0.0,0.0,261.99938450793013,60.02367911774297,84.16874114570572
788,0.0,0.0,0.0,0.0,0.0,0.0,0.0,0.0,0.0
789,19.715076900116856,0.0,0.0,19.715076900116856,0.0,0.0,19.715076900116856,0.0,0.0
790,23.993658835923696,0.0,0.0,13.645806913705627,0.0,0.0,10.913342075014043,0.4678611276301865,0.0
791,6.360445325160754,0.0,0.0,0.0,0.0,0.0,13.506977412607853,0.0,3.5117631665556814
792,9.351188023242202,0.0,0.0,10.992191785105263,0.0,0.0,3.359819452658428,0.0,0.0
793,0.8416232936758092,0.0,0.0,8.688775387039783,0.0,0.0,0.8167482297902211,0.0,0.0
794,0.0,0.0,0.3509268220577155,0.0,0.22919979352036535,0.22919979352036535,0.0,0.22918987419717496,0.22918987419717496
795,29.509921008019376,0.04080767183933176,0.0,54.654425498425695,0.0,0.0,23.76925152949397,0.0,0.0
796,16.12568989532025,0.0,0.0,12.95953905930881,0.0,0.0,12.95953905930881,0.0,0.0
797,7.196449236068048,0.0,1.5603128484824538,5.1039158492422985,3.981745784158761,3.981745784158761,36.1177452305933,0.0,23.809833924021206
798,24.220532380144164,0.0,1.1157020677039782,52.218911749130086,0.0,0.0,24.945825713457822,0.0,0.0
799,17.15949315898459,0.0,0.0,8.082811241947752,0.0,0.0,3.062855189077311,0.0,0.0
800,11.319693648499424,0.0,0.0,11.492117017234534,3.926678596951149,0.0,61.63147443400203,21.23721775828372,10.92926004604314
801,11.276197669692579,0.0,0.0,9.081570060159521,0.03918067379117929,0.03918067379117929,14.649841346210337,0.0,14.666741658683009
802,7.359532900077369,0.0,0.0,7.918521160928975,0.0,0.0,16.373543737435114,0.0,30.898424171375183
803,22.961445582765236,0.0,0.0,0.0,0.0,0.0,0.0,0.0,0.0
804,0.8521387061534256,0.0,1.9650231847805344,0.0,0.0,0.0,0.0,0.0,0.0
805,0.0,0.0,0.0,0.0,0.0,0.0,70.3521699947778,1.6122811171866545,1.9095821751265305
806,3.303962203971423,0.0,0.0,21.90331916438447,0.0,0.0,14.410089891420995,14.90863919136109,13.737634290603893
807,6.142493942877508,0.0,0.14627655117959648,5.425931451957695,2.1575806137677205,2.1575806137677205,118.86453727010547,31.004027758299628,29.46614009837748
808,2.493880789151433,0.0,0.0,2.476681544209441,0.0,0.0,3.0371278770271317,1.5351618092438741,0.0
809,66.92286224676221,0.0,0.11149029753650552,22.300511419310084,0.0,0.0,20.316442731460256,0.0,1.3025889314606047
810,10.407104981208647,0.0,0.0,9.753784586520851,0.38321368342133155,0.38321368342133155,1.02247201274767,0.0,1.367176865444037
811,19.7808190780722,0.0,0.0,21.330599036163335,5.942554127707012,0.0,119.54226415340003,17.068518849971213,8.666489794779977
812,9.690193943768975,0.0,0.0,4.216723050971893,0.0,0.0,0.0,0.0,0.0
813,0.12292520916872718,0.0,0.0,0.0,0.0,0.0,0.0,0.0,0.0
814,13.349452351628344,0.0,0.46676209713473327,48.512932338980335,1.0778129040381828,0.485603243838284,13.855081185150937,0.46676209713473327,0.46676209713473327
815,9.397421470228494,0.0,0.0,3.618809869359268,3.9360039534560087,0.0,59.82123406775645,0.30157387794358215,4.611973184549242
816,30.409308527242445,0.0,0.0,62.98166825581134,0.0,0.0,48.88803172443744,0.0,0.0
817,15.464487233570992,0.0,0.0,15.44809200674689,0.0,0.0,17.588741959494627,0.0,0.0
818,0.0,0.0,0.0,0.0,0.0,0.0,0.0,0.0,0.0
819,74.78070687882297,0.0,1.5897804286983046,16.519868053595417,0.0,0.0,17.247519322501944,2.9613572633994636,0.0
820,14.370186473463207,0.0,0.14306387457986602,86.47039105275357,2.1811399485727634,2.1811399485727634,71.73366872681376,0.14302159811114734,2.670501763311563
821,23.49790352525517,0.0,0.0,97.99331230383251,0.0,0.0,32.41972259020116,0.0,0.0
822,16.437285505081405,0.0,0.0,12.466182997644637,0.0,0.0,12.466182997644637,0.0,0.0
823,5.904820297454108,0.0,0.0,10.987020831700363,0.0,0.0,0.6230552876103275,0.0,0.0
824,10.631344225962238,0.0,0.0,7.462553001690594,0.0,0.0,31.07219368259183,0.0,0.0
825,15.583742589091969,0.0,0.0,11.450669598425776,0.0,0.0,12.08330409438949,0.0,0.0
826,28.978855147110153,1.7824643161094968,0.0,0.0,3.4850890329106505,0.0,0.0,0.0,0.0
827,3.9643325131386007,0.355062429964363,0.355062429964363,5.248002846464544,1.3778984187561605,0.9231063347723989,78.12981398464635,16.262729736823132,9.205689551061198
828,21.828553329983038,0.0,0.0,15.022687064573859,0.0,0.0,14.567307283323146,0.0,0.0
829,32.35319455871053,0.614166776782838,0.614166776782838,21.285275879302446,10.040193717184366,0.0,13.87930805773641,0.0,0.0
830,3.3782905605802966,0.0,0.0,3.462238116492358,0.0,0.0,3.378290503206756,0.0,0.0
831,0.0,0.0,0.0,24.204381154733,0.0,0.0,44.72742493651543,4.5673044928390425,1.1765293649331454
832,19.55787275303487,0.0,0.0,19.510831821121144,0.0,0.0,19.51082983888,0.0,0.0
833,0.0,0.0,0.0,0.0,0.0,0.0,0.0,0.0,0.0
834,22.031290420573356,0.0,0.0,32.323100103526485,0.0,0.0,22.369787923712977,4.602999030404902,12.489602081863211
835,0.0,0.0,0.0,0.0,0.0,0.0,0.0,14.745819942282793,14.411046968556406
836,19.445147701315364,0.0,0.0,14.488371037638728,0.0,0.0,11.376832422248697,0.0,0.0
837,12.160943519326224,0.0,0.0,11.517163414007683,0.0,0.0,14.610019063505234,0.0,0.0
838,16.210360642986558,0.0,0.0,11.815951862668072,0.0,0.0,11.815951862668072,0.0,0.0
839,10.920201776138555,0.0,0.6449125960593847,10.721222704209538,0.6449125960415358,0.6449125960415358,26.881855362876195,0.647719065729234,0.647719065729234
840,12.0041117263373,0.0,0.0,19.347222026778525,0.0,0.0,4.913536261171089,0.0,0.0
841,0.0,0.0,0.6424456536097409,0.0,0.6424456483189829,0.6424456483189829,0.6343439095389556,1.2303511349859093,0.6424456483189829
842,20.654500033343282,0.0,0.0,28.26733082427853,0.0,0.0,23.10638635693718,0.0,0.0
843,22.49226677593211,0.0,0.0,43.224963047232876,19.486072731353147,0.0,60.264771807936995,29.144087080153895,49.1783460807396
844,7.742633467256269,0.0,0.0,8.640543052281515,0.0,0.0,1.4693284354991079,0.0,0.0
845,0.0,0.0,0.0,15.47996825670785,0.0,0.0,0.0,0.0,8.497362839797063
846,34.484093036828455,2.6268887266625143,3.679472164901,17.698347390142857,3.8519037964256313,0.0,7.829040496579665,0.0,0.0
847,35.412032153407154,0.0,0.6163802378140417,37.28036791431205,0.0,0.0,16.871300894886815,0.0,9.313031220005257
848,5.392064931296204,0.0,0.0,4.7040009515324925,0.0,0.0,8.517025904871048,0.0,0.0
849,1.2806363775232512,0.0,0.0,16.597146005378903,0.0,0.0,0.0,0.0,0.0
850,6.669067199651522,0.0,0.0,8.043399479435635,9.364057142080242,3.519861177594123,4.423384871582385,0.0,0.0
851,4.044082955340343,0.0,0.0,0.0,0.0,0.0,0.0,0.0,0.0
852,1.4616719921556296,0.0,0.0,1.6492763225904241,1.8734556331552312,0.9276497318261363,16.17618800961617,0.0,0.0
853,0.025791970285922616,0.0,0.0,0.0,0.0,0.0,0.0,0.0,0.0
854,28.17620233274829,0.0,0.0,12.976389334633353,0.0,0.0,154.05610845708068,14.065230665345297,18.663580733022485
855,8.734520282058497,0.0,0.0,8.723868816354184,0.0,0.0,8.723879279124162,0.0,0.0
856,5.435510480425506,0.0,0.0,3.602753207040081,0.0,0.0,2.1405769454339065,0.0,0.0
857,73.12842806635658,3.1439263487304743,0.0,6.482590623463295,0.0,0.0,31.86219515906174,5.042076038461545,0.3369600342919341
858,8.219031014376696,0.0,0.5780008952715434,20.62437519037036,0.0,0.0,6.711833389833771,0.0,0.0
859,7.388665631036531,0.0,0.0,6.173325233484633,0.0,1.5918426151321796,0.0,1.5179337392914931,1.5179337392914931
860,19.74883363317545,0.0,0.4916564659472442,7.397925245262371,0.4910315716423952,0.4910315716423952,6.588050549611722,0.4910315716423952,0.4910315716423952
861,10.416985204107817,0.0,0.0,5.106512718813121,0.0,0.0,19.51478260194,0.0,1.665769754660971
862,1.0162379914324902,0.0,0.0,7.8591718737286556,7.663629974590151,0.0,0.531684943808898,0.0,0.0
863,0.0,0.0,0.025110734554118608,0.0,0.025110734554118608,0.025110734554118608,4.493973106663333,0.025110734554118608,0.7665625114641159
864,0.0,0.0,0.3036757371289127,0.0,0.0,0.0,0.0,0.0,0.0
865,0.0,0.0,0.0,0.0,0.0,0.0,0.0,0.0,0.0
866,10.490732115501686,0.0,0.0,5.4755843419629,0.0,0.0,9.243522123891069,0.0,0.0
867,1.8412453928504249,0.0,0.0,2.2250927633940023,0.0,0.0,43.65039718652079,0.27596642815387895,0.0
868,0.7932515742380986,0.0,0.0,0.0,0.0,0.0,0.0,0.0,0.0
869,0.31923736938881575,0.0,0.0,6.494417913567588,1.4868232516675448,0.0,3.088834466205469,0.0,2.0931352735618702
870,2.777256127209938,0.0,0.0,1.0252632712816876,0.0,0.0,0.3352680627659197,0.0,0.0
871,6.364925426641719,0.0,0.0,16.361939109249107,0.0,0.0,55.65822638267642,16.299069254140335,8.780918134982329
872,8.945254726209157,0.0,0.0,14.563133180768233,0.0,0.0,7.641341866947272,0.0,0.0
873,2.1739691457566437,0.0,0.0,0.46190976208782786,0.0,0.0,12.106955702299047,0.0,18.10632208554884
874,44.7735646232893,0.0,0.0,29.11382038561581,0.0,0.0,26.58136822701266,0.0,5.6117998081652445
875,0.0,0.0,0.05025454569044996,13.375068660216442,0.0,0.0,2.6630881123197128,0.0,0.3095398797695452
876,9.941213602055313,0.0,3.370848178139596,62.02453725688122,0.0,0.0,29.565175730546684,0.0,5.396741367056194
877,5.174513319200514,0.0,0.43746336944673203,8.08801456251183,0.437463366455745,0.437463366455745,3.9307969703397134,0.437463366455745,0.437463366455745
878,29.610110013486747,0.0,0.0,33.06133218324672,0.0,0.0,16.982317702106656,0.0,0.0
879,36.718619629656985,0.0,0.0,28.210870051243006,0.0,0.0,38.76975918426916,0.0,0.0
880,6.6243145542306365,0.0,0.0,46.81271026894149,0.0,0.0,14.38253497866296,4.376429386637511,0.0
881,5.26060852058194,0.0,0.0,10.031396568755042,0.0,0.0,0.0,0.0,0.0
882,32.663951058253645,0.0,0.0,22.291775555292162,0.0,0.0,18.636416905271943,0.0,0.0
883,1.1072364398444847,0.0,0.0,8.560977251164843,3.2962360506023742,0.0,0.0,0.0,0.0
884,40.55128265436386,0.0,0.0,39.04597733111811,0.0,0.0,23.207781636516927,8.46823035870284,4.394144800261699
885,1.8688308575539736,0.0,0.0,18.70294791174706,11.668235711478133,0.07066555170723632,52.207309727270115,0.24716064069644972,0.0
886,16.177906838216813,0.0,0.0,57.87913640563767,0.0,0.0,8.911845340763875,0.0,3.295109530711727
887,14.942488963530536,0.0,0.0,11.35004979077624,1.624121068964314,0.0,9.559611928688298,6.036382209398397,0.0
888,0.0,0.0,0.3536181663665161,0.0,0.3536181663665161,0.3536181663665161,0.0,0.3536181663665161,0.3536181663665161
889,8.604796077017738,0.0,0.0,36.14775278332786,0.11912625052968906,0.0,15.897459720587506,0.0,0.0
890,4.065996456178851,0.0,0.0,8.041143670277222,0.0,0.0,8.395538989752396,0.0,0.0
891,0.051183336119493106,0.0,0.0,0.0,0.0,0.0,0.3954832693916046,0.0,0.0
892,0.0,0.0,0.0,0.0,0.0,0.0,6.720936967247042,0.0,9.331554865223524
893,11.004331076236554,0.0,1.728504802917854,13.464377844949638,0.0,0.0,5.7159070130302325,0.0,1.0308892808273526
894,0.5769406702928563,0.0,0.0,1.9628468084055726,0.4016971683092265,0.016433466770934047,0.5195816465759435,0.0,0.0
895,3.617341562510603,0.0,0.0,18.419343324079335,0.0,0.0,5.552062228825207,0.0,0.0
896,28.991935074942177,1.5168531495716593,0.0,2.4716084851906714,0.0,0.0,6.018095396026695,2.266732615419585,3.6310852332038337
897,3.353768187992216,0.0,0.0,1.4300079812194042,0.0,0.0,8.238831499359861,6.902763498460928,0.0
898,6.125177708306552,0.0,0.0,3.1479127339078445,0.0,0.0,15.087815641188683,0.0,4.487946816470611
899,6.944160435930684,0.0,0.0,16.06202206582401,0.0,4.928199230880239,11.996025786041884,0.0,8.53574758794008
900,0.0,0.0,0.0,0.0,0.0,0.0,0.0,0.0,0.0
901,1.2810985346635562,0.0,0.0,10.526061187285706,3.895646712924872,0.0,13.226665334026109,0.0,0.0
902,1.0808588564757997,0.0,2.2812796159516893,19.66774903214099,0.0,0.0,0.0,0.0,0.0
903,0.494125752857542,0.0,0.0,3.6743489580459823,2.634855167899559,0.5601477703323781,3.080030402714783,2.602346525073301,0.0
904,20.253297699894347,1.3563892546661407,1.7318210573926365,10.715078976204154,0.3754318027264958,0.3754318027264958,22.482442119837543,6.181932440917734,1.7036713761827116
905,30.133512302282497,0.0,0.0,21.1056462846407,0.0,0.0,18.52993397547297,0.0,0.0
906,0.0,0.0,7.661244073299912,0.0,0.0,0.0,0.0,0.0,0.0
907,5.247542211517214,0.0,0.0,0.0,0.0,0.0,0.0,0.0,0.0
908,53.88197183546703,2.1695873547848237,0.0,32.45380773466184,0.1490117909372657,0.0,28.472388789575064,5.090000724530114,10.758948508027288
909,69.69245922913527,10.119890656565929,0.0,35.93633777689843,0.0,0.0,16.10846678037666,0.0,0.0
910,0.0,0.0,0.0,3.4648113000271223,0.0,0.0,0.0,0.0,4.29147472976814
911,20.21209036779433,0.0,0.0,26.440976473584016,1.0563091945319343,0.0,11.977375585812212,0.0,0.0
912,6.69343631452557,0.0,0.0,0.0,0.0,0.0,0.0,0.0,0.0
913,0.0,0.0,0.0,0.0,0.0,0.0,0.8049639556759303,0.0,0.0
914,9.502416691166985,0.0,0.0,8.859326762243711,0.2641740614795083,0.2641740614795083,10.612153503726006,0.0,0.0
915,29.853684344987187,0.0,0.0,47.92973168721454,0.0,0.0,77.80758745315325,14.024332992906778,16.74046660000451
916,0.8152889652477029,0.0,1.5192592290474067,0.0,1.0952826732051903,0.0,0.0,0.0,0.0
917,2.2785699051130166,0.0,0.0,0.0,0.0,0.0,7.779111029862662,0.0,0.0
918,0.0,0.0,0.4665493302335335,0.0,0.4665493302335335,0.4665493302335335,0.0,0.4665493302335335,0.4665493302335335
919,44.96243567224536,0.5950361851242008,0.5950361851242008,14.67171794886687,0.0,0.0,16.570134619958452,2.8920532736268,2.8920532736268
920,19.238120127645857,0.0,0.0,21.96466732178027,8.771057049019532,0.0,19.729443193899073,4.490488233937043,0.0
921,0.0,0.0,0.0,10.056188513205228,0.0,0.0,27.39462323740321,0.0,7.083615627169991
922,0.0,0.0,0.0,0.0,0.0,0.0,0.0,0.0,0.0
923,6.913708149379033,0.0,0.1459494957800871,6.333409449480996,0.1459494957765628,0.1459494957765628,6.332940264444801,0.1459494957765628,0.497138650303242
924,0.0,0.0,0.0,0.0,0.0,0.0,4.812931028387851,0.5427232356263403,13.54168492879262
925,27.66268052627393,0.0,1.6203324221993967,17.05339476978699,0.0,0.0,12.254902066510766,0.0,1.0120221473046058
926,13.652184627278928,0.0,0.0,13.520710105084106,0.0,0.0,13.520710105084106,0.0,0.0
927,9.916661383482051,0.0,1.1603548798889847,8.80183236392665,0.0,0.0,13.481161735359677,0.0,0.0
928,6.412108007543111,2.3757321596222027,0.0,8.33454553632194,5.12766213225899,0.0,3.8269503792370188,0.0,0.0
929,0.0,0.0,0.0,6.7037971504989855,0.0,0.0,0.0,0.0,10.064902619047814
930,21.67401587122825,0.0,0.0,24.51388213990961,3.1512378890257366,0.34708668566000256,13.519991388880356,0.0,0.0
931,14.986923818809657,0.0,0.0,18.675267837097834,0.0,0.0,133.89700615268666,0.0,0.0
932,15.106233618894066,0.0,0.0,155.7149834412295,0.0,0.0,74.5781588179359,20.102539198301542,11.039405090284248
933,8.397190386546356,0.0,2.6523432509033,8.537365117113495,1.733398821725359,0.6537996536702622,4.44450022675511,1.2574673529716733,1.2574673529716733
934,6.48191589189733,0.0,0.0,35.89627040304967,0.0,0.0,1.023823606342802,0.0,0.0
935,79.77580650707432,9.10860626823765,8.3342108572092,14.08607353819383,0.0,0.0,13.149169636837712,0.0,0.0
936,22.74118743882039,0.0,0.4367537243412585,22.284853969605052,0.43672544026628657,0.43672544026628657,33.77878840920525,2.7429972297562983,0.43672544004738256
937,3.7502433143607163,0.0,0.0,2.8533504783974024,0.0,0.0,0.0,1.2975571617141668,0.0
938,1.637237142219817,0.0,0.0,0.0,0.0,0.0,0.0,0.0,0.0
939,8.974332648978532,0.0,0.0,9.577846575501297,0.0,0.0,15.44850609754505,2.08546714284131,2.08546714284131
940,0.0,0.0,0.0,0.0,0.0,0.0,13.58127478958832,7.523173449037756,19.662027828479353
941,10.712017075512875,0.0,0.0,24.81515709729237,1.4189782005943243,1.4189782005943243,2.595120676371863,0.0,0.0
942,29.92334574885072,0.0,0.0,5.905758856059805,0.0,0.0,2.6996249049092,0.0,0.0
943,0.31202373295025154,0.0,0.0,0.3280124528616284,0.0,0.0,4.162051288990085,0.0,0.0
944,3.858855534715616,0.661463441106946,0.0,16.094567504036917,0.0,0.0,3.5109503118696352,0.0,0.895532224559588
945,8.159094446990906,0.0,0.0,11.242779039385738,0.0,0.0,25.421561151164752,1.6244543526275663,3.558272064761667
946,25.254128011350502,0.0,0.0,90.54114872005042,0.0,0.0,129.5068439747814,34.07149243061849,34.2012692893631
947,16.660656486600544,0.0,0.7338032296960364,0.6990924504762575,0.0,0.0,0.6990924504762575,0.0,0.0
948,0.0,0.0,0.0,13.45143398155821,0.0,6.063603867274509,0.0,0.0,0.0
949,10.053197277000862,0.0,0.0,11.466750006234435,1.0218264204535217,1.0218264204535217,9.734433372496909,0.0,0.0
950,21.808707067896393,0.0,0.0,40.747111606249774,0.0,0.0,21.984790504322063,0.0,0.0
951,0.0,0.0,0.0,1.679272983886392,0.0,0.0,0.0,0.0,0.0
952,20.484237746853267,0.0,0.0,13.298049925201127,0.0,0.0,13.298050444161134,0.0,0.0
953,4.899450260581887,0.0,0.0,0.10322444187102064,0.0,0.0,0.10322444187102064,0.0,0.0
954,7.897135142659209,0.0,0.0,8.189098063826947,0.0,0.0,7.095766143980455,0.0,0.0
955,20.545957646556246,0.0,0.0,18.481444599816598,0.0,0.0,44.98912905703793,0.0,0.0
956,31.632781658481633,0.0,0.0,52.53757759008329,0.0,0.0,75.35085615734602,29.970039674323743,20.474851854352835
957,32.32334344170667,0.0,0.0,61.365059365284196,0.0,0.0,71.95650707542666,15.277494564741033,63.983548041268165
958,6.123314314889939,0.0,0.0,3.871301809617563,0.0,0.0,3.871301809617563,0.0,0.0
959,20.30152104221858,0.0,0.0,18.82506383917709,0.0,0.0,19.141806581088105,4.200978514080788,0.0
960,0.010772208772493741,0.0,0.0,3.7799496445546197,0.0,0.0,11.162537024874496,0.0,5.694707784860668
961,14.327911210856087,0.0,0.0,11.76388909596534,0.0,0.0,11.76388909596534,0.0,0.0
962,32.55493103683639,0.0,0.0,37.08712320103771,1.5366556485411706,1.5366556485411706,24.605771260011153,0.0,0.0
963,60.807139599511686,0.0,0.0,19.080623474127236,0.0,0.0,21.470018818633065,1.8888577868532082,0.0
964,1.799100233357109,0.0,0.0,0.0,0.0,0.0,2.588391277156319,0.0,0.0
965,23.033426767171363,0.0,0.0,28.765511167870557,0.0,0.0,26.821389497282212,5.213715816624415,7.28355859184785
966,8.120202162569086,0.0,0.0,9.80726858752135,0.0,0.0,28.408732303922818,0.0,10.107637180982294
967,23.51316320782098,0.0,0.0,32.3956922640657,2.12125806482004,2.12125806482004,24.387562272440164,0.0,0.0
968,7.720834899850132,0.0,0.0,9.671699749585855,0.0,0.0,13.041982819576447,0.0,0.0
969,9.10201569795413,0.0,0.0,9.663146651521203,0.0,0.0,9.128051996252083,0.0,0.0
970,11.15565311531546,0.0,0.0,7.044686354899397,0.0,0.0,7.044674533512591,0.0,0.0
971,2.7263699752329558,0.0,0.0,0.5755356634245459,1.8022216786778813,0.0,1.0340350791531137,0.0,2.534405532994981
972,3.2009520497104518,0.0,0.0,0.0,0.0,0.0,0.0,0.0,3.3769847738857948
973,8.341194847552913,0.0,0.0,13.967370706734272,0.0,0.0,21.833068173400477,6.602913245846423,18.001703238158655
974,4.549146567660898,0.0,0.8942682403921367,0.0,0.8942682403921367,0.8942682403921367,0.0,0.8942682403921367,0.8942682403921367
975,49.62805205059496,0.0,0.0,61.0068905242905,0.0,0.0,20.348816244210184,6.017816837228423,0.4846043048447086
976,8.875132324211563,0.0,0.0,37.56338089108996,0.0,0.0,0.0,0.0,5.943135228800884
977,79.31671470913469,10.281665909794299,10.53210998812051,18.367822075238138,0.0,0.0,40.49650972153984,25.850763949876495,4.223111659570577
978,0.8255570832465366,0.0,0.16187406101863644,3.4842781732739923,0.16187406101391844,0.16187406101391844,0.0,0.16187406101380475,0.16187406101380475
979,66.97003031143183,0.0,0.0,32.84875615430977,1.9673258321975027,0.0,15.11967793401044,2.774145484104338,0.0
980,2.0486912664752026,0.0,0.0,0.6718986151591082,0.0,0.0,0.6718986151591082,0.0,0.0
981,23.172198973321485,0.0,0.0,7.2942026459911915,4.940609572349842,0.0,21.009271087530664,0.0,0.0
982,2.409650836501271,0.0,0.0,3.4390007733223342,3.859406241711895,0.0,2.3750617853765448,0.0,0.0
983,10.53246787056338,0.0,2.312724102714128,15.53742340104995,0.0,0.0,19.29118814051543,4.0033280884794635,9.495639446454675
984,12.932814028190023,0.0,0.0,30.26158022832024,0.0,0.0,20.380866218129654,7.637632809618054,0.0
985,13.638952206142648,0.0,0.0,7.3477355121998755,0.0,0.0,6.628296557794556,0.0,0.0
986,19.986084971273726,0.0,0.0,16.232621440330462,0.0,0.0,3.159511917533166,0.0,0.0
987,16.70241727130096,0.0,2.2445157026689344,44.22672775949866,0.0,0.0,11.8823261361932,6.421395564246097,21.77295755185267
988,11.054701068236113,0.0,1.8923884187370277,11.478439669464052,0.0,0.0,22.166873217332494,0.0,0.0
989,28.001567002198215,0.0,0.0,16.06313937831328,0.0,0.0,12.388075436009245,0.0,0.0
990,18.08992267475594,2.136021337234922,0.2835649634825472,9.018311243274326,0.0,0.0,10.145914802437176,0.0,4.068350450899004
991,15.605219974092222,0.0,0.0,5.233695011008763,0.0,0.0,9.00230375743132,0.0,5.498038494157015
992,6.279264579705369,0.0,0.0,1.6874692240829177,0.0,0.0,0.0,0.0,0.0
993,12.272639779766735,0.0,0.0,5.300727019500641,0.0,0.0,14.363733999309773,0.9667620301725037,1.5872152829014397
994,0.0,0.0,0.0,2.780461910987782,0.0,0.0,2.325374813842558,0.0,0.0
995,6.026811493285322,0.0,0.0,0.0,0.0,0.0,11.28376164227538,6.456244327644413,0.0
996,0.9993328382540199,0.0,0.0,1.8195831374364388,3.9662281194651428,0.0,0.0,0.0,0.0
997,23.557047729474647,0.0,0.0,15.226050304969135,0.0,0.0,11.93313391614302,0.0,0.0
998,23.788258153785364,0.0,0.7722188222065256,17.586390969950173,0.7908458157593259,0.7908458157593259,106.483894180834,20.27766107740439,11.380017356612655
999,1.7633492568272686,0.0,0.6309228230231838,19.590456203642134,6.379765218525733,5.714793208569915,5.132160284587172,0.6309228230231838,16.116997999550563
