scenario_id,method,tardiness
0,OR-Tools,3.588500761729904
1,OR-Tools,8.210645341272311
2,OR-Tools,2.6626072705674346
3,OR-Tools,52.48141537004065
4,OR-Tools,0.0
5,OR-Tools,47.735872141286364
6,OR-Tools,8.858846242294987
7,OR-Tools,0.0
8,OR-Tools,18.122398056974077
9,OR-Tools,16.553123799155543
10,OR-Tools,32.943748105152906
11,OR-Tools,0.0
12,OR-Tools,0.0
13,OR-Tools,0.9826938694774583
14,OR-Tools,6.82611068766775
15,OR-Tools,0.0
16,OR-Tools,4.187024734490279
17,OR-Tools,1.878793597152935
18,OR-Tools,0.0
19,OR-Tools,23.19092299480596
20,OR-Tools,1.6457647041870302
21,OR-Tools,3.097701628350592
22,OR-Tools,22.97011372287551
23,OR-Tools,16.233754595958914
24,OR-Tools,5.123465844748409
25,OR-Tools,10.946080117508131
26,OR-Tools,9.771538877500262
27,OR-Tools,9.837817623997978
28,OR-Tools,0.0
29,OR-Tools,4.787106916192471
30,OR-Tools,12.637037808720038
31,OR-Tools,0.0
32,OR-Tools,0.09593619946275567
33,OR-Tools,40.52560634432331
34,OR-Tools,9.660110461665369
35,OR-Tools,60.908347376163704
36,OR-Tools,6.866022998814998
37,OR-Tools,24.801976425273182
38,OR-Tools,0.0
39,OR-Tools,15.61568224476548
40,OR-Tools,4.078965301558412
41,OR-Tools,29.505218363196633
42,OR-Tools,16.625895746157823
43,OR-Tools,14.203348640940646
44,OR-Tools,0.0
45,OR-Tools,11.950729343610249
46,OR-Tools,16.429261360228054
47,OR-Tools,33.348192386817885
48,OR-Tools,20.04043635331672
49,OR-Tools,21.652071947948883
50,OR-Tools,12.854278771148984
51,OR-Tools,42.49493218912053
52,OR-Tools,1.1334674103144948
53,OR-Tools,19.699679525339405
54,OR-Tools,17.911296991982567
55,OR-Tools,59.37123119794671
56,OR-Tools,2.1853912536658413
57,OR-Tools,48.8562402067482
58,OR-Tools,0.0
59,OR-Tools,1.0234081205240955
60,OR-Tools,1.9569390540139295
61,OR-Tools,23.027364134289655
62,OR-Tools,34.76852707049176
63,OR-Tools,17.464235076434477
64,OR-Tools,5.0109620023222305
65,OR-Tools,6.3034523691186735
66,OR-Tools,5.337068249921373
67,OR-Tools,10.214651235627116
68,OR-Tools,5.414997816333113
69,OR-Tools,8.244871631696384
70,OR-Tools,15.389014903421867
71,OR-Tools,3.464260922295722
72,OR-Tools,23.454655553401665
73,OR-Tools,13.781626137003656
74,OR-Tools,10.564666325655168
75,OR-Tools,10.360888858738889
76,OR-Tools,5.597289880894493
77,OR-Tools,0.0
78,OR-Tools,0.0
79,OR-Tools,4.804565339611912
80,OR-Tools,37.59154828546329
81,OR-Tools,0.0
82,OR-Tools,0.0
83,OR-Tools,1.6356470141789146
84,OR-Tools,45.283806772537446
85,OR-Tools,1.9191936873722568
86,OR-Tools,45.79482455962176
87,OR-Tools,3.4546435571643883
88,OR-Tools,17.95034223896252
89,OR-Tools,20.855504382248853
90,OR-Tools,0.0
91,OR-Tools,5.579765701670851
92,OR-Tools,0.0
93,OR-Tools,2.833165542611596
94,OR-Tools,21.866027314316398
95,OR-Tools,14.1549522424433
96,OR-Tools,0.0
97,OR-Tools,2.9523162548495065
98,OR-Tools,11.228125528907327
99,OR-Tools,27.989848974452826
100,OR-Tools,13.242125961034446
101,OR-Tools,0.0
102,OR-Tools,1.814303276106557
103,OR-Tools,4.231858571690822
104,OR-Tools,17.145061371949453
105,OR-Tools,28.425157536136282
106,OR-Tools,16.957337105291856
107,OR-Tools,56.66600500929934
108,OR-Tools,0.0
109,OR-Tools,0.21959923501628964
110,OR-Tools,10.896551937595888
111,OR-Tools,2.0627534952195106
112,OR-Tools,18.39978672017341
113,OR-Tools,0.02460347563697951
114,OR-Tools,6.86193798008091
115,OR-Tools,6.274411701585905
116,OR-Tools,29.17446696928846
117,OR-Tools,28.577407465114078
118,OR-Tools,0.0
119,OR-Tools,5.307945420397516
120,OR-Tools,19.788450999961384
121,OR-Tools,3.738201665753337
122,OR-Tools,9.709469317523087
123,OR-Tools,14.088595260322734
124,OR-Tools,5.113119949575406
125,OR-Tools,0.0
126,OR-Tools,18.322339854913082
127,OR-Tools,0.0
128,OR-Tools,12.08729782497096
129,OR-Tools,31.310275526126475
130,OR-Tools,6.6362205674630275
131,OR-Tools,21.750136974879865
132,OR-Tools,0.0
133,OR-Tools,10.307654084227408
134,OR-Tools,0.0
135,OR-Tools,21.68775754094355
136,OR-Tools,37.42900662156649
137,OR-Tools,2.9285818779242163
138,OR-Tools,3.0220190388359924
139,OR-Tools,0.0
140,OR-Tools,1.9514724963075878
141,OR-Tools,2.4624010543631414
142,OR-Tools,12.144625165707453
143,OR-Tools,0.9187636627107736
144,OR-Tools,26.781443752211572
145,OR-Tools,31.87730735608656
146,OR-Tools,35.04581567080393
147,OR-Tools,32.60412995860597
148,OR-Tools,0.7293818287589886
149,OR-Tools,6.154099502714104
150,OR-Tools,2.5628437136349476
151,OR-Tools,0.0
152,OR-Tools,0.0
153,OR-Tools,6.599677187402989
154,OR-Tools,6.391579876299147
155,OR-Tools,26.674736518132164
156,OR-Tools,55.73778246882054
157,OR-Tools,15.84877866676868
158,OR-Tools,9.496599490554019
159,OR-Tools,40.696407267017065
160,OR-Tools,4.428295794861526
161,OR-Tools,19.54452502574935
162,OR-Tools,25.49132056807838
163,OR-Tools,0.0
164,OR-Tools,10.814873460650233
165,OR-Tools,4.169444358641783
166,OR-Tools,7.977858408878916
167,OR-Tools,4.7811951252009806
168,OR-Tools,20.928464579156326
169,OR-Tools,4.0533207639577995
170,OR-Tools,44.77458603754522
171,OR-Tools,4.098549103848256
172,OR-Tools,10.816084602555947
173,OR-Tools,4.959513642268689
174,OR-Tools,11.646181273961446
175,OR-Tools,11.39861089188119
176,OR-Tools,4.772706124464037
177,OR-Tools,0.5902536410942218
178,OR-Tools,23.593937476783907
179,OR-Tools,0.0
180,OR-Tools,5.345875790066032
181,OR-Tools,1.2090062304359321
182,OR-Tools,22.352658623098165
183,OR-Tools,12.71795191233997
184,OR-Tools,1.0079824535782222
185,OR-Tools,0.3088761878307764
186,OR-Tools,0.0
187,OR-Tools,6.9683042673188424
188,OR-Tools,1.7563863022132296
189,OR-Tools,0.2651344700262257
190,OR-Tools,3.340601648383199
191,OR-Tools,25.715743674296277
192,OR-Tools,3.869278136445274
193,OR-Tools,60.25594893207628
194,OR-Tools,11.673581384596105
195,OR-Tools,9.026360920079611
196,OR-Tools,4.4904970787969205
197,OR-Tools,25.754590083418293
198,OR-Tools,21.536153873073772
199,OR-Tools,17.868644463178555
200,OR-Tools,17.851367498831337
201,OR-Tools,10.023903377228237
202,OR-Tools,12.787728841888622
203,OR-Tools,2.2413788511713904
204,OR-Tools,42.268535283791266
205,OR-Tools,13.065748354754135
206,OR-Tools,26.043871829104063
207,OR-Tools,10.420971399136448
208,OR-Tools,28.597094781505206
209,OR-Tools,31.36680610825755
210,OR-Tools,22.207690716912538
211,OR-Tools,18.49286281553941
212,OR-Tools,10.046419279938846
213,OR-Tools,77.06491179732916
214,OR-Tools,0.0
215,OR-Tools,16.306059777829233
216,OR-Tools,31.188231343892568
217,OR-Tools,13.36275295991041
218,OR-Tools,15.87911127910425
219,OR-Tools,4.329986621190557
220,OR-Tools,4.609766288163684
221,OR-Tools,7.175500240254024
222,OR-Tools,5.300938905025049
223,OR-Tools,8.95444535705596
224,OR-Tools,0.37926543398276635
225,OR-Tools,0.0
226,OR-Tools,14.436633573456561
227,OR-Tools,30.471515054682754
228,OR-Tools,1.7168604311837612
229,OR-Tools,25.325408171614214
230,OR-Tools,17.730117646027367
231,OR-Tools,2.5154018090608474
232,OR-Tools,20.411410391817753
233,OR-Tools,0.0
234,OR-Tools,5.6812595008007065
235,OR-Tools,8.244211563149406
236,OR-Tools,37.27185216823452
237,OR-Tools,29.190723382624213
238,OR-Tools,27.422086304544933
239,OR-Tools,0.0
240,OR-Tools,0.0
241,OR-Tools,12.167566503476593
242,OR-Tools,23.4271673655621
243,OR-Tools,6.837801291797746
244,OR-Tools,0.0
245,OR-Tools,7.685488921747236
246,OR-Tools,29.051599682660026
247,OR-Tools,0.0
248,OR-Tools,14.83484355162642
249,OR-Tools,11.250444510313514
250,OR-Tools,16.208581853866605
251,OR-Tools,15.068789161494948
252,OR-Tools,39.41531525098631
253,OR-Tools,6.049319596647564
254,OR-Tools,19.41938654844361
255,OR-Tools,21.030135708494328
256,OR-Tools,9.62532522833439
257,OR-Tools,24.34634667989468
258,OR-Tools,15.9024784282999
259,OR-Tools,26.68372250460061
260,OR-Tools,28.394830080091282
261,OR-Tools,52.366229212365795
262,OR-Tools,1.8696403385046096
263,OR-Tools,0.0
264,OR-Tools,1.7663360468947644
265,OR-Tools,0.0
266,OR-Tools,2.6543412524615064
267,OR-Tools,35.47956723909738
268,OR-Tools,3.602273896574104
269,OR-Tools,2.1088928354664347
270,OR-Tools,10.17683690790713
271,OR-Tools,14.86194823424779
272,OR-Tools,13.052460145298454
273,OR-Tools,11.342555001405799
274,OR-Tools,0.0
275,OR-Tools,54.564038991885155
276,OR-Tools,1.7982684100645088
277,OR-Tools,0.0
278,OR-Tools,0.0
279,OR-Tools,16.74358070126584
280,OR-Tools,0.0
281,OR-Tools,5.058241368211753
282,OR-Tools,6.803477061430954
283,OR-Tools,15.671305105117256
284,OR-Tools,17.596394396239674
285,OR-Tools,0.746601000746324
286,OR-Tools,12.202006402218558
287,OR-Tools,0.0
288,OR-Tools,5.323003440836118
289,OR-Tools,18.003908576510412
290,OR-Tools,45.45362004802968
291,OR-Tools,48.98365921791307
292,OR-Tools,17.832854298071055
293,OR-Tools,37.77208249379106
294,OR-Tools,8.633966869629063
295,OR-Tools,7.092650548661595
296,OR-Tools,0.0
297,OR-Tools,0.0
298,OR-Tools,17.329851458955062
299,OR-Tools,6.223657509107255
300,OR-Tools,8.429990894587519
301,OR-Tools,17.1558172132315
302,OR-Tools,11.143829134227104
303,OR-Tools,65.71426450692908
304,OR-Tools,86.8296380894378
305,OR-Tools,40.401221776254545
306,OR-Tools,0.0
307,OR-Tools,16.36094357361179
308,OR-Tools,9.086022254007133
309,OR-Tools,1.3588474978558338
310,OR-Tools,8.295472199229152
311,OR-Tools,8.423311014985643
312,OR-Tools,8.797755443396284
313,OR-Tools,30.97360597041697
314,OR-Tools,8.98807285982565
315,OR-Tools,0.0
316,OR-Tools,1.5998120163561111
317,OR-Tools,0.0
318,OR-Tools,4.092342252115401
319,OR-Tools,9.955467970760964
320,OR-Tools,14.789109777500897
321,OR-Tools,0.7845228087338398
322,OR-Tools,0.0
323,OR-Tools,5.419209016529209
324,OR-Tools,0.0
325,OR-Tools,16.69939483833187
326,OR-Tools,13.536958225717797
327,OR-Tools,2.564184010075195
328,OR-Tools,4.030716642640044
329,OR-Tools,0.0
330,OR-Tools,8.122248622319006
331,OR-Tools,16.613931183118495
332,OR-Tools,2.73594844239787
333,OR-Tools,43.9313326954142
334,OR-Tools,14.34239904118968
335,OR-Tools,25.351301421569076
336,OR-Tools,9.287194302311718
337,OR-Tools,5.726370669223485
338,OR-Tools,22.760589089744826
339,OR-Tools,16.02549461720605
340,OR-Tools,17.69772996985438
341,OR-Tools,15.65854817674554
342,OR-Tools,17.450554182234868
343,OR-Tools,62.96574996005083
344,OR-Tools,9.422686078382611
345,OR-Tools,8.606617130897035
346,OR-Tools,23.660178329357564
347,OR-Tools,17.163220457422227
348,OR-Tools,11.377188353695914
349,OR-Tools,3.04094144637304
350,OR-Tools,3.0800144230010744
351,OR-Tools,1.401719849964337
352,OR-Tools,0.3336935055920378
353,OR-Tools,26.641149746784123
354,OR-Tools,32.59069181557558
355,OR-Tools,29.333749781964684
356,OR-Tools,0.0
357,OR-Tools,10.53323302473126
358,OR-Tools,9.339059918565283
359,OR-Tools,7.5005466224952215
360,OR-Tools,22.52294432447343
361,OR-Tools,4.868683761382442
362,OR-Tools,9.05070756270328
363,OR-Tools,7.585407852737944
364,OR-Tools,9.391790802329496
365,OR-Tools,4.307797225233941
366,OR-Tools,4.116336386568378
367,OR-Tools,13.404119936161692
368,OR-Tools,2.303044570706902
369,OR-Tools,16.347204383364044
370,OR-Tools,33.45657446165404
371,OR-Tools,3.721631611036372
372,OR-Tools,1.5028204010760078
373,OR-Tools,0.0
374,OR-Tools,22.629589245874314
375,OR-Tools,7.016534894797445
376,OR-Tools,11.338750010356108
377,OR-Tools,5.807196033357201
378,OR-Tools,8.501342835839608
379,OR-Tools,11.35833535242864
380,OR-Tools,0.0
381,OR-Tools,63.73199874684053
382,OR-Tools,38.92064299619554
383,OR-Tools,2.87216187356708
384,OR-Tools,3.4552449212613396
385,OR-Tools,0.0
386,OR-Tools,8.443772199285945
387,OR-Tools,0.5752477004276955
388,OR-Tools,0.0
389,OR-Tools,3.6545416456217765
390,OR-Tools,2.6405525439571704
391,OR-Tools,23.061405837745497
392,OR-Tools,14.009063466026475
393,OR-Tools,21.935665004348976
394,OR-Tools,3.7358498186633824
395,OR-Tools,24.769179702306985
396,OR-Tools,79.1603215646146
397,OR-Tools,0.0
398,OR-Tools,3.9495378373289327
399,OR-Tools,0.0
400,OR-Tools,0.552477828123557
401,OR-Tools,14.659094001599897
402,OR-Tools,38.060961985502814
403,OR-Tools,16.523646892275366
404,OR-Tools,13.166438347309366
405,OR-Tools,31.33945333745578
406,OR-Tools,21.513692055156753
407,OR-Tools,12.911066174879124
408,OR-Tools,0.0
409,OR-Tools,14.626027002162743
410,OR-Tools,0.0
411,OR-Tools,21.735390666447444
412,OR-Tools,41.64753739135941
413,OR-Tools,2.024337026054866
414,OR-Tools,16.999838366492497
415,OR-Tools,26.985386298134898
416,OR-Tools,1.5742029164161409
417,OR-Tools,2.7533047375127353
418,OR-Tools,21.811289490757957
419,OR-Tools,9.390376098392863
420,OR-Tools,30.584282040754175
421,OR-Tools,14.675469961290247
422,OR-Tools,53.369966127592704
423,OR-Tools,1.8952807690081954
424,OR-Tools,2.0646053670673155
425,OR-Tools,41.73077398574836
426,OR-Tools,0.0
427,OR-Tools,5.319534509682626
428,OR-Tools,3.96715283733667
429,OR-Tools,13.944532409436391
430,OR-Tools,17.426895767897776
431,OR-Tools,0.0
432,OR-Tools,21.68134121516107
433,OR-Tools,0.0
434,OR-Tools,2.190610780227189
435,OR-Tools,29.4893481749109
436,OR-Tools,11.348341058105348
437,OR-Tools,5.182531749071785
438,OR-Tools,31.64683448802873
439,OR-Tools,0.0
440,OR-Tools,0.0
441,OR-Tools,11.892784281617367
442,OR-Tools,0.0
443,OR-Tools,0.0
444,OR-Tools,14.246420082525077
445,OR-Tools,5.097628693551428
446,OR-Tools,3.5035877877766097
447,OR-Tools,5.001326870849567
448,OR-Tools,12.233356382257625
449,OR-Tools,32.10108645098387
450,OR-Tools,15.07053117328499
451,OR-Tools,0.0
452,OR-Tools,8.056510407742621
453,OR-Tools,35.27904760017654
454,OR-Tools,0.0
455,OR-Tools,40.851311808180554
456,OR-Tools,0.0
457,OR-Tools,10.91033219009853
458,OR-Tools,37.13444859523537
459,OR-Tools,28.249033395988477
460,OR-Tools,5.61867198943051
461,OR-Tools,5.9983910671270735
462,OR-Tools,0.9094048590500279
463,OR-Tools,63.15519186170977
464,OR-Tools,150.8731995970285
465,OR-Tools,6.560135633913632
466,OR-Tools,10.50482130026731
467,OR-Tools,5.096197313033713
468,OR-Tools,7.17628693248497
469,OR-Tools,12.364903742740438
470,OR-Tools,4.397543395309469
471,OR-Tools,6.163150213007043
472,OR-Tools,0.0
473,OR-Tools,5.761002013729723
474,OR-Tools,22.789548929124578
475,OR-Tools,0.341485066698084
476,OR-Tools,57.12986000090035
477,OR-Tools,12.880943704879485
478,OR-Tools,0.0
479,OR-Tools,83.78889821974147
480,OR-Tools,0.0
481,OR-Tools,3.888257862755438
482,OR-Tools,1.3787107382115664
483,OR-Tools,1.2335188828960213
484,OR-Tools,15.109708809517628
485,OR-Tools,35.77365941956006
486,OR-Tools,0.0
487,OR-Tools,9.34162443335515
488,OR-Tools,8.710816572711138
489,OR-Tools,10.512341091337333
490,OR-Tools,11.942362351585473
491,OR-Tools,0.6871769183648553
492,OR-Tools,38.874645958379205
493,OR-Tools,14.09326438996439
494,OR-Tools,5.255180867611642
495,OR-Tools,1.9513189728238558
496,OR-Tools,4.621838473942205
497,OR-Tools,13.598864797794874
498,OR-Tools,0.0
499,OR-Tools,10.06970835350458
500,OR-Tools,16.014969708964202
501,OR-Tools,11.928419033534425
502,OR-Tools,12.471487784212655
503,OR-Tools,62.20175381502787
504,OR-Tools,7.630364389072895
505,OR-Tools,3.797576942395864
506,OR-Tools,7.581977419054567
507,OR-Tools,0.0
508,OR-Tools,16.470404332228185
509,OR-Tools,7.815558442674728
510,OR-Tools,51.50326943554052
511,OR-Tools,0.0
512,OR-Tools,1.4840588551818428
513,OR-Tools,24.38357934895265
514,OR-Tools,7.098969495801214
515,OR-Tools,0.0
516,OR-Tools,0.0
517,OR-Tools,4.93613592697784
518,OR-Tools,3.3525661670111617
519,OR-Tools,11.084776065004036
520,OR-Tools,7.66830039525712
521,OR-Tools,5.784030887069775
522,OR-Tools,17.65382620145826
523,OR-Tools,0.7225982742452857
524,OR-Tools,35.90509442922914
525,OR-Tools,20.418469825884955
526,OR-Tools,3.8991757936922227
527,OR-Tools,12.796704292182909
528,OR-Tools,5.065444955072394
529,OR-Tools,0.0
530,OR-Tools,1.9144841575424039
531,OR-Tools,0.0
532,OR-Tools,45.63564992786513
533,OR-Tools,0.09778076464766627
534,OR-Tools,34.425582314622886
535,OR-Tools,68.1766678863253
536,OR-Tools,18.42466423794457
537,OR-Tools,32.567647926853
538,OR-Tools,2.445925109878516
539,OR-Tools,5.155851393035107
540,OR-Tools,6.177519716998177
541,OR-Tools,0.0
542,OR-Tools,22.52670032987598
543,OR-Tools,21.3989420512643
544,OR-Tools,0.0
545,OR-Tools,8.906744720125602
546,OR-Tools,16.694781754374873
547,OR-Tools,0.0
548,OR-Tools,17.027946016025965
549,OR-Tools,1.9221742192821978
550,OR-Tools,0.0
551,OR-Tools,27.12228455090485
552,OR-Tools,57.41975552091321
553,OR-Tools,0.41157311388235485
554,OR-Tools,0.7654674974062345
555,OR-Tools,7.284217867462502
556,OR-Tools,13.386389865011068
557,OR-Tools,7.865085465375699
558,OR-Tools,4.397607022422079
559,OR-Tools,0.5080628834215872
560,OR-Tools,42.70958865937061
561,OR-Tools,15.448099620005593
562,OR-Tools,5.6902528915563835
563,OR-Tools,6.91709249929778
564,OR-Tools,3.5527727491032977
565,OR-Tools,13.78497516672735
566,OR-Tools,0.3863524058504595
567,OR-Tools,0.0
568,OR-Tools,46.9862518566805
569,OR-Tools,0.8405208220299585
570,OR-Tools,22.424016505633233
571,OR-Tools,42.077769379219774
572,OR-Tools,1.2636463830920377
573,OR-Tools,0.5381996950326879
574,OR-Tools,23.943719494524572
575,OR-Tools,20.082834331018972
576,OR-Tools,7.022494909194791
577,OR-Tools,0.0
578,OR-Tools,0.0
579,OR-Tools,10.318366444272982
580,OR-Tools,3.5457432800752144
581,OR-Tools,4.150756411505881
582,OR-Tools,16.888281850693943
583,OR-Tools,7.6700316525390235
584,OR-Tools,0.9520401375897904
585,OR-Tools,12.601350461924
586,OR-Tools,5.016335177035245
587,OR-Tools,8.371258376104635
588,OR-Tools,14.54898872637159
589,OR-Tools,25.753123535857128
590,OR-Tools,44.61465403750489
591,OR-Tools,48.560529738323595
592,OR-Tools,8.838045272069479
593,OR-Tools,14.284290744861408
594,OR-Tools,0.0
595,OR-Tools,2.95555386950565
596,OR-Tools,0.2111477520288645
597,OR-Tools,0.5743584403278987
598,OR-Tools,0.0
599,OR-Tools,12.19541744050909
600,OR-Tools,11.330206285631448
601,OR-Tools,14.920616190459072
602,OR-Tools,35.275592008298645
603,OR-Tools,12.590212424571945
604,OR-Tools,21.59408560134358
605,OR-Tools,25.80727128120631
606,OR-Tools,8.938106576503543
607,OR-Tools,65.46230948963463
608,OR-Tools,19.078666756749016
609,OR-Tools,52.15723978077426
610,OR-Tools,33.87207917306759
611,OR-Tools,15.444593810755578
612,OR-Tools,94.09984115835542
613,OR-Tools,10.918844781793297
614,OR-Tools,14.171102994155461
615,OR-Tools,0.0
616,OR-Tools,0.0
617,OR-Tools,0.0
618,OR-Tools,15.216551504766073
619,OR-Tools,31.537203258502416
620,OR-Tools,21.828448362616797
621,OR-Tools,0.717310501664258
622,OR-Tools,9.830998651253338
623,OR-Tools,9.470101663075525
624,OR-Tools,10.06162245117352
625,OR-Tools,0.0
626,OR-Tools,20.343406804225282
627,OR-Tools,58.444766668414786
628,OR-Tools,23.524245443839135
629,OR-Tools,22.398893442274527
630,OR-Tools,0.0
631,OR-Tools,22.2208385734981
632,OR-Tools,20.42454800581433
633,OR-Tools,29.997809522050375
634,OR-Tools,0.0
635,OR-Tools,8.682777320064758
636,OR-Tools,24.020318608430188
637,OR-Tools,0.0
638,OR-Tools,54.235846639381094
639,OR-Tools,0.6283946398648368
640,OR-Tools,21.299027170795085
641,OR-Tools,0.0
642,OR-Tools,4.774249286102759
643,OR-Tools,16.883970315623344
644,OR-Tools,0.0
645,OR-Tools,3.05511590638946
646,OR-Tools,5.777893727794179
647,OR-Tools,0.0
648,OR-Tools,11.289706843280726
649,OR-Tools,2.5998380630877023
650,OR-Tools,3.2607914163526175
651,OR-Tools,0.29538032273393355
652,OR-Tools,34.795078253413664
653,OR-Tools,0.0
654,OR-Tools,2.7312219089721452
655,OR-Tools,11.163746004525365
656,OR-Tools,3.7649863131996426
657,OR-Tools,0.0
658,OR-Tools,0.0
659,OR-Tools,0.24306644162024327
660,OR-Tools,0.0
661,OR-Tools,5.199893163944921
662,OR-Tools,0.0
663,OR-Tools,16.284751939496715
664,OR-Tools,8.78334335631368
665,OR-Tools,1.1210573282660903
666,OR-Tools,21.624438179151326
667,OR-Tools,14.114535274451356
668,OR-Tools,25.888227152099745
669,OR-Tools,0.0
670,OR-Tools,19.164411577673093
671,OR-Tools,97.46058315117861
672,OR-Tools,4.348339650482558
673,OR-Tools,18.08108527992289
674,OR-Tools,17.262235896851138
675,OR-Tools,10.209440079560267
676,OR-Tools,0.6342739337886201
677,OR-Tools,0.0
678,OR-Tools,6.90877520095367
679,OR-Tools,9.536015567820328
680,OR-Tools,40.039382961766336
681,OR-Tools,0.914675129896267
682,OR-Tools,0.8481735619212145
683,OR-Tools,0.0
684,OR-Tools,4.056948558721842
685,OR-Tools,10.639522998709737
686,OR-Tools,0.0
687,OR-Tools,0.7178033036154261
688,OR-Tools,0.0
689,OR-Tools,40.87210654636465
690,OR-Tools,0.0
691,OR-Tools,29.794135247728747
692,OR-Tools,7.283815630749103
693,OR-Tools,3.5929287847098976
694,OR-Tools,6.83980705698761
695,OR-Tools,10.527667497768903
696,OR-Tools,8.647094951389533
697,OR-Tools,0.0
698,OR-Tools,4.97580344792712
699,OR-Tools,6.261668255915112
700,OR-Tools,6.171093687514485
701,OR-Tools,13.955584012581
702,OR-Tools,27.560115920471247
703,OR-Tools,2.46571719534856
704,OR-Tools,8.470472319592062
705,OR-Tools,5.181724267581046
706,OR-Tools,12.197868467242529
707,OR-Tools,14.23112128803183
708,OR-Tools,0.0
709,OR-Tools,8.570839988628308
710,OR-Tools,21.037917646833506
711,OR-Tools,0.0
712,OR-Tools,1.1372844742748498
713,OR-Tools,1.1588038308460114
714,OR-Tools,14.649395373284364
715,OR-Tools,31.716542736805735
716,OR-Tools,26.180558934130232
717,OR-Tools,5.3263639499851365
718,OR-Tools,30.544300374914684
719,OR-Tools,19.90739058251816
720,OR-Tools,10.019898015365698
721,OR-Tools,0.0
722,OR-Tools,31.177352026786224
723,OR-Tools,9.352685568072786
724,OR-Tools,16.87885514481738
725,OR-Tools,0.0
726,OR-Tools,12.744967600926344
727,OR-Tools,12.092150515781924
728,OR-Tools,2.3667904338425956
729,OR-Tools,6.341181751542592
730,OR-Tools,4.6019008743122924
731,OR-Tools,5.164808211633755
732,OR-Tools,15.678344720946171
733,OR-Tools,4.07926619900644
734,OR-Tools,15.917428100816636
735,OR-Tools,7.143178646971336
736,OR-Tools,1.4499236672489246
737,OR-Tools,42.171667974257446
738,OR-Tools,32.14201516567343
739,OR-Tools,15.496734785743513
740,OR-Tools,10.780018452569806
741,OR-Tools,0.0
742,OR-Tools,33.68873176664468
743,OR-Tools,13.651590392725609
744,OR-Tools,0.855977549008287
745,OR-Tools,10.273090643035914
746,OR-Tools,2.6308472905816984
747,OR-Tools,7.6255003267853
748,OR-Tools,11.874279880148833
749,OR-Tools,6.958119574406851
750,OR-Tools,15.77401941692662
751,OR-Tools,2.2662408143742425
752,OR-Tools,6.038256381879222
753,OR-Tools,6.019366860338323
754,OR-Tools,2.8598806619963
755,OR-Tools,18.252529100659643
756,OR-Tools,21.262446630994162
757,OR-Tools,21.52761442939007
758,OR-Tools,4.819862742141595
759,OR-Tools,12.905910275277932
760,OR-Tools,0.0
761,OR-Tools,0.0
762,OR-Tools,5.346369896311728
763,OR-Tools,9.361719009733093
764,OR-Tools,7.045795996704783
765,OR-Tools,0.6060878947102424
766,OR-Tools,17.40075622081369
767,OR-Tools,6.77647660740098
768,OR-Tools,25.63141542641509
769,OR-Tools,22.01533506419625
770,OR-Tools,5.420587618565463
771,OR-Tools,4.698954508438874
772,OR-Tools,29.004568527748603
773,OR-Tools,19.33574429051052
774,OR-Tools,8.199811323003019
775,OR-Tools,33.8385150429373
776,OR-Tools,0.9618420331322568
777,OR-Tools,13.691625468385325
778,OR-Tools,8.238123199258126
779,OR-Tools,3.1521302593293967
780,OR-Tools,14.89350970867389
781,OR-Tools,0.0
782,OR-Tools,3.296478780073727
783,OR-Tools,25.38154174327488
784,OR-Tools,22.64878689238313
785,OR-Tools,10.170076831220314
786,OR-Tools,0.2637042417786972
787,OR-Tools,7.2140587683617525
788,OR-Tools,16.450314920527887
789,OR-Tools,48.706553602530136
790,OR-Tools,10.489906185017787
791,OR-Tools,15.449703417683736
792,OR-Tools,9.295922983826244
793,OR-Tools,22.295554608617152
794,OR-Tools,18.254559827378017
795,OR-Tools,0.0
796,OR-Tools,43.6408193093591
797,OR-Tools,7.244576777978125
798,OR-Tools,22.78557644763663
799,OR-Tools,12.485747927064011
800,OR-Tools,11.868083029857786
801,OR-Tools,7.137506247789048
802,OR-Tools,10.42380096988083
803,OR-Tools,7.42711204263
804,OR-Tools,6.092517937801119
805,OR-Tools,0.7193955336624924
806,OR-Tools,11.35570894097853
807,OR-Tools,67.3225289414795
808,OR-Tools,6.28716023092494
809,OR-Tools,0.23507988151817472
810,OR-Tools,0.0
811,OR-Tools,20.22359516730458
812,OR-Tools,43.589393984504596
813,OR-Tools,5.62283011034296
814,OR-Tools,13.195510616913367
815,OR-Tools,26.56329901830489
816,OR-Tools,0.0
817,OR-Tools,5.235680310932281
818,OR-Tools,92.76046430995277
819,OR-Tools,7.836505851404127
820,OR-Tools,11.579018939319724
821,OR-Tools,25.394408105840796
822,OR-Tools,26.250640818183825
823,OR-Tools,4.682219723029647
824,OR-Tools,11.956699213838618
825,OR-Tools,14.125364004953525
826,OR-Tools,6.523933837990711
827,OR-Tools,13.301916159537285
828,OR-Tools,0.0
829,OR-Tools,2.6634522867679493
830,OR-Tools,7.720829440905447
831,OR-Tools,7.293602754882386
832,OR-Tools,1.0776952743132426
833,OR-Tools,31.752671678848145
834,OR-Tools,6.52890912414972
835,OR-Tools,0.0
836,OR-Tools,38.4387881744141
837,OR-Tools,0.0
838,OR-Tools,57.6477162522377
839,OR-Tools,36.909615488390045
840,OR-Tools,0.0
841,OR-Tools,22.243759833856217
842,OR-Tools,27.841979190118565
843,OR-Tools,10.785187302704543
844,OR-Tools,6.841766669511088
845,OR-Tools,0.0
846,OR-Tools,4.042462599833868
847,OR-Tools,20.313436738422382
848,OR-Tools,6.5996718887755605
849,OR-Tools,46.614603338532845
850,OR-Tools,0.0
851,OR-Tools,0.9228488192117084
852,OR-Tools,2.5055557284223084
853,OR-Tools,14.479016225996872
854,OR-Tools,5.340017956133522
855,OR-Tools,1.27958251270735
856,OR-Tools,4.817854388611863
857,OR-Tools,15.681530424064334
858,OR-Tools,11.462503983942554
859,OR-Tools,22.09731124345356
860,OR-Tools,15.378748942906725
861,OR-Tools,8.182813505245946
862,OR-Tools,19.06749697688076
863,OR-Tools,8.490017176542835
864,OR-Tools,1.0921918064516376
865,OR-Tools,15.155649154704776
866,OR-Tools,5.833576273360336
867,OR-Tools,20.610514267266126
868,OR-Tools,16.591196318404144
869,OR-Tools,31.07090850362181
870,OR-Tools,7.911561496606055
871,OR-Tools,7.6652740129233905
872,OR-Tools,1.8990700588830691
873,OR-Tools,16.45438453307679
874,OR-Tools,6.7224256882769
875,OR-Tools,0.6350408982809199
876,OR-Tools,0.8121137207144784
877,OR-Tools,0.0
878,OR-Tools,0.2616611079720883
879,OR-Tools,46.851613611700685
880,OR-Tools,63.221756637101095
881,OR-Tools,9.514264071668094
882,OR-Tools,26.805840025433497
883,OR-Tools,0.0
884,OR-Tools,30.945204136236214
885,OR-Tools,0.0
886,OR-Tools,0.0
887,OR-Tools,0.0
888,OR-Tools,36.70741433503565
889,OR-Tools,0.0
890,OR-Tools,0.0
891,OR-Tools,91.19901369997399
892,OR-Tools,0.0
893,OR-Tools,10.55186044856299
894,OR-Tools,48.14931388609469
895,OR-Tools,14.499858229042985
896,OR-Tools,20.348705411186273
897,OR-Tools,0.31048981606977577
898,OR-Tools,8.108082278822991
899,OR-Tools,6.145560365313116
900,OR-Tools,0.0
901,OR-Tools,19.09598648875371
902,OR-Tools,3.899072983284583
903,OR-Tools,3.8989794925323054
904,OR-Tools,19.014636391080018
905,OR-Tools,12.028701887066887
906,OR-Tools,6.273843401057405
907,OR-Tools,0.0
908,OR-Tools,0.0
909,OR-Tools,28.740422574976066
910,OR-Tools,0.0
911,OR-Tools,0.7694628761483955
912,OR-Tools,0.6136246683676916
913,OR-Tools,0.0
914,OR-Tools,0.0
915,OR-Tools,54.76480371404088
916,OR-Tools,0.0
917,OR-Tools,11.826170609477487
918,OR-Tools,3.817806975712813
919,OR-Tools,13.656116439142068
920,OR-Tools,80.32953389349643
921,OR-Tools,6.70633507017817
922,OR-Tools,0.0
923,OR-Tools,10.490100610291961
924,OR-Tools,0.0
925,OR-Tools,16.34669629924221
926,OR-Tools,11.450527139330632
927,OR-Tools,25.858984653399517
928,OR-Tools,33.44676997403596
929,OR-Tools,4.226737150237739
930,OR-Tools,0.8685410720527784
931,OR-Tools,19.172707191267307
932,OR-Tools,24.191856258846997
933,OR-Tools,1.119828942934248
934,OR-Tools,7.593626243902293
935,OR-Tools,8.337676317094036
936,OR-Tools,32.477566402734766
937,OR-Tools,51.61350230129145
938,OR-Tools,1.8162506501116127
939,OR-Tools,3.028582352563376
940,OR-Tools,0.0
941,OR-Tools,12.51562583714022
942,OR-Tools,1.7046019753076393
943,OR-Tools,13.441336952754767
944,OR-Tools,10.43002337101359
945,OR-Tools,21.109235380264323
946,OR-Tools,8.855702833340871
947,OR-Tools,8.82329439261784
948,OR-Tools,12.349141890518553
949,OR-Tools,18.37104128344447
950,OR-Tools,17.079775256877667
951,OR-Tools,14.603457870954173
952,OR-Tools,15.037169547983694
953,OR-Tools,2.7970418315034635
954,OR-Tools,0.3900363510550733
955,OR-Tools,0.5949142084845391
956,OR-Tools,7.422181698266655
957,OR-Tools,6.9660877547692905
958,OR-Tools,6.257152377103523
959,OR-Tools,4.590637269122482
960,OR-Tools,0.0
961,OR-Tools,0.0
962,OR-Tools,20.68527430396165
963,OR-Tools,9.70055544310759
964,OR-Tools,0.0
965,OR-Tools,0.0
966,OR-Tools,0.7396728011391929
967,OR-Tools,42.91868738344368
968,OR-Tools,5.055907279485098
969,OR-Tools,5.919291188466616
970,OR-Tools,1.8569212418390748
971,OR-Tools,16.576880482310486
972,OR-Tools,0.0
973,OR-Tools,0.0
974,OR-Tools,16.347323602123254
975,OR-Tools,7.257631975830122
976,OR-Tools,6.302336472883951
977,OR-Tools,15.144374794478864
978,OR-Tools,23.2444421247329
979,OR-Tools,8.781394333736074
980,OR-Tools,7.536307466909989
981,OR-Tools,14.828725720771587
982,OR-Tools,0.0
983,OR-Tools,3.569871265023181
984,OR-Tools,10.941132122460061
985,OR-Tools,15.849257275346986
986,OR-Tools,0.0
987,OR-Tools,24.585313077942175
988,OR-Tools,112.24986540592474
989,OR-Tools,8.417946351748554
990,OR-Tools,11.828775989287067
991,OR-Tools,28.94856225629104
992,OR-Tools,23.827563383797298
993,OR-Tools,0.0
994,OR-Tools,1.9432072046541293
995,OR-Tools,91.19370813667257
996,OR-Tools,12.298022385616065
997,OR-Tools,7.821488230581963
998,OR-Tools,10.15555389567001
999,OR-Tools,3.0191119623138434
0,ALNS-Nominal,3.588500761729904
1,ALNS-Nominal,8.210645341272311
2,ALNS-Nominal,2.6626072705674346
3,ALNS-Nominal,52.48141537004065
4,ALNS-Nominal,0.0
5,ALNS-Nominal,47.735872141286364
6,ALNS-Nominal,8.858846242294987
7,ALNS-Nominal,0.0
8,ALNS-Nominal,18.122398056974077
9,ALNS-Nominal,16.553123799155543
10,ALNS-Nominal,32.943748105152906
11,ALNS-Nominal,0.0
12,ALNS-Nominal,0.0
13,ALNS-Nominal,0.9826938694774583
14,ALNS-Nominal,6.82611068766775
15,ALNS-Nominal,0.0
16,ALNS-Nominal,4.187024734490279
17,ALNS-Nominal,1.878793597152935
18,ALNS-Nominal,0.0
19,ALNS-Nominal,23.19092299480596
20,ALNS-Nominal,1.6457647041870302
21,ALNS-Nominal,3.097701628350592
22,ALNS-Nominal,22.97011372287551
23,ALNS-Nominal,16.233754595958914
24,ALNS-Nominal,5.123465844748409
25,ALNS-Nominal,10.946080117508131
26,ALNS-Nominal,9.771538877500262
27,ALNS-Nominal,9.837817623997978
28,ALNS-Nominal,0.0
29,ALNS-Nominal,4.787106916192471
30,ALNS-Nominal,12.637037808720038
31,ALNS-Nominal,0.0
32,ALNS-Nominal,0.09593619946275567
33,ALNS-Nominal,40.52560634432331
34,ALNS-Nominal,9.660110461665369
35,ALNS-Nominal,60.908347376163704
36,ALNS-Nominal,6.866022998814998
37,ALNS-Nominal,24.801976425273182
38,ALNS-Nominal,0.0
39,ALNS-Nominal,15.61568224476548
40,ALNS-Nominal,4.078965301558412
41,ALNS-Nominal,29.505218363196633
42,ALNS-Nominal,16.625895746157823
43,ALNS-Nominal,14.203348640940646
44,ALNS-Nominal,0.0
45,ALNS-Nominal,11.950729343610249
46,ALNS-Nominal,16.429261360228054
47,ALNS-Nominal,33.348192386817885
48,ALNS-Nominal,20.04043635331672
49,ALNS-Nominal,21.652071947948883
50,ALNS-Nominal,12.854278771148984
51,ALNS-Nominal,42.49493218912053
52,ALNS-Nominal,1.1334674103144948
53,ALNS-Nominal,19.699679525339405
54,ALNS-Nominal,17.911296991982567
55,ALNS-Nominal,59.37123119794671
56,ALNS-Nominal,2.1853912536658413
57,ALNS-Nominal,48.8562402067482
58,ALNS-Nominal,0.0
59,ALNS-Nominal,1.0234081205240955
60,ALNS-Nominal,1.9569390540139295
61,ALNS-Nominal,23.027364134289655
62,ALNS-Nominal,34.76852707049176
63,ALNS-Nominal,17.464235076434477
64,ALNS-Nominal,5.0109620023222305
65,ALNS-Nominal,6.3034523691186735
66,ALNS-Nominal,5.337068249921373
67,ALNS-Nominal,10.214651235627116
68,ALNS-Nominal,5.414997816333113
69,ALNS-Nominal,8.244871631696384
70,ALNS-Nominal,15.389014903421867
71,ALNS-Nominal,3.464260922295722
72,ALNS-Nominal,23.454655553401665
73,ALNS-Nominal,13.781626137003656
74,ALNS-Nominal,10.564666325655168
75,ALNS-Nominal,10.360888858738889
76,ALNS-Nominal,5.597289880894493
77,ALNS-Nominal,0.0
78,ALNS-Nominal,0.0
79,ALNS-Nominal,4.804565339611912
80,ALNS-Nominal,37.59154828546329
81,ALNS-Nominal,0.0
82,ALNS-Nominal,0.0
83,ALNS-Nominal,1.6356470141789146
84,ALNS-Nominal,45.283806772537446
85,ALNS-Nominal,1.9191936873722568
86,ALNS-Nominal,45.79482455962176
87,ALNS-Nominal,3.4546435571643883
88,ALNS-Nominal,17.95034223896252
89,ALNS-Nominal,20.855504382248853
90,ALNS-Nominal,0.0
91,ALNS-Nominal,5.579765701670851
92,ALNS-Nominal,0.0
93,ALNS-Nominal,2.833165542611596
94,ALNS-Nominal,21.866027314316398
95,ALNS-Nominal,14.1549522424433
96,ALNS-Nominal,0.0
97,ALNS-Nominal,2.9523162548495065
98,ALNS-Nominal,11.228125528907327
99,ALNS-Nominal,27.989848974452826
100,ALNS-Nominal,13.242125961034446
101,ALNS-Nominal,0.0
102,ALNS-Nominal,1.814303276106557
103,ALNS-Nominal,4.231858571690822
104,ALNS-Nominal,17.145061371949453
105,ALNS-Nominal,28.425157536136282
106,ALNS-Nominal,16.957337105291856
107,ALNS-Nominal,56.66600500929934
108,ALNS-Nominal,0.0
109,ALNS-Nominal,0.21959923501628964
110,ALNS-Nominal,10.896551937595888
111,ALNS-Nominal,2.0627534952195106
112,ALNS-Nominal,18.39978672017341
113,ALNS-Nominal,0.02460347563697951
114,ALNS-Nominal,6.86193798008091
115,ALNS-Nominal,6.274411701585905
116,ALNS-Nominal,29.17446696928846
117,ALNS-Nominal,28.577407465114078
118,ALNS-Nominal,0.0
119,ALNS-Nominal,5.307945420397516
120,ALNS-Nominal,19.788450999961384
121,ALNS-Nominal,3.738201665753337
122,ALNS-Nominal,9.709469317523087
123,ALNS-Nominal,14.088595260322734
124,ALNS-Nominal,5.113119949575406
125,ALNS-Nominal,0.0
126,ALNS-Nominal,18.322339854913082
127,ALNS-Nominal,0.0
128,ALNS-Nominal,12.08729782497096
129,ALNS-Nominal,31.310275526126475
130,ALNS-Nominal,6.6362205674630275
131,ALNS-Nominal,21.750136974879865
132,ALNS-Nominal,0.0
133,ALNS-Nominal,10.307654084227408
134,ALNS-Nominal,0.0
135,ALNS-Nominal,21.68775754094355
136,ALNS-Nominal,37.42900662156649
137,ALNS-Nominal,2.9285818779242163
138,ALNS-Nominal,3.0220190388359924
139,ALNS-Nominal,0.0
140,ALNS-Nominal,1.9514724963075878
141,ALNS-Nominal,2.4624010543631414
142,ALNS-Nominal,12.144625165707453
143,ALNS-Nominal,0.9187636627107736
144,ALNS-Nominal,26.781443752211572
145,ALNS-Nominal,31.87730735608656
146,ALNS-Nominal,35.04581567080393
147,ALNS-Nominal,32.60412995860597
148,ALNS-Nominal,0.7293818287589886
149,ALNS-Nominal,6.154099502714104
150,ALNS-Nominal,2.5628437136349476
151,ALNS-Nominal,0.0
152,ALNS-Nominal,0.0
153,ALNS-Nominal,6.599677187402989
154,ALNS-Nominal,6.391579876299147
155,ALNS-Nominal,26.674736518132164
156,ALNS-Nominal,55.73778246882054
157,ALNS-Nominal,15.84877866676868
158,ALNS-Nominal,9.496599490554019
159,ALNS-Nominal,40.696407267017065
160,ALNS-Nominal,4.428295794861526
161,ALNS-Nominal,19.54452502574935
162,ALNS-Nominal,25.49132056807838
163,ALNS-Nominal,0.0
164,ALNS-Nominal,10.814873460650233
165,ALNS-Nominal,4.169444358641783
166,ALNS-Nominal,7.977858408878916
167,ALNS-Nominal,4.7811951252009806
168,ALNS-Nominal,20.928464579156326
169,ALNS-Nominal,4.0533207639577995
170,ALNS-Nominal,44.77458603754522
171,ALNS-Nominal,4.098549103848256
172,ALNS-Nominal,10.816084602555947
173,ALNS-Nominal,4.959513642268689
174,ALNS-Nominal,11.646181273961446
175,ALNS-Nominal,11.39861089188119
176,ALNS-Nominal,4.772706124464037
177,ALNS-Nominal,0.5902536410942218
178,ALNS-Nominal,23.593937476783907
179,ALNS-Nominal,0.0
180,ALNS-Nominal,5.345875790066032
181,ALNS-Nominal,1.2090062304359321
182,ALNS-Nominal,22.352658623098165
183,ALNS-Nominal,12.71795191233997
184,ALNS-Nominal,1.0079824535782222
185,ALNS-Nominal,0.3088761878307764
186,ALNS-Nominal,0.0
187,ALNS-Nominal,6.9683042673188424
188,ALNS-Nominal,1.7563863022132296
189,ALNS-Nominal,0.2651344700262257
190,ALNS-Nominal,3.340601648383199
191,ALNS-Nominal,25.715743674296277
192,ALNS-Nominal,3.869278136445274
193,ALNS-Nominal,60.25594893207628
194,ALNS-Nominal,11.673581384596105
195,ALNS-Nominal,9.026360920079611
196,ALNS-Nominal,4.4904970787969205
197,ALNS-Nominal,25.754590083418293
198,ALNS-Nominal,21.536153873073772
199,ALNS-Nominal,17.868644463178555
200,ALNS-Nominal,17.851367498831337
201,ALNS-Nominal,10.023903377228237
202,ALNS-Nominal,12.787728841888622
203,ALNS-Nominal,2.2413788511713904
204,ALNS-Nominal,42.268535283791266
205,ALNS-Nominal,13.065748354754135
206,ALNS-Nominal,26.043871829104063
207,ALNS-Nominal,10.420971399136448
208,ALNS-Nominal,28.597094781505206
209,ALNS-Nominal,31.36680610825755
210,ALNS-Nominal,22.207690716912538
211,ALNS-Nominal,18.49286281553941
212,ALNS-Nominal,10.046419279938846
213,ALNS-Nominal,77.06491179732916
214,ALNS-Nominal,0.0
215,ALNS-Nominal,16.306059777829233
216,ALNS-Nominal,31.188231343892568
217,ALNS-Nominal,13.36275295991041
218,ALNS-Nominal,15.87911127910425
219,ALNS-Nominal,4.329986621190557
220,ALNS-Nominal,4.609766288163684
221,ALNS-Nominal,7.175500240254024
222,ALNS-Nominal,5.300938905025049
223,ALNS-Nominal,8.95444535705596
224,ALNS-Nominal,0.37926543398276635
225,ALNS-Nominal,0.0
226,ALNS-Nominal,14.436633573456561
227,ALNS-Nominal,30.471515054682754
228,ALNS-Nominal,1.7168604311837612
229,ALNS-Nominal,25.325408171614214
230,ALNS-Nominal,17.730117646027367
231,ALNS-Nominal,2.5154018090608474
232,ALNS-Nominal,20.411410391817753
233,ALNS-Nominal,0.0
234,ALNS-Nominal,5.6812595008007065
235,ALNS-Nominal,8.244211563149406
236,ALNS-Nominal,37.27185216823452
237,ALNS-Nominal,29.190723382624213
238,ALNS-Nominal,27.422086304544933
239,ALNS-Nominal,0.0
240,ALNS-Nominal,0.0
241,ALNS-Nominal,12.167566503476593
242,ALNS-Nominal,23.4271673655621
243,ALNS-Nominal,6.837801291797746
244,ALNS-Nominal,0.0
245,ALNS-Nominal,7.685488921747236
246,ALNS-Nominal,29.051599682660026
247,ALNS-Nominal,0.0
248,ALNS-Nominal,14.83484355162642
249,ALNS-Nominal,11.250444510313514
250,ALNS-Nominal,16.208581853866605
251,ALNS-Nominal,15.068789161494948
252,ALNS-Nominal,39.41531525098631
253,ALNS-Nominal,6.049319596647564
254,ALNS-Nominal,19.41938654844361
255,ALNS-Nominal,21.030135708494328
256,ALNS-Nominal,9.62532522833439
257,ALNS-Nominal,24.34634667989468
258,ALNS-Nominal,15.9024784282999
259,ALNS-Nominal,26.68372250460061
260,ALNS-Nominal,28.394830080091282
261,ALNS-Nominal,52.366229212365795
262,ALNS-Nominal,1.8696403385046096
263,ALNS-Nominal,0.0
264,ALNS-Nominal,1.7663360468947644
265,ALNS-Nominal,0.0
266,ALNS-Nominal,2.6543412524615064
267,ALNS-Nominal,35.47956723909738
268,ALNS-Nominal,3.602273896574104
269,ALNS-Nominal,2.1088928354664347
270,ALNS-Nominal,10.17683690790713
271,ALNS-Nominal,14.86194823424779
272,ALNS-Nominal,13.052460145298454
273,ALNS-Nominal,11.342555001405799
274,ALNS-Nominal,0.0
275,ALNS-Nominal,54.564038991885155
276,ALNS-Nominal,1.7982684100645088
277,ALNS-Nominal,0.0
278,ALNS-Nominal,0.0
279,ALNS-Nominal,16.74358070126584
280,ALNS-Nominal,0.0
281,ALNS-Nominal,5.058241368211753
282,ALNS-Nominal,6.803477061430954
283,ALNS-Nominal,15.671305105117256
284,ALNS-Nominal,17.596394396239674
285,ALNS-Nominal,0.746601000746324
286,ALNS-Nominal,12.202006402218558
287,ALNS-Nominal,0.0
288,ALNS-Nominal,5.323003440836118
289,ALNS-Nominal,18.003908576510412
290,ALNS-Nominal,45.45362004802968
291,ALNS-Nominal,48.98365921791307
292,ALNS-Nominal,17.832854298071055
293,ALNS-Nominal,37.77208249379106
294,ALNS-Nominal,8.633966869629063
295,ALNS-Nominal,7.092650548661595
296,ALNS-Nominal,0.0
297,ALNS-Nominal,0.0
298,ALNS-Nominal,17.329851458955062
299,ALNS-Nominal,6.223657509107255
300,ALNS-Nominal,8.429990894587519
301,ALNS-Nominal,17.1558172132315
302,ALNS-Nominal,11.143829134227104
303,ALNS-Nominal,65.71426450692908
304,ALNS-Nominal,86.8296380894378
305,ALNS-Nominal,40.401221776254545
306,ALNS-Nominal,0.0
307,ALNS-Nominal,16.36094357361179
308,ALNS-Nominal,9.086022254007133
309,ALNS-Nominal,1.3588474978558338
310,ALNS-Nominal,8.295472199229152
311,ALNS-Nominal,8.423311014985643
312,ALNS-Nominal,8.797755443396284
313,ALNS-Nominal,30.97360597041697
314,ALNS-Nominal,8.98807285982565
315,ALNS-Nominal,0.0
316,ALNS-Nominal,1.5998120163561111
317,ALNS-Nominal,0.0
318,ALNS-Nominal,4.092342252115401
319,ALNS-Nominal,9.955467970760964
320,ALNS-Nominal,14.789109777500897
321,ALNS-Nominal,0.7845228087338398
322,ALNS-Nominal,0.0
323,ALNS-Nominal,5.419209016529209
324,ALNS-Nominal,0.0
325,ALNS-Nominal,16.69939483833187
326,ALNS-Nominal,13.536958225717797
327,ALNS-Nominal,2.564184010075195
328,ALNS-Nominal,4.030716642640044
329,ALNS-Nominal,0.0
330,ALNS-Nominal,8.122248622319006
331,ALNS-Nominal,16.613931183118495
332,ALNS-Nominal,2.73594844239787
333,ALNS-Nominal,43.9313326954142
334,ALNS-Nominal,14.34239904118968
335,ALNS-Nominal,25.351301421569076
336,ALNS-Nominal,9.287194302311718
337,ALNS-Nominal,5.726370669223485
338,ALNS-Nominal,22.760589089744826
339,ALNS-Nominal,16.02549461720605
340,ALNS-Nominal,17.69772996985438
341,ALNS-Nominal,15.65854817674554
342,ALNS-Nominal,17.450554182234868
343,ALNS-Nominal,62.96574996005083
344,ALNS-Nominal,9.422686078382611
345,ALNS-Nominal,8.606617130897035
346,ALNS-Nominal,23.660178329357564
347,ALNS-Nominal,17.163220457422227
348,ALNS-Nominal,11.377188353695914
349,ALNS-Nominal,3.04094144637304
350,ALNS-Nominal,3.0800144230010744
351,ALNS-Nominal,1.401719849964337
352,ALNS-Nominal,0.3336935055920378
353,ALNS-Nominal,26.641149746784123
354,ALNS-Nominal,32.59069181557558
355,ALNS-Nominal,29.333749781964684
356,ALNS-Nominal,0.0
357,ALNS-Nominal,10.53323302473126
358,ALNS-Nominal,9.339059918565283
359,ALNS-Nominal,7.5005466224952215
360,ALNS-Nominal,22.52294432447343
361,ALNS-Nominal,4.868683761382442
362,ALNS-Nominal,9.05070756270328
363,ALNS-Nominal,7.585407852737944
364,ALNS-Nominal,9.391790802329496
365,ALNS-Nominal,4.307797225233941
366,ALNS-Nominal,4.116336386568378
367,ALNS-Nominal,13.404119936161692
368,ALNS-Nominal,2.303044570706902
369,ALNS-Nominal,16.347204383364044
370,ALNS-Nominal,33.45657446165404
371,ALNS-Nominal,3.721631611036372
372,ALNS-Nominal,1.5028204010760078
373,ALNS-Nominal,0.0
374,ALNS-Nominal,22.629589245874314
375,ALNS-Nominal,7.016534894797445
376,ALNS-Nominal,11.338750010356108
377,ALNS-Nominal,5.807196033357201
378,ALNS-Nominal,8.501342835839608
379,ALNS-Nominal,11.35833535242864
380,ALNS-Nominal,0.0
381,ALNS-Nominal,63.73199874684053
382,ALNS-Nominal,38.92064299619554
383,ALNS-Nominal,2.87216187356708
384,ALNS-Nominal,3.4552449212613396
385,ALNS-Nominal,0.0
386,ALNS-Nominal,8.443772199285945
387,ALNS-Nominal,0.5752477004276955
388,ALNS-Nominal,0.0
389,ALNS-Nominal,3.6545416456217765
390,ALNS-Nominal,2.6405525439571704
391,ALNS-Nominal,23.061405837745497
392,ALNS-Nominal,14.009063466026475
393,ALNS-Nominal,21.935665004348976
394,ALNS-Nominal,3.7358498186633824
395,ALNS-Nominal,24.769179702306985
396,ALNS-Nominal,79.1603215646146
397,ALNS-Nominal,0.0
398,ALNS-Nominal,3.9495378373289327
399,ALNS-Nominal,0.0
400,ALNS-Nominal,0.552477828123557
401,ALNS-Nominal,14.659094001599897
402,ALNS-Nominal,38.060961985502814
403,ALNS-Nominal,16.523646892275366
404,ALNS-Nominal,13.166438347309366
405,ALNS-Nominal,31.33945333745578
406,ALNS-Nominal,21.513692055156753
407,ALNS-Nominal,12.911066174879124
408,ALNS-Nominal,0.0
409,ALNS-Nominal,14.626027002162743
410,ALNS-Nominal,0.0
411,ALNS-Nominal,21.735390666447444
412,ALNS-Nominal,41.64753739135941
413,ALNS-Nominal,2.024337026054866
414,ALNS-Nominal,16.999838366492497
415,ALNS-Nominal,26.985386298134898
416,ALNS-Nominal,1.5742029164161409
417,ALNS-Nominal,2.7533047375127353
418,ALNS-Nominal,21.811289490757957
419,ALNS-Nominal,9.390376098392863
420,ALNS-Nominal,30.584282040754175
421,ALNS-Nominal,14.675469961290247
422,ALNS-Nominal,53.369966127592704
423,ALNS-Nominal,1.8952807690081954
424,ALNS-Nominal,2.0646053670673155
425,ALNS-Nominal,41.73077398574836
426,ALNS-Nominal,0.0
427,ALNS-Nominal,5.319534509682626
428,ALNS-Nominal,3.96715283733667
429,ALNS-Nominal,13.944532409436391
430,ALNS-Nominal,17.426895767897776
431,ALNS-Nominal,0.0
432,ALNS-Nominal,21.68134121516107
433,ALNS-Nominal,0.0
434,ALNS-Nominal,2.190610780227189
435,ALNS-Nominal,29.4893481749109
436,ALNS-Nominal,11.348341058105348
437,ALNS-Nominal,5.182531749071785
438,ALNS-Nominal,31.64683448802873
439,ALNS-Nominal,0.0
440,ALNS-Nominal,0.0
441,ALNS-Nominal,11.892784281617367
442,ALNS-Nominal,0.0
443,ALNS-Nominal,0.0
444,ALNS-Nominal,14.246420082525077
445,ALNS-Nominal,5.097628693551428
446,ALNS-Nominal,3.5035877877766097
447,ALNS-Nominal,5.001326870849567
448,ALNS-Nominal,12.233356382257625
449,ALNS-Nominal,32.10108645098387
450,ALNS-Nominal,15.07053117328499
451,ALNS-Nominal,0.0
452,ALNS-Nominal,8.056510407742621
453,ALNS-Nominal,35.27904760017654
454,ALNS-Nominal,0.0
455,ALNS-Nominal,40.851311808180554
456,ALNS-Nominal,0.0
457,ALNS-Nominal,10.91033219009853
458,ALNS-Nominal,37.13444859523537
459,ALNS-Nominal,28.249033395988477
460,ALNS-Nominal,5.61867198943051
461,ALNS-Nominal,5.9983910671270735
462,ALNS-Nominal,0.9094048590500279
463,ALNS-Nominal,63.15519186170977
464,ALNS-Nominal,150.8731995970285
465,ALNS-Nominal,6.560135633913632
466,ALNS-Nominal,10.50482130026731
467,ALNS-Nominal,5.096197313033713
468,ALNS-Nominal,7.17628693248497
469,ALNS-Nominal,12.364903742740438
470,ALNS-Nominal,4.397543395309469
471,ALNS-Nominal,6.163150213007043
472,ALNS-Nominal,0.0
473,ALNS-Nominal,5.761002013729723
474,ALNS-Nominal,22.789548929124578
475,ALNS-Nominal,0.341485066698084
476,ALNS-Nominal,57.12986000090035
477,ALNS-Nominal,12.880943704879485
478,ALNS-Nominal,0.0
479,ALNS-Nominal,83.78889821974147
480,ALNS-Nominal,0.0
481,ALNS-Nominal,3.888257862755438
482,ALNS-Nominal,1.3787107382115664
483,ALNS-Nominal,1.2335188828960213
484,ALNS-Nominal,15.109708809517628
485,ALNS-Nominal,35.77365941956006
486,ALNS-Nominal,0.0
487,ALNS-Nominal,9.34162443335515
488,ALNS-Nominal,8.710816572711138
489,ALNS-Nominal,10.512341091337333
490,ALNS-Nominal,11.942362351585473
491,ALNS-Nominal,0.6871769183648553
492,ALNS-Nominal,38.874645958379205
493,ALNS-Nominal,14.09326438996439
494,ALNS-Nominal,5.255180867611642
495,ALNS-Nominal,1.9513189728238558
496,ALNS-Nominal,4.621838473942205
497,ALNS-Nominal,13.598864797794874
498,ALNS-Nominal,0.0
499,ALNS-Nominal,10.06970835350458
500,ALNS-Nominal,16.014969708964202
501,ALNS-Nominal,11.928419033534425
502,ALNS-Nominal,12.471487784212655
503,ALNS-Nominal,62.20175381502787
504,ALNS-Nominal,7.630364389072895
505,ALNS-Nominal,3.797576942395864
506,ALNS-Nominal,7.581977419054567
507,ALNS-Nominal,0.0
508,ALNS-Nominal,16.470404332228185
509,ALNS-Nominal,7.815558442674728
510,ALNS-Nominal,51.50326943554052
511,ALNS-Nominal,0.0
512,ALNS-Nominal,1.4840588551818428
513,ALNS-Nominal,24.38357934895265
514,ALNS-Nominal,7.098969495801214
515,ALNS-Nominal,0.0
516,ALNS-Nominal,0.0
517,ALNS-Nominal,4.93613592697784
518,ALNS-Nominal,3.3525661670111617
519,ALNS-Nominal,11.084776065004036
520,ALNS-Nominal,7.66830039525712
521,ALNS-Nominal,5.784030887069775
522,ALNS-Nominal,17.65382620145826
523,ALNS-Nominal,0.7225982742452857
524,ALNS-Nominal,35.90509442922914
525,ALNS-Nominal,20.418469825884955
526,ALNS-Nominal,3.8991757936922227
527,ALNS-Nominal,12.796704292182909
528,ALNS-Nominal,5.065444955072394
529,ALNS-Nominal,0.0
530,ALNS-Nominal,1.9144841575424039
531,ALNS-Nominal,0.0
532,ALNS-Nominal,45.63564992786513
533,ALNS-Nominal,0.09778076464766627
534,ALNS-Nominal,34.425582314622886
535,ALNS-Nominal,68.1766678863253
536,ALNS-Nominal,18.42466423794457
537,ALNS-Nominal,32.567647926853
538,ALNS-Nominal,2.445925109878516
539,ALNS-Nominal,5.155851393035107
540,ALNS-Nominal,6.177519716998177
541,ALNS-Nominal,0.0
542,ALNS-Nominal,22.52670032987598
543,ALNS-Nominal,21.3989420512643
544,ALNS-Nominal,0.0
545,ALNS-Nominal,8.906744720125602
546,ALNS-Nominal,16.694781754374873
547,ALNS-Nominal,0.0
548,ALNS-Nominal,17.027946016025965
549,ALNS-Nominal,1.9221742192821978
550,ALNS-Nominal,0.0
551,ALNS-Nominal,27.12228455090485
552,ALNS-Nominal,57.41975552091321
553,ALNS-Nominal,0.41157311388235485
554,ALNS-Nominal,0.7654674974062345
555,ALNS-Nominal,7.284217867462502
556,ALNS-Nominal,13.386389865011068
557,ALNS-Nominal,7.865085465375699
558,ALNS-Nominal,4.397607022422079
559,ALNS-Nominal,0.5080628834215872
560,ALNS-Nominal,42.70958865937061
561,ALNS-Nominal,15.448099620005593
562,ALNS-Nominal,5.6902528915563835
563,ALNS-Nominal,6.91709249929778
564,ALNS-Nominal,3.5527727491032977
565,ALNS-Nominal,13.78497516672735
566,ALNS-Nominal,0.3863524058504595
567,ALNS-Nominal,0.0
568,ALNS-Nominal,46.9862518566805
569,ALNS-Nominal,0.8405208220299585
570,ALNS-Nominal,22.424016505633233
571,ALNS-Nominal,42.077769379219774
572,ALNS-Nominal,1.2636463830920377
573,ALNS-Nominal,0.5381996950326879
574,ALNS-Nominal,23.943719494524572
575,ALNS-Nominal,20.082834331018972
576,ALNS-Nominal,7.022494909194791
577,ALNS-Nominal,0.0
578,ALNS-Nominal,0.0
579,ALNS-Nominal,10.318366444272982
580,ALNS-Nominal,3.5457432800752144
581,ALNS-Nominal,4.150756411505881
582,ALNS-Nominal,16.888281850693943
583,ALNS-Nominal,7.6700316525390235
584,ALNS-Nominal,0.9520401375897904
585,ALNS-Nominal,12.601350461924
586,ALNS-Nominal,5.016335177035245
587,ALNS-Nominal,8.371258376104635
588,ALNS-Nominal,14.54898872637159
589,ALNS-Nominal,25.753123535857128
590,ALNS-Nominal,44.61465403750489
591,ALNS-Nominal,48.560529738323595
592,ALNS-Nominal,8.838045272069479
593,ALNS-Nominal,14.284290744861408
594,ALNS-Nominal,0.0
595,ALNS-Nominal,2.95555386950565
596,ALNS-Nominal,0.2111477520288645
597,ALNS-Nominal,0.5743584403278987
598,ALNS-Nominal,0.0
599,ALNS-Nominal,12.19541744050909
600,ALNS-Nominal,11.330206285631448
601,ALNS-Nominal,14.920616190459072
602,ALNS-Nominal,35.275592008298645
603,ALNS-Nominal,12.590212424571945
604,ALNS-Nominal,21.59408560134358
605,ALNS-Nominal,25.80727128120631
606,ALNS-Nominal,8.938106576503543
607,ALNS-Nominal,65.46230948963463
608,ALNS-Nominal,19.078666756749016
609,ALNS-Nominal,52.15723978077426
610,ALNS-Nominal,33.87207917306759
611,ALNS-Nominal,15.444593810755578
612,ALNS-Nominal,94.09984115835542
613,ALNS-Nominal,10.918844781793297
614,ALNS-Nominal,14.171102994155461
615,ALNS-Nominal,0.0
616,ALNS-Nominal,0.0
617,ALNS-Nominal,0.0
618,ALNS-Nominal,15.216551504766073
619,ALNS-Nominal,31.537203258502416
620,ALNS-Nominal,21.828448362616797
621,ALNS-Nominal,0.717310501664258
622,ALNS-Nominal,9.830998651253338
623,ALNS-Nominal,9.470101663075525
624,ALNS-Nominal,10.06162245117352
625,ALNS-Nominal,0.0
626,ALNS-Nominal,20.343406804225282
627,ALNS-Nominal,58.444766668414786
628,ALNS-Nominal,23.524245443839135
629,ALNS-Nominal,22.398893442274527
630,ALNS-Nominal,0.0
631,ALNS-Nominal,22.2208385734981
632,ALNS-Nominal,20.42454800581433
633,ALNS-Nominal,29.997809522050375
634,ALNS-Nominal,0.0
635,ALNS-Nominal,8.682777320064758
636,ALNS-Nominal,24.020318608430188
637,ALNS-Nominal,0.0
638,ALNS-Nominal,54.235846639381094
639,ALNS-Nominal,0.6283946398648368
640,ALNS-Nominal,21.299027170795085
641,ALNS-Nominal,0.0
642,ALNS-Nominal,4.774249286102759
643,ALNS-Nominal,16.883970315623344
644,ALNS-Nominal,0.0
645,ALNS-Nominal,3.05511590638946
646,ALNS-Nominal,5.777893727794179
647,ALNS-Nominal,0.0
648,ALNS-Nominal,11.289706843280726
649,ALNS-Nominal,2.5998380630877023
650,ALNS-Nominal,3.2607914163526175
651,ALNS-Nominal,0.29538032273393355
652,ALNS-Nominal,34.795078253413664
653,ALNS-Nominal,0.0
654,ALNS-Nominal,2.7312219089721452
655,ALNS-Nominal,11.163746004525365
656,ALNS-Nominal,3.7649863131996426
657,ALNS-Nominal,0.0
658,ALNS-Nominal,0.0
659,ALNS-Nominal,0.24306644162024327
660,ALNS-Nominal,0.0
661,ALNS-Nominal,5.199893163944921
662,ALNS-Nominal,0.0
663,ALNS-Nominal,16.284751939496715
664,ALNS-Nominal,8.78334335631368
665,ALNS-Nominal,1.1210573282660903
666,ALNS-Nominal,21.624438179151326
667,ALNS-Nominal,14.114535274451356
668,ALNS-Nominal,25.888227152099745
669,ALNS-Nominal,0.0
670,ALNS-Nominal,19.164411577673093
671,ALNS-Nominal,97.46058315117861
672,ALNS-Nominal,4.348339650482558
673,ALNS-Nominal,18.08108527992289
674,ALNS-Nominal,17.262235896851138
675,ALNS-Nominal,10.209440079560267
676,ALNS-Nominal,0.6342739337886201
677,ALNS-Nominal,0.0
678,ALNS-Nominal,6.90877520095367
679,ALNS-Nominal,9.536015567820328
680,ALNS-Nominal,40.039382961766336
681,ALNS-Nominal,0.914675129896267
682,ALNS-Nominal,0.8481735619212145
683,ALNS-Nominal,0.0
684,ALNS-Nominal,4.056948558721842
685,ALNS-Nominal,10.639522998709737
686,ALNS-Nominal,0.0
687,ALNS-Nominal,0.7178033036154261
688,ALNS-Nominal,0.0
689,ALNS-Nominal,40.87210654636465
690,ALNS-Nominal,0.0
691,ALNS-Nominal,29.794135247728747
692,ALNS-Nominal,7.283815630749103
693,ALNS-Nominal,3.5929287847098976
694,ALNS-Nominal,6.83980705698761
695,ALNS-Nominal,10.527667497768903
696,ALNS-Nominal,8.647094951389533
697,ALNS-Nominal,0.0
698,ALNS-Nominal,4.97580344792712
699,ALNS-Nominal,6.261668255915112
700,ALNS-Nominal,6.171093687514485
701,ALNS-Nominal,13.955584012581
702,ALNS-Nominal,27.560115920471247
703,ALNS-Nominal,2.46571719534856
704,ALNS-Nominal,8.470472319592062
705,ALNS-Nominal,5.181724267581046
706,ALNS-Nominal,12.197868467242529
707,ALNS-Nominal,14.23112128803183
708,ALNS-Nominal,0.0
709,ALNS-Nominal,8.570839988628308
710,ALNS-Nominal,21.037917646833506
711,ALNS-Nominal,0.0
712,ALNS-Nominal,1.1372844742748498
713,ALNS-Nominal,1.1588038308460114
714,ALNS-Nominal,14.649395373284364
715,ALNS-Nominal,31.716542736805735
716,ALNS-Nominal,26.180558934130232
717,ALNS-Nominal,5.3263639499851365
718,ALNS-Nominal,30.544300374914684
719,ALNS-Nominal,19.90739058251816
720,ALNS-Nominal,10.019898015365698
721,ALNS-Nominal,0.0
722,ALNS-Nominal,31.177352026786224
723,ALNS-Nominal,9.352685568072786
724,ALNS-Nominal,16.87885514481738
725,ALNS-Nominal,0.0
726,ALNS-Nominal,12.744967600926344
727,ALNS-Nominal,12.092150515781924
728,ALNS-Nominal,2.3667904338425956
729,ALNS-Nominal,6.341181751542592
730,ALNS-Nominal,4.6019008743122924
731,ALNS-Nominal,5.164808211633755
732,ALNS-Nominal,15.678344720946171
733,ALNS-Nominal,4.07926619900644
734,ALNS-Nominal,15.917428100816636
735,ALNS-Nominal,7.143178646971336
736,ALNS-Nominal,1.4499236672489246
737,ALNS-Nominal,42.171667974257446
738,ALNS-Nominal,32.14201516567343
739,ALNS-Nominal,15.496734785743513
740,ALNS-Nominal,10.780018452569806
741,ALNS-Nominal,0.0
742,ALNS-Nominal,33.68873176664468
743,ALNS-Nominal,13.651590392725609
744,ALNS-Nominal,0.855977549008287
745,ALNS-Nominal,10.273090643035914
746,ALNS-Nominal,2.6308472905816984
747,ALNS-Nominal,7.6255003267853
748,ALNS-Nominal,11.874279880148833
749,ALNS-Nominal,6.958119574406851
750,ALNS-Nominal,15.77401941692662
751,ALNS-Nominal,2.2662408143742425
752,ALNS-Nominal,6.038256381879222
753,ALNS-Nominal,6.019366860338323
754,ALNS-Nominal,2.8598806619963
755,ALNS-Nominal,18.252529100659643
756,ALNS-Nominal,21.262446630994162
757,ALNS-Nominal,21.52761442939007
758,ALNS-Nominal,4.819862742141595
759,ALNS-Nominal,12.905910275277932
760,ALNS-Nominal,0.0
761,ALNS-Nominal,0.0
762,ALNS-Nominal,5.346369896311728
763,ALNS-Nominal,9.361719009733093
764,ALNS-Nominal,7.045795996704783
765,ALNS-Nominal,0.6060878947102424
766,ALNS-Nominal,17.40075622081369
767,ALNS-Nominal,6.77647660740098
768,ALNS-Nominal,25.63141542641509
769,ALNS-Nominal,22.01533506419625
770,ALNS-Nominal,5.420587618565463
771,ALNS-Nominal,4.698954508438874
772,ALNS-Nominal,29.004568527748603
773,ALNS-Nominal,19.33574429051052
774,ALNS-Nominal,8.199811323003019
775,ALNS-Nominal,33.8385150429373
776,ALNS-Nominal,0.9618420331322568
777,ALNS-Nominal,13.691625468385325
778,ALNS-Nominal,8.238123199258126
779,ALNS-Nominal,3.1521302593293967
780,ALNS-Nominal,14.89350970867389
781,ALNS-Nominal,0.0
782,ALNS-Nominal,3.296478780073727
783,ALNS-Nominal,25.38154174327488
784,ALNS-Nominal,22.64878689238313
785,ALNS-Nominal,10.170076831220314
786,ALNS-Nominal,0.2637042417786972
787,ALNS-Nominal,7.2140587683617525
788,ALNS-Nominal,16.450314920527887
789,ALNS-Nominal,48.706553602530136
790,ALNS-Nominal,10.489906185017787
791,ALNS-Nominal,15.449703417683736
792,ALNS-Nominal,9.295922983826244
793,ALNS-Nominal,22.295554608617152
794,ALNS-Nominal,18.254559827378017
795,ALNS-Nominal,0.0
796,ALNS-Nominal,43.6408193093591
797,ALNS-Nominal,7.244576777978125
798,ALNS-Nominal,22.78557644763663
799,ALNS-Nominal,12.485747927064011
800,ALNS-Nominal,11.868083029857786
801,ALNS-Nominal,7.137506247789048
802,ALNS-Nominal,10.42380096988083
803,ALNS-Nominal,7.42711204263
804,ALNS-Nominal,6.092517937801119
805,ALNS-Nominal,0.7193955336624924
806,ALNS-Nominal,11.35570894097853
807,ALNS-Nominal,67.3225289414795
808,ALNS-Nominal,6.28716023092494
809,ALNS-Nominal,0.23507988151817472
810,ALNS-Nominal,0.0
811,ALNS-Nominal,20.22359516730458
812,ALNS-Nominal,43.589393984504596
813,ALNS-Nominal,5.62283011034296
814,ALNS-Nominal,13.195510616913367
815,ALNS-Nominal,26.56329901830489
816,ALNS-Nominal,0.0
817,ALNS-Nominal,5.235680310932281
818,ALNS-Nominal,92.76046430995277
819,ALNS-Nominal,7.836505851404127
820,ALNS-Nominal,11.579018939319724
821,ALNS-Nominal,25.394408105840796
822,ALNS-Nominal,26.250640818183825
823,ALNS-Nominal,4.682219723029647
824,ALNS-Nominal,11.956699213838618
825,ALNS-Nominal,14.125364004953525
826,ALNS-Nominal,6.523933837990711
827,ALNS-Nominal,13.301916159537285
828,ALNS-Nominal,0.0
829,ALNS-Nominal,2.6634522867679493
830,ALNS-Nominal,7.720829440905447
831,ALNS-Nominal,7.293602754882386
832,ALNS-Nominal,1.0776952743132426
833,ALNS-Nominal,31.752671678848145
834,ALNS-Nominal,6.52890912414972
835,ALNS-Nominal,0.0
836,ALNS-Nominal,38.4387881744141
837,ALNS-Nominal,0.0
838,ALNS-Nominal,57.6477162522377
839,ALNS-Nominal,36.909615488390045
840,ALNS-Nominal,0.0
841,ALNS-Nominal,22.243759833856217
842,ALNS-Nominal,27.841979190118565
843,ALNS-Nominal,10.785187302704543
844,ALNS-Nominal,6.841766669511088
845,ALNS-Nominal,0.0
846,ALNS-Nominal,4.042462599833868
847,ALNS-Nominal,20.313436738422382
848,ALNS-Nominal,6.5996718887755605
849,ALNS-Nominal,46.614603338532845
850,ALNS-Nominal,0.0
851,ALNS-Nominal,0.9228488192117084
852,ALNS-Nominal,2.5055557284223084
853,ALNS-Nominal,14.479016225996872
854,ALNS-Nominal,5.340017956133522
855,ALNS-Nominal,1.27958251270735
856,ALNS-Nominal,4.817854388611863
857,ALNS-Nominal,15.681530424064334
858,ALNS-Nominal,11.462503983942554
859,ALNS-Nominal,22.09731124345356
860,ALNS-Nominal,15.378748942906725
861,ALNS-Nominal,8.182813505245946
862,ALNS-Nominal,19.06749697688076
863,ALNS-Nominal,8.490017176542835
864,ALNS-Nominal,1.0921918064516376
865,ALNS-Nominal,15.155649154704776
866,ALNS-Nominal,5.833576273360336
867,ALNS-Nominal,20.610514267266126
868,ALNS-Nominal,16.591196318404144
869,ALNS-Nominal,31.07090850362181
870,ALNS-Nominal,7.911561496606055
871,ALNS-Nominal,7.6652740129233905
872,ALNS-Nominal,1.8990700588830691
873,ALNS-Nominal,16.45438453307679
874,ALNS-Nominal,6.7224256882769
875,ALNS-Nominal,0.6350408982809199
876,ALNS-Nominal,0.8121137207144784
877,ALNS-Nominal,0.0
878,ALNS-Nominal,0.2616611079720883
879,ALNS-Nominal,46.851613611700685
880,ALNS-Nominal,63.221756637101095
881,ALNS-Nominal,9.514264071668094
882,ALNS-Nominal,26.805840025433497
883,ALNS-Nominal,0.0
884,ALNS-Nominal,30.945204136236214
885,ALNS-Nominal,0.0
886,ALNS-Nominal,0.0
887,ALNS-Nominal,0.0
888,ALNS-Nominal,36.70741433503565
889,ALNS-Nominal,0.0
890,ALNS-Nominal,0.0
891,ALNS-Nominal,91.19901369997399
892,ALNS-Nominal,0.0
893,ALNS-Nominal,10.55186044856299
894,ALNS-Nominal,48.14931388609469
895,ALNS-Nominal,14.499858229042985
896,ALNS-Nominal,20.348705411186273
897,ALNS-Nominal,0.31048981606977577
898,ALNS-Nominal,8.108082278822991
899,ALNS-Nominal,6.145560365313116
900,ALNS-Nominal,0.0
901,ALNS-Nominal,19.09598648875371
902,ALNS-Nominal,3.899072983284583
903,ALNS-Nominal,3.8989794925323054
904,ALNS-Nominal,19.014636391080018
905,ALNS-Nominal,12.028701887066887
906,ALNS-Nominal,6.273843401057405
907,ALNS-Nominal,0.0
908,ALNS-Nominal,0.0
909,ALNS-Nominal,28.740422574976066
910,ALNS-Nominal,0.0
911,ALNS-Nominal,0.7694628761483955
912,ALNS-Nominal,0.6136246683676916
913,ALNS-Nominal,0.0
914,ALNS-Nominal,0.0
915,ALNS-Nominal,54.76480371404088
916,ALNS-Nominal,0.0
917,ALNS-Nominal,11.826170609477487
918,ALNS-Nominal,3.817806975712813
919,ALNS-Nominal,13.656116439142068
920,ALNS-Nominal,80.32953389349643
921,ALNS-Nominal,6.70633507017817
922,ALNS-Nominal,0.0
923,ALNS-Nominal,10.490100610291961
924,ALNS-Nominal,0.0
925,ALNS-Nominal,16.34669629924221
926,ALNS-Nominal,11.450527139330632
927,ALNS-Nominal,25.858984653399517
928,ALNS-Nominal,33.44676997403596
929,ALNS-Nominal,4.226737150237739
930,ALNS-Nominal,0.8685410720527784
931,ALNS-Nominal,19.172707191267307
932,ALNS-Nominal,24.191856258846997
933,ALNS-Nominal,1.119828942934248
934,ALNS-Nominal,7.593626243902293
935,ALNS-Nominal,8.337676317094036
936,ALNS-Nominal,32.477566402734766
937,ALNS-Nominal,51.61350230129145
938,ALNS-Nominal,1.8162506501116127
939,ALNS-Nominal,3.028582352563376
940,ALNS-Nominal,0.0
941,ALNS-Nominal,12.51562583714022
942,ALNS-Nominal,1.7046019753076393
943,ALNS-Nominal,13.441336952754767
944,ALNS-Nominal,10.43002337101359
945,ALNS-Nominal,21.109235380264323
946,ALNS-Nominal,8.855702833340871
947,ALNS-Nominal,8.82329439261784
948,ALNS-Nominal,12.349141890518553
949,ALNS-Nominal,18.37104128344447
950,ALNS-Nominal,17.079775256877667
951,ALNS-Nominal,14.603457870954173
952,ALNS-Nominal,15.037169547983694
953,ALNS-Nominal,2.7970418315034635
954,ALNS-Nominal,0.3900363510550733
955,ALNS-Nominal,0.5949142084845391
956,ALNS-Nominal,7.422181698266655
957,ALNS-Nominal,6.9660877547692905
958,ALNS-Nominal,6.257152377103523
959,ALNS-Nominal,4.590637269122482
960,ALNS-Nominal,0.0
961,ALNS-Nominal,0.0
962,ALNS-Nominal,20.68527430396165
963,ALNS-Nominal,9.70055544310759
964,ALNS-Nominal,0.0
965,ALNS-Nominal,0.0
966,ALNS-Nominal,0.7396728011391929
967,ALNS-Nominal,42.91868738344368
968,ALNS-Nominal,5.055907279485098
969,ALNS-Nominal,5.919291188466616
970,ALNS-Nominal,1.8569212418390748
971,ALNS-Nominal,16.576880482310486
972,ALNS-Nominal,0.0
973,ALNS-Nominal,0.0
974,ALNS-Nominal,16.347323602123254
975,ALNS-Nominal,7.257631975830122
976,ALNS-Nominal,6.302336472883951
977,ALNS-Nominal,15.144374794478864
978,ALNS-Nominal,23.2444421247329
979,ALNS-Nominal,8.781394333736074
980,ALNS-Nominal,7.536307466909989
981,ALNS-Nominal,14.828725720771587
982,ALNS-Nominal,0.0
983,ALNS-Nominal,3.569871265023181
984,ALNS-Nominal,10.941132122460061
985,ALNS-Nominal,15.849257275346986
986,ALNS-Nominal,0.0
987,ALNS-Nominal,24.585313077942175
988,ALNS-Nominal,112.24986540592474
989,ALNS-Nominal,8.417946351748554
990,ALNS-Nominal,11.828775989287067
991,ALNS-Nominal,28.94856225629104
992,ALNS-Nominal,23.827563383797298
993,ALNS-Nominal,0.0
994,ALNS-Nominal,1.9432072046541293
995,ALNS-Nominal,91.19370813667257
996,ALNS-Nominal,12.298022385616065
997,ALNS-Nominal,7.821488230581963
998,ALNS-Nominal,10.15555389567001
999,ALNS-Nominal,3.0191119623138434
0,ALNS-Mean,0.0
1,ALNS-Mean,0.0
2,ALNS-Mean,5.021791288052043
3,ALNS-Mean,9.716693201574458
4,ALNS-Mean,0.0
5,ALNS-Mean,0.0
6,ALNS-Mean,0.08028980065353153
7,ALNS-Mean,0.3200072046761875
8,ALNS-Mean,0.14606323153969925
9,ALNS-Mean,0.07150106704688142
10,ALNS-Mean,0.0
11,ALNS-Mean,0.0
12,ALNS-Mean,0.0
13,ALNS-Mean,0.0
14,ALNS-Mean,0.0
15,ALNS-Mean,0.26528123732515496
16,ALNS-Mean,0.0
17,ALNS-Mean,0.0
18,ALNS-Mean,0.0
19,ALNS-Mean,0.0
20,ALNS-Mean,0.0
21,ALNS-Mean,0.0
22,ALNS-Mean,0.0
23,ALNS-Mean,0.11050367508033787
24,ALNS-Mean,0.0
25,ALNS-Mean,0.7525818299802722
26,ALNS-Mean,0.0
27,ALNS-Mean,0.0
28,ALNS-Mean,0.7197374452432541
29,ALNS-Mean,0.0
30,ALNS-Mean,0.0
31,ALNS-Mean,0.0
32,ALNS-Mean,0.7666901716108896
33,ALNS-Mean,0.38736482084681256
34,ALNS-Mean,0.30833887016024164
35,ALNS-Mean,0.0
36,ALNS-Mean,0.0
37,ALNS-Mean,0.0
38,ALNS-Mean,0.0
39,ALNS-Mean,4.282081759751691
40,ALNS-Mean,0.8119515551206291
41,ALNS-Mean,0.0
42,ALNS-Mean,0.0
43,ALNS-Mean,0.0
44,ALNS-Mean,0.0
45,ALNS-Mean,0.0
46,ALNS-Mean,0.0
47,ALNS-Mean,0.0
48,ALNS-Mean,0.0
49,ALNS-Mean,9.191639699687414
50,ALNS-Mean,0.0
51,ALNS-Mean,0.0
52,ALNS-Mean,0.0
53,ALNS-Mean,0.0
54,ALNS-Mean,0.0
55,ALNS-Mean,0.18779748880734815
56,ALNS-Mean,0.0
57,ALNS-Mean,0.0
58,ALNS-Mean,0.0
59,ALNS-Mean,1.0539862621000111
60,ALNS-Mean,0.0
61,ALNS-Mean,0.0
62,ALNS-Mean,0.0
63,ALNS-Mean,0.7539997905777227
64,ALNS-Mean,0.0
65,ALNS-Mean,0.0
66,ALNS-Mean,0.0
67,ALNS-Mean,1.8209307515995192
68,ALNS-Mean,0.0
69,ALNS-Mean,0.0
70,ALNS-Mean,0.0
71,ALNS-Mean,0.0
72,ALNS-Mean,0.0
73,ALNS-Mean,0.0
74,ALNS-Mean,0.0
75,ALNS-Mean,0.0
76,ALNS-Mean,0.0
77,ALNS-Mean,0.0
78,ALNS-Mean,0.0
79,ALNS-Mean,0.0
80,ALNS-Mean,0.0
81,ALNS-Mean,0.0
82,ALNS-Mean,0.0
83,ALNS-Mean,0.0
84,ALNS-Mean,0.6603745479808936
85,ALNS-Mean,0.0
86,ALNS-Mean,2.622701892522457
87,ALNS-Mean,0.0
88,ALNS-Mean,0.0
89,ALNS-Mean,0.0
90,ALNS-Mean,0.0
91,ALNS-Mean,0.0
92,ALNS-Mean,0.0
93,ALNS-Mean,0.0
94,ALNS-Mean,0.0
95,ALNS-Mean,2.0975875696710773
96,ALNS-Mean,0.5350827967757255
97,ALNS-Mean,0.0
98,ALNS-Mean,1.8230393406003316
99,ALNS-Mean,0.0
100,ALNS-Mean,8.990019559422876
101,ALNS-Mean,0.0
102,ALNS-Mean,3.2366330951308555
103,ALNS-Mean,0.0
104,ALNS-Mean,0.0
105,ALNS-Mean,0.0
106,ALNS-Mean,0.0
107,ALNS-Mean,0.10918938454329918
108,ALNS-Mean,0.0
109,ALNS-Mean,0.0
110,ALNS-Mean,0.06438866618856309
111,ALNS-Mean,0.0
112,ALNS-Mean,0.0
113,ALNS-Mean,0.0
114,ALNS-Mean,0.0
115,ALNS-Mean,0.0
116,ALNS-Mean,0.0
117,ALNS-Mean,0.0
118,ALNS-Mean,0.0
119,ALNS-Mean,0.0
120,ALNS-Mean,0.0
121,ALNS-Mean,0.0
122,ALNS-Mean,0.12626331804057145
123,ALNS-Mean,0.0
124,ALNS-Mean,0.23914826611587614
125,ALNS-Mean,0.0
126,ALNS-Mean,0.0
127,ALNS-Mean,0.0
128,ALNS-Mean,1.0651820787305724
129,ALNS-Mean,0.0
130,ALNS-Mean,0.0
131,ALNS-Mean,0.0
132,ALNS-Mean,0.0
133,ALNS-Mean,0.0
134,ALNS-Mean,0.20899198423461485
135,ALNS-Mean,2.629173814169633
136,ALNS-Mean,0.0
137,ALNS-Mean,0.16044545523334364
138,ALNS-Mean,0.0
139,ALNS-Mean,0.0
140,ALNS-Mean,0.0
141,ALNS-Mean,0.0
142,ALNS-Mean,2.6884796529082564
143,ALNS-Mean,0.0
144,ALNS-Mean,0.0
145,ALNS-Mean,0.0
146,ALNS-Mean,0.0
147,ALNS-Mean,0.6016207389070019
148,ALNS-Mean,0.0
149,ALNS-Mean,0.0
150,ALNS-Mean,0.0
151,ALNS-Mean,0.0
152,ALNS-Mean,0.0
153,ALNS-Mean,0.0
154,ALNS-Mean,0.0
155,ALNS-Mean,0.0
156,ALNS-Mean,0.0
157,ALNS-Mean,2.7584784598687406
158,ALNS-Mean,2.247855387029176
159,ALNS-Mean,0.0
160,ALNS-Mean,0.0
161,ALNS-Mean,0.0
162,ALNS-Mean,0.0
163,ALNS-Mean,0.0
164,ALNS-Mean,0.0
165,ALNS-Mean,0.07615561495771317
166,ALNS-Mean,0.0
167,ALNS-Mean,0.0
168,ALNS-Mean,0.22604549175798638
169,ALNS-Mean,0.0
170,ALNS-Mean,0.0
171,ALNS-Mean,0.0
172,ALNS-Mean,1.5728014543885251
173,ALNS-Mean,0.0
174,ALNS-Mean,0.0
175,ALNS-Mean,0.0
176,ALNS-Mean,0.0
177,ALNS-Mean,0.0
178,ALNS-Mean,0.0
179,ALNS-Mean,0.0
180,ALNS-Mean,0.0
181,ALNS-Mean,0.0
182,ALNS-Mean,0.0
183,ALNS-Mean,0.0
184,ALNS-Mean,0.0
185,ALNS-Mean,0.0
186,ALNS-Mean,0.0
187,ALNS-Mean,0.0
188,ALNS-Mean,0.0
189,ALNS-Mean,0.0
190,ALNS-Mean,0.0
191,ALNS-Mean,0.0
192,ALNS-Mean,0.0
193,ALNS-Mean,0.0
194,ALNS-Mean,0.0
195,ALNS-Mean,0.0
196,ALNS-Mean,0.18482487633730216
197,ALNS-Mean,0.0
198,ALNS-Mean,0.0
199,ALNS-Mean,0.0
200,ALNS-Mean,0.0
201,ALNS-Mean,0.0
202,ALNS-Mean,0.0
203,ALNS-Mean,0.0
204,ALNS-Mean,0.6169099604102257
205,ALNS-Mean,0.0
206,ALNS-Mean,0.0
207,ALNS-Mean,0.0
208,ALNS-Mean,0.0
209,ALNS-Mean,0.0
210,ALNS-Mean,0.16982144060000337
211,ALNS-Mean,0.0
212,ALNS-Mean,0.0
213,ALNS-Mean,0.0
214,ALNS-Mean,0.0
215,ALNS-Mean,0.0
216,ALNS-Mean,0.4585763256610562
217,ALNS-Mean,0.0
218,ALNS-Mean,0.0
219,ALNS-Mean,0.0
220,ALNS-Mean,0.0
221,ALNS-Mean,0.0
222,ALNS-Mean,0.0
223,ALNS-Mean,0.0
224,ALNS-Mean,2.1529005836767965
225,ALNS-Mean,0.0
226,ALNS-Mean,0.0
227,ALNS-Mean,4.1581995139079595
228,ALNS-Mean,0.0
229,ALNS-Mean,0.0
230,ALNS-Mean,0.0
231,ALNS-Mean,0.0
232,ALNS-Mean,0.0
233,ALNS-Mean,0.0
234,ALNS-Mean,0.0
235,ALNS-Mean,0.0
236,ALNS-Mean,0.6358122073763184
237,ALNS-Mean,0.0
238,ALNS-Mean,0.0
239,ALNS-Mean,0.0
240,ALNS-Mean,0.02317268543777118
241,ALNS-Mean,0.0
242,ALNS-Mean,0.0
243,ALNS-Mean,0.0
244,ALNS-Mean,0.0
245,ALNS-Mean,0.0
246,ALNS-Mean,0.0
247,ALNS-Mean,0.4483979778771072
248,ALNS-Mean,0.0
249,ALNS-Mean,0.2317945008097695
250,ALNS-Mean,1.9585357478424612
251,ALNS-Mean,0.7084158618710319
252,ALNS-Mean,0.0
253,ALNS-Mean,0.0
254,ALNS-Mean,0.0
255,ALNS-Mean,0.0
256,ALNS-Mean,0.027218671074706435
257,ALNS-Mean,0.0
258,ALNS-Mean,0.0
259,ALNS-Mean,0.0
260,ALNS-Mean,0.0
261,ALNS-Mean,0.0
262,ALNS-Mean,0.21254997270841613
263,ALNS-Mean,0.0
264,ALNS-Mean,0.0
265,ALNS-Mean,0.0
266,ALNS-Mean,1.0408715628973937
267,ALNS-Mean,2.4984086446878564
268,ALNS-Mean,0.0
269,ALNS-Mean,0.0
270,ALNS-Mean,0.6713340721430541
271,ALNS-Mean,0.0
272,ALNS-Mean,1.22846571689729
273,ALNS-Mean,0.0
274,ALNS-Mean,0.1879800651156529
275,ALNS-Mean,0.9033182309804033
276,ALNS-Mean,0.0
277,ALNS-Mean,0.0
278,ALNS-Mean,0.0
279,ALNS-Mean,3.2287898806939666
280,ALNS-Mean,0.0
281,ALNS-Mean,0.0
282,ALNS-Mean,0.0
283,ALNS-Mean,0.0
284,ALNS-Mean,4.745592758696773
285,ALNS-Mean,0.0
286,ALNS-Mean,0.0
287,ALNS-Mean,0.0
288,ALNS-Mean,0.5677757881692287
289,ALNS-Mean,0.4274517569577938
290,ALNS-Mean,0.0
291,ALNS-Mean,0.0
292,ALNS-Mean,0.0
293,ALNS-Mean,0.0
294,ALNS-Mean,0.0
295,ALNS-Mean,0.0
296,ALNS-Mean,0.0
297,ALNS-Mean,0.0
298,ALNS-Mean,0.3428623337312615
299,ALNS-Mean,0.0
300,ALNS-Mean,0.36924372020229157
301,ALNS-Mean,0.0
302,ALNS-Mean,4.709558882754379
303,ALNS-Mean,0.0
304,ALNS-Mean,0.38572144959272237
305,ALNS-Mean,2.0617680197664754
306,ALNS-Mean,0.0
307,ALNS-Mean,0.0
308,ALNS-Mean,0.0
309,ALNS-Mean,0.3039736255976777
310,ALNS-Mean,0.0
311,ALNS-Mean,0.2503486776982413
312,ALNS-Mean,1.6358455313932438
313,ALNS-Mean,0.0
314,ALNS-Mean,0.0
315,ALNS-Mean,0.12168118376098391
316,ALNS-Mean,0.0
317,ALNS-Mean,0.0
318,ALNS-Mean,0.0
319,ALNS-Mean,1.213929525716594
320,ALNS-Mean,0.0
321,ALNS-Mean,0.0
322,ALNS-Mean,0.0
323,ALNS-Mean,0.0
324,ALNS-Mean,0.0
325,ALNS-Mean,0.0
326,ALNS-Mean,0.0
327,ALNS-Mean,0.0
328,ALNS-Mean,0.0
329,ALNS-Mean,0.0
330,ALNS-Mean,0.0
331,ALNS-Mean,0.0
332,ALNS-Mean,0.0
333,ALNS-Mean,0.0
334,ALNS-Mean,0.0
335,ALNS-Mean,0.0
336,ALNS-Mean,0.0
337,ALNS-Mean,0.0
338,ALNS-Mean,0.3445874610392252
339,ALNS-Mean,0.0
340,ALNS-Mean,0.0
341,ALNS-Mean,0.0
342,ALNS-Mean,0.16027263969073147
343,ALNS-Mean,2.2120405730932475
344,ALNS-Mean,0.0
345,ALNS-Mean,0.06103630211453037
346,ALNS-Mean,0.0
347,ALNS-Mean,0.0
348,ALNS-Mean,0.0
349,ALNS-Mean,0.0
350,ALNS-Mean,4.076443342672633
351,ALNS-Mean,0.0
352,ALNS-Mean,0.0
353,ALNS-Mean,0.5732296445942211
354,ALNS-Mean,0.5129022440924587
355,ALNS-Mean,0.0
356,ALNS-Mean,0.0
357,ALNS-Mean,0.0
358,ALNS-Mean,1.150423262847994
359,ALNS-Mean,0.0
360,ALNS-Mean,0.0
361,ALNS-Mean,0.0
362,ALNS-Mean,0.7286380988313681
363,ALNS-Mean,0.0
364,ALNS-Mean,0.0
365,ALNS-Mean,0.0
366,ALNS-Mean,0.0
367,ALNS-Mean,0.0
368,ALNS-Mean,0.0
369,ALNS-Mean,0.0
370,ALNS-Mean,0.0
371,ALNS-Mean,0.0
372,ALNS-Mean,0.0
373,ALNS-Mean,0.0
374,ALNS-Mean,0.0
375,ALNS-Mean,0.0
376,ALNS-Mean,0.3689138187284584
377,ALNS-Mean,0.0
378,ALNS-Mean,0.0
379,ALNS-Mean,0.2712140187015848
380,ALNS-Mean,0.3872453883572007
381,ALNS-Mean,0.0
382,ALNS-Mean,0.0
383,ALNS-Mean,1.5449666431600804
384,ALNS-Mean,0.0
385,ALNS-Mean,0.0
386,ALNS-Mean,0.0
387,ALNS-Mean,0.0
388,ALNS-Mean,0.0
389,ALNS-Mean,0.0
390,ALNS-Mean,0.0
391,ALNS-Mean,0.1714555826208084
392,ALNS-Mean,0.0
393,ALNS-Mean,0.0
394,ALNS-Mean,0.0
395,ALNS-Mean,0.0
396,ALNS-Mean,1.8801483166788557
397,ALNS-Mean,0.0
398,ALNS-Mean,0.011468925047040557
399,ALNS-Mean,0.0
400,ALNS-Mean,0.0
401,ALNS-Mean,0.0
402,ALNS-Mean,0.0
403,ALNS-Mean,0.0
404,ALNS-Mean,0.0
405,ALNS-Mean,0.14077252377325067
406,ALNS-Mean,0.0
407,ALNS-Mean,0.0
408,ALNS-Mean,0.0
409,ALNS-Mean,0.0
410,ALNS-Mean,0.0
411,ALNS-Mean,0.0
412,ALNS-Mean,0.0
413,ALNS-Mean,0.0
414,ALNS-Mean,0.0
415,ALNS-Mean,0.0
416,ALNS-Mean,0.0
417,ALNS-Mean,0.0
418,ALNS-Mean,0.0
419,ALNS-Mean,0.0
420,ALNS-Mean,0.0
421,ALNS-Mean,1.5437526206208076
422,ALNS-Mean,0.0
423,ALNS-Mean,0.0
424,ALNS-Mean,2.468855451058289
425,ALNS-Mean,0.0
426,ALNS-Mean,0.665658786167171
427,ALNS-Mean,0.0
428,ALNS-Mean,0.0
429,ALNS-Mean,1.418932254484048
430,ALNS-Mean,0.0
431,ALNS-Mean,0.0
432,ALNS-Mean,0.8852045342937913
433,ALNS-Mean,0.0
434,ALNS-Mean,0.0
435,ALNS-Mean,0.0
436,ALNS-Mean,0.0
437,ALNS-Mean,0.0
438,ALNS-Mean,0.0
439,ALNS-Mean,0.0
440,ALNS-Mean,0.0
441,ALNS-Mean,0.07637162745692194
442,ALNS-Mean,0.0
443,ALNS-Mean,0.0
444,ALNS-Mean,0.0
445,ALNS-Mean,0.0
446,ALNS-Mean,0.0
447,ALNS-Mean,0.15049268980720854
448,ALNS-Mean,0.0
449,ALNS-Mean,0.0
450,ALNS-Mean,0.0
451,ALNS-Mean,0.0
452,ALNS-Mean,0.0
453,ALNS-Mean,4.285153479353994
454,ALNS-Mean,0.27928037606977796
455,ALNS-Mean,0.5864419677553201
456,ALNS-Mean,0.0
457,ALNS-Mean,0.0
458,ALNS-Mean,3.9438970376268117
459,ALNS-Mean,0.0
460,ALNS-Mean,0.0
461,ALNS-Mean,0.0
462,ALNS-Mean,1.9094345167178517
463,ALNS-Mean,1.8828217760932375
464,ALNS-Mean,0.0
465,ALNS-Mean,0.4772208979339325
466,ALNS-Mean,0.0
467,ALNS-Mean,3.7002695671105243
468,ALNS-Mean,0.14102821978173097
469,ALNS-Mean,0.0
470,ALNS-Mean,0.0
471,ALNS-Mean,0.0
472,ALNS-Mean,0.0
473,ALNS-Mean,2.435503728474373
474,ALNS-Mean,0.0
475,ALNS-Mean,0.0
476,ALNS-Mean,0.0
477,ALNS-Mean,0.0
478,ALNS-Mean,0.0
479,ALNS-Mean,0.0
480,ALNS-Mean,0.0
481,ALNS-Mean,0.2207403950987441
482,ALNS-Mean,0.0
483,ALNS-Mean,3.0213399416416564
484,ALNS-Mean,0.0
485,ALNS-Mean,0.0
486,ALNS-Mean,0.0
487,ALNS-Mean,1.8832821012119894
488,ALNS-Mean,0.0
489,ALNS-Mean,0.0
490,ALNS-Mean,0.0
491,ALNS-Mean,0.0
492,ALNS-Mean,0.0
493,ALNS-Mean,0.0
494,ALNS-Mean,0.0
495,ALNS-Mean,0.0
496,ALNS-Mean,0.0
497,ALNS-Mean,0.0
498,ALNS-Mean,0.0
499,ALNS-Mean,0.0
500,ALNS-Mean,0.0
501,ALNS-Mean,0.0
502,ALNS-Mean,0.0
503,ALNS-Mean,0.0
504,ALNS-Mean,0.0
505,ALNS-Mean,0.0
506,ALNS-Mean,0.0
507,ALNS-Mean,0.5660136736971708
508,ALNS-Mean,0.0
509,ALNS-Mean,0.0
510,ALNS-Mean,0.0
511,ALNS-Mean,0.4274807308247546
512,ALNS-Mean,0.0
513,ALNS-Mean,0.2197528813000531
514,ALNS-Mean,1.0496320820454343
515,ALNS-Mean,0.0
516,ALNS-Mean,0.0
517,ALNS-Mean,0.0
518,ALNS-Mean,0.0
519,ALNS-Mean,0.0
520,ALNS-Mean,1.4453229230986722
521,ALNS-Mean,0.0
522,ALNS-Mean,0.0
523,ALNS-Mean,0.0
524,ALNS-Mean,0.0
525,ALNS-Mean,0.0
526,ALNS-Mean,0.0
527,ALNS-Mean,0.0
528,ALNS-Mean,0.0
529,ALNS-Mean,0.0
530,ALNS-Mean,4.107537689698859
531,ALNS-Mean,0.0
532,ALNS-Mean,0.0
533,ALNS-Mean,0.0
534,ALNS-Mean,0.0
535,ALNS-Mean,0.0
536,ALNS-Mean,0.0
537,ALNS-Mean,0.3840289009055482
538,ALNS-Mean,0.0
539,ALNS-Mean,3.954713784823525
540,ALNS-Mean,1.8666107980216111
541,ALNS-Mean,0.0
542,ALNS-Mean,0.0
543,ALNS-Mean,0.0
544,ALNS-Mean,0.0
545,ALNS-Mean,0.0
546,ALNS-Mean,2.0364325906027716
547,ALNS-Mean,0.0
548,ALNS-Mean,0.0
549,ALNS-Mean,0.07251989429016703
550,ALNS-Mean,0.0
551,ALNS-Mean,0.0
552,ALNS-Mean,0.0
553,ALNS-Mean,0.0
554,ALNS-Mean,0.0
555,ALNS-Mean,0.0
556,ALNS-Mean,0.0
557,ALNS-Mean,0.0
558,ALNS-Mean,0.0
559,ALNS-Mean,0.1651320839488335
560,ALNS-Mean,0.11230973504831354
561,ALNS-Mean,0.0
562,ALNS-Mean,0.0
563,ALNS-Mean,0.0
564,ALNS-Mean,0.0642195577913185
565,ALNS-Mean,0.0
566,ALNS-Mean,0.0
567,ALNS-Mean,0.0
568,ALNS-Mean,0.0
569,ALNS-Mean,0.0
570,ALNS-Mean,0.0
571,ALNS-Mean,0.0
572,ALNS-Mean,0.7145206209347066
573,ALNS-Mean,0.5381996950326879
574,ALNS-Mean,0.0
575,ALNS-Mean,0.0
576,ALNS-Mean,0.0
577,ALNS-Mean,0.21083209848882234
578,ALNS-Mean,0.0
579,ALNS-Mean,0.0
580,ALNS-Mean,0.0
581,ALNS-Mean,0.0
582,ALNS-Mean,0.0
583,ALNS-Mean,0.0
584,ALNS-Mean,0.0
585,ALNS-Mean,0.0
586,ALNS-Mean,0.0
587,ALNS-Mean,0.0
588,ALNS-Mean,0.0
589,ALNS-Mean,0.0
590,ALNS-Mean,0.1417278958613224
591,ALNS-Mean,0.0
592,ALNS-Mean,0.0
593,ALNS-Mean,0.4242574660266314
594,ALNS-Mean,0.005924737828479465
595,ALNS-Mean,0.0
596,ALNS-Mean,0.0
597,ALNS-Mean,0.0
598,ALNS-Mean,0.0
599,ALNS-Mean,0.0214745153072613
600,ALNS-Mean,0.8307575775065743
601,ALNS-Mean,0.0
602,ALNS-Mean,0.0
603,ALNS-Mean,0.0
604,ALNS-Mean,0.0
605,ALNS-Mean,0.0
606,ALNS-Mean,5.234709773605687
607,ALNS-Mean,0.0
608,ALNS-Mean,0.0
609,ALNS-Mean,5.533190877744687
610,ALNS-Mean,0.0
611,ALNS-Mean,0.0
612,ALNS-Mean,0.0
613,ALNS-Mean,0.0
614,ALNS-Mean,0.0
615,ALNS-Mean,0.0
616,ALNS-Mean,0.0
617,ALNS-Mean,0.0
618,ALNS-Mean,0.0
619,ALNS-Mean,0.0
620,ALNS-Mean,0.3647575662877216
621,ALNS-Mean,0.0
622,ALNS-Mean,0.1467012112424868
623,ALNS-Mean,0.0
624,ALNS-Mean,0.0
625,ALNS-Mean,0.0
626,ALNS-Mean,0.0
627,ALNS-Mean,2.250151426533705
628,ALNS-Mean,0.0
629,ALNS-Mean,0.0
630,ALNS-Mean,0.0
631,ALNS-Mean,0.0
632,ALNS-Mean,0.0
633,ALNS-Mean,0.0
634,ALNS-Mean,0.9504195663409405
635,ALNS-Mean,0.0
636,ALNS-Mean,0.34925150518722603
637,ALNS-Mean,0.0
638,ALNS-Mean,0.0
639,ALNS-Mean,0.0
640,ALNS-Mean,0.0
641,ALNS-Mean,0.0
642,ALNS-Mean,0.0
643,ALNS-Mean,0.0
644,ALNS-Mean,0.0
645,ALNS-Mean,4.363394392337398
646,ALNS-Mean,0.0
647,ALNS-Mean,0.0
648,ALNS-Mean,0.0
649,ALNS-Mean,0.0
650,ALNS-Mean,0.8413822705828125
651,ALNS-Mean,0.0
652,ALNS-Mean,0.0
653,ALNS-Mean,0.0
654,ALNS-Mean,2.7644969735080736
655,ALNS-Mean,0.0
656,ALNS-Mean,0.0
657,ALNS-Mean,0.0
658,ALNS-Mean,0.0
659,ALNS-Mean,0.0
660,ALNS-Mean,0.0
661,ALNS-Mean,0.0
662,ALNS-Mean,0.0
663,ALNS-Mean,3.265526549831577
664,ALNS-Mean,0.0
665,ALNS-Mean,0.0
666,ALNS-Mean,0.30116747326246696
667,ALNS-Mean,0.0
668,ALNS-Mean,0.0
669,ALNS-Mean,0.0
670,ALNS-Mean,0.0
671,ALNS-Mean,0.0
672,ALNS-Mean,0.0
673,ALNS-Mean,0.0
674,ALNS-Mean,0.0
675,ALNS-Mean,0.3327002617449466
676,ALNS-Mean,0.0
677,ALNS-Mean,0.0
678,ALNS-Mean,0.0
679,ALNS-Mean,0.0
680,ALNS-Mean,0.42500606782630257
681,ALNS-Mean,0.0
682,ALNS-Mean,0.0
683,ALNS-Mean,0.0
684,ALNS-Mean,4.371982884475699
685,ALNS-Mean,4.766132399888477
686,ALNS-Mean,0.0
687,ALNS-Mean,0.0
688,ALNS-Mean,0.0
689,ALNS-Mean,0.0
690,ALNS-Mean,0.557775744190792
691,ALNS-Mean,0.0
692,ALNS-Mean,0.0
693,ALNS-Mean,0.0
694,ALNS-Mean,0.0
695,ALNS-Mean,0.0
696,ALNS-Mean,0.0
697,ALNS-Mean,0.0
698,ALNS-Mean,0.0
699,ALNS-Mean,0.0
700,ALNS-Mean,0.0
701,ALNS-Mean,0.0
702,ALNS-Mean,0.0
703,ALNS-Mean,0.0
704,ALNS-Mean,0.0
705,ALNS-Mean,0.0
706,ALNS-Mean,0.0
707,ALNS-Mean,0.0
708,ALNS-Mean,0.0
709,ALNS-Mean,0.0
710,ALNS-Mean,0.0
711,ALNS-Mean,0.0
712,ALNS-Mean,1.7210973409297594
713,ALNS-Mean,0.6030370419986184
714,ALNS-Mean,0.0
715,ALNS-Mean,0.0
716,ALNS-Mean,0.0
717,ALNS-Mean,0.0
718,ALNS-Mean,0.0
719,ALNS-Mean,0.0
720,ALNS-Mean,0.0
721,ALNS-Mean,0.0
722,ALNS-Mean,0.0
723,ALNS-Mean,0.0
724,ALNS-Mean,0.0
725,ALNS-Mean,0.0
726,ALNS-Mean,0.0
727,ALNS-Mean,0.0
728,ALNS-Mean,2.555074561578067
729,ALNS-Mean,0.0
730,ALNS-Mean,0.0
731,ALNS-Mean,0.0
732,ALNS-Mean,0.0
733,ALNS-Mean,0.0
734,ALNS-Mean,0.0
735,ALNS-Mean,0.14022825375411685
736,ALNS-Mean,0.0
737,ALNS-Mean,0.0
738,ALNS-Mean,0.0
739,ALNS-Mean,0.0
740,ALNS-Mean,0.0
741,ALNS-Mean,0.0
742,ALNS-Mean,0.0
743,ALNS-Mean,0.7374739852412233
744,ALNS-Mean,0.0
745,ALNS-Mean,0.0
746,ALNS-Mean,0.0
747,ALNS-Mean,0.0
748,ALNS-Mean,0.0
749,ALNS-Mean,3.3340550807466798
750,ALNS-Mean,0.14547622984269992
751,ALNS-Mean,0.0
752,ALNS-Mean,0.0
753,ALNS-Mean,0.0
754,ALNS-Mean,0.0
755,ALNS-Mean,1.5892202191150204
756,ALNS-Mean,0.0
757,ALNS-Mean,0.0
758,ALNS-Mean,2.097151792510374
759,ALNS-Mean,0.0
760,ALNS-Mean,0.0
761,ALNS-Mean,0.0
762,ALNS-Mean,0.0
763,ALNS-Mean,0.40522214281895685
764,ALNS-Mean,0.0
765,ALNS-Mean,0.0
766,ALNS-Mean,0.0
767,ALNS-Mean,0.0
768,ALNS-Mean,0.0
769,ALNS-Mean,0.018819243999246282
770,ALNS-Mean,0.0
771,ALNS-Mean,0.0
772,ALNS-Mean,0.2819796333446334
773,ALNS-Mean,0.0
774,ALNS-Mean,0.0
775,ALNS-Mean,0.0
776,ALNS-Mean,0.0
777,ALNS-Mean,0.0
778,ALNS-Mean,0.0
779,ALNS-Mean,0.0
780,ALNS-Mean,2.7750669371164918
781,ALNS-Mean,0.0
782,ALNS-Mean,0.9208276252260816
783,ALNS-Mean,0.4107359820074521
784,ALNS-Mean,0.0
785,ALNS-Mean,2.961500077977121
786,ALNS-Mean,0.0
787,ALNS-Mean,0.0
788,ALNS-Mean,0.0
789,ALNS-Mean,0.0
790,ALNS-Mean,0.0
791,ALNS-Mean,0.0
792,ALNS-Mean,0.0
793,ALNS-Mean,0.0
794,ALNS-Mean,0.0
795,ALNS-Mean,0.0
796,ALNS-Mean,0.0
797,ALNS-Mean,10.41050077633497
798,ALNS-Mean,0.0
799,ALNS-Mean,0.08555130234907438
800,ALNS-Mean,0.0
801,ALNS-Mean,0.3169513463829503
802,ALNS-Mean,0.0
803,ALNS-Mean,0.0
804,ALNS-Mean,7.381821704558206
805,ALNS-Mean,0.0
806,ALNS-Mean,0.0
807,ALNS-Mean,0.0
808,ALNS-Mean,0.0
809,ALNS-Mean,0.0
810,ALNS-Mean,0.0
811,ALNS-Mean,0.0
812,ALNS-Mean,1.8026104095108053
813,ALNS-Mean,0.0
814,ALNS-Mean,0.0
815,ALNS-Mean,0.26162546913474216
816,ALNS-Mean,0.0
817,ALNS-Mean,0.01290344438041302
818,ALNS-Mean,0.0
819,ALNS-Mean,0.0
820,ALNS-Mean,0.3586539398594937
821,ALNS-Mean,0.6930167611557181
822,ALNS-Mean,0.0
823,ALNS-Mean,0.0
824,ALNS-Mean,0.0
825,ALNS-Mean,0.0
826,ALNS-Mean,0.0
827,ALNS-Mean,0.0
828,ALNS-Mean,0.0
829,ALNS-Mean,0.38139097727952276
830,ALNS-Mean,0.0
831,ALNS-Mean,0.0
832,ALNS-Mean,0.0
833,ALNS-Mean,0.0
834,ALNS-Mean,0.0
835,ALNS-Mean,0.0
836,ALNS-Mean,0.0
837,ALNS-Mean,0.0
838,ALNS-Mean,0.0
839,ALNS-Mean,0.0
840,ALNS-Mean,0.0
841,ALNS-Mean,0.0
842,ALNS-Mean,0.0
843,ALNS-Mean,0.0
844,ALNS-Mean,0.0
845,ALNS-Mean,0.0
846,ALNS-Mean,0.0
847,ALNS-Mean,0.0
848,ALNS-Mean,0.0
849,ALNS-Mean,0.0
850,ALNS-Mean,0.03596208893026187
851,ALNS-Mean,0.0
852,ALNS-Mean,0.0
853,ALNS-Mean,0.0
854,ALNS-Mean,0.0
855,ALNS-Mean,0.0
856,ALNS-Mean,1.8086607433332915
857,ALNS-Mean,0.0
858,ALNS-Mean,0.0
859,ALNS-Mean,0.0
860,ALNS-Mean,0.0
861,ALNS-Mean,0.0
862,ALNS-Mean,0.0
863,ALNS-Mean,0.0
864,ALNS-Mean,0.0
865,ALNS-Mean,0.0
866,ALNS-Mean,6.717437646895462
867,ALNS-Mean,0.0
868,ALNS-Mean,0.5698089226285106
869,ALNS-Mean,0.31694230551397595
870,ALNS-Mean,0.9673121740889883
871,ALNS-Mean,0.03669813871056249
872,ALNS-Mean,0.0
873,ALNS-Mean,0.0
874,ALNS-Mean,0.0
875,ALNS-Mean,0.0
876,ALNS-Mean,0.0
877,ALNS-Mean,0.0
878,ALNS-Mean,0.0
879,ALNS-Mean,0.0006884891034815155
880,ALNS-Mean,0.0
881,ALNS-Mean,0.0
882,ALNS-Mean,0.0
883,ALNS-Mean,0.0
884,ALNS-Mean,0.0
885,ALNS-Mean,0.0
886,ALNS-Mean,0.0
887,ALNS-Mean,0.0
888,ALNS-Mean,0.0
889,ALNS-Mean,0.0
890,ALNS-Mean,0.0
891,ALNS-Mean,0.42971095696839257
892,ALNS-Mean,0.0
893,ALNS-Mean,1.74030094913752
894,ALNS-Mean,0.0
895,ALNS-Mean,0.0
896,ALNS-Mean,0.0
897,ALNS-Mean,0.0
898,ALNS-Mean,0.5570017791128521
899,ALNS-Mean,0.0
900,ALNS-Mean,0.0
901,ALNS-Mean,0.0
902,ALNS-Mean,2.7581411442449166
903,ALNS-Mean,0.0
904,ALNS-Mean,3.5998477825286272
905,ALNS-Mean,0.0
906,ALNS-Mean,0.0
907,ALNS-Mean,1.4693197807934553
908,ALNS-Mean,0.0
909,ALNS-Mean,1.4402164160982238
910,ALNS-Mean,0.0
911,ALNS-Mean,0.0
912,ALNS-Mean,0.7640587150277725
913,ALNS-Mean,0.0
914,ALNS-Mean,0.0
915,ALNS-Mean,0.0
916,ALNS-Mean,0.0
917,ALNS-Mean,0.5791441997357651
918,ALNS-Mean,0.0
919,ALNS-Mean,0.07972489009921446
920,ALNS-Mean,0.0
921,ALNS-Mean,0.0
922,ALNS-Mean,0.0
923,ALNS-Mean,0.0
924,ALNS-Mean,0.0
925,ALNS-Mean,1.7225035924818144
926,ALNS-Mean,0.0
927,ALNS-Mean,0.0
928,ALNS-Mean,0.0
929,ALNS-Mean,0.0
930,ALNS-Mean,0.0
931,ALNS-Mean,0.0
932,ALNS-Mean,0.21045499852584726
933,ALNS-Mean,0.0
934,ALNS-Mean,1.5887011092771672
935,ALNS-Mean,0.0
936,ALNS-Mean,0.0
937,ALNS-Mean,0.5108271393781934
938,ALNS-Mean,0.0
939,ALNS-Mean,0.0
940,ALNS-Mean,0.0
941,ALNS-Mean,0.0
942,ALNS-Mean,0.0
943,ALNS-Mean,0.0
944,ALNS-Mean,0.0
945,ALNS-Mean,0.01805663695779458
946,ALNS-Mean,0.5328377844272154
947,ALNS-Mean,0.0
948,ALNS-Mean,2.2373184321451447
949,ALNS-Mean,0.0
950,ALNS-Mean,0.0
951,ALNS-Mean,0.0
952,ALNS-Mean,0.0
953,ALNS-Mean,2.4666979508555755
954,ALNS-Mean,0.24675344425259027
955,ALNS-Mean,0.5949142084845391
956,ALNS-Mean,0.30630226957168816
957,ALNS-Mean,0.0
958,ALNS-Mean,0.8148042064037782
959,ALNS-Mean,0.0
960,ALNS-Mean,0.0
961,ALNS-Mean,0.0
962,ALNS-Mean,0.0
963,ALNS-Mean,0.0
964,ALNS-Mean,0.004511995628377008
965,ALNS-Mean,0.0
966,ALNS-Mean,0.7396728011391929
967,ALNS-Mean,0.0
968,ALNS-Mean,0.0
969,ALNS-Mean,0.05021517769057482
970,ALNS-Mean,0.0
971,ALNS-Mean,9.99649619345189
972,ALNS-Mean,0.0
973,ALNS-Mean,0.0
974,ALNS-Mean,0.0
975,ALNS-Mean,0.0
976,ALNS-Mean,0.0
977,ALNS-Mean,0.0
978,ALNS-Mean,0.0
979,ALNS-Mean,0.0
980,ALNS-Mean,0.1330717320569761
981,ALNS-Mean,0.0
982,ALNS-Mean,0.0
983,ALNS-Mean,0.0
984,ALNS-Mean,0.0
985,ALNS-Mean,0.6990029323173985
986,ALNS-Mean,0.0
987,ALNS-Mean,0.0
988,ALNS-Mean,0.0
989,ALNS-Mean,0.0
990,ALNS-Mean,0.0
991,ALNS-Mean,8.496591210005022
992,ALNS-Mean,0.0
993,ALNS-Mean,0.0
994,ALNS-Mean,0.0
995,ALNS-Mean,0.0
996,ALNS-Mean,3.248043115321309
997,ALNS-Mean,0.0
998,ALNS-Mean,0.0
999,ALNS-Mean,0.0
0,ALNS-CVaR,0.0
1,ALNS-CVaR,0.0
2,ALNS-CVaR,3.1990459080758455
3,ALNS-CVaR,8.068182042550234
4,ALNS-CVaR,0.0
5,ALNS-CVaR,0.0
6,ALNS-CVaR,0.08028980065353153
7,ALNS-CVaR,0.3200072046761875
8,ALNS-CVaR,0.14606323153969925
9,ALNS-CVaR,0.0
10,ALNS-CVaR,0.0
11,ALNS-CVaR,0.0
12,ALNS-CVaR,0.0
13,ALNS-CVaR,0.0
14,ALNS-CVaR,3.8636388351717414
15,ALNS-CVaR,8.630656325448797
16,ALNS-CVaR,0.0
17,ALNS-CVaR,0.0
18,ALNS-CVaR,0.0
19,ALNS-CVaR,0.0
20,ALNS-CVaR,0.0
21,ALNS-CVaR,0.0
22,ALNS-CVaR,0.0
23,ALNS-CVaR,0.11050367508033787
24,ALNS-CVaR,0.0
25,ALNS-CVaR,0.7525818299802722
26,ALNS-CVaR,0.0
27,ALNS-CVaR,0.0
28,ALNS-CVaR,0.7197374452432541
29,ALNS-CVaR,0.0
30,ALNS-CVaR,0.0
31,ALNS-CVaR,12.700026329292086
32,ALNS-CVaR,0.7666901716108896
33,ALNS-CVaR,0.38736482084681256
34,ALNS-CVaR,0.30833887016024164
35,ALNS-CVaR,0.0
36,ALNS-CVaR,0.11643469363031045
37,ALNS-CVaR,0.0
38,ALNS-CVaR,0.0
39,ALNS-CVaR,4.282081759751691
40,ALNS-CVaR,0.8119515551206291
41,ALNS-CVaR,0.0
42,ALNS-CVaR,0.8560209313778273
43,ALNS-CVaR,0.0
44,ALNS-CVaR,0.0
45,ALNS-CVaR,0.0
46,ALNS-CVaR,0.0
47,ALNS-CVaR,0.0
48,ALNS-CVaR,0.0
49,ALNS-CVaR,5.0206187495219865
50,ALNS-CVaR,0.0
51,ALNS-CVaR,0.538524850985084
52,ALNS-CVaR,0.0
53,ALNS-CVaR,0.0
54,ALNS-CVaR,0.0
55,ALNS-CVaR,0.18779748880734815
56,ALNS-CVaR,0.0
57,ALNS-CVaR,0.0
58,ALNS-CVaR,0.32632817690881666
59,ALNS-CVaR,1.0539862621000111
60,ALNS-CVaR,0.0
61,ALNS-CVaR,0.0
62,ALNS-CVaR,0.0
63,ALNS-CVaR,0.7539997905777227
64,ALNS-CVaR,0.0
65,ALNS-CVaR,0.0
66,ALNS-CVaR,0.7410604631219257
67,ALNS-CVaR,1.8209307515995192
68,ALNS-CVaR,0.0
69,ALNS-CVaR,0.0
70,ALNS-CVaR,0.0
71,ALNS-CVaR,0.0
72,ALNS-CVaR,3.1219937125431443
73,ALNS-CVaR,0.0
74,ALNS-CVaR,0.0
75,ALNS-CVaR,0.0
76,ALNS-CVaR,0.0
77,ALNS-CVaR,0.0
78,ALNS-CVaR,0.0
79,ALNS-CVaR,0.0
80,ALNS-CVaR,0.0
81,ALNS-CVaR,0.0
82,ALNS-CVaR,0.0
83,ALNS-CVaR,0.0
84,ALNS-CVaR,0.6603745479808936
85,ALNS-CVaR,0.0
86,ALNS-CVaR,0.0
87,ALNS-CVaR,0.0
88,ALNS-CVaR,0.0
89,ALNS-CVaR,0.0
90,ALNS-CVaR,0.0
91,ALNS-CVaR,0.0
92,ALNS-CVaR,0.0
93,ALNS-CVaR,0.0
94,ALNS-CVaR,0.0
95,ALNS-CVaR,5.171365388552488
96,ALNS-CVaR,0.5350827967757255
97,ALNS-CVaR,4.213313226832952
98,ALNS-CVaR,1.8230393406003316
99,ALNS-CVaR,3.3369728146670354
100,ALNS-CVaR,0.8449026697343811
101,ALNS-CVaR,0.0
102,ALNS-CVaR,3.2366330951308555
103,ALNS-CVaR,0.0
104,ALNS-CVaR,0.0
105,ALNS-CVaR,0.0
106,ALNS-CVaR,0.0
107,ALNS-CVaR,0.10918938454329918
108,ALNS-CVaR,0.0
109,ALNS-CVaR,0.0
110,ALNS-CVaR,7.519777688183865
111,ALNS-CVaR,0.0
112,ALNS-CVaR,0.0
113,ALNS-CVaR,0.0
114,ALNS-CVaR,0.0
115,ALNS-CVaR,0.0
116,ALNS-CVaR,0.0
117,ALNS-CVaR,0.0
118,ALNS-CVaR,0.0
119,ALNS-CVaR,0.0
120,ALNS-CVaR,0.0
121,ALNS-CVaR,0.0
122,ALNS-CVaR,0.12626331804057145
123,ALNS-CVaR,0.0
124,ALNS-CVaR,0.23914826611587614
125,ALNS-CVaR,0.0
126,ALNS-CVaR,0.0
127,ALNS-CVaR,0.0
128,ALNS-CVaR,3.706520493590034
129,ALNS-CVaR,0.0
130,ALNS-CVaR,3.0750270361937737
131,ALNS-CVaR,0.0
132,ALNS-CVaR,0.0
133,ALNS-CVaR,0.0
134,ALNS-CVaR,0.20899198423461485
135,ALNS-CVaR,2.629173814169633
136,ALNS-CVaR,0.0
137,ALNS-CVaR,0.16044545523334364
138,ALNS-CVaR,0.0
139,ALNS-CVaR,0.0
140,ALNS-CVaR,0.0
141,ALNS-CVaR,0.0
142,ALNS-CVaR,2.6884796529082564
143,ALNS-CVaR,0.0
144,ALNS-CVaR,5.5472392753676445
145,ALNS-CVaR,0.0
146,ALNS-CVaR,0.0
147,ALNS-CVaR,0.6016207389070019
148,ALNS-CVaR,0.0
149,ALNS-CVaR,0.0
150,ALNS-CVaR,0.5428209160936035
151,ALNS-CVaR,0.0
152,ALNS-CVaR,0.0
153,ALNS-CVaR,0.0
154,ALNS-CVaR,0.0
155,ALNS-CVaR,0.0
156,ALNS-CVaR,0.0
157,ALNS-CVaR,2.7584784598687406
158,ALNS-CVaR,2.247855387029176
159,ALNS-CVaR,0.0
160,ALNS-CVaR,0.0
161,ALNS-CVaR,0.0
162,ALNS-CVaR,0.0
163,ALNS-CVaR,0.0
164,ALNS-CVaR,0.0
165,ALNS-CVaR,0.07615561495771317
166,ALNS-CVaR,0.0
167,ALNS-CVaR,0.0
168,ALNS-CVaR,0.22604549175798638
169,ALNS-CVaR,0.0
170,ALNS-CVaR,0.0
171,ALNS-CVaR,0.0
172,ALNS-CVaR,1.5728014543885251
173,ALNS-CVaR,0.0
174,ALNS-CVaR,0.0
175,ALNS-CVaR,0.0
176,ALNS-CVaR,6.581354829396048
177,ALNS-CVaR,0.0
178,ALNS-CVaR,0.0
179,ALNS-CVaR,0.0
180,ALNS-CVaR,0.0
181,ALNS-CVaR,0.0
182,ALNS-CVaR,3.7895426893234685
183,ALNS-CVaR,0.0
184,ALNS-CVaR,0.0
185,ALNS-CVaR,0.0
186,ALNS-CVaR,0.0
187,ALNS-CVaR,0.0
188,ALNS-CVaR,0.0
189,ALNS-CVaR,0.0
190,ALNS-CVaR,0.0
191,ALNS-CVaR,0.0
192,ALNS-CVaR,0.0
193,ALNS-CVaR,3.3454332506558444
194,ALNS-CVaR,0.0
195,ALNS-CVaR,0.0
196,ALNS-CVaR,3.471310909784961
197,ALNS-CVaR,3.5749328966613234
198,ALNS-CVaR,0.0
199,ALNS-CVaR,0.0
200,ALNS-CVaR,0.0
201,ALNS-CVaR,0.1408506872251678
202,ALNS-CVaR,0.0
203,ALNS-CVaR,0.0
204,ALNS-CVaR,1.7661741709999887
205,ALNS-CVaR,0.0
206,ALNS-CVaR,0.0
207,ALNS-CVaR,0.0
208,ALNS-CVaR,0.0
209,ALNS-CVaR,0.0
210,ALNS-CVaR,0.16982144060000337
211,ALNS-CVaR,0.0
212,ALNS-CVaR,0.0
213,ALNS-CVaR,0.0
214,ALNS-CVaR,0.0
215,ALNS-CVaR,0.0
216,ALNS-CVaR,0.4585763256610562
217,ALNS-CVaR,0.0
218,ALNS-CVaR,0.0
219,ALNS-CVaR,0.0
220,ALNS-CVaR,0.0
221,ALNS-CVaR,0.0
222,ALNS-CVaR,0.0
223,ALNS-CVaR,0.0
224,ALNS-CVaR,1.2668111472170835
225,ALNS-CVaR,0.0
226,ALNS-CVaR,0.0
227,ALNS-CVaR,4.1581995139079595
228,ALNS-CVaR,0.0
229,ALNS-CVaR,0.0
230,ALNS-CVaR,0.0
231,ALNS-CVaR,0.0
232,ALNS-CVaR,0.0
233,ALNS-CVaR,0.0
234,ALNS-CVaR,0.0
235,ALNS-CVaR,0.0
236,ALNS-CVaR,0.6358122073763184
237,ALNS-CVaR,0.0
238,ALNS-CVaR,0.0
239,ALNS-CVaR,0.0
240,ALNS-CVaR,0.02317268543777118
241,ALNS-CVaR,0.14218051842169643
242,ALNS-CVaR,0.0
243,ALNS-CVaR,0.0
244,ALNS-CVaR,0.0
245,ALNS-CVaR,0.0
246,ALNS-CVaR,2.6854977525242703
247,ALNS-CVaR,15.402922647017988
248,ALNS-CVaR,0.0
249,ALNS-CVaR,0.2317945008097695
250,ALNS-CVaR,1.9585357478424612
251,ALNS-CVaR,0.7084158618710319
252,ALNS-CVaR,0.0
253,ALNS-CVaR,0.0
254,ALNS-CVaR,1.4302344828082312
255,ALNS-CVaR,0.0
256,ALNS-CVaR,0.027218671074706435
257,ALNS-CVaR,0.0
258,ALNS-CVaR,0.0
259,ALNS-CVaR,0.0
260,ALNS-CVaR,2.803623434261283
261,ALNS-CVaR,0.0
262,ALNS-CVaR,0.21254997270841613
263,ALNS-CVaR,0.0
264,ALNS-CVaR,0.0
265,ALNS-CVaR,0.0
266,ALNS-CVaR,0.0
267,ALNS-CVaR,0.0
268,ALNS-CVaR,0.0
269,ALNS-CVaR,0.0
270,ALNS-CVaR,0.6713340721430541
271,ALNS-CVaR,0.0
272,ALNS-CVaR,1.22846571689729
273,ALNS-CVaR,0.0
274,ALNS-CVaR,0.1879800651156529
275,ALNS-CVaR,0.5039701286008835
276,ALNS-CVaR,0.0
277,ALNS-CVaR,0.0
278,ALNS-CVaR,0.0
279,ALNS-CVaR,3.2287898806939666
280,ALNS-CVaR,0.0
281,ALNS-CVaR,0.0
282,ALNS-CVaR,0.0
283,ALNS-CVaR,0.0
284,ALNS-CVaR,4.863598613700788
285,ALNS-CVaR,8.229621086553465
286,ALNS-CVaR,0.0
287,ALNS-CVaR,0.0
288,ALNS-CVaR,0.5677757881692287
289,ALNS-CVaR,0.4274517569577938
290,ALNS-CVaR,2.17049465701848
291,ALNS-CVaR,0.0
292,ALNS-CVaR,0.0
293,ALNS-CVaR,0.0
294,ALNS-CVaR,0.0
295,ALNS-CVaR,0.0
296,ALNS-CVaR,0.0
297,ALNS-CVaR,0.0
298,ALNS-CVaR,6.46800484680773
299,ALNS-CVaR,0.0
300,ALNS-CVaR,0.36924372020229157
301,ALNS-CVaR,0.0
302,ALNS-CVaR,5.2042461352050395
303,ALNS-CVaR,0.0
304,ALNS-CVaR,0.38572144959272237
305,ALNS-CVaR,0.0
306,ALNS-CVaR,6.691002095412671
307,ALNS-CVaR,0.0
308,ALNS-CVaR,0.0
309,ALNS-CVaR,0.3039736255976777
310,ALNS-CVaR,0.0
311,ALNS-CVaR,3.923396819373693
312,ALNS-CVaR,1.6358455313932438
313,ALNS-CVaR,2.62242719100351
314,ALNS-CVaR,0.0
315,ALNS-CVaR,0.12168118376098391
316,ALNS-CVaR,0.0
317,ALNS-CVaR,0.0
318,ALNS-CVaR,0.0
319,ALNS-CVaR,1.213929525716594
320,ALNS-CVaR,0.0
321,ALNS-CVaR,0.0
322,ALNS-CVaR,0.0
323,ALNS-CVaR,0.0
324,ALNS-CVaR,2.4672009420625614
325,ALNS-CVaR,0.0
326,ALNS-CVaR,0.0
327,ALNS-CVaR,0.0
328,ALNS-CVaR,0.0
329,ALNS-CVaR,0.0
330,ALNS-CVaR,0.0
331,ALNS-CVaR,0.0
332,ALNS-CVaR,0.0
333,ALNS-CVaR,16.181680696653586
334,ALNS-CVaR,0.0
335,ALNS-CVaR,0.0
336,ALNS-CVaR,0.0
337,ALNS-CVaR,0.0
338,ALNS-CVaR,0.3445874610392252
339,ALNS-CVaR,0.0
340,ALNS-CVaR,0.0
341,ALNS-CVaR,0.0
342,ALNS-CVaR,0.16027263969073147
343,ALNS-CVaR,13.791636816106063
344,ALNS-CVaR,0.0
345,ALNS-CVaR,0.0
346,ALNS-CVaR,0.0
347,ALNS-CVaR,0.0
348,ALNS-CVaR,0.0
349,ALNS-CVaR,0.0
350,ALNS-CVaR,4.076443342672633
351,ALNS-CVaR,0.0
352,ALNS-CVaR,0.0
353,ALNS-CVaR,0.5732296445942211
354,ALNS-CVaR,0.5129022440924587
355,ALNS-CVaR,0.0
356,ALNS-CVaR,0.0
357,ALNS-CVaR,0.0
358,ALNS-CVaR,0.0
359,ALNS-CVaR,0.0
360,ALNS-CVaR,1.8851190566168157
361,ALNS-CVaR,0.0
362,ALNS-CVaR,0.5618866915161789
363,ALNS-CVaR,0.0
364,ALNS-CVaR,0.0
365,ALNS-CVaR,0.0
366,ALNS-CVaR,0.0
367,ALNS-CVaR,0.0
368,ALNS-CVaR,0.0
369,ALNS-CVaR,0.0
370,ALNS-CVaR,0.0
371,ALNS-CVaR,0.0
372,ALNS-CVaR,0.0
373,ALNS-CVaR,0.0
374,ALNS-CVaR,0.0
375,ALNS-CVaR,0.0
376,ALNS-CVaR,0.3689138187284584
377,ALNS-CVaR,0.0
378,ALNS-CVaR,0.0
379,ALNS-CVaR,0.2712140187015848
380,ALNS-CVaR,0.3872453883572007
381,ALNS-CVaR,0.0
382,ALNS-CVaR,0.0
383,ALNS-CVaR,1.5449666431600804
384,ALNS-CVaR,0.0
385,ALNS-CVaR,0.0
386,ALNS-CVaR,0.0
387,ALNS-CVaR,0.0
388,ALNS-CVaR,0.0
389,ALNS-CVaR,0.0
390,ALNS-CVaR,0.0
391,ALNS-CVaR,0.0
392,ALNS-CVaR,0.0
393,ALNS-CVaR,0.0
394,ALNS-CVaR,0.0
395,ALNS-CVaR,2.0033471623438004
396,ALNS-CVaR,0.00616565468914132
397,ALNS-CVaR,0.0
398,ALNS-CVaR,0.011468925047040557
399,ALNS-CVaR,0.0
400,ALNS-CVaR,0.0
401,ALNS-CVaR,0.0
402,ALNS-CVaR,0.0
403,ALNS-CVaR,0.0
404,ALNS-CVaR,0.0
405,ALNS-CVaR,0.14077252377325067
406,ALNS-CVaR,0.0
407,ALNS-CVaR,0.0
408,ALNS-CVaR,0.0
409,ALNS-CVaR,0.0
410,ALNS-CVaR,0.0
411,ALNS-CVaR,0.0
412,ALNS-CVaR,0.0
413,ALNS-CVaR,0.0
414,ALNS-CVaR,0.0
415,ALNS-CVaR,0.0
416,ALNS-CVaR,0.0
417,ALNS-CVaR,0.0
418,ALNS-CVaR,0.0
419,ALNS-CVaR,0.0
420,ALNS-CVaR,0.0
421,ALNS-CVaR,1.5437526206208076
422,ALNS-CVaR,7.439303023897651
423,ALNS-CVaR,0.0
424,ALNS-CVaR,2.468855451058289
425,ALNS-CVaR,3.9132994301111808
426,ALNS-CVaR,0.665658786167171
427,ALNS-CVaR,0.0
428,ALNS-CVaR,0.0
429,ALNS-CVaR,1.418932254484048
430,ALNS-CVaR,1.4787672972083783
431,ALNS-CVaR,0.0
432,ALNS-CVaR,0.8852045342937913
433,ALNS-CVaR,0.0
434,ALNS-CVaR,0.0
435,ALNS-CVaR,0.0
436,ALNS-CVaR,2.2347025579989577
437,ALNS-CVaR,0.31897155608680805
438,ALNS-CVaR,0.0
439,ALNS-CVaR,0.0
440,ALNS-CVaR,0.0
441,ALNS-CVaR,0.07637162745692194
442,ALNS-CVaR,0.0
443,ALNS-CVaR,0.0
444,ALNS-CVaR,0.9935640097866099
445,ALNS-CVaR,0.0
446,ALNS-CVaR,0.0
447,ALNS-CVaR,0.15049268980720854
448,ALNS-CVaR,0.0
449,ALNS-CVaR,0.0
450,ALNS-CVaR,0.0
451,ALNS-CVaR,0.0
452,ALNS-CVaR,0.0
453,ALNS-CVaR,4.441839381796058
454,ALNS-CVaR,0.27928037606977796
455,ALNS-CVaR,0.5864419677553201
456,ALNS-CVaR,0.0
457,ALNS-CVaR,0.0
458,ALNS-CVaR,3.728087473150481
459,ALNS-CVaR,0.0
460,ALNS-CVaR,0.0
461,ALNS-CVaR,0.0
462,ALNS-CVaR,1.0000296576678238
463,ALNS-CVaR,8.703042743088758
464,ALNS-CVaR,0.0
465,ALNS-CVaR,0.4772208979339325
466,ALNS-CVaR,0.0
467,ALNS-CVaR,3.7002695671105243
468,ALNS-CVaR,0.14102821978173097
469,ALNS-CVaR,50.742646463220126
470,ALNS-CVaR,0.0
471,ALNS-CVaR,0.0
472,ALNS-CVaR,0.0
473,ALNS-CVaR,2.435503728474373
474,ALNS-CVaR,0.0
475,ALNS-CVaR,0.0
476,ALNS-CVaR,8.807381764999633
477,ALNS-CVaR,0.564998650654104
478,ALNS-CVaR,0.0
479,ALNS-CVaR,0.0
480,ALNS-CVaR,0.0
481,ALNS-CVaR,0.2207403950987441
482,ALNS-CVaR,0.0
483,ALNS-CVaR,3.0213399416416564
484,ALNS-CVaR,0.0
485,ALNS-CVaR,0.0
486,ALNS-CVaR,0.0
487,ALNS-CVaR,1.8832821012119894
488,ALNS-CVaR,1.4313282206499593
489,ALNS-CVaR,0.0
490,ALNS-CVaR,0.0
491,ALNS-CVaR,0.0
492,ALNS-CVaR,0.0
493,ALNS-CVaR,0.0
494,ALNS-CVaR,0.0
495,ALNS-CVaR,0.0
496,ALNS-CVaR,0.0
497,ALNS-CVaR,0.0
498,ALNS-CVaR,0.0
499,ALNS-CVaR,0.0
500,ALNS-CVaR,0.0
501,ALNS-CVaR,2.185350051450939
502,ALNS-CVaR,0.0
503,ALNS-CVaR,0.9538586093287336
504,ALNS-CVaR,13.039997167386161
505,ALNS-CVaR,0.0
506,ALNS-CVaR,0.0
507,ALNS-CVaR,0.5660136736971708
508,ALNS-CVaR,0.0
509,ALNS-CVaR,0.0
510,ALNS-CVaR,0.0
511,ALNS-CVaR,0.4274807308247546
512,ALNS-CVaR,0.0
513,ALNS-CVaR,0.2197528813000531
514,ALNS-CVaR,1.0496320820454343
515,ALNS-CVaR,5.5585649874518595
516,ALNS-CVaR,0.0
517,ALNS-CVaR,0.0
518,ALNS-CVaR,0.0
519,ALNS-CVaR,0.0
520,ALNS-CVaR,1.4453229230986722
521,ALNS-CVaR,0.0
522,ALNS-CVaR,0.0
523,ALNS-CVaR,0.0
524,ALNS-CVaR,0.0
525,ALNS-CVaR,0.0
526,ALNS-CVaR,0.0
527,ALNS-CVaR,0.0
528,ALNS-CVaR,0.0
529,ALNS-CVaR,0.0
530,ALNS-CVaR,13.928731983350474
531,ALNS-CVaR,0.0
532,ALNS-CVaR,0.0
533,ALNS-CVaR,0.0
534,ALNS-CVaR,0.0
535,ALNS-CVaR,0.0
536,ALNS-CVaR,0.0
537,ALNS-CVaR,0.3840289009055482
538,ALNS-CVaR,0.0
539,ALNS-CVaR,1.2137934657619667
540,ALNS-CVaR,1.8666107980216111
541,ALNS-CVaR,0.0
542,ALNS-CVaR,0.0
543,ALNS-CVaR,0.0
544,ALNS-CVaR,0.0
545,ALNS-CVaR,0.0
546,ALNS-CVaR,16.250486515659077
547,ALNS-CVaR,0.0
548,ALNS-CVaR,0.0
549,ALNS-CVaR,0.07251989429016703
550,ALNS-CVaR,0.0
551,ALNS-CVaR,0.0
552,ALNS-CVaR,1.1771481607947294
553,ALNS-CVaR,1.7708741978365765
554,ALNS-CVaR,0.0
555,ALNS-CVaR,0.0
556,ALNS-CVaR,0.0
557,ALNS-CVaR,0.0
558,ALNS-CVaR,0.0
559,ALNS-CVaR,0.1651320839488335
560,ALNS-CVaR,0.11230973504831354
561,ALNS-CVaR,0.0
562,ALNS-CVaR,0.0
563,ALNS-CVaR,0.0
564,ALNS-CVaR,0.0642195577913185
565,ALNS-CVaR,0.0
566,ALNS-CVaR,0.0
567,ALNS-CVaR,0.0
568,ALNS-CVaR,0.0
569,ALNS-CVaR,0.0
570,ALNS-CVaR,0.0
571,ALNS-CVaR,0.0
572,ALNS-CVaR,0.7145206209347066
573,ALNS-CVaR,0.5381996950326879
574,ALNS-CVaR,0.0
575,ALNS-CVaR,0.0
576,ALNS-CVaR,0.0
577,ALNS-CVaR,0.21083209848882234
578,ALNS-CVaR,0.0
579,ALNS-CVaR,0.0
580,ALNS-CVaR,0.0
581,ALNS-CVaR,1.8849946101577189
582,ALNS-CVaR,0.0
583,ALNS-CVaR,0.0
584,ALNS-CVaR,0.0
585,ALNS-CVaR,0.0
586,ALNS-CVaR,1.8140629358000524
587,ALNS-CVaR,0.0
588,ALNS-CVaR,0.0
589,ALNS-CVaR,0.0
590,ALNS-CVaR,0.1417278958613224
591,ALNS-CVaR,0.0
592,ALNS-CVaR,0.0
593,ALNS-CVaR,0.4242574660266314
594,ALNS-CVaR,0.005924737828479465
595,ALNS-CVaR,2.384484940987079
596,ALNS-CVaR,0.0
597,ALNS-CVaR,0.0
598,ALNS-CVaR,0.0
599,ALNS-CVaR,0.0214745153072613
600,ALNS-CVaR,0.8307575775065743
601,ALNS-CVaR,0.0
602,ALNS-CVaR,0.0
603,ALNS-CVaR,4.316496172239567
604,ALNS-CVaR,0.0
605,ALNS-CVaR,0.0
606,ALNS-CVaR,0.0
607,ALNS-CVaR,0.0
608,ALNS-CVaR,4.940067886415534
609,ALNS-CVaR,0.0
610,ALNS-CVaR,0.0
611,ALNS-CVaR,0.3367975938407426
612,ALNS-CVaR,0.0
613,ALNS-CVaR,0.0
614,ALNS-CVaR,0.0
615,ALNS-CVaR,0.0
616,ALNS-CVaR,0.0
617,ALNS-CVaR,0.0
618,ALNS-CVaR,0.0
619,ALNS-CVaR,0.0
620,ALNS-CVaR,0.3647575662877216
621,ALNS-CVaR,0.0
622,ALNS-CVaR,12.129384447514383
623,ALNS-CVaR,0.0
624,ALNS-CVaR,0.0
625,ALNS-CVaR,0.0
626,ALNS-CVaR,0.0
627,ALNS-CVaR,1.2347866671562429
628,ALNS-CVaR,0.0
629,ALNS-CVaR,4.329397988466127
630,ALNS-CVaR,0.0
631,ALNS-CVaR,0.0
632,ALNS-CVaR,0.0
633,ALNS-CVaR,0.0
634,ALNS-CVaR,0.9504195663409405
635,ALNS-CVaR,0.0
636,ALNS-CVaR,0.34925150518722603
637,ALNS-CVaR,0.0
638,ALNS-CVaR,2.323313810716172
639,ALNS-CVaR,0.0
640,ALNS-CVaR,0.0
641,ALNS-CVaR,0.0
642,ALNS-CVaR,0.0
643,ALNS-CVaR,7.1782948119203525
644,ALNS-CVaR,5.690851850514832
645,ALNS-CVaR,0.0
646,ALNS-CVaR,0.0
647,ALNS-CVaR,0.0
648,ALNS-CVaR,0.0
649,ALNS-CVaR,0.0
650,ALNS-CVaR,0.8413822705828125
651,ALNS-CVaR,0.0
652,ALNS-CVaR,2.33033303205076
653,ALNS-CVaR,0.0
654,ALNS-CVaR,2.7644969735080736
655,ALNS-CVaR,0.0
656,ALNS-CVaR,0.0
657,ALNS-CVaR,0.0
658,ALNS-CVaR,0.0
659,ALNS-CVaR,5.326576506231277
660,ALNS-CVaR,0.0
661,ALNS-CVaR,0.0
662,ALNS-CVaR,0.0
663,ALNS-CVaR,3.265526549831577
664,ALNS-CVaR,0.0
665,ALNS-CVaR,0.0
666,ALNS-CVaR,0.30116747326246696
667,ALNS-CVaR,0.0
668,ALNS-CVaR,0.24519225760735708
669,ALNS-CVaR,0.0
670,ALNS-CVaR,0.0
671,ALNS-CVaR,0.0
672,ALNS-CVaR,0.0
673,ALNS-CVaR,2.4544168610357247
674,ALNS-CVaR,0.0
675,ALNS-CVaR,0.3327002617449466
676,ALNS-CVaR,0.0
677,ALNS-CVaR,0.0
678,ALNS-CVaR,0.0
679,ALNS-CVaR,0.0
680,ALNS-CVaR,0.42500606782630257
681,ALNS-CVaR,0.0
682,ALNS-CVaR,0.0
683,ALNS-CVaR,0.0
684,ALNS-CVaR,6.776398888334882
685,ALNS-CVaR,7.765074984108935
686,ALNS-CVaR,0.0
687,ALNS-CVaR,0.0
688,ALNS-CVaR,0.0
689,ALNS-CVaR,0.0
690,ALNS-CVaR,0.557775744190792
691,ALNS-CVaR,0.0
692,ALNS-CVaR,0.0
693,ALNS-CVaR,0.0
694,ALNS-CVaR,2.411536107208974
695,ALNS-CVaR,0.0
696,ALNS-CVaR,0.0
697,ALNS-CVaR,0.0
698,ALNS-CVaR,1.0989290344492986
699,ALNS-CVaR,0.0
700,ALNS-CVaR,0.0
701,ALNS-CVaR,0.004689183473317371
702,ALNS-CVaR,16.99939713862551
703,ALNS-CVaR,0.0
704,ALNS-CVaR,0.0
705,ALNS-CVaR,0.0
706,ALNS-CVaR,1.328643099969753
707,ALNS-CVaR,0.0
708,ALNS-CVaR,0.0
709,ALNS-CVaR,0.0
710,ALNS-CVaR,0.0
711,ALNS-CVaR,0.0
712,ALNS-CVaR,1.7210973409297594
713,ALNS-CVaR,0.6030370419986184
714,ALNS-CVaR,1.3032547136015182
715,ALNS-CVaR,6.858766759788409
716,ALNS-CVaR,0.0
717,ALNS-CVaR,0.0
718,ALNS-CVaR,0.0
719,ALNS-CVaR,0.0
720,ALNS-CVaR,0.32319522659821587
721,ALNS-CVaR,0.0
722,ALNS-CVaR,0.0
723,ALNS-CVaR,0.0
724,ALNS-CVaR,0.0
725,ALNS-CVaR,0.0
726,ALNS-CVaR,0.0
727,ALNS-CVaR,0.0
728,ALNS-CVaR,2.555074561578067
729,ALNS-CVaR,0.0
730,ALNS-CVaR,0.0
731,ALNS-CVaR,0.0
732,ALNS-CVaR,0.0
733,ALNS-CVaR,0.0
734,ALNS-CVaR,0.0
735,ALNS-CVaR,0.14022825375411685
736,ALNS-CVaR,0.0
737,ALNS-CVaR,3.229333469874746
738,ALNS-CVaR,0.0
739,ALNS-CVaR,2.622897999768611
740,ALNS-CVaR,0.0
741,ALNS-CVaR,0.0
742,ALNS-CVaR,0.0
743,ALNS-CVaR,0.7374739852412233
744,ALNS-CVaR,0.0
745,ALNS-CVaR,0.0
746,ALNS-CVaR,0.0
747,ALNS-CVaR,0.0
748,ALNS-CVaR,0.0
749,ALNS-CVaR,0.0
750,ALNS-CVaR,0.1622684084573507
751,ALNS-CVaR,0.0
752,ALNS-CVaR,0.0
753,ALNS-CVaR,0.0
754,ALNS-CVaR,0.0
755,ALNS-CVaR,1.5892202191150204
756,ALNS-CVaR,0.0
757,ALNS-CVaR,0.0
758,ALNS-CVaR,0.6781784416172059
759,ALNS-CVaR,0.0
760,ALNS-CVaR,0.0
761,ALNS-CVaR,0.0
762,ALNS-CVaR,0.0
763,ALNS-CVaR,0.40522214281895685
764,ALNS-CVaR,0.0
765,ALNS-CVaR,0.0
766,ALNS-CVaR,0.0
767,ALNS-CVaR,0.0
768,ALNS-CVaR,1.9726807368816708
769,ALNS-CVaR,0.018819243999246282
770,ALNS-CVaR,0.0
771,ALNS-CVaR,0.0
772,ALNS-CVaR,0.2819796333446334
773,ALNS-CVaR,0.4319351065812498
774,ALNS-CVaR,0.0
775,ALNS-CVaR,10.536784032592038
776,ALNS-CVaR,0.0
777,ALNS-CVaR,4.516109598090225
778,ALNS-CVaR,0.0
779,ALNS-CVaR,0.0
780,ALNS-CVaR,2.1681740620746837
781,ALNS-CVaR,0.9349464062929087
782,ALNS-CVaR,0.9208276252260816
783,ALNS-CVaR,1.841372084411887
784,ALNS-CVaR,0.0
785,ALNS-CVaR,2.961500077977121
786,ALNS-CVaR,0.0
787,ALNS-CVaR,0.0
788,ALNS-CVaR,0.0
789,ALNS-CVaR,0.0
790,ALNS-CVaR,0.0
791,ALNS-CVaR,0.0
792,ALNS-CVaR,12.842279036999628
793,ALNS-CVaR,0.0
794,ALNS-CVaR,11.193846282183898
795,ALNS-CVaR,0.0
796,ALNS-CVaR,0.0
797,ALNS-CVaR,5.2114160740139255
798,ALNS-CVaR,3.321433372032743
799,ALNS-CVaR,0.08555130234907438
800,ALNS-CVaR,0.0
801,ALNS-CVaR,0.3169513463829503
802,ALNS-CVaR,0.0
803,ALNS-CVaR,0.0
804,ALNS-CVaR,2.3793022122659977
805,ALNS-CVaR,0.0
806,ALNS-CVaR,0.0
807,ALNS-CVaR,0.0
808,ALNS-CVaR,0.0
809,ALNS-CVaR,0.0
810,ALNS-CVaR,0.0
811,ALNS-CVaR,0.0
812,ALNS-CVaR,1.8026104095108053
813,ALNS-CVaR,0.0
814,ALNS-CVaR,0.0
815,ALNS-CVaR,0.3641810662928151
816,ALNS-CVaR,0.0
817,ALNS-CVaR,0.01290344438041302
818,ALNS-CVaR,0.0
819,ALNS-CVaR,0.0
820,ALNS-CVaR,0.3586539398594937
821,ALNS-CVaR,0.6930167611557181
822,ALNS-CVaR,0.0
823,ALNS-CVaR,0.0
824,ALNS-CVaR,0.4322970251183733
825,ALNS-CVaR,0.0
826,ALNS-CVaR,0.0
827,ALNS-CVaR,0.0
828,ALNS-CVaR,0.0
829,ALNS-CVaR,0.38139097727952276
830,ALNS-CVaR,0.0
831,ALNS-CVaR,0.0
832,ALNS-CVaR,0.0
833,ALNS-CVaR,0.0
834,ALNS-CVaR,0.0
835,ALNS-CVaR,0.0
836,ALNS-CVaR,2.5834642004657553
837,ALNS-CVaR,0.0
838,ALNS-CVaR,0.0
839,ALNS-CVaR,3.026832485440309
840,ALNS-CVaR,0.0
841,ALNS-CVaR,0.0
842,ALNS-CVaR,0.0
843,ALNS-CVaR,0.0
844,ALNS-CVaR,0.0
845,ALNS-CVaR,0.0
846,ALNS-CVaR,0.0
847,ALNS-CVaR,0.0
848,ALNS-CVaR,0.09954571229280873
849,ALNS-CVaR,0.0
850,ALNS-CVaR,0.03596208893026187
851,ALNS-CVaR,0.0
852,ALNS-CVaR,0.0
853,ALNS-CVaR,0.0
854,ALNS-CVaR,0.0
855,ALNS-CVaR,0.0
856,ALNS-CVaR,1.8086607433332915
857,ALNS-CVaR,0.0
858,ALNS-CVaR,0.0
859,ALNS-CVaR,0.0
860,ALNS-CVaR,5.390465432345366
861,ALNS-CVaR,0.0
862,ALNS-CVaR,0.0
863,ALNS-CVaR,0.0
864,ALNS-CVaR,0.0
865,ALNS-CVaR,0.0
866,ALNS-CVaR,1.6191922372734098
867,ALNS-CVaR,0.028791839134498787
868,ALNS-CVaR,6.118822178319704
869,ALNS-CVaR,0.31694230551397595
870,ALNS-CVaR,0.9673121740889883
871,ALNS-CVaR,0.03669813871056249
872,ALNS-CVaR,0.0
873,ALNS-CVaR,2.626534781504006
874,ALNS-CVaR,0.0
875,ALNS-CVaR,0.0
876,ALNS-CVaR,0.0
877,ALNS-CVaR,0.0
878,ALNS-CVaR,8.273099811480165
879,ALNS-CVaR,0.0006884891034815155
880,ALNS-CVaR,7.027850194240273
881,ALNS-CVaR,0.0
882,ALNS-CVaR,0.0
883,ALNS-CVaR,0.0
884,ALNS-CVaR,3.827859304099775
885,ALNS-CVaR,0.0
886,ALNS-CVaR,0.0
887,ALNS-CVaR,0.0
888,ALNS-CVaR,0.0
889,ALNS-CVaR,0.0
890,ALNS-CVaR,0.0
891,ALNS-CVaR,1.0815626555475149
892,ALNS-CVaR,0.0
893,ALNS-CVaR,10.465987203433542
894,ALNS-CVaR,2.6663643102655215
895,ALNS-CVaR,0.0
896,ALNS-CVaR,0.0
897,ALNS-CVaR,0.0
898,ALNS-CVaR,0.5570017791128521
899,ALNS-CVaR,0.0
900,ALNS-CVaR,0.0
901,ALNS-CVaR,0.0
902,ALNS-CVaR,2.7581411442449166
903,ALNS-CVaR,0.0
904,ALNS-CVaR,3.5998477825286272
905,ALNS-CVaR,0.0
906,ALNS-CVaR,3.6905961003579364
907,ALNS-CVaR,0.0
908,ALNS-CVaR,0.0
909,ALNS-CVaR,1.4402164160982238
910,ALNS-CVaR,0.0
911,ALNS-CVaR,0.0
912,ALNS-CVaR,0.7640587150277725
913,ALNS-CVaR,0.0
914,ALNS-CVaR,0.0
915,ALNS-CVaR,0.0
916,ALNS-CVaR,0.0
917,ALNS-CVaR,0.5791441997357651
918,ALNS-CVaR,0.0
919,ALNS-CVaR,2.546424099568526
920,ALNS-CVaR,0.0
921,ALNS-CVaR,0.0
922,ALNS-CVaR,0.0
923,ALNS-CVaR,2.1731489923176355
924,ALNS-CVaR,0.0
925,ALNS-CVaR,1.7225035924818144
926,ALNS-CVaR,0.0
927,ALNS-CVaR,0.0
928,ALNS-CVaR,0.0
929,ALNS-CVaR,0.0
930,ALNS-CVaR,0.0
931,ALNS-CVaR,0.0
932,ALNS-CVaR,0.21045499852584726
933,ALNS-CVaR,0.0
934,ALNS-CVaR,1.5887011092771672
935,ALNS-CVaR,0.0
936,ALNS-CVaR,0.0
937,ALNS-CVaR,0.5108271393781934
938,ALNS-CVaR,0.0
939,ALNS-CVaR,0.0
940,ALNS-CVaR,0.07995011662518436
941,ALNS-CVaR,0.0
942,ALNS-CVaR,0.0
943,ALNS-CVaR,0.0
944,ALNS-CVaR,0.0
945,ALNS-CVaR,0.01805663695779458
946,ALNS-CVaR,0.5328377844272154
947,ALNS-CVaR,0.0
948,ALNS-CVaR,2.2373184321451447
949,ALNS-CVaR,0.0
950,ALNS-CVaR,0.0
951,ALNS-CVaR,6.662679008349755
952,ALNS-CVaR,0.0
953,ALNS-CVaR,2.333375873607906
954,ALNS-CVaR,0.24675344425259027
955,ALNS-CVaR,0.5949142084845391
956,ALNS-CVaR,0.30630226957168816
957,ALNS-CVaR,0.0
958,ALNS-CVaR,0.8148042064037782
959,ALNS-CVaR,0.0
960,ALNS-CVaR,0.0
961,ALNS-CVaR,0.0
962,ALNS-CVaR,0.0
963,ALNS-CVaR,0.782751329799737
964,ALNS-CVaR,4.108578162318167
965,ALNS-CVaR,3.8840862661244273
966,ALNS-CVaR,0.7396728011391929
967,ALNS-CVaR,1.6100201121630562
968,ALNS-CVaR,0.0
969,ALNS-CVaR,0.05021517769057482
970,ALNS-CVaR,0.0
971,ALNS-CVaR,9.743040772476888
972,ALNS-CVaR,0.0
973,ALNS-CVaR,0.0
974,ALNS-CVaR,0.0
975,ALNS-CVaR,0.0
976,ALNS-CVaR,0.0
977,ALNS-CVaR,10.69235641792892
978,ALNS-CVaR,0.0
979,ALNS-CVaR,0.0
980,ALNS-CVaR,0.1330717320569761
981,ALNS-CVaR,0.0
982,ALNS-CVaR,0.0
983,ALNS-CVaR,0.0
984,ALNS-CVaR,1.326760424027043
985,ALNS-CVaR,0.6990029323173985
986,ALNS-CVaR,0.0
987,ALNS-CVaR,0.0
988,ALNS-CVaR,0.0
989,ALNS-CVaR,0.0
990,ALNS-CVaR,0.0
991,ALNS-CVaR,2.596935977815747
992,ALNS-CVaR,0.0
993,ALNS-CVaR,0.0
994,ALNS-CVaR,0.0
995,ALNS-CVaR,10.300280721512195
996,ALNS-CVaR,6.169201435456046
997,ALNS-CVaR,0.0
998,ALNS-CVaR,0.0
999,ALNS-CVaR,0.0
0,Uniform-Mean-FFseed,2.573288130398339
1,Uniform-Mean-FFseed,2.7463478999542303
2,Uniform-Mean-FFseed,2.1376948944329683
3,Uniform-Mean-FFseed,12.894975044606582
4,Uniform-Mean-FFseed,0.0
5,Uniform-Mean-FFseed,0.0
6,Uniform-Mean-FFseed,0.0
7,Uniform-Mean-FFseed,0.0
8,Uniform-Mean-FFseed,0.0
9,Uniform-Mean-FFseed,6.512193657679461
10,Uniform-Mean-FFseed,0.0
11,Uniform-Mean-FFseed,0.0
12,Uniform-Mean-FFseed,0.0
13,Uniform-Mean-FFseed,0.0
14,Uniform-Mean-FFseed,0.0
15,Uniform-Mean-FFseed,0.0
16,Uniform-Mean-FFseed,0.0
17,Uniform-Mean-FFseed,0.0
18,Uniform-Mean-FFseed,0.0
19,Uniform-Mean-FFseed,0.0
20,Uniform-Mean-FFseed,0.0
21,Uniform-Mean-FFseed,0.0
22,Uniform-Mean-FFseed,0.20425432423809298
23,Uniform-Mean-FFseed,0.0
24,Uniform-Mean-FFseed,0.0
25,Uniform-Mean-FFseed,0.0
26,Uniform-Mean-FFseed,1.205249189484789
27,Uniform-Mean-FFseed,0.0
28,Uniform-Mean-FFseed,0.0
29,Uniform-Mean-FFseed,0.0
30,Uniform-Mean-FFseed,0.0
31,Uniform-Mean-FFseed,0.0
32,Uniform-Mean-FFseed,0.0
33,Uniform-Mean-FFseed,0.0
34,Uniform-Mean-FFseed,0.0
35,Uniform-Mean-FFseed,12.541347647488578
36,Uniform-Mean-FFseed,0.0
37,Uniform-Mean-FFseed,0.772175432755887
38,Uniform-Mean-FFseed,0.0
39,Uniform-Mean-FFseed,0.9711872544618245
40,Uniform-Mean-FFseed,0.0
41,Uniform-Mean-FFseed,0.0
42,Uniform-Mean-FFseed,0.0
43,Uniform-Mean-FFseed,0.0
44,Uniform-Mean-FFseed,0.0
45,Uniform-Mean-FFseed,0.0
46,Uniform-Mean-FFseed,0.0
47,Uniform-Mean-FFseed,0.0
48,Uniform-Mean-FFseed,0.0
49,Uniform-Mean-FFseed,17.883331522493734
50,Uniform-Mean-FFseed,0.0
51,Uniform-Mean-FFseed,1.2730436490588488
52,Uniform-Mean-FFseed,0.0
53,Uniform-Mean-FFseed,0.0
54,Uniform-Mean-FFseed,0.0
55,Uniform-Mean-FFseed,27.372546018258788
56,Uniform-Mean-FFseed,0.0
57,Uniform-Mean-FFseed,15.949349387869859
58,Uniform-Mean-FFseed,0.0
59,Uniform-Mean-FFseed,0.0
60,Uniform-Mean-FFseed,0.0
61,Uniform-Mean-FFseed,0.0
62,Uniform-Mean-FFseed,0.0
63,Uniform-Mean-FFseed,0.0
64,Uniform-Mean-FFseed,0.0
65,Uniform-Mean-FFseed,0.0
66,Uniform-Mean-FFseed,0.0
67,Uniform-Mean-FFseed,3.3802165773010984
68,Uniform-Mean-FFseed,0.0
69,Uniform-Mean-FFseed,0.0
70,Uniform-Mean-FFseed,0.0
71,Uniform-Mean-FFseed,0.0
72,Uniform-Mean-FFseed,0.0
73,Uniform-Mean-FFseed,0.0
74,Uniform-Mean-FFseed,0.0
75,Uniform-Mean-FFseed,0.0
76,Uniform-Mean-FFseed,0.0
77,Uniform-Mean-FFseed,0.0
78,Uniform-Mean-FFseed,0.0
79,Uniform-Mean-FFseed,0.0
80,Uniform-Mean-FFseed,0.0
81,Uniform-Mean-FFseed,0.0
82,Uniform-Mean-FFseed,0.0
83,Uniform-Mean-FFseed,0.0
84,Uniform-Mean-FFseed,3.689869911905589
85,Uniform-Mean-FFseed,0.0
86,Uniform-Mean-FFseed,2.622701892522457
87,Uniform-Mean-FFseed,0.0
88,Uniform-Mean-FFseed,0.0
89,Uniform-Mean-FFseed,0.0
90,Uniform-Mean-FFseed,0.0
91,Uniform-Mean-FFseed,0.0
92,Uniform-Mean-FFseed,0.0
93,Uniform-Mean-FFseed,0.0
94,Uniform-Mean-FFseed,1.0796078829760063
95,Uniform-Mean-FFseed,0.0
96,Uniform-Mean-FFseed,0.0
97,Uniform-Mean-FFseed,0.0
98,Uniform-Mean-FFseed,1.8230393406003316
99,Uniform-Mean-FFseed,0.0
100,Uniform-Mean-FFseed,13.436049016823915
101,Uniform-Mean-FFseed,0.0
102,Uniform-Mean-FFseed,0.0
103,Uniform-Mean-FFseed,0.0
104,Uniform-Mean-FFseed,2.1370846951006683
105,Uniform-Mean-FFseed,0.0
106,Uniform-Mean-FFseed,0.0
107,Uniform-Mean-FFseed,0.0
108,Uniform-Mean-FFseed,0.0
109,Uniform-Mean-FFseed,0.0
110,Uniform-Mean-FFseed,0.0
111,Uniform-Mean-FFseed,0.0
112,Uniform-Mean-FFseed,0.0
113,Uniform-Mean-FFseed,0.0
114,Uniform-Mean-FFseed,0.0
115,Uniform-Mean-FFseed,0.0
116,Uniform-Mean-FFseed,0.0
117,Uniform-Mean-FFseed,0.0
118,Uniform-Mean-FFseed,0.0
119,Uniform-Mean-FFseed,0.0
120,Uniform-Mean-FFseed,3.12412168571052
121,Uniform-Mean-FFseed,0.0
122,Uniform-Mean-FFseed,0.0
123,Uniform-Mean-FFseed,0.0
124,Uniform-Mean-FFseed,0.0
125,Uniform-Mean-FFseed,0.0
126,Uniform-Mean-FFseed,0.0
127,Uniform-Mean-FFseed,0.0
128,Uniform-Mean-FFseed,1.0651820787305724
129,Uniform-Mean-FFseed,0.0
130,Uniform-Mean-FFseed,0.0
131,Uniform-Mean-FFseed,0.0
132,Uniform-Mean-FFseed,1.5212123676178066
133,Uniform-Mean-FFseed,0.858248315905314
134,Uniform-Mean-FFseed,0.0
135,Uniform-Mean-FFseed,0.2031435864656146
136,Uniform-Mean-FFseed,0.0
137,Uniform-Mean-FFseed,0.0
138,Uniform-Mean-FFseed,0.0
139,Uniform-Mean-FFseed,4.969021033242939
140,Uniform-Mean-FFseed,0.0
141,Uniform-Mean-FFseed,0.0
142,Uniform-Mean-FFseed,0.0
143,Uniform-Mean-FFseed,0.0
144,Uniform-Mean-FFseed,0.0
145,Uniform-Mean-FFseed,0.0
146,Uniform-Mean-FFseed,0.0
147,Uniform-Mean-FFseed,0.0
148,Uniform-Mean-FFseed,0.0
149,Uniform-Mean-FFseed,0.0
150,Uniform-Mean-FFseed,0.0
151,Uniform-Mean-FFseed,0.0
152,Uniform-Mean-FFseed,0.0
153,Uniform-Mean-FFseed,0.0
154,Uniform-Mean-FFseed,0.0
155,Uniform-Mean-FFseed,0.0
156,Uniform-Mean-FFseed,13.471798787317113
157,Uniform-Mean-FFseed,0.0
158,Uniform-Mean-FFseed,0.0
159,Uniform-Mean-FFseed,0.0
160,Uniform-Mean-FFseed,0.0
161,Uniform-Mean-FFseed,0.0
162,Uniform-Mean-FFseed,0.0
163,Uniform-Mean-FFseed,0.0
164,Uniform-Mean-FFseed,0.0
165,Uniform-Mean-FFseed,0.0
166,Uniform-Mean-FFseed,0.0
167,Uniform-Mean-FFseed,0.0
168,Uniform-Mean-FFseed,0.0
169,Uniform-Mean-FFseed,0.0
170,Uniform-Mean-FFseed,0.0
171,Uniform-Mean-FFseed,4.762962869178352
172,Uniform-Mean-FFseed,0.0
173,Uniform-Mean-FFseed,0.0
174,Uniform-Mean-FFseed,0.0
175,Uniform-Mean-FFseed,0.0
176,Uniform-Mean-FFseed,0.0
177,Uniform-Mean-FFseed,0.0
178,Uniform-Mean-FFseed,0.0
179,Uniform-Mean-FFseed,0.0
180,Uniform-Mean-FFseed,0.0
181,Uniform-Mean-FFseed,0.0
182,Uniform-Mean-FFseed,0.0
183,Uniform-Mean-FFseed,0.0
184,Uniform-Mean-FFseed,0.0
185,Uniform-Mean-FFseed,0.0
186,Uniform-Mean-FFseed,0.0
187,Uniform-Mean-FFseed,0.0
188,Uniform-Mean-FFseed,0.0
189,Uniform-Mean-FFseed,0.0
190,Uniform-Mean-FFseed,0.0
191,Uniform-Mean-FFseed,3.7970589362487033
192,Uniform-Mean-FFseed,0.0
193,Uniform-Mean-FFseed,10.785014980979952
194,Uniform-Mean-FFseed,0.0
195,Uniform-Mean-FFseed,0.0
196,Uniform-Mean-FFseed,0.0
197,Uniform-Mean-FFseed,0.0
198,Uniform-Mean-FFseed,2.034182208259722
199,Uniform-Mean-FFseed,6.460628172579561
200,Uniform-Mean-FFseed,0.0
201,Uniform-Mean-FFseed,0.0
202,Uniform-Mean-FFseed,0.0
203,Uniform-Mean-FFseed,0.0
204,Uniform-Mean-FFseed,0.0
205,Uniform-Mean-FFseed,0.0
206,Uniform-Mean-FFseed,0.0
207,Uniform-Mean-FFseed,3.44180052583431
208,Uniform-Mean-FFseed,0.5957038357840361
209,Uniform-Mean-FFseed,0.0
210,Uniform-Mean-FFseed,0.0
211,Uniform-Mean-FFseed,0.0
212,Uniform-Mean-FFseed,0.0
213,Uniform-Mean-FFseed,30.982784155137807
214,Uniform-Mean-FFseed,0.0
215,Uniform-Mean-FFseed,0.0
216,Uniform-Mean-FFseed,0.0
217,Uniform-Mean-FFseed,0.0
218,Uniform-Mean-FFseed,0.0
219,Uniform-Mean-FFseed,0.0
220,Uniform-Mean-FFseed,0.0
221,Uniform-Mean-FFseed,0.0
222,Uniform-Mean-FFseed,0.0
223,Uniform-Mean-FFseed,0.0
224,Uniform-Mean-FFseed,3.3497379070914235
225,Uniform-Mean-FFseed,0.0
226,Uniform-Mean-FFseed,0.0
227,Uniform-Mean-FFseed,0.0
228,Uniform-Mean-FFseed,0.0
229,Uniform-Mean-FFseed,0.0
230,Uniform-Mean-FFseed,0.0
231,Uniform-Mean-FFseed,0.0
232,Uniform-Mean-FFseed,0.0
233,Uniform-Mean-FFseed,0.0
234,Uniform-Mean-FFseed,0.0
235,Uniform-Mean-FFseed,0.0
236,Uniform-Mean-FFseed,0.0
237,Uniform-Mean-FFseed,0.0
238,Uniform-Mean-FFseed,0.01937440896898579
239,Uniform-Mean-FFseed,0.0
240,Uniform-Mean-FFseed,0.0
241,Uniform-Mean-FFseed,0.0
242,Uniform-Mean-FFseed,0.0
243,Uniform-Mean-FFseed,0.0
244,Uniform-Mean-FFseed,0.0
245,Uniform-Mean-FFseed,0.0
246,Uniform-Mean-FFseed,0.0
247,Uniform-Mean-FFseed,0.0
248,Uniform-Mean-FFseed,0.0
249,Uniform-Mean-FFseed,1.7704856591442422
250,Uniform-Mean-FFseed,1.5307780262025972
251,Uniform-Mean-FFseed,0.7084158618710319
252,Uniform-Mean-FFseed,0.0
253,Uniform-Mean-FFseed,0.0
254,Uniform-Mean-FFseed,0.0
255,Uniform-Mean-FFseed,0.0
256,Uniform-Mean-FFseed,0.0
257,Uniform-Mean-FFseed,0.0
258,Uniform-Mean-FFseed,0.0
259,Uniform-Mean-FFseed,0.0
260,Uniform-Mean-FFseed,0.0
261,Uniform-Mean-FFseed,0.0
262,Uniform-Mean-FFseed,0.0
263,Uniform-Mean-FFseed,0.0
264,Uniform-Mean-FFseed,1.9932220498023412
265,Uniform-Mean-FFseed,0.0
266,Uniform-Mean-FFseed,1.0408715628973937
267,Uniform-Mean-FFseed,0.0
268,Uniform-Mean-FFseed,0.0
269,Uniform-Mean-FFseed,0.0
270,Uniform-Mean-FFseed,0.0
271,Uniform-Mean-FFseed,0.0
272,Uniform-Mean-FFseed,0.0
273,Uniform-Mean-FFseed,0.0
274,Uniform-Mean-FFseed,0.0
275,Uniform-Mean-FFseed,6.847511742664949
276,Uniform-Mean-FFseed,0.0
277,Uniform-Mean-FFseed,0.0
278,Uniform-Mean-FFseed,0.5843022551474633
279,Uniform-Mean-FFseed,0.0
280,Uniform-Mean-FFseed,0.0
281,Uniform-Mean-FFseed,0.0
282,Uniform-Mean-FFseed,0.0
283,Uniform-Mean-FFseed,0.0
284,Uniform-Mean-FFseed,10.11742384195378
285,Uniform-Mean-FFseed,0.0
286,Uniform-Mean-FFseed,0.0
287,Uniform-Mean-FFseed,0.0
288,Uniform-Mean-FFseed,0.0
289,Uniform-Mean-FFseed,0.0
290,Uniform-Mean-FFseed,0.0
291,Uniform-Mean-FFseed,0.0
292,Uniform-Mean-FFseed,0.0
293,Uniform-Mean-FFseed,0.0
294,Uniform-Mean-FFseed,0.0
295,Uniform-Mean-FFseed,0.0
296,Uniform-Mean-FFseed,0.0
297,Uniform-Mean-FFseed,0.0
298,Uniform-Mean-FFseed,0.0
299,Uniform-Mean-FFseed,0.0
300,Uniform-Mean-FFseed,0.0
301,Uniform-Mean-FFseed,0.0
302,Uniform-Mean-FFseed,13.355818927894859
303,Uniform-Mean-FFseed,1.7426863429954835
304,Uniform-Mean-FFseed,0.0
305,Uniform-Mean-FFseed,2.0617680197664754
306,Uniform-Mean-FFseed,0.1332243549235841
307,Uniform-Mean-FFseed,0.0
308,Uniform-Mean-FFseed,0.0
309,Uniform-Mean-FFseed,0.0
310,Uniform-Mean-FFseed,0.0
311,Uniform-Mean-FFseed,2.1378763795507894
312,Uniform-Mean-FFseed,1.6358455313932438
313,Uniform-Mean-FFseed,0.0
314,Uniform-Mean-FFseed,0.0
315,Uniform-Mean-FFseed,0.0
316,Uniform-Mean-FFseed,0.0
317,Uniform-Mean-FFseed,0.0
318,Uniform-Mean-FFseed,0.0
319,Uniform-Mean-FFseed,0.0
320,Uniform-Mean-FFseed,0.0
321,Uniform-Mean-FFseed,0.0
322,Uniform-Mean-FFseed,0.0
323,Uniform-Mean-FFseed,0.0
324,Uniform-Mean-FFseed,0.0
325,Uniform-Mean-FFseed,0.0
326,Uniform-Mean-FFseed,0.0
327,Uniform-Mean-FFseed,0.0
328,Uniform-Mean-FFseed,0.0
329,Uniform-Mean-FFseed,0.0
330,Uniform-Mean-FFseed,0.0
331,Uniform-Mean-FFseed,0.0
332,Uniform-Mean-FFseed,0.0
333,Uniform-Mean-FFseed,0.0
334,Uniform-Mean-FFseed,0.0
335,Uniform-Mean-FFseed,0.0
336,Uniform-Mean-FFseed,0.0
337,Uniform-Mean-FFseed,0.0
338,Uniform-Mean-FFseed,0.0
339,Uniform-Mean-FFseed,0.0
340,Uniform-Mean-FFseed,0.0
341,Uniform-Mean-FFseed,0.0
342,Uniform-Mean-FFseed,0.0
343,Uniform-Mean-FFseed,7.0876505646614305
344,Uniform-Mean-FFseed,0.0
345,Uniform-Mean-FFseed,0.06103630211453037
346,Uniform-Mean-FFseed,0.0
347,Uniform-Mean-FFseed,0.0
348,Uniform-Mean-FFseed,0.0
349,Uniform-Mean-FFseed,0.0
350,Uniform-Mean-FFseed,0.0
351,Uniform-Mean-FFseed,0.0
352,Uniform-Mean-FFseed,0.0
353,Uniform-Mean-FFseed,0.0
354,Uniform-Mean-FFseed,7.199682909506635
355,Uniform-Mean-FFseed,0.0
356,Uniform-Mean-FFseed,0.0
357,Uniform-Mean-FFseed,0.0
358,Uniform-Mean-FFseed,1.150423262847994
359,Uniform-Mean-FFseed,0.0
360,Uniform-Mean-FFseed,1.137517901090007
361,Uniform-Mean-FFseed,0.0
362,Uniform-Mean-FFseed,6.414768654962074
363,Uniform-Mean-FFseed,0.0
364,Uniform-Mean-FFseed,0.0
365,Uniform-Mean-FFseed,0.0
366,Uniform-Mean-FFseed,0.0
367,Uniform-Mean-FFseed,0.0
368,Uniform-Mean-FFseed,0.0
369,Uniform-Mean-FFseed,0.0
370,Uniform-Mean-FFseed,0.0
371,Uniform-Mean-FFseed,0.0
372,Uniform-Mean-FFseed,0.0
373,Uniform-Mean-FFseed,4.247166690424081
374,Uniform-Mean-FFseed,0.0
375,Uniform-Mean-FFseed,0.0
376,Uniform-Mean-FFseed,0.12395139781489206
377,Uniform-Mean-FFseed,0.0
378,Uniform-Mean-FFseed,0.0
379,Uniform-Mean-FFseed,0.0
380,Uniform-Mean-FFseed,0.0
381,Uniform-Mean-FFseed,0.0
382,Uniform-Mean-FFseed,0.0
383,Uniform-Mean-FFseed,1.5449666431600804
384,Uniform-Mean-FFseed,0.0
385,Uniform-Mean-FFseed,0.0
386,Uniform-Mean-FFseed,0.0
387,Uniform-Mean-FFseed,0.0
388,Uniform-Mean-FFseed,0.0
389,Uniform-Mean-FFseed,0.0
390,Uniform-Mean-FFseed,10.84895212401608
391,Uniform-Mean-FFseed,0.1714555826208084
392,Uniform-Mean-FFseed,0.0
393,Uniform-Mean-FFseed,0.0
394,Uniform-Mean-FFseed,0.0
395,Uniform-Mean-FFseed,0.0
396,Uniform-Mean-FFseed,8.96107916929492
397,Uniform-Mean-FFseed,0.0
398,Uniform-Mean-FFseed,0.0
399,Uniform-Mean-FFseed,0.0
400,Uniform-Mean-FFseed,0.0
401,Uniform-Mean-FFseed,0.0
402,Uniform-Mean-FFseed,0.0
403,Uniform-Mean-FFseed,0.8380459543593588
404,Uniform-Mean-FFseed,0.0
405,Uniform-Mean-FFseed,0.0
406,Uniform-Mean-FFseed,0.0
407,Uniform-Mean-FFseed,0.0
408,Uniform-Mean-FFseed,0.0
409,Uniform-Mean-FFseed,0.0
410,Uniform-Mean-FFseed,0.0
411,Uniform-Mean-FFseed,0.0
412,Uniform-Mean-FFseed,4.6988917986147385
413,Uniform-Mean-FFseed,0.0
414,Uniform-Mean-FFseed,0.0
415,Uniform-Mean-FFseed,0.0
416,Uniform-Mean-FFseed,0.0
417,Uniform-Mean-FFseed,0.0
418,Uniform-Mean-FFseed,0.0
419,Uniform-Mean-FFseed,0.0
420,Uniform-Mean-FFseed,0.0
421,Uniform-Mean-FFseed,0.0
422,Uniform-Mean-FFseed,0.0
423,Uniform-Mean-FFseed,0.0
424,Uniform-Mean-FFseed,1.3509163018587742
425,Uniform-Mean-FFseed,0.0
426,Uniform-Mean-FFseed,0.0
427,Uniform-Mean-FFseed,0.0
428,Uniform-Mean-FFseed,0.0
429,Uniform-Mean-FFseed,0.0
430,Uniform-Mean-FFseed,9.81389840170192
431,Uniform-Mean-FFseed,0.0
432,Uniform-Mean-FFseed,0.0
433,Uniform-Mean-FFseed,0.0
434,Uniform-Mean-FFseed,0.0
435,Uniform-Mean-FFseed,0.0
436,Uniform-Mean-FFseed,6.910156375938868
437,Uniform-Mean-FFseed,0.0
438,Uniform-Mean-FFseed,0.0
439,Uniform-Mean-FFseed,0.0
440,Uniform-Mean-FFseed,0.0
441,Uniform-Mean-FFseed,0.0
442,Uniform-Mean-FFseed,0.0
443,Uniform-Mean-FFseed,0.0
444,Uniform-Mean-FFseed,0.0
445,Uniform-Mean-FFseed,0.0
446,Uniform-Mean-FFseed,0.0
447,Uniform-Mean-FFseed,0.0
448,Uniform-Mean-FFseed,0.0
449,Uniform-Mean-FFseed,0.0
450,Uniform-Mean-FFseed,0.0
451,Uniform-Mean-FFseed,0.0
452,Uniform-Mean-FFseed,8.552137598763409
453,Uniform-Mean-FFseed,8.774841875921993
454,Uniform-Mean-FFseed,0.0
455,Uniform-Mean-FFseed,2.236218161716579
456,Uniform-Mean-FFseed,1.6751422342482556
457,Uniform-Mean-FFseed,0.0
458,Uniform-Mean-FFseed,4.985496399993451
459,Uniform-Mean-FFseed,0.0
460,Uniform-Mean-FFseed,0.0
461,Uniform-Mean-FFseed,0.0
462,Uniform-Mean-FFseed,6.249486239504108
463,Uniform-Mean-FFseed,0.4231001868940325
464,Uniform-Mean-FFseed,3.5110399979910767
465,Uniform-Mean-FFseed,3.460858196572417
466,Uniform-Mean-FFseed,0.0
467,Uniform-Mean-FFseed,0.0
468,Uniform-Mean-FFseed,0.0
469,Uniform-Mean-FFseed,4.68314401574554
470,Uniform-Mean-FFseed,0.0
471,Uniform-Mean-FFseed,0.0
472,Uniform-Mean-FFseed,0.0
473,Uniform-Mean-FFseed,0.0
474,Uniform-Mean-FFseed,0.0
475,Uniform-Mean-FFseed,0.0
476,Uniform-Mean-FFseed,0.0
477,Uniform-Mean-FFseed,0.0
478,Uniform-Mean-FFseed,0.0
479,Uniform-Mean-FFseed,0.0
480,Uniform-Mean-FFseed,0.0
481,Uniform-Mean-FFseed,1.723350079553029
482,Uniform-Mean-FFseed,2.0493466348368656
483,Uniform-Mean-FFseed,0.0
484,Uniform-Mean-FFseed,0.0
485,Uniform-Mean-FFseed,2.1455195226293995
486,Uniform-Mean-FFseed,0.0
487,Uniform-Mean-FFseed,0.0
488,Uniform-Mean-FFseed,0.0
489,Uniform-Mean-FFseed,0.0
490,Uniform-Mean-FFseed,0.0
491,Uniform-Mean-FFseed,0.0
492,Uniform-Mean-FFseed,1.823431552882255
493,Uniform-Mean-FFseed,0.0
494,Uniform-Mean-FFseed,0.0
495,Uniform-Mean-FFseed,0.0
496,Uniform-Mean-FFseed,0.0
497,Uniform-Mean-FFseed,0.0
498,Uniform-Mean-FFseed,0.0
499,Uniform-Mean-FFseed,0.0
500,Uniform-Mean-FFseed,0.0
501,Uniform-Mean-FFseed,0.0
502,Uniform-Mean-FFseed,0.0
503,Uniform-Mean-FFseed,5.233740487233717
504,Uniform-Mean-FFseed,0.0
505,Uniform-Mean-FFseed,0.0
506,Uniform-Mean-FFseed,0.0
507,Uniform-Mean-FFseed,0.0
508,Uniform-Mean-FFseed,0.0
509,Uniform-Mean-FFseed,0.0
510,Uniform-Mean-FFseed,0.0
511,Uniform-Mean-FFseed,0.0
512,Uniform-Mean-FFseed,0.0
513,Uniform-Mean-FFseed,0.0
514,Uniform-Mean-FFseed,0.0
515,Uniform-Mean-FFseed,0.0
516,Uniform-Mean-FFseed,0.0
517,Uniform-Mean-FFseed,0.0
518,Uniform-Mean-FFseed,0.0
519,Uniform-Mean-FFseed,0.0
520,Uniform-Mean-FFseed,0.0
521,Uniform-Mean-FFseed,0.0
522,Uniform-Mean-FFseed,0.0
523,Uniform-Mean-FFseed,0.0
524,Uniform-Mean-FFseed,0.0
525,Uniform-Mean-FFseed,0.0
526,Uniform-Mean-FFseed,0.0
527,Uniform-Mean-FFseed,0.0
528,Uniform-Mean-FFseed,0.0
529,Uniform-Mean-FFseed,0.0
530,Uniform-Mean-FFseed,0.0
531,Uniform-Mean-FFseed,0.0
532,Uniform-Mean-FFseed,0.0
533,Uniform-Mean-FFseed,0.0
534,Uniform-Mean-FFseed,2.3229114950003122
535,Uniform-Mean-FFseed,8.819647439965365
536,Uniform-Mean-FFseed,0.0
537,Uniform-Mean-FFseed,0.0
538,Uniform-Mean-FFseed,0.0
539,Uniform-Mean-FFseed,12.695391682567106
540,Uniform-Mean-FFseed,0.0
541,Uniform-Mean-FFseed,0.0
542,Uniform-Mean-FFseed,0.0
543,Uniform-Mean-FFseed,0.0
544,Uniform-Mean-FFseed,5.061857882072445
545,Uniform-Mean-FFseed,0.0
546,Uniform-Mean-FFseed,9.938332421222924
547,Uniform-Mean-FFseed,0.0
548,Uniform-Mean-FFseed,0.0
549,Uniform-Mean-FFseed,0.0
550,Uniform-Mean-FFseed,0.0
551,Uniform-Mean-FFseed,1.0329504067964308
552,Uniform-Mean-FFseed,0.0
553,Uniform-Mean-FFseed,0.0
554,Uniform-Mean-FFseed,0.0
555,Uniform-Mean-FFseed,0.0
556,Uniform-Mean-FFseed,0.0
557,Uniform-Mean-FFseed,0.0
558,Uniform-Mean-FFseed,0.0
559,Uniform-Mean-FFseed,1.9326382624004736
560,Uniform-Mean-FFseed,0.3820686998818701
561,Uniform-Mean-FFseed,0.0
562,Uniform-Mean-FFseed,0.0
563,Uniform-Mean-FFseed,0.0
564,Uniform-Mean-FFseed,0.0
565,Uniform-Mean-FFseed,0.0
566,Uniform-Mean-FFseed,0.0
567,Uniform-Mean-FFseed,0.0
568,Uniform-Mean-FFseed,0.0
569,Uniform-Mean-FFseed,4.871722590360093
570,Uniform-Mean-FFseed,0.0
571,Uniform-Mean-FFseed,0.0
572,Uniform-Mean-FFseed,0.0
573,Uniform-Mean-FFseed,0.5381996950326879
574,Uniform-Mean-FFseed,0.0
575,Uniform-Mean-FFseed,0.0
576,Uniform-Mean-FFseed,0.0
577,Uniform-Mean-FFseed,0.0
578,Uniform-Mean-FFseed,0.0
579,Uniform-Mean-FFseed,0.0
580,Uniform-Mean-FFseed,0.0
581,Uniform-Mean-FFseed,0.0
582,Uniform-Mean-FFseed,0.0
583,Uniform-Mean-FFseed,0.0
584,Uniform-Mean-FFseed,0.0
585,Uniform-Mean-FFseed,1.5859705835882778
586,Uniform-Mean-FFseed,0.0
587,Uniform-Mean-FFseed,0.0
588,Uniform-Mean-FFseed,0.0
589,Uniform-Mean-FFseed,0.0
590,Uniform-Mean-FFseed,5.35119986698254
591,Uniform-Mean-FFseed,0.0
592,Uniform-Mean-FFseed,0.0
593,Uniform-Mean-FFseed,0.0
594,Uniform-Mean-FFseed,0.0
595,Uniform-Mean-FFseed,0.0
596,Uniform-Mean-FFseed,0.0
597,Uniform-Mean-FFseed,0.0
598,Uniform-Mean-FFseed,0.0
599,Uniform-Mean-FFseed,0.0
600,Uniform-Mean-FFseed,0.0
601,Uniform-Mean-FFseed,0.0
602,Uniform-Mean-FFseed,0.0
603,Uniform-Mean-FFseed,0.0
604,Uniform-Mean-FFseed,0.0
605,Uniform-Mean-FFseed,0.0
606,Uniform-Mean-FFseed,5.234709773605687
607,Uniform-Mean-FFseed,16.211592649007713
608,Uniform-Mean-FFseed,0.0
609,Uniform-Mean-FFseed,5.533190877744687
610,Uniform-Mean-FFseed,0.0
611,Uniform-Mean-FFseed,0.0
612,Uniform-Mean-FFseed,0.0
613,Uniform-Mean-FFseed,0.0
614,Uniform-Mean-FFseed,0.0
615,Uniform-Mean-FFseed,0.0
616,Uniform-Mean-FFseed,0.0
617,Uniform-Mean-FFseed,0.0
618,Uniform-Mean-FFseed,0.0
619,Uniform-Mean-FFseed,1.3239838374586839
620,Uniform-Mean-FFseed,0.0
621,Uniform-Mean-FFseed,0.0
622,Uniform-Mean-FFseed,0.0
623,Uniform-Mean-FFseed,0.0
624,Uniform-Mean-FFseed,0.0
625,Uniform-Mean-FFseed,0.0
626,Uniform-Mean-FFseed,0.0
627,Uniform-Mean-FFseed,6.798751567957424
628,Uniform-Mean-FFseed,0.0
629,Uniform-Mean-FFseed,0.0
630,Uniform-Mean-FFseed,0.0
631,Uniform-Mean-FFseed,0.0
632,Uniform-Mean-FFseed,0.0
633,Uniform-Mean-FFseed,1.2136172599211648
634,Uniform-Mean-FFseed,0.0
635,Uniform-Mean-FFseed,0.0
636,Uniform-Mean-FFseed,0.0
637,Uniform-Mean-FFseed,0.0
638,Uniform-Mean-FFseed,0.0
639,Uniform-Mean-FFseed,0.0
640,Uniform-Mean-FFseed,0.0
641,Uniform-Mean-FFseed,0.0
642,Uniform-Mean-FFseed,0.0
643,Uniform-Mean-FFseed,0.0
644,Uniform-Mean-FFseed,0.0
645,Uniform-Mean-FFseed,4.363394392337398
646,Uniform-Mean-FFseed,0.0
647,Uniform-Mean-FFseed,0.0
648,Uniform-Mean-FFseed,0.0
649,Uniform-Mean-FFseed,0.0
650,Uniform-Mean-FFseed,0.0
651,Uniform-Mean-FFseed,0.0
652,Uniform-Mean-FFseed,0.0
653,Uniform-Mean-FFseed,0.0
654,Uniform-Mean-FFseed,0.0
655,Uniform-Mean-FFseed,0.0
656,Uniform-Mean-FFseed,0.0
657,Uniform-Mean-FFseed,0.0
658,Uniform-Mean-FFseed,0.0
659,Uniform-Mean-FFseed,0.0
660,Uniform-Mean-FFseed,0.0
661,Uniform-Mean-FFseed,0.0
662,Uniform-Mean-FFseed,0.0
663,Uniform-Mean-FFseed,0.0
664,Uniform-Mean-FFseed,0.0
665,Uniform-Mean-FFseed,0.0
666,Uniform-Mean-FFseed,0.0
667,Uniform-Mean-FFseed,0.0
668,Uniform-Mean-FFseed,0.0
669,Uniform-Mean-FFseed,0.0
670,Uniform-Mean-FFseed,0.0
671,Uniform-Mean-FFseed,0.0
672,Uniform-Mean-FFseed,0.0
673,Uniform-Mean-FFseed,2.232067944779317
674,Uniform-Mean-FFseed,0.0
675,Uniform-Mean-FFseed,0.0
676,Uniform-Mean-FFseed,0.0
677,Uniform-Mean-FFseed,0.0
678,Uniform-Mean-FFseed,0.0
679,Uniform-Mean-FFseed,0.0
680,Uniform-Mean-FFseed,0.9263987437770993
681,Uniform-Mean-FFseed,0.0
682,Uniform-Mean-FFseed,0.0
683,Uniform-Mean-FFseed,0.0
684,Uniform-Mean-FFseed,0.0
685,Uniform-Mean-FFseed,0.8253915226943604
686,Uniform-Mean-FFseed,0.0
687,Uniform-Mean-FFseed,0.0
688,Uniform-Mean-FFseed,0.0
689,Uniform-Mean-FFseed,2.4758504786001367
690,Uniform-Mean-FFseed,0.0
691,Uniform-Mean-FFseed,0.0
692,Uniform-Mean-FFseed,0.0
693,Uniform-Mean-FFseed,0.0
694,Uniform-Mean-FFseed,0.0
695,Uniform-Mean-FFseed,0.0
696,Uniform-Mean-FFseed,0.0
697,Uniform-Mean-FFseed,0.0
698,Uniform-Mean-FFseed,0.0
699,Uniform-Mean-FFseed,0.0
700,Uniform-Mean-FFseed,0.0
701,Uniform-Mean-FFseed,4.370204966349888
702,Uniform-Mean-FFseed,0.0
703,Uniform-Mean-FFseed,0.0
704,Uniform-Mean-FFseed,0.0
705,Uniform-Mean-FFseed,0.0
706,Uniform-Mean-FFseed,0.0
707,Uniform-Mean-FFseed,1.7351385084772915
708,Uniform-Mean-FFseed,0.0
709,Uniform-Mean-FFseed,0.0
710,Uniform-Mean-FFseed,0.0
711,Uniform-Mean-FFseed,0.0
712,Uniform-Mean-FFseed,0.0
713,Uniform-Mean-FFseed,0.0
714,Uniform-Mean-FFseed,0.0
715,Uniform-Mean-FFseed,5.802242431412367
716,Uniform-Mean-FFseed,4.562187269687854
717,Uniform-Mean-FFseed,0.0
718,Uniform-Mean-FFseed,0.0
719,Uniform-Mean-FFseed,0.0
720,Uniform-Mean-FFseed,0.0
721,Uniform-Mean-FFseed,0.0
722,Uniform-Mean-FFseed,0.0
723,Uniform-Mean-FFseed,1.1845837019233727
724,Uniform-Mean-FFseed,0.0
725,Uniform-Mean-FFseed,0.0
726,Uniform-Mean-FFseed,0.0
727,Uniform-Mean-FFseed,0.0
728,Uniform-Mean-FFseed,0.0
729,Uniform-Mean-FFseed,4.714744797795163
730,Uniform-Mean-FFseed,0.0
731,Uniform-Mean-FFseed,0.0
732,Uniform-Mean-FFseed,0.0
733,Uniform-Mean-FFseed,0.0
734,Uniform-Mean-FFseed,0.9261923942406725
735,Uniform-Mean-FFseed,0.0
736,Uniform-Mean-FFseed,0.0
737,Uniform-Mean-FFseed,0.0
738,Uniform-Mean-FFseed,0.0
739,Uniform-Mean-FFseed,0.0
740,Uniform-Mean-FFseed,0.0
741,Uniform-Mean-FFseed,0.0
742,Uniform-Mean-FFseed,0.0
743,Uniform-Mean-FFseed,0.7374739852412233
744,Uniform-Mean-FFseed,0.0
745,Uniform-Mean-FFseed,0.0
746,Uniform-Mean-FFseed,0.0
747,Uniform-Mean-FFseed,0.0
748,Uniform-Mean-FFseed,0.0
749,Uniform-Mean-FFseed,4.6040105170060315
750,Uniform-Mean-FFseed,0.14547622984269992
751,Uniform-Mean-FFseed,0.0
752,Uniform-Mean-FFseed,0.1357162206236353
753,Uniform-Mean-FFseed,0.0
754,Uniform-Mean-FFseed,0.0
755,Uniform-Mean-FFseed,0.0
756,Uniform-Mean-FFseed,0.0
757,Uniform-Mean-FFseed,0.0
758,Uniform-Mean-FFseed,1.4189733508931681
759,Uniform-Mean-FFseed,1.5593973548707822
760,Uniform-Mean-FFseed,0.0
761,Uniform-Mean-FFseed,0.0
762,Uniform-Mean-FFseed,0.0
763,Uniform-Mean-FFseed,0.0
764,Uniform-Mean-FFseed,0.0
765,Uniform-Mean-FFseed,0.0
766,Uniform-Mean-FFseed,0.0
767,Uniform-Mean-FFseed,2.3245888447902416
768,Uniform-Mean-FFseed,0.0
769,Uniform-Mean-FFseed,0.0
770,Uniform-Mean-FFseed,0.0
771,Uniform-Mean-FFseed,0.9238896738804101
772,Uniform-Mean-FFseed,0.0
773,Uniform-Mean-FFseed,0.0
774,Uniform-Mean-FFseed,0.0
775,Uniform-Mean-FFseed,7.437525963976896
776,Uniform-Mean-FFseed,0.0
777,Uniform-Mean-FFseed,0.0
778,Uniform-Mean-FFseed,0.0
779,Uniform-Mean-FFseed,0.0
780,Uniform-Mean-FFseed,7.042519631103858
781,Uniform-Mean-FFseed,0.0
782,Uniform-Mean-FFseed,0.0
783,Uniform-Mean-FFseed,2.589884045001611
784,Uniform-Mean-FFseed,0.0
785,Uniform-Mean-FFseed,0.20152961497484512
786,Uniform-Mean-FFseed,0.0
787,Uniform-Mean-FFseed,0.0
788,Uniform-Mean-FFseed,0.0
789,Uniform-Mean-FFseed,11.29999958699753
790,Uniform-Mean-FFseed,0.0
791,Uniform-Mean-FFseed,0.0
792,Uniform-Mean-FFseed,0.0
793,Uniform-Mean-FFseed,0.0
794,Uniform-Mean-FFseed,0.0
795,Uniform-Mean-FFseed,0.0
796,Uniform-Mean-FFseed,0.0
797,Uniform-Mean-FFseed,5.199084702321045
798,Uniform-Mean-FFseed,1.1275587854892137
799,Uniform-Mean-FFseed,0.0
800,Uniform-Mean-FFseed,0.0
801,Uniform-Mean-FFseed,0.0
802,Uniform-Mean-FFseed,0.0
803,Uniform-Mean-FFseed,0.0
804,Uniform-Mean-FFseed,15.340373982095343
805,Uniform-Mean-FFseed,5.200978418995817
806,Uniform-Mean-FFseed,0.0
807,Uniform-Mean-FFseed,0.0
808,Uniform-Mean-FFseed,0.0
809,Uniform-Mean-FFseed,0.0
810,Uniform-Mean-FFseed,0.0
811,Uniform-Mean-FFseed,1.4060277677418753
812,Uniform-Mean-FFseed,0.0
813,Uniform-Mean-FFseed,0.0
814,Uniform-Mean-FFseed,0.0
815,Uniform-Mean-FFseed,4.658518853356952
816,Uniform-Mean-FFseed,0.0
817,Uniform-Mean-FFseed,0.0
818,Uniform-Mean-FFseed,4.959372428721878
819,Uniform-Mean-FFseed,0.0
820,Uniform-Mean-FFseed,0.0
821,Uniform-Mean-FFseed,0.0
822,Uniform-Mean-FFseed,0.0
823,Uniform-Mean-FFseed,0.0
824,Uniform-Mean-FFseed,1.6636390623144166
825,Uniform-Mean-FFseed,0.0
826,Uniform-Mean-FFseed,0.0
827,Uniform-Mean-FFseed,0.0
828,Uniform-Mean-FFseed,0.0
829,Uniform-Mean-FFseed,0.0
830,Uniform-Mean-FFseed,0.0
831,Uniform-Mean-FFseed,0.0
832,Uniform-Mean-FFseed,1.6565819006916058
833,Uniform-Mean-FFseed,0.0
834,Uniform-Mean-FFseed,0.0
835,Uniform-Mean-FFseed,0.0
836,Uniform-Mean-FFseed,0.0
837,Uniform-Mean-FFseed,0.0
838,Uniform-Mean-FFseed,7.865990757271135
839,Uniform-Mean-FFseed,0.0
840,Uniform-Mean-FFseed,0.0
841,Uniform-Mean-FFseed,0.0
842,Uniform-Mean-FFseed,0.0
843,Uniform-Mean-FFseed,0.0
844,Uniform-Mean-FFseed,0.0
845,Uniform-Mean-FFseed,0.0
846,Uniform-Mean-FFseed,0.0
847,Uniform-Mean-FFseed,0.0
848,Uniform-Mean-FFseed,0.0
849,Uniform-Mean-FFseed,0.3677057123163081
850,Uniform-Mean-FFseed,0.0
851,Uniform-Mean-FFseed,0.0
852,Uniform-Mean-FFseed,0.0
853,Uniform-Mean-FFseed,0.0
854,Uniform-Mean-FFseed,0.0
855,Uniform-Mean-FFseed,0.0
856,Uniform-Mean-FFseed,3.322393675204978
857,Uniform-Mean-FFseed,0.0
858,Uniform-Mean-FFseed,0.0
859,Uniform-Mean-FFseed,0.0
860,Uniform-Mean-FFseed,1.4247039005076658
861,Uniform-Mean-FFseed,0.0
862,Uniform-Mean-FFseed,0.0
863,Uniform-Mean-FFseed,0.0
864,Uniform-Mean-FFseed,0.0
865,Uniform-Mean-FFseed,2.57079782057491
866,Uniform-Mean-FFseed,5.9027247634530795
867,Uniform-Mean-FFseed,0.0
868,Uniform-Mean-FFseed,3.35406116380301
869,Uniform-Mean-FFseed,2.3565499247193884
870,Uniform-Mean-FFseed,2.768717315549509
871,Uniform-Mean-FFseed,0.0
872,Uniform-Mean-FFseed,0.0
873,Uniform-Mean-FFseed,0.0
874,Uniform-Mean-FFseed,0.21521122031748519
875,Uniform-Mean-FFseed,0.0
876,Uniform-Mean-FFseed,0.0
877,Uniform-Mean-FFseed,0.0
878,Uniform-Mean-FFseed,0.0
879,Uniform-Mean-FFseed,7.097307436324741
880,Uniform-Mean-FFseed,0.0
881,Uniform-Mean-FFseed,0.0
882,Uniform-Mean-FFseed,0.0
883,Uniform-Mean-FFseed,0.0
884,Uniform-Mean-FFseed,0.0
885,Uniform-Mean-FFseed,0.0
886,Uniform-Mean-FFseed,0.0
887,Uniform-Mean-FFseed,0.0
888,Uniform-Mean-FFseed,0.0
889,Uniform-Mean-FFseed,0.0
890,Uniform-Mean-FFseed,0.0
891,Uniform-Mean-FFseed,11.19330251497695
892,Uniform-Mean-FFseed,0.0
893,Uniform-Mean-FFseed,3.5975850295557166
894,Uniform-Mean-FFseed,0.0
895,Uniform-Mean-FFseed,0.0
896,Uniform-Mean-FFseed,0.0
897,Uniform-Mean-FFseed,0.0
898,Uniform-Mean-FFseed,0.0
899,Uniform-Mean-FFseed,0.0
900,Uniform-Mean-FFseed,0.0
901,Uniform-Mean-FFseed,0.0
902,Uniform-Mean-FFseed,0.43716373058020963
903,Uniform-Mean-FFseed,0.0
904,Uniform-Mean-FFseed,0.12324328552432462
905,Uniform-Mean-FFseed,0.0
906,Uniform-Mean-FFseed,0.0
907,Uniform-Mean-FFseed,0.0
908,Uniform-Mean-FFseed,0.0
909,Uniform-Mean-FFseed,0.0
910,Uniform-Mean-FFseed,0.0
911,Uniform-Mean-FFseed,0.0
912,Uniform-Mean-FFseed,0.0
913,Uniform-Mean-FFseed,0.0
914,Uniform-Mean-FFseed,0.0
915,Uniform-Mean-FFseed,10.322408647374317
916,Uniform-Mean-FFseed,0.0
917,Uniform-Mean-FFseed,0.0
918,Uniform-Mean-FFseed,0.0
919,Uniform-Mean-FFseed,0.0
920,Uniform-Mean-FFseed,35.88263444090768
921,Uniform-Mean-FFseed,0.0
922,Uniform-Mean-FFseed,0.0
923,Uniform-Mean-FFseed,0.0
924,Uniform-Mean-FFseed,0.0
925,Uniform-Mean-FFseed,4.354686311073976
926,Uniform-Mean-FFseed,0.0
927,Uniform-Mean-FFseed,0.0
928,Uniform-Mean-FFseed,0.0
929,Uniform-Mean-FFseed,0.0
930,Uniform-Mean-FFseed,0.0
931,Uniform-Mean-FFseed,0.0
932,Uniform-Mean-FFseed,0.0
933,Uniform-Mean-FFseed,0.0
934,Uniform-Mean-FFseed,0.0
935,Uniform-Mean-FFseed,0.0
936,Uniform-Mean-FFseed,2.2811170294797307
937,Uniform-Mean-FFseed,0.0
938,Uniform-Mean-FFseed,0.0
939,Uniform-Mean-FFseed,0.0
940,Uniform-Mean-FFseed,1.784188222779619
941,Uniform-Mean-FFseed,0.0
942,Uniform-Mean-FFseed,0.0
943,Uniform-Mean-FFseed,0.0
944,Uniform-Mean-FFseed,0.0
945,Uniform-Mean-FFseed,0.0
946,Uniform-Mean-FFseed,0.0
947,Uniform-Mean-FFseed,0.0
948,Uniform-Mean-FFseed,2.2373184321451447
949,Uniform-Mean-FFseed,0.0
950,Uniform-Mean-FFseed,0.0
951,Uniform-Mean-FFseed,0.0
952,Uniform-Mean-FFseed,0.0
953,Uniform-Mean-FFseed,9.038993338735736
954,Uniform-Mean-FFseed,0.0
955,Uniform-Mean-FFseed,0.5949142084845391
956,Uniform-Mean-FFseed,0.0
957,Uniform-Mean-FFseed,0.0
958,Uniform-Mean-FFseed,0.0
959,Uniform-Mean-FFseed,0.0
960,Uniform-Mean-FFseed,0.0
961,Uniform-Mean-FFseed,0.0
962,Uniform-Mean-FFseed,0.0
963,Uniform-Mean-FFseed,0.0
964,Uniform-Mean-FFseed,0.0
965,Uniform-Mean-FFseed,0.0
966,Uniform-Mean-FFseed,0.7396728011391929
967,Uniform-Mean-FFseed,0.1712461032869328
968,Uniform-Mean-FFseed,0.0
969,Uniform-Mean-FFseed,0.0
970,Uniform-Mean-FFseed,0.0
971,Uniform-Mean-FFseed,20.861834529950556
972,Uniform-Mean-FFseed,0.0
973,Uniform-Mean-FFseed,0.0
974,Uniform-Mean-FFseed,0.0
975,Uniform-Mean-FFseed,0.0
976,Uniform-Mean-FFseed,0.0
977,Uniform-Mean-FFseed,0.0
978,Uniform-Mean-FFseed,0.0
979,Uniform-Mean-FFseed,0.0
980,Uniform-Mean-FFseed,1.668155488339039
981,Uniform-Mean-FFseed,0.0
982,Uniform-Mean-FFseed,0.0
983,Uniform-Mean-FFseed,0.0
984,Uniform-Mean-FFseed,0.0
985,Uniform-Mean-FFseed,0.0
986,Uniform-Mean-FFseed,0.0
987,Uniform-Mean-FFseed,0.0
988,Uniform-Mean-FFseed,50.304627550629846
989,Uniform-Mean-FFseed,0.0
990,Uniform-Mean-FFseed,0.0
991,Uniform-Mean-FFseed,16.42212692831248
992,Uniform-Mean-FFseed,0.0
993,Uniform-Mean-FFseed,0.0
994,Uniform-Mean-FFseed,0.0
995,Uniform-Mean-FFseed,0.0
996,Uniform-Mean-FFseed,2.1961206334539156
997,Uniform-Mean-FFseed,0.0
998,Uniform-Mean-FFseed,0.0
999,Uniform-Mean-FFseed,0.0
0,Uniform-CVaR-FFseed,0.0
1,Uniform-CVaR-FFseed,0.0
2,Uniform-CVaR-FFseed,2.8840963936190747
3,Uniform-CVaR-FFseed,0.0
4,Uniform-CVaR-FFseed,0.0
5,Uniform-CVaR-FFseed,0.0
6,Uniform-CVaR-FFseed,0.2915017058092815
7,Uniform-CVaR-FFseed,0.3200072046761875
8,Uniform-CVaR-FFseed,0.14606323153969925
9,Uniform-CVaR-FFseed,0.0
10,Uniform-CVaR-FFseed,0.0
11,Uniform-CVaR-FFseed,0.0
12,Uniform-CVaR-FFseed,0.0
13,Uniform-CVaR-FFseed,0.0
14,Uniform-CVaR-FFseed,0.0
15,Uniform-CVaR-FFseed,0.26528123732515496
16,Uniform-CVaR-FFseed,0.0
17,Uniform-CVaR-FFseed,0.0
18,Uniform-CVaR-FFseed,0.0
19,Uniform-CVaR-FFseed,2.703522224052705
20,Uniform-CVaR-FFseed,0.0
21,Uniform-CVaR-FFseed,0.0
22,Uniform-CVaR-FFseed,0.0
23,Uniform-CVaR-FFseed,0.11050367508033787
24,Uniform-CVaR-FFseed,0.0
25,Uniform-CVaR-FFseed,0.7525818299802722
26,Uniform-CVaR-FFseed,0.0
27,Uniform-CVaR-FFseed,0.0
28,Uniform-CVaR-FFseed,0.7197374452432541
29,Uniform-CVaR-FFseed,0.0
30,Uniform-CVaR-FFseed,0.0
31,Uniform-CVaR-FFseed,0.0
32,Uniform-CVaR-FFseed,0.7666901716108896
33,Uniform-CVaR-FFseed,0.38736482084681256
34,Uniform-CVaR-FFseed,0.30833887016024164
35,Uniform-CVaR-FFseed,1.924456063850755
36,Uniform-CVaR-FFseed,0.0
37,Uniform-CVaR-FFseed,0.0
38,Uniform-CVaR-FFseed,1.4813080425126373
39,Uniform-CVaR-FFseed,4.282081759751691
40,Uniform-CVaR-FFseed,0.8119515551206291
41,Uniform-CVaR-FFseed,0.0
42,Uniform-CVaR-FFseed,0.0
43,Uniform-CVaR-FFseed,0.0
44,Uniform-CVaR-FFseed,0.0
45,Uniform-CVaR-FFseed,0.0
46,Uniform-CVaR-FFseed,0.0
47,Uniform-CVaR-FFseed,0.0
48,Uniform-CVaR-FFseed,0.0
49,Uniform-CVaR-FFseed,2.2787169514737684
50,Uniform-CVaR-FFseed,0.0
51,Uniform-CVaR-FFseed,0.0
52,Uniform-CVaR-FFseed,0.0
53,Uniform-CVaR-FFseed,0.0
54,Uniform-CVaR-FFseed,0.0
55,Uniform-CVaR-FFseed,0.18779748880734815
56,Uniform-CVaR-FFseed,0.0
57,Uniform-CVaR-FFseed,0.0
58,Uniform-CVaR-FFseed,0.0
59,Uniform-CVaR-FFseed,1.0539862621000111
60,Uniform-CVaR-FFseed,0.0
61,Uniform-CVaR-FFseed,0.0
62,Uniform-CVaR-FFseed,0.0
63,Uniform-CVaR-FFseed,0.7539997905777227
64,Uniform-CVaR-FFseed,0.0
65,Uniform-CVaR-FFseed,0.0
66,Uniform-CVaR-FFseed,0.0
67,Uniform-CVaR-FFseed,1.8209307515995192
68,Uniform-CVaR-FFseed,0.0
69,Uniform-CVaR-FFseed,0.0
70,Uniform-CVaR-FFseed,0.0
71,Uniform-CVaR-FFseed,0.0
72,Uniform-CVaR-FFseed,0.0
73,Uniform-CVaR-FFseed,0.0
74,Uniform-CVaR-FFseed,0.0
75,Uniform-CVaR-FFseed,0.0
76,Uniform-CVaR-FFseed,0.0
77,Uniform-CVaR-FFseed,0.0
78,Uniform-CVaR-FFseed,0.0
79,Uniform-CVaR-FFseed,0.0
80,Uniform-CVaR-FFseed,0.0
81,Uniform-CVaR-FFseed,0.0
82,Uniform-CVaR-FFseed,0.0
83,Uniform-CVaR-FFseed,0.0
84,Uniform-CVaR-FFseed,0.6603745479808936
85,Uniform-CVaR-FFseed,0.0
86,Uniform-CVaR-FFseed,0.0
87,Uniform-CVaR-FFseed,0.0
88,Uniform-CVaR-FFseed,2.3835979110711776
89,Uniform-CVaR-FFseed,0.0
90,Uniform-CVaR-FFseed,0.0
91,Uniform-CVaR-FFseed,0.0
92,Uniform-CVaR-FFseed,0.0
93,Uniform-CVaR-FFseed,0.0
94,Uniform-CVaR-FFseed,0.0
95,Uniform-CVaR-FFseed,2.6169968905178678
96,Uniform-CVaR-FFseed,0.5350827967757255
97,Uniform-CVaR-FFseed,0.0
98,Uniform-CVaR-FFseed,0.03455507713562156
99,Uniform-CVaR-FFseed,0.0
100,Uniform-CVaR-FFseed,0.8449026697343811
101,Uniform-CVaR-FFseed,0.0
102,Uniform-CVaR-FFseed,3.2366330951308555
103,Uniform-CVaR-FFseed,0.0
104,Uniform-CVaR-FFseed,0.0
105,Uniform-CVaR-FFseed,0.0
106,Uniform-CVaR-FFseed,0.0
107,Uniform-CVaR-FFseed,0.10918938454329918
108,Uniform-CVaR-FFseed,0.0
109,Uniform-CVaR-FFseed,0.0
110,Uniform-CVaR-FFseed,0.06438866618856309
111,Uniform-CVaR-FFseed,0.0
112,Uniform-CVaR-FFseed,0.0
113,Uniform-CVaR-FFseed,0.0
114,Uniform-CVaR-FFseed,0.0
115,Uniform-CVaR-FFseed,0.0
116,Uniform-CVaR-FFseed,0.0
117,Uniform-CVaR-FFseed,0.0
118,Uniform-CVaR-FFseed,0.0
119,Uniform-CVaR-FFseed,0.0
120,Uniform-CVaR-FFseed,0.0
121,Uniform-CVaR-FFseed,0.0
122,Uniform-CVaR-FFseed,0.12626331804057145
123,Uniform-CVaR-FFseed,0.0
124,Uniform-CVaR-FFseed,0.23914826611587614
125,Uniform-CVaR-FFseed,0.0
126,Uniform-CVaR-FFseed,0.0
127,Uniform-CVaR-FFseed,0.0
128,Uniform-CVaR-FFseed,2.4263625141169882
129,Uniform-CVaR-FFseed,0.0
130,Uniform-CVaR-FFseed,0.0
131,Uniform-CVaR-FFseed,0.6868295239787301
132,Uniform-CVaR-FFseed,0.0
133,Uniform-CVaR-FFseed,0.0
134,Uniform-CVaR-FFseed,0.20899198423461485
135,Uniform-CVaR-FFseed,2.629173814169633
136,Uniform-CVaR-FFseed,0.0
137,Uniform-CVaR-FFseed,0.16044545523334364
138,Uniform-CVaR-FFseed,0.0
139,Uniform-CVaR-FFseed,0.0
140,Uniform-CVaR-FFseed,0.0
141,Uniform-CVaR-FFseed,0.0
142,Uniform-CVaR-FFseed,2.6884796529082564
143,Uniform-CVaR-FFseed,0.0
144,Uniform-CVaR-FFseed,2.3808132615252475
145,Uniform-CVaR-FFseed,0.0
146,Uniform-CVaR-FFseed,0.0
147,Uniform-CVaR-FFseed,0.6016207389070019
148,Uniform-CVaR-FFseed,0.0
149,Uniform-CVaR-FFseed,0.0
150,Uniform-CVaR-FFseed,0.0
151,Uniform-CVaR-FFseed,0.0
152,Uniform-CVaR-FFseed,0.0
153,Uniform-CVaR-FFseed,0.0
154,Uniform-CVaR-FFseed,0.0
155,Uniform-CVaR-FFseed,0.0
156,Uniform-CVaR-FFseed,0.0
157,Uniform-CVaR-FFseed,2.7584784598687406
158,Uniform-CVaR-FFseed,2.247855387029176
159,Uniform-CVaR-FFseed,0.0
160,Uniform-CVaR-FFseed,0.0
161,Uniform-CVaR-FFseed,0.0
162,Uniform-CVaR-FFseed,0.0
163,Uniform-CVaR-FFseed,0.0
164,Uniform-CVaR-FFseed,0.0
165,Uniform-CVaR-FFseed,0.07615561495771317
166,Uniform-CVaR-FFseed,0.0
167,Uniform-CVaR-FFseed,0.0
168,Uniform-CVaR-FFseed,1.340339511677854
169,Uniform-CVaR-FFseed,0.0
170,Uniform-CVaR-FFseed,0.0
171,Uniform-CVaR-FFseed,0.0
172,Uniform-CVaR-FFseed,1.5728014543885251
173,Uniform-CVaR-FFseed,0.0
174,Uniform-CVaR-FFseed,0.0
175,Uniform-CVaR-FFseed,0.0
176,Uniform-CVaR-FFseed,0.0
177,Uniform-CVaR-FFseed,0.0
178,Uniform-CVaR-FFseed,0.0
179,Uniform-CVaR-FFseed,0.0
180,Uniform-CVaR-FFseed,0.0
181,Uniform-CVaR-FFseed,0.0
182,Uniform-CVaR-FFseed,0.0
183,Uniform-CVaR-FFseed,0.0
184,Uniform-CVaR-FFseed,0.0
185,Uniform-CVaR-FFseed,0.0
186,Uniform-CVaR-FFseed,0.0
187,Uniform-CVaR-FFseed,0.0
188,Uniform-CVaR-FFseed,0.0
189,Uniform-CVaR-FFseed,0.0
190,Uniform-CVaR-FFseed,0.0
191,Uniform-CVaR-FFseed,0.0
192,Uniform-CVaR-FFseed,0.0
193,Uniform-CVaR-FFseed,0.0
194,Uniform-CVaR-FFseed,0.0
195,Uniform-CVaR-FFseed,0.0
196,Uniform-CVaR-FFseed,0.18482487633730216
197,Uniform-CVaR-FFseed,0.0
198,Uniform-CVaR-FFseed,0.0
199,Uniform-CVaR-FFseed,1.1184554804381435
200,Uniform-CVaR-FFseed,0.0
201,Uniform-CVaR-FFseed,0.0
202,Uniform-CVaR-FFseed,0.0
203,Uniform-CVaR-FFseed,0.0
204,Uniform-CVaR-FFseed,0.6169099604102257
205,Uniform-CVaR-FFseed,0.0
206,Uniform-CVaR-FFseed,0.0
207,Uniform-CVaR-FFseed,0.0
208,Uniform-CVaR-FFseed,0.0
209,Uniform-CVaR-FFseed,0.0
210,Uniform-CVaR-FFseed,17.62778748770191
211,Uniform-CVaR-FFseed,0.0
212,Uniform-CVaR-FFseed,0.0
213,Uniform-CVaR-FFseed,0.0
214,Uniform-CVaR-FFseed,0.0
215,Uniform-CVaR-FFseed,0.0
216,Uniform-CVaR-FFseed,0.4585763256610562
217,Uniform-CVaR-FFseed,0.0
218,Uniform-CVaR-FFseed,0.0
219,Uniform-CVaR-FFseed,0.0
220,Uniform-CVaR-FFseed,0.9854615958769557
221,Uniform-CVaR-FFseed,0.0
222,Uniform-CVaR-FFseed,0.0
223,Uniform-CVaR-FFseed,0.0
224,Uniform-CVaR-FFseed,1.2668111472170835
225,Uniform-CVaR-FFseed,0.0
226,Uniform-CVaR-FFseed,0.0
227,Uniform-CVaR-FFseed,4.1581995139079595
228,Uniform-CVaR-FFseed,0.0
229,Uniform-CVaR-FFseed,0.0
230,Uniform-CVaR-FFseed,0.0
231,Uniform-CVaR-FFseed,0.0
232,Uniform-CVaR-FFseed,0.0
233,Uniform-CVaR-FFseed,0.0
234,Uniform-CVaR-FFseed,0.0
235,Uniform-CVaR-FFseed,0.0
236,Uniform-CVaR-FFseed,0.6358122073763184
237,Uniform-CVaR-FFseed,0.0
238,Uniform-CVaR-FFseed,0.0
239,Uniform-CVaR-FFseed,0.0
240,Uniform-CVaR-FFseed,0.02317268543777118
241,Uniform-CVaR-FFseed,1.3166917330283638
242,Uniform-CVaR-FFseed,0.0
243,Uniform-CVaR-FFseed,0.0
244,Uniform-CVaR-FFseed,0.0
245,Uniform-CVaR-FFseed,1.3217570620166725
246,Uniform-CVaR-FFseed,0.0
247,Uniform-CVaR-FFseed,0.4483979778771072
248,Uniform-CVaR-FFseed,0.0
249,Uniform-CVaR-FFseed,0.2317945008097695
250,Uniform-CVaR-FFseed,1.9585357478424612
251,Uniform-CVaR-FFseed,0.0
252,Uniform-CVaR-FFseed,0.0
253,Uniform-CVaR-FFseed,0.0
254,Uniform-CVaR-FFseed,0.0
255,Uniform-CVaR-FFseed,0.0
256,Uniform-CVaR-FFseed,0.027218671074706435
257,Uniform-CVaR-FFseed,6.270960495045756
258,Uniform-CVaR-FFseed,0.0
259,Uniform-CVaR-FFseed,0.0
260,Uniform-CVaR-FFseed,0.0
261,Uniform-CVaR-FFseed,0.0
262,Uniform-CVaR-FFseed,0.21254997270841613
263,Uniform-CVaR-FFseed,0.0
264,Uniform-CVaR-FFseed,0.0
265,Uniform-CVaR-FFseed,0.0
266,Uniform-CVaR-FFseed,0.0
267,Uniform-CVaR-FFseed,0.0
268,Uniform-CVaR-FFseed,0.0
269,Uniform-CVaR-FFseed,0.0
270,Uniform-CVaR-FFseed,0.6713340721430541
271,Uniform-CVaR-FFseed,0.0
272,Uniform-CVaR-FFseed,1.22846571689729
273,Uniform-CVaR-FFseed,0.0
274,Uniform-CVaR-FFseed,0.1879800651156529
275,Uniform-CVaR-FFseed,0.5039701286008835
276,Uniform-CVaR-FFseed,0.5698481170232412
277,Uniform-CVaR-FFseed,0.0
278,Uniform-CVaR-FFseed,0.49750851264261087
279,Uniform-CVaR-FFseed,3.2287898806939666
280,Uniform-CVaR-FFseed,0.0
281,Uniform-CVaR-FFseed,0.0
282,Uniform-CVaR-FFseed,0.0
283,Uniform-CVaR-FFseed,0.0
284,Uniform-CVaR-FFseed,2.209439715893609
285,Uniform-CVaR-FFseed,0.0
286,Uniform-CVaR-FFseed,0.0
287,Uniform-CVaR-FFseed,0.0
288,Uniform-CVaR-FFseed,0.707829180809739
289,Uniform-CVaR-FFseed,0.4274517569577938
290,Uniform-CVaR-FFseed,0.0
291,Uniform-CVaR-FFseed,0.0
292,Uniform-CVaR-FFseed,0.0
293,Uniform-CVaR-FFseed,0.0
294,Uniform-CVaR-FFseed,0.0
295,Uniform-CVaR-FFseed,0.0
296,Uniform-CVaR-FFseed,0.0
297,Uniform-CVaR-FFseed,0.0
298,Uniform-CVaR-FFseed,0.3428623337312615
299,Uniform-CVaR-FFseed,0.0
300,Uniform-CVaR-FFseed,0.36924372020229157
301,Uniform-CVaR-FFseed,0.0
302,Uniform-CVaR-FFseed,0.0
303,Uniform-CVaR-FFseed,0.0
304,Uniform-CVaR-FFseed,2.7505717657613786
305,Uniform-CVaR-FFseed,0.0
306,Uniform-CVaR-FFseed,0.0
307,Uniform-CVaR-FFseed,0.0
308,Uniform-CVaR-FFseed,0.0
309,Uniform-CVaR-FFseed,0.3039736255976777
310,Uniform-CVaR-FFseed,0.0
311,Uniform-CVaR-FFseed,0.2503486776982413
312,Uniform-CVaR-FFseed,3.1287235647848206
313,Uniform-CVaR-FFseed,0.0
314,Uniform-CVaR-FFseed,0.0
315,Uniform-CVaR-FFseed,0.12168118376098391
316,Uniform-CVaR-FFseed,0.0
317,Uniform-CVaR-FFseed,0.0
318,Uniform-CVaR-FFseed,0.0
319,Uniform-CVaR-FFseed,1.213929525716594
320,Uniform-CVaR-FFseed,0.0
321,Uniform-CVaR-FFseed,0.0
322,Uniform-CVaR-FFseed,0.0
323,Uniform-CVaR-FFseed,0.0
324,Uniform-CVaR-FFseed,0.0
325,Uniform-CVaR-FFseed,0.0
326,Uniform-CVaR-FFseed,0.0
327,Uniform-CVaR-FFseed,0.0
328,Uniform-CVaR-FFseed,0.0
329,Uniform-CVaR-FFseed,0.0
330,Uniform-CVaR-FFseed,0.0
331,Uniform-CVaR-FFseed,0.0
332,Uniform-CVaR-FFseed,0.0
333,Uniform-CVaR-FFseed,0.0
334,Uniform-CVaR-FFseed,0.0
335,Uniform-CVaR-FFseed,0.0
336,Uniform-CVaR-FFseed,0.0
337,Uniform-CVaR-FFseed,0.0
338,Uniform-CVaR-FFseed,0.3445874610392252
339,Uniform-CVaR-FFseed,0.0
340,Uniform-CVaR-FFseed,0.0
341,Uniform-CVaR-FFseed,0.0
342,Uniform-CVaR-FFseed,13.991408457880567
343,Uniform-CVaR-FFseed,0.6475121904863386
344,Uniform-CVaR-FFseed,0.0
345,Uniform-CVaR-FFseed,0.0
346,Uniform-CVaR-FFseed,0.0
347,Uniform-CVaR-FFseed,0.0
348,Uniform-CVaR-FFseed,16.233216856348804
349,Uniform-CVaR-FFseed,0.0
350,Uniform-CVaR-FFseed,4.076443342672633
351,Uniform-CVaR-FFseed,0.0
352,Uniform-CVaR-FFseed,0.0
353,Uniform-CVaR-FFseed,0.5732296445942211
354,Uniform-CVaR-FFseed,0.5129022440924587
355,Uniform-CVaR-FFseed,0.0
356,Uniform-CVaR-FFseed,0.0
357,Uniform-CVaR-FFseed,0.0
358,Uniform-CVaR-FFseed,0.0
359,Uniform-CVaR-FFseed,0.0
360,Uniform-CVaR-FFseed,0.0
361,Uniform-CVaR-FFseed,0.0
362,Uniform-CVaR-FFseed,0.0
363,Uniform-CVaR-FFseed,0.0
364,Uniform-CVaR-FFseed,0.37432769424117396
365,Uniform-CVaR-FFseed,0.0
366,Uniform-CVaR-FFseed,0.0
367,Uniform-CVaR-FFseed,0.0
368,Uniform-CVaR-FFseed,0.0
369,Uniform-CVaR-FFseed,0.0
370,Uniform-CVaR-FFseed,0.0
371,Uniform-CVaR-FFseed,0.0
372,Uniform-CVaR-FFseed,0.0
373,Uniform-CVaR-FFseed,0.0
374,Uniform-CVaR-FFseed,0.0
375,Uniform-CVaR-FFseed,0.0
376,Uniform-CVaR-FFseed,0.3689138187284584
377,Uniform-CVaR-FFseed,0.0
378,Uniform-CVaR-FFseed,0.0
379,Uniform-CVaR-FFseed,0.2712140187015848
380,Uniform-CVaR-FFseed,0.3872453883572007
381,Uniform-CVaR-FFseed,0.0
382,Uniform-CVaR-FFseed,0.0
383,Uniform-CVaR-FFseed,0.0
384,Uniform-CVaR-FFseed,0.0
385,Uniform-CVaR-FFseed,0.0
386,Uniform-CVaR-FFseed,0.0
387,Uniform-CVaR-FFseed,0.0
388,Uniform-CVaR-FFseed,0.0
389,Uniform-CVaR-FFseed,0.0
390,Uniform-CVaR-FFseed,0.0
391,Uniform-CVaR-FFseed,0.0
392,Uniform-CVaR-FFseed,0.0
393,Uniform-CVaR-FFseed,0.0
394,Uniform-CVaR-FFseed,0.0
395,Uniform-CVaR-FFseed,2.396292569291603
396,Uniform-CVaR-FFseed,0.0
397,Uniform-CVaR-FFseed,0.0
398,Uniform-CVaR-FFseed,0.011468925047040557
399,Uniform-CVaR-FFseed,0.0
400,Uniform-CVaR-FFseed,0.0
401,Uniform-CVaR-FFseed,0.0
402,Uniform-CVaR-FFseed,0.0
403,Uniform-CVaR-FFseed,0.0
404,Uniform-CVaR-FFseed,0.0
405,Uniform-CVaR-FFseed,0.14077252377325067
406,Uniform-CVaR-FFseed,3.0249723174146084
407,Uniform-CVaR-FFseed,0.0
408,Uniform-CVaR-FFseed,0.0
409,Uniform-CVaR-FFseed,0.0
410,Uniform-CVaR-FFseed,0.0
411,Uniform-CVaR-FFseed,0.0
412,Uniform-CVaR-FFseed,0.0
413,Uniform-CVaR-FFseed,0.0
414,Uniform-CVaR-FFseed,0.0
415,Uniform-CVaR-FFseed,0.0
416,Uniform-CVaR-FFseed,0.0
417,Uniform-CVaR-FFseed,0.0
418,Uniform-CVaR-FFseed,0.0
419,Uniform-CVaR-FFseed,0.0
420,Uniform-CVaR-FFseed,0.0
421,Uniform-CVaR-FFseed,1.5437526206208076
422,Uniform-CVaR-FFseed,0.0
423,Uniform-CVaR-FFseed,0.0
424,Uniform-CVaR-FFseed,2.468855451058289
425,Uniform-CVaR-FFseed,3.8167190650420935
426,Uniform-CVaR-FFseed,0.665658786167171
427,Uniform-CVaR-FFseed,0.0
428,Uniform-CVaR-FFseed,0.0
429,Uniform-CVaR-FFseed,1.418932254484048
430,Uniform-CVaR-FFseed,0.0
431,Uniform-CVaR-FFseed,0.0
432,Uniform-CVaR-FFseed,0.8852045342937913
433,Uniform-CVaR-FFseed,0.0
434,Uniform-CVaR-FFseed,0.0
435,Uniform-CVaR-FFseed,0.0
436,Uniform-CVaR-FFseed,0.0
437,Uniform-CVaR-FFseed,0.0
438,Uniform-CVaR-FFseed,0.0
439,Uniform-CVaR-FFseed,0.0
440,Uniform-CVaR-FFseed,0.0
441,Uniform-CVaR-FFseed,1.2441965451582178
442,Uniform-CVaR-FFseed,0.0
443,Uniform-CVaR-FFseed,0.0
444,Uniform-CVaR-FFseed,0.0
445,Uniform-CVaR-FFseed,0.0
446,Uniform-CVaR-FFseed,0.0
447,Uniform-CVaR-FFseed,0.15049268980720854
448,Uniform-CVaR-FFseed,0.0
449,Uniform-CVaR-FFseed,0.0
450,Uniform-CVaR-FFseed,0.0
451,Uniform-CVaR-FFseed,0.0
452,Uniform-CVaR-FFseed,0.0
453,Uniform-CVaR-FFseed,2.2939611831853313
454,Uniform-CVaR-FFseed,0.27928037606977796
455,Uniform-CVaR-FFseed,0.5864419677553201
456,Uniform-CVaR-FFseed,0.0
457,Uniform-CVaR-FFseed,0.0
458,Uniform-CVaR-FFseed,3.728087473150481
459,Uniform-CVaR-FFseed,0.0
460,Uniform-CVaR-FFseed,0.0
461,Uniform-CVaR-FFseed,0.0
462,Uniform-CVaR-FFseed,1.0000296576678238
463,Uniform-CVaR-FFseed,1.459721589199205
464,Uniform-CVaR-FFseed,16.491565335522637
465,Uniform-CVaR-FFseed,0.4772208979339325
466,Uniform-CVaR-FFseed,0.0
467,Uniform-CVaR-FFseed,3.7002695671105243
468,Uniform-CVaR-FFseed,0.14102821978173097
469,Uniform-CVaR-FFseed,0.0
470,Uniform-CVaR-FFseed,0.0
471,Uniform-CVaR-FFseed,0.0
472,Uniform-CVaR-FFseed,0.0
473,Uniform-CVaR-FFseed,2.435503728474373
474,Uniform-CVaR-FFseed,0.3415308169819866
475,Uniform-CVaR-FFseed,0.0
476,Uniform-CVaR-FFseed,0.0
477,Uniform-CVaR-FFseed,0.0
478,Uniform-CVaR-FFseed,0.0
479,Uniform-CVaR-FFseed,0.0
480,Uniform-CVaR-FFseed,0.0
481,Uniform-CVaR-FFseed,0.2207403950987441
482,Uniform-CVaR-FFseed,0.0
483,Uniform-CVaR-FFseed,3.0213399416416564
484,Uniform-CVaR-FFseed,0.0
485,Uniform-CVaR-FFseed,0.0
486,Uniform-CVaR-FFseed,0.0
487,Uniform-CVaR-FFseed,16.680775207558753
488,Uniform-CVaR-FFseed,0.0
489,Uniform-CVaR-FFseed,0.0
490,Uniform-CVaR-FFseed,0.0
491,Uniform-CVaR-FFseed,0.0
492,Uniform-CVaR-FFseed,0.0
493,Uniform-CVaR-FFseed,0.0
494,Uniform-CVaR-FFseed,0.0
495,Uniform-CVaR-FFseed,0.0
496,Uniform-CVaR-FFseed,0.0
497,Uniform-CVaR-FFseed,0.0
498,Uniform-CVaR-FFseed,0.0
499,Uniform-CVaR-FFseed,0.0
500,Uniform-CVaR-FFseed,0.0
501,Uniform-CVaR-FFseed,0.0
502,Uniform-CVaR-FFseed,0.0
503,Uniform-CVaR-FFseed,0.0
504,Uniform-CVaR-FFseed,0.0
505,Uniform-CVaR-FFseed,0.0
506,Uniform-CVaR-FFseed,0.0
507,Uniform-CVaR-FFseed,0.5660136736971708
508,Uniform-CVaR-FFseed,0.0
509,Uniform-CVaR-FFseed,0.0
510,Uniform-CVaR-FFseed,0.0
511,Uniform-CVaR-FFseed,0.4274807308247546
512,Uniform-CVaR-FFseed,0.0
513,Uniform-CVaR-FFseed,0.2197528813000531
514,Uniform-CVaR-FFseed,1.0496320820454343
515,Uniform-CVaR-FFseed,0.0
516,Uniform-CVaR-FFseed,0.0
517,Uniform-CVaR-FFseed,0.0
518,Uniform-CVaR-FFseed,0.0
519,Uniform-CVaR-FFseed,0.0
520,Uniform-CVaR-FFseed,1.4453229230986722
521,Uniform-CVaR-FFseed,0.0
522,Uniform-CVaR-FFseed,0.0
523,Uniform-CVaR-FFseed,0.0
524,Uniform-CVaR-FFseed,0.0
525,Uniform-CVaR-FFseed,0.0
526,Uniform-CVaR-FFseed,0.0
527,Uniform-CVaR-FFseed,0.0
528,Uniform-CVaR-FFseed,0.0
529,Uniform-CVaR-FFseed,0.0
530,Uniform-CVaR-FFseed,4.107537689698859
531,Uniform-CVaR-FFseed,0.0
532,Uniform-CVaR-FFseed,0.0
533,Uniform-CVaR-FFseed,0.0
534,Uniform-CVaR-FFseed,0.0
535,Uniform-CVaR-FFseed,1.5131746151458572
536,Uniform-CVaR-FFseed,0.0
537,Uniform-CVaR-FFseed,0.3840289009055482
538,Uniform-CVaR-FFseed,0.0
539,Uniform-CVaR-FFseed,0.0
540,Uniform-CVaR-FFseed,1.8666107980216111
541,Uniform-CVaR-FFseed,0.0
542,Uniform-CVaR-FFseed,0.0
543,Uniform-CVaR-FFseed,0.0
544,Uniform-CVaR-FFseed,0.0
545,Uniform-CVaR-FFseed,0.0
546,Uniform-CVaR-FFseed,0.0
547,Uniform-CVaR-FFseed,0.0
548,Uniform-CVaR-FFseed,0.0
549,Uniform-CVaR-FFseed,0.07251989429016703
550,Uniform-CVaR-FFseed,0.0
551,Uniform-CVaR-FFseed,0.0
552,Uniform-CVaR-FFseed,4.835540846138656
553,Uniform-CVaR-FFseed,0.0
554,Uniform-CVaR-FFseed,0.0
555,Uniform-CVaR-FFseed,0.0
556,Uniform-CVaR-FFseed,0.0
557,Uniform-CVaR-FFseed,0.0
558,Uniform-CVaR-FFseed,0.0
559,Uniform-CVaR-FFseed,0.1651320839488335
560,Uniform-CVaR-FFseed,0.11230973504831354
561,Uniform-CVaR-FFseed,0.0
562,Uniform-CVaR-FFseed,0.0
563,Uniform-CVaR-FFseed,0.0
564,Uniform-CVaR-FFseed,0.0642195577913185
565,Uniform-CVaR-FFseed,0.0
566,Uniform-CVaR-FFseed,0.0
567,Uniform-CVaR-FFseed,0.0
568,Uniform-CVaR-FFseed,0.0
569,Uniform-CVaR-FFseed,0.0
570,Uniform-CVaR-FFseed,0.0
571,Uniform-CVaR-FFseed,0.0
572,Uniform-CVaR-FFseed,0.7145206209347066
573,Uniform-CVaR-FFseed,0.0
574,Uniform-CVaR-FFseed,0.0
575,Uniform-CVaR-FFseed,0.0
576,Uniform-CVaR-FFseed,0.0
577,Uniform-CVaR-FFseed,0.21083209848882234
578,Uniform-CVaR-FFseed,0.0
579,Uniform-CVaR-FFseed,0.0
580,Uniform-CVaR-FFseed,0.0
581,Uniform-CVaR-FFseed,0.0
582,Uniform-CVaR-FFseed,1.1373519843846793
583,Uniform-CVaR-FFseed,0.0
584,Uniform-CVaR-FFseed,0.0
585,Uniform-CVaR-FFseed,0.0
586,Uniform-CVaR-FFseed,0.0
587,Uniform-CVaR-FFseed,0.0
588,Uniform-CVaR-FFseed,0.0
589,Uniform-CVaR-FFseed,0.0
590,Uniform-CVaR-FFseed,0.1417278958613224
591,Uniform-CVaR-FFseed,0.0
592,Uniform-CVaR-FFseed,0.0
593,Uniform-CVaR-FFseed,0.4242574660266314
594,Uniform-CVaR-FFseed,0.005924737828479465
595,Uniform-CVaR-FFseed,0.0
596,Uniform-CVaR-FFseed,0.0
597,Uniform-CVaR-FFseed,0.0
598,Uniform-CVaR-FFseed,0.0
599,Uniform-CVaR-FFseed,0.0214745153072613
600,Uniform-CVaR-FFseed,0.8307575775065743
601,Uniform-CVaR-FFseed,0.0
602,Uniform-CVaR-FFseed,0.0
603,Uniform-CVaR-FFseed,0.0
604,Uniform-CVaR-FFseed,0.0
605,Uniform-CVaR-FFseed,0.0
606,Uniform-CVaR-FFseed,0.0
607,Uniform-CVaR-FFseed,0.0
608,Uniform-CVaR-FFseed,0.0
609,Uniform-CVaR-FFseed,0.0
610,Uniform-CVaR-FFseed,0.0
611,Uniform-CVaR-FFseed,0.0
612,Uniform-CVaR-FFseed,10.17637452744944
613,Uniform-CVaR-FFseed,0.0
614,Uniform-CVaR-FFseed,0.0
615,Uniform-CVaR-FFseed,0.0
616,Uniform-CVaR-FFseed,0.0
617,Uniform-CVaR-FFseed,0.0
618,Uniform-CVaR-FFseed,0.0
619,Uniform-CVaR-FFseed,0.0
620,Uniform-CVaR-FFseed,0.3647575662877216
621,Uniform-CVaR-FFseed,0.0
622,Uniform-CVaR-FFseed,0.1467012112424868
623,Uniform-CVaR-FFseed,7.219178479884846
624,Uniform-CVaR-FFseed,0.0
625,Uniform-CVaR-FFseed,0.0
626,Uniform-CVaR-FFseed,0.0
627,Uniform-CVaR-FFseed,1.2347866671562429
628,Uniform-CVaR-FFseed,0.0
629,Uniform-CVaR-FFseed,0.0
630,Uniform-CVaR-FFseed,0.0
631,Uniform-CVaR-FFseed,0.0
632,Uniform-CVaR-FFseed,0.0
633,Uniform-CVaR-FFseed,18.25122025034065
634,Uniform-CVaR-FFseed,0.9504195663409405
635,Uniform-CVaR-FFseed,0.0
636,Uniform-CVaR-FFseed,0.34925150518722603
637,Uniform-CVaR-FFseed,0.0
638,Uniform-CVaR-FFseed,0.0
639,Uniform-CVaR-FFseed,0.0
640,Uniform-CVaR-FFseed,0.0
641,Uniform-CVaR-FFseed,0.0
642,Uniform-CVaR-FFseed,0.0
643,Uniform-CVaR-FFseed,0.0
644,Uniform-CVaR-FFseed,0.0
645,Uniform-CVaR-FFseed,0.0
646,Uniform-CVaR-FFseed,2.876076353655691
647,Uniform-CVaR-FFseed,0.0
648,Uniform-CVaR-FFseed,0.0
649,Uniform-CVaR-FFseed,0.0
650,Uniform-CVaR-FFseed,0.8413822705828125
651,Uniform-CVaR-FFseed,0.0
652,Uniform-CVaR-FFseed,0.0
653,Uniform-CVaR-FFseed,0.0
654,Uniform-CVaR-FFseed,2.7644969735080736
655,Uniform-CVaR-FFseed,0.0
656,Uniform-CVaR-FFseed,0.0
657,Uniform-CVaR-FFseed,0.0
658,Uniform-CVaR-FFseed,0.0
659,Uniform-CVaR-FFseed,0.0
660,Uniform-CVaR-FFseed,0.0
661,Uniform-CVaR-FFseed,0.0
662,Uniform-CVaR-FFseed,0.0
663,Uniform-CVaR-FFseed,3.265526549831577
664,Uniform-CVaR-FFseed,0.0
665,Uniform-CVaR-FFseed,0.0
666,Uniform-CVaR-FFseed,0.30116747326246696
667,Uniform-CVaR-FFseed,0.0
668,Uniform-CVaR-FFseed,4.710011724073155
669,Uniform-CVaR-FFseed,0.0
670,Uniform-CVaR-FFseed,0.0
671,Uniform-CVaR-FFseed,8.816078298975214
672,Uniform-CVaR-FFseed,0.0
673,Uniform-CVaR-FFseed,0.0
674,Uniform-CVaR-FFseed,0.0
675,Uniform-CVaR-FFseed,3.42399739003028
676,Uniform-CVaR-FFseed,0.0
677,Uniform-CVaR-FFseed,0.0
678,Uniform-CVaR-FFseed,0.0
679,Uniform-CVaR-FFseed,0.0
680,Uniform-CVaR-FFseed,0.42500606782630257
681,Uniform-CVaR-FFseed,0.0
682,Uniform-CVaR-FFseed,0.0
683,Uniform-CVaR-FFseed,0.0
684,Uniform-CVaR-FFseed,4.371982884475699
685,Uniform-CVaR-FFseed,4.766132399888477
686,Uniform-CVaR-FFseed,0.0
687,Uniform-CVaR-FFseed,0.0
688,Uniform-CVaR-FFseed,0.0
689,Uniform-CVaR-FFseed,0.0
690,Uniform-CVaR-FFseed,0.557775744190792
691,Uniform-CVaR-FFseed,0.0
692,Uniform-CVaR-FFseed,0.0
693,Uniform-CVaR-FFseed,0.0
694,Uniform-CVaR-FFseed,0.0
695,Uniform-CVaR-FFseed,0.0
696,Uniform-CVaR-FFseed,0.0
697,Uniform-CVaR-FFseed,0.0
698,Uniform-CVaR-FFseed,0.0
699,Uniform-CVaR-FFseed,0.0
700,Uniform-CVaR-FFseed,0.0
701,Uniform-CVaR-FFseed,0.0
702,Uniform-CVaR-FFseed,0.0
703,Uniform-CVaR-FFseed,0.0
704,Uniform-CVaR-FFseed,0.0
705,Uniform-CVaR-FFseed,0.0
706,Uniform-CVaR-FFseed,0.0
707,Uniform-CVaR-FFseed,0.0
708,Uniform-CVaR-FFseed,0.0
709,Uniform-CVaR-FFseed,0.0
710,Uniform-CVaR-FFseed,0.0
711,Uniform-CVaR-FFseed,0.0
712,Uniform-CVaR-FFseed,1.7210973409297594
713,Uniform-CVaR-FFseed,0.6030370419986184
714,Uniform-CVaR-FFseed,0.0
715,Uniform-CVaR-FFseed,0.0
716,Uniform-CVaR-FFseed,0.0
717,Uniform-CVaR-FFseed,0.0
718,Uniform-CVaR-FFseed,0.0
719,Uniform-CVaR-FFseed,0.0
720,Uniform-CVaR-FFseed,0.0
721,Uniform-CVaR-FFseed,0.0
722,Uniform-CVaR-FFseed,0.0
723,Uniform-CVaR-FFseed,0.0
724,Uniform-CVaR-FFseed,0.0
725,Uniform-CVaR-FFseed,0.0
726,Uniform-CVaR-FFseed,0.0
727,Uniform-CVaR-FFseed,0.0
728,Uniform-CVaR-FFseed,2.555074561578067
729,Uniform-CVaR-FFseed,0.0
730,Uniform-CVaR-FFseed,0.0
731,Uniform-CVaR-FFseed,0.0
732,Uniform-CVaR-FFseed,0.0
733,Uniform-CVaR-FFseed,0.0
734,Uniform-CVaR-FFseed,0.0
735,Uniform-CVaR-FFseed,0.14022825375411685
736,Uniform-CVaR-FFseed,0.0
737,Uniform-CVaR-FFseed,0.0
738,Uniform-CVaR-FFseed,3.8604259496138695
739,Uniform-CVaR-FFseed,0.0
740,Uniform-CVaR-FFseed,0.0
741,Uniform-CVaR-FFseed,0.0
742,Uniform-CVaR-FFseed,0.0
743,Uniform-CVaR-FFseed,2.6995817066197674
744,Uniform-CVaR-FFseed,0.0
745,Uniform-CVaR-FFseed,0.0
746,Uniform-CVaR-FFseed,0.0
747,Uniform-CVaR-FFseed,0.0
748,Uniform-CVaR-FFseed,0.0
749,Uniform-CVaR-FFseed,0.0
750,Uniform-CVaR-FFseed,0.0
751,Uniform-CVaR-FFseed,0.0
752,Uniform-CVaR-FFseed,0.317587314450833
753,Uniform-CVaR-FFseed,0.0
754,Uniform-CVaR-FFseed,0.0
755,Uniform-CVaR-FFseed,1.5892202191150204
756,Uniform-CVaR-FFseed,0.0
757,Uniform-CVaR-FFseed,0.0
758,Uniform-CVaR-FFseed,0.6781784416172059
759,Uniform-CVaR-FFseed,1.1301024002975453
760,Uniform-CVaR-FFseed,0.0
761,Uniform-CVaR-FFseed,0.0
762,Uniform-CVaR-FFseed,0.0
763,Uniform-CVaR-FFseed,0.40522214281895685
764,Uniform-CVaR-FFseed,0.0
765,Uniform-CVaR-FFseed,0.0
766,Uniform-CVaR-FFseed,0.0
767,Uniform-CVaR-FFseed,0.0
768,Uniform-CVaR-FFseed,0.0
769,Uniform-CVaR-FFseed,1.2711856788972113
770,Uniform-CVaR-FFseed,0.0
771,Uniform-CVaR-FFseed,0.0
772,Uniform-CVaR-FFseed,0.2819796333446334
773,Uniform-CVaR-FFseed,0.0
774,Uniform-CVaR-FFseed,0.0
775,Uniform-CVaR-FFseed,0.0
776,Uniform-CVaR-FFseed,0.0
777,Uniform-CVaR-FFseed,0.0
778,Uniform-CVaR-FFseed,0.0
779,Uniform-CVaR-FFseed,0.0
780,Uniform-CVaR-FFseed,2.1681740620746837
781,Uniform-CVaR-FFseed,0.0
782,Uniform-CVaR-FFseed,0.9208276252260816
783,Uniform-CVaR-FFseed,1.325021620347485
784,Uniform-CVaR-FFseed,0.0
785,Uniform-CVaR-FFseed,2.961500077977121
786,Uniform-CVaR-FFseed,0.0
787,Uniform-CVaR-FFseed,0.0
788,Uniform-CVaR-FFseed,0.0
789,Uniform-CVaR-FFseed,0.0
790,Uniform-CVaR-FFseed,0.0
791,Uniform-CVaR-FFseed,0.0
792,Uniform-CVaR-FFseed,0.0
793,Uniform-CVaR-FFseed,0.0
794,Uniform-CVaR-FFseed,0.0
795,Uniform-CVaR-FFseed,0.0
796,Uniform-CVaR-FFseed,0.0
797,Uniform-CVaR-FFseed,5.2114160740139255
798,Uniform-CVaR-FFseed,0.0
799,Uniform-CVaR-FFseed,0.08555130234907438
800,Uniform-CVaR-FFseed,0.0
801,Uniform-CVaR-FFseed,0.3169513463829503
802,Uniform-CVaR-FFseed,0.0
803,Uniform-CVaR-FFseed,0.0
804,Uniform-CVaR-FFseed,2.3793022122659977
805,Uniform-CVaR-FFseed,0.0
806,Uniform-CVaR-FFseed,0.0
807,Uniform-CVaR-FFseed,0.0
808,Uniform-CVaR-FFseed,0.0
809,Uniform-CVaR-FFseed,0.0
810,Uniform-CVaR-FFseed,0.0
811,Uniform-CVaR-FFseed,0.0
812,Uniform-CVaR-FFseed,3.2050379146510295
813,Uniform-CVaR-FFseed,0.0
814,Uniform-CVaR-FFseed,0.0
815,Uniform-CVaR-FFseed,0.15168683921172033
816,Uniform-CVaR-FFseed,0.0
817,Uniform-CVaR-FFseed,0.01290344438041302
818,Uniform-CVaR-FFseed,8.417030555058346
819,Uniform-CVaR-FFseed,0.0
820,Uniform-CVaR-FFseed,0.3586539398594937
821,Uniform-CVaR-FFseed,0.6930167611557181
822,Uniform-CVaR-FFseed,0.0
823,Uniform-CVaR-FFseed,0.0
824,Uniform-CVaR-FFseed,1.29732960876143
825,Uniform-CVaR-FFseed,0.0
826,Uniform-CVaR-FFseed,0.0
827,Uniform-CVaR-FFseed,0.0
828,Uniform-CVaR-FFseed,0.0
829,Uniform-CVaR-FFseed,0.38139097727952276
830,Uniform-CVaR-FFseed,0.0
831,Uniform-CVaR-FFseed,0.0
832,Uniform-CVaR-FFseed,0.0
833,Uniform-CVaR-FFseed,0.0
834,Uniform-CVaR-FFseed,0.0
835,Uniform-CVaR-FFseed,0.0
836,Uniform-CVaR-FFseed,0.0
837,Uniform-CVaR-FFseed,0.0
838,Uniform-CVaR-FFseed,0.0
839,Uniform-CVaR-FFseed,0.0
840,Uniform-CVaR-FFseed,0.0
841,Uniform-CVaR-FFseed,0.0
842,Uniform-CVaR-FFseed,0.0
843,Uniform-CVaR-FFseed,0.0
844,Uniform-CVaR-FFseed,0.5949807179586912
845,Uniform-CVaR-FFseed,0.0
846,Uniform-CVaR-FFseed,0.0
847,Uniform-CVaR-FFseed,0.0
848,Uniform-CVaR-FFseed,0.0
849,Uniform-CVaR-FFseed,0.0
850,Uniform-CVaR-FFseed,0.03596208893026187
851,Uniform-CVaR-FFseed,0.0
852,Uniform-CVaR-FFseed,0.0
853,Uniform-CVaR-FFseed,0.0
854,Uniform-CVaR-FFseed,0.0
855,Uniform-CVaR-FFseed,0.0
856,Uniform-CVaR-FFseed,1.8086607433332915
857,Uniform-CVaR-FFseed,0.0
858,Uniform-CVaR-FFseed,0.0
859,Uniform-CVaR-FFseed,0.0
860,Uniform-CVaR-FFseed,0.0
861,Uniform-CVaR-FFseed,0.0
862,Uniform-CVaR-FFseed,0.0
863,Uniform-CVaR-FFseed,0.07561417094387934
864,Uniform-CVaR-FFseed,0.0
865,Uniform-CVaR-FFseed,0.0
866,Uniform-CVaR-FFseed,1.6191922372734098
867,Uniform-CVaR-FFseed,0.0
868,Uniform-CVaR-FFseed,0.5698089226285106
869,Uniform-CVaR-FFseed,0.31694230551397595
870,Uniform-CVaR-FFseed,0.21124265207876647
871,Uniform-CVaR-FFseed,0.03669813871056249
872,Uniform-CVaR-FFseed,0.0
873,Uniform-CVaR-FFseed,0.0
874,Uniform-CVaR-FFseed,0.0
875,Uniform-CVaR-FFseed,0.0
876,Uniform-CVaR-FFseed,0.0
877,Uniform-CVaR-FFseed,0.0
878,Uniform-CVaR-FFseed,0.0
879,Uniform-CVaR-FFseed,0.0006884891034815155
880,Uniform-CVaR-FFseed,0.0
881,Uniform-CVaR-FFseed,0.0
882,Uniform-CVaR-FFseed,0.0
883,Uniform-CVaR-FFseed,0.0
884,Uniform-CVaR-FFseed,1.0317617142802078
885,Uniform-CVaR-FFseed,0.0
886,Uniform-CVaR-FFseed,0.0
887,Uniform-CVaR-FFseed,0.0
888,Uniform-CVaR-FFseed,0.0
889,Uniform-CVaR-FFseed,0.0
890,Uniform-CVaR-FFseed,0.0
891,Uniform-CVaR-FFseed,0.0
892,Uniform-CVaR-FFseed,0.0
893,Uniform-CVaR-FFseed,0.0
894,Uniform-CVaR-FFseed,0.0
895,Uniform-CVaR-FFseed,0.0
896,Uniform-CVaR-FFseed,0.0
897,Uniform-CVaR-FFseed,0.0
898,Uniform-CVaR-FFseed,0.5570017791128521
899,Uniform-CVaR-FFseed,3.6487963420074436
900,Uniform-CVaR-FFseed,0.0
901,Uniform-CVaR-FFseed,0.0
902,Uniform-CVaR-FFseed,2.7581411442449166
903,Uniform-CVaR-FFseed,0.0
904,Uniform-CVaR-FFseed,3.5998477825286272
905,Uniform-CVaR-FFseed,0.0
906,Uniform-CVaR-FFseed,0.0
907,Uniform-CVaR-FFseed,0.0
908,Uniform-CVaR-FFseed,0.0
909,Uniform-CVaR-FFseed,1.4402164160982238
910,Uniform-CVaR-FFseed,0.0
911,Uniform-CVaR-FFseed,0.0
912,Uniform-CVaR-FFseed,0.7640587150277725
913,Uniform-CVaR-FFseed,0.0
914,Uniform-CVaR-FFseed,0.0
915,Uniform-CVaR-FFseed,0.0
916,Uniform-CVaR-FFseed,0.0
917,Uniform-CVaR-FFseed,0.5791441997357651
918,Uniform-CVaR-FFseed,0.0
919,Uniform-CVaR-FFseed,0.07972489009921446
920,Uniform-CVaR-FFseed,0.0
921,Uniform-CVaR-FFseed,0.0
922,Uniform-CVaR-FFseed,0.0
923,Uniform-CVaR-FFseed,0.0
924,Uniform-CVaR-FFseed,0.0
925,Uniform-CVaR-FFseed,1.7225035924818144
926,Uniform-CVaR-FFseed,0.0
927,Uniform-CVaR-FFseed,0.0
928,Uniform-CVaR-FFseed,0.0
929,Uniform-CVaR-FFseed,0.0
930,Uniform-CVaR-FFseed,0.0
931,Uniform-CVaR-FFseed,0.0
932,Uniform-CVaR-FFseed,0.21045499852584726
933,Uniform-CVaR-FFseed,0.0
934,Uniform-CVaR-FFseed,1.5887011092771672
935,Uniform-CVaR-FFseed,0.0
936,Uniform-CVaR-FFseed,0.0
937,Uniform-CVaR-FFseed,0.5108271393781934
938,Uniform-CVaR-FFseed,0.0
939,Uniform-CVaR-FFseed,0.0
940,Uniform-CVaR-FFseed,0.0
941,Uniform-CVaR-FFseed,0.0
942,Uniform-CVaR-FFseed,0.0
943,Uniform-CVaR-FFseed,0.0
944,Uniform-CVaR-FFseed,0.0
945,Uniform-CVaR-FFseed,0.01805663695779458
946,Uniform-CVaR-FFseed,0.5328377844272154
947,Uniform-CVaR-FFseed,0.0
948,Uniform-CVaR-FFseed,0.0
949,Uniform-CVaR-FFseed,0.0
950,Uniform-CVaR-FFseed,0.0
951,Uniform-CVaR-FFseed,0.0
952,Uniform-CVaR-FFseed,0.0
953,Uniform-CVaR-FFseed,0.0
954,Uniform-CVaR-FFseed,4.905831737846654
955,Uniform-CVaR-FFseed,5.117042804763628
956,Uniform-CVaR-FFseed,0.30630226957168816
957,Uniform-CVaR-FFseed,0.0
958,Uniform-CVaR-FFseed,0.8148042064037782
959,Uniform-CVaR-FFseed,0.0
960,Uniform-CVaR-FFseed,0.0
961,Uniform-CVaR-FFseed,0.0
962,Uniform-CVaR-FFseed,0.0
963,Uniform-CVaR-FFseed,0.0
964,Uniform-CVaR-FFseed,0.004511995628377008
965,Uniform-CVaR-FFseed,0.0
966,Uniform-CVaR-FFseed,4.170284026777239
967,Uniform-CVaR-FFseed,0.0
968,Uniform-CVaR-FFseed,0.0
969,Uniform-CVaR-FFseed,0.05021517769057482
970,Uniform-CVaR-FFseed,0.0
971,Uniform-CVaR-FFseed,0.0
972,Uniform-CVaR-FFseed,0.0
973,Uniform-CVaR-FFseed,0.0
974,Uniform-CVaR-FFseed,0.0
975,Uniform-CVaR-FFseed,0.0
976,Uniform-CVaR-FFseed,0.0
977,Uniform-CVaR-FFseed,0.0
978,Uniform-CVaR-FFseed,0.0
979,Uniform-CVaR-FFseed,0.0
980,Uniform-CVaR-FFseed,0.1330717320569761
981,Uniform-CVaR-FFseed,0.0
982,Uniform-CVaR-FFseed,0.0
983,Uniform-CVaR-FFseed,0.0
984,Uniform-CVaR-FFseed,0.0
985,Uniform-CVaR-FFseed,0.6990029323173985
986,Uniform-CVaR-FFseed,0.0
987,Uniform-CVaR-FFseed,0.0
988,Uniform-CVaR-FFseed,0.0
989,Uniform-CVaR-FFseed,0.0
990,Uniform-CVaR-FFseed,0.0
991,Uniform-CVaR-FFseed,3.342470239639738
992,Uniform-CVaR-FFseed,0.0
993,Uniform-CVaR-FFseed,0.0
994,Uniform-CVaR-FFseed,0.0
995,Uniform-CVaR-FFseed,0.0
996,Uniform-CVaR-FFseed,0.9945777757236556
997,Uniform-CVaR-FFseed,0.0
998,Uniform-CVaR-FFseed,0.0
999,Uniform-CVaR-FFseed,0.0
0,Uniform-Mean-GRUseed,0.0
1,Uniform-Mean-GRUseed,0.0
2,Uniform-Mean-GRUseed,2.1376948944329683
3,Uniform-Mean-GRUseed,32.6884778522292
4,Uniform-Mean-GRUseed,0.0
5,Uniform-Mean-GRUseed,0.0
6,Uniform-Mean-GRUseed,0.0
7,Uniform-Mean-GRUseed,0.0
8,Uniform-Mean-GRUseed,0.0
9,Uniform-Mean-GRUseed,0.07150106704688142
10,Uniform-Mean-GRUseed,0.0
11,Uniform-Mean-GRUseed,0.0
12,Uniform-Mean-GRUseed,0.0
13,Uniform-Mean-GRUseed,0.0
14,Uniform-Mean-GRUseed,0.0
15,Uniform-Mean-GRUseed,0.15837605981599268
16,Uniform-Mean-GRUseed,0.0
17,Uniform-Mean-GRUseed,1.4253967890233525
18,Uniform-Mean-GRUseed,0.0
19,Uniform-Mean-GRUseed,4.799852573885971
20,Uniform-Mean-GRUseed,0.5343100887264143
21,Uniform-Mean-GRUseed,0.0
22,Uniform-Mean-GRUseed,4.002017246948753
23,Uniform-Mean-GRUseed,0.0
24,Uniform-Mean-GRUseed,1.1454672801211245
25,Uniform-Mean-GRUseed,0.0
26,Uniform-Mean-GRUseed,0.0
27,Uniform-Mean-GRUseed,0.0
28,Uniform-Mean-GRUseed,0.0
29,Uniform-Mean-GRUseed,0.0
30,Uniform-Mean-GRUseed,0.0
31,Uniform-Mean-GRUseed,0.0
32,Uniform-Mean-GRUseed,0.0
33,Uniform-Mean-GRUseed,0.0
34,Uniform-Mean-GRUseed,6.121685751602939
35,Uniform-Mean-GRUseed,56.107741812375366
36,Uniform-Mean-GRUseed,0.0
37,Uniform-Mean-GRUseed,1.9100118545801479
38,Uniform-Mean-GRUseed,0.0
39,Uniform-Mean-GRUseed,0.5740041463238583
40,Uniform-Mean-GRUseed,0.0
41,Uniform-Mean-GRUseed,0.0
42,Uniform-Mean-GRUseed,0.0
43,Uniform-Mean-GRUseed,0.0
44,Uniform-Mean-GRUseed,0.0
45,Uniform-Mean-GRUseed,0.0
46,Uniform-Mean-GRUseed,0.0
47,Uniform-Mean-GRUseed,2.2636783179349322
48,Uniform-Mean-GRUseed,0.0
49,Uniform-Mean-GRUseed,6.912922748213646
50,Uniform-Mean-GRUseed,0.0
51,Uniform-Mean-GRUseed,26.619643354720182
52,Uniform-Mean-GRUseed,0.0
53,Uniform-Mean-GRUseed,0.0
54,Uniform-Mean-GRUseed,0.0
55,Uniform-Mean-GRUseed,56.413349897754955
56,Uniform-Mean-GRUseed,0.0
57,Uniform-Mean-GRUseed,47.524100843859685
58,Uniform-Mean-GRUseed,4.780791626710936
59,Uniform-Mean-GRUseed,0.0
60,Uniform-Mean-GRUseed,0.0
61,Uniform-Mean-GRUseed,0.0
62,Uniform-Mean-GRUseed,7.424154177402841
63,Uniform-Mean-GRUseed,2.9733201334793478
64,Uniform-Mean-GRUseed,5.0109620023222305
65,Uniform-Mean-GRUseed,4.65578762493638
66,Uniform-Mean-GRUseed,5.337068249921373
67,Uniform-Mean-GRUseed,0.0
68,Uniform-Mean-GRUseed,0.0
69,Uniform-Mean-GRUseed,3.6135910230621846
70,Uniform-Mean-GRUseed,13.21164092658725
71,Uniform-Mean-GRUseed,0.0
72,Uniform-Mean-GRUseed,10.739753345467165
73,Uniform-Mean-GRUseed,0.0
74,Uniform-Mean-GRUseed,0.0
75,Uniform-Mean-GRUseed,0.0
76,Uniform-Mean-GRUseed,0.0
77,Uniform-Mean-GRUseed,0.0
78,Uniform-Mean-GRUseed,0.0
79,Uniform-Mean-GRUseed,2.7838375849585475
80,Uniform-Mean-GRUseed,8.107053181939477
81,Uniform-Mean-GRUseed,0.0
82,Uniform-Mean-GRUseed,0.0
83,Uniform-Mean-GRUseed,0.0
84,Uniform-Mean-GRUseed,18.739434628113685
85,Uniform-Mean-GRUseed,0.2679774523250842
86,Uniform-Mean-GRUseed,2.6639906695152433
87,Uniform-Mean-GRUseed,0.0
88,Uniform-Mean-GRUseed,0.0
89,Uniform-Mean-GRUseed,0.0
90,Uniform-Mean-GRUseed,0.0
91,Uniform-Mean-GRUseed,0.0
92,Uniform-Mean-GRUseed,0.0
93,Uniform-Mean-GRUseed,0.0
94,Uniform-Mean-GRUseed,0.0
95,Uniform-Mean-GRUseed,0.9480209491617302
96,Uniform-Mean-GRUseed,0.0
97,Uniform-Mean-GRUseed,15.67768730104683
98,Uniform-Mean-GRUseed,1.8230393406003316
99,Uniform-Mean-GRUseed,0.0
100,Uniform-Mean-GRUseed,8.145116889688495
101,Uniform-Mean-GRUseed,0.0
102,Uniform-Mean-GRUseed,0.0
103,Uniform-Mean-GRUseed,0.0
104,Uniform-Mean-GRUseed,12.928307056153358
105,Uniform-Mean-GRUseed,0.0
106,Uniform-Mean-GRUseed,4.3969044705422675
107,Uniform-Mean-GRUseed,0.0
108,Uniform-Mean-GRUseed,3.274155235209321
109,Uniform-Mean-GRUseed,0.21959923501628964
110,Uniform-Mean-GRUseed,0.0
111,Uniform-Mean-GRUseed,0.0
112,Uniform-Mean-GRUseed,0.0
113,Uniform-Mean-GRUseed,3.1097650016236003
114,Uniform-Mean-GRUseed,0.0
115,Uniform-Mean-GRUseed,0.0
116,Uniform-Mean-GRUseed,1.958588120757895
117,Uniform-Mean-GRUseed,4.119198785267912
118,Uniform-Mean-GRUseed,0.0
119,Uniform-Mean-GRUseed,0.0
120,Uniform-Mean-GRUseed,0.0
121,Uniform-Mean-GRUseed,0.0
122,Uniform-Mean-GRUseed,0.0
123,Uniform-Mean-GRUseed,0.0
124,Uniform-Mean-GRUseed,0.9403264479778954
125,Uniform-Mean-GRUseed,0.0
126,Uniform-Mean-GRUseed,0.0
127,Uniform-Mean-GRUseed,0.0
128,Uniform-Mean-GRUseed,4.645262153175111
129,Uniform-Mean-GRUseed,2.781243642771045
130,Uniform-Mean-GRUseed,0.0
131,Uniform-Mean-GRUseed,5.727959627383882
132,Uniform-Mean-GRUseed,0.0
133,Uniform-Mean-GRUseed,0.0
134,Uniform-Mean-GRUseed,0.0
135,Uniform-Mean-GRUseed,0.0
136,Uniform-Mean-GRUseed,19.380167911868455
137,Uniform-Mean-GRUseed,0.0
138,Uniform-Mean-GRUseed,3.0220190388359924
139,Uniform-Mean-GRUseed,0.0
140,Uniform-Mean-GRUseed,1.9514724963075878
141,Uniform-Mean-GRUseed,0.0
142,Uniform-Mean-GRUseed,9.276269411356935
143,Uniform-Mean-GRUseed,0.9187636627107736
144,Uniform-Mean-GRUseed,0.0
145,Uniform-Mean-GRUseed,0.0
146,Uniform-Mean-GRUseed,0.0
147,Uniform-Mean-GRUseed,0.0
148,Uniform-Mean-GRUseed,0.0
149,Uniform-Mean-GRUseed,0.0
150,Uniform-Mean-GRUseed,0.0
151,Uniform-Mean-GRUseed,0.0
152,Uniform-Mean-GRUseed,0.0
153,Uniform-Mean-GRUseed,0.0
154,Uniform-Mean-GRUseed,0.0
155,Uniform-Mean-GRUseed,0.0
156,Uniform-Mean-GRUseed,55.73778246882054
157,Uniform-Mean-GRUseed,0.0
158,Uniform-Mean-GRUseed,2.5617501867326666
159,Uniform-Mean-GRUseed,0.0
160,Uniform-Mean-GRUseed,4.428295794861526
161,Uniform-Mean-GRUseed,0.0
162,Uniform-Mean-GRUseed,0.0
163,Uniform-Mean-GRUseed,0.0
164,Uniform-Mean-GRUseed,0.0
165,Uniform-Mean-GRUseed,3.5875360237426435
166,Uniform-Mean-GRUseed,6.826138735247952
167,Uniform-Mean-GRUseed,0.0
168,Uniform-Mean-GRUseed,5.86036694739866
169,Uniform-Mean-GRUseed,4.0533207639577995
170,Uniform-Mean-GRUseed,0.0
171,Uniform-Mean-GRUseed,1.6759353715685847
172,Uniform-Mean-GRUseed,2.1060061494037825
173,Uniform-Mean-GRUseed,0.0
174,Uniform-Mean-GRUseed,0.0
175,Uniform-Mean-GRUseed,0.0
176,Uniform-Mean-GRUseed,0.0
177,Uniform-Mean-GRUseed,0.0
178,Uniform-Mean-GRUseed,0.20821009894706322
179,Uniform-Mean-GRUseed,0.0
180,Uniform-Mean-GRUseed,1.8500065085620747
181,Uniform-Mean-GRUseed,0.0
182,Uniform-Mean-GRUseed,2.9818012014740987
183,Uniform-Mean-GRUseed,0.0
184,Uniform-Mean-GRUseed,0.0
185,Uniform-Mean-GRUseed,0.0
186,Uniform-Mean-GRUseed,0.0
187,Uniform-Mean-GRUseed,0.0
188,Uniform-Mean-GRUseed,0.0
189,Uniform-Mean-GRUseed,0.34723656255454216
190,Uniform-Mean-GRUseed,3.340601648383199
191,Uniform-Mean-GRUseed,21.41786537868822
192,Uniform-Mean-GRUseed,0.0
193,Uniform-Mean-GRUseed,45.56402753999495
194,Uniform-Mean-GRUseed,1.8754216799516712
195,Uniform-Mean-GRUseed,0.0
196,Uniform-Mean-GRUseed,0.0
197,Uniform-Mean-GRUseed,0.0
198,Uniform-Mean-GRUseed,2.8143172928322144
199,Uniform-Mean-GRUseed,0.0
200,Uniform-Mean-GRUseed,0.0
201,Uniform-Mean-GRUseed,2.35269998286617
202,Uniform-Mean-GRUseed,0.0
203,Uniform-Mean-GRUseed,0.7517807917835455
204,Uniform-Mean-GRUseed,0.0
205,Uniform-Mean-GRUseed,0.0
206,Uniform-Mean-GRUseed,0.0
207,Uniform-Mean-GRUseed,0.0
208,Uniform-Mean-GRUseed,25.632044003738997
209,Uniform-Mean-GRUseed,2.7965025835877952
210,Uniform-Mean-GRUseed,0.0
211,Uniform-Mean-GRUseed,0.0
212,Uniform-Mean-GRUseed,0.0
213,Uniform-Mean-GRUseed,77.06491179732916
214,Uniform-Mean-GRUseed,0.0
215,Uniform-Mean-GRUseed,11.722244521356288
216,Uniform-Mean-GRUseed,0.0
217,Uniform-Mean-GRUseed,0.1922549655770922
218,Uniform-Mean-GRUseed,0.0
219,Uniform-Mean-GRUseed,0.0
220,Uniform-Mean-GRUseed,0.0
221,Uniform-Mean-GRUseed,0.0
222,Uniform-Mean-GRUseed,0.0
223,Uniform-Mean-GRUseed,0.0
224,Uniform-Mean-GRUseed,0.8860894364597129
225,Uniform-Mean-GRUseed,0.0
226,Uniform-Mean-GRUseed,3.696462602172147
227,Uniform-Mean-GRUseed,7.809960871326069
228,Uniform-Mean-GRUseed,4.854300244361923
229,Uniform-Mean-GRUseed,0.0
230,Uniform-Mean-GRUseed,0.0
231,Uniform-Mean-GRUseed,0.0
232,Uniform-Mean-GRUseed,6.757493082540407
233,Uniform-Mean-GRUseed,0.0
234,Uniform-Mean-GRUseed,0.0
235,Uniform-Mean-GRUseed,0.0
236,Uniform-Mean-GRUseed,3.4649424164053357
237,Uniform-Mean-GRUseed,0.0
238,Uniform-Mean-GRUseed,12.70838088375774
239,Uniform-Mean-GRUseed,0.0
240,Uniform-Mean-GRUseed,0.0
241,Uniform-Mean-GRUseed,0.0
242,Uniform-Mean-GRUseed,0.5463381664905853
243,Uniform-Mean-GRUseed,0.7441902233730104
244,Uniform-Mean-GRUseed,0.0
245,Uniform-Mean-GRUseed,0.0
246,Uniform-Mean-GRUseed,0.0
247,Uniform-Mean-GRUseed,0.0
248,Uniform-Mean-GRUseed,0.0
249,Uniform-Mean-GRUseed,5.746904427767959
250,Uniform-Mean-GRUseed,2.9062966303003464
251,Uniform-Mean-GRUseed,0.7084158618710319
252,Uniform-Mean-GRUseed,0.0
253,Uniform-Mean-GRUseed,0.0
254,Uniform-Mean-GRUseed,0.0
255,Uniform-Mean-GRUseed,3.799344849708831
256,Uniform-Mean-GRUseed,0.0
257,Uniform-Mean-GRUseed,0.0
258,Uniform-Mean-GRUseed,0.0
259,Uniform-Mean-GRUseed,5.066668086715964
260,Uniform-Mean-GRUseed,16.76424225264998
261,Uniform-Mean-GRUseed,0.0
262,Uniform-Mean-GRUseed,0.0
263,Uniform-Mean-GRUseed,0.0
264,Uniform-Mean-GRUseed,1.7663360468947644
265,Uniform-Mean-GRUseed,0.0
266,Uniform-Mean-GRUseed,1.0408715628973937
267,Uniform-Mean-GRUseed,0.0
268,Uniform-Mean-GRUseed,0.0
269,Uniform-Mean-GRUseed,0.34850406530378564
270,Uniform-Mean-GRUseed,0.0
271,Uniform-Mean-GRUseed,6.193053662919056
272,Uniform-Mean-GRUseed,0.0
273,Uniform-Mean-GRUseed,0.0
274,Uniform-Mean-GRUseed,0.0
275,Uniform-Mean-GRUseed,28.664541592336008
276,Uniform-Mean-GRUseed,0.0
277,Uniform-Mean-GRUseed,0.0
278,Uniform-Mean-GRUseed,0.0
279,Uniform-Mean-GRUseed,0.0
280,Uniform-Mean-GRUseed,0.0
281,Uniform-Mean-GRUseed,0.0
282,Uniform-Mean-GRUseed,0.0
283,Uniform-Mean-GRUseed,3.0781545781290447
284,Uniform-Mean-GRUseed,2.5361530428031642
285,Uniform-Mean-GRUseed,0.0
286,Uniform-Mean-GRUseed,3.9851557354900535
287,Uniform-Mean-GRUseed,0.0
288,Uniform-Mean-GRUseed,4.173121327040036
289,Uniform-Mean-GRUseed,12.144825979110806
290,Uniform-Mean-GRUseed,34.69495161722449
291,Uniform-Mean-GRUseed,2.0023299302178543
292,Uniform-Mean-GRUseed,0.0
293,Uniform-Mean-GRUseed,1.6041004555224276
294,Uniform-Mean-GRUseed,1.0808972265000136
295,Uniform-Mean-GRUseed,0.0
296,Uniform-Mean-GRUseed,0.0
297,Uniform-Mean-GRUseed,0.0
298,Uniform-Mean-GRUseed,3.4332650035012193
299,Uniform-Mean-GRUseed,6.104332579016614
300,Uniform-Mean-GRUseed,4.001626749681407
301,Uniform-Mean-GRUseed,0.0
302,Uniform-Mean-GRUseed,6.573376282001192
303,Uniform-Mean-GRUseed,26.658132988619343
304,Uniform-Mean-GRUseed,0.0
305,Uniform-Mean-GRUseed,2.0617680197664754
306,Uniform-Mean-GRUseed,0.0
307,Uniform-Mean-GRUseed,0.0
308,Uniform-Mean-GRUseed,9.086022254007133
309,Uniform-Mean-GRUseed,0.0
310,Uniform-Mean-GRUseed,0.0
311,Uniform-Mean-GRUseed,4.20685561040159
312,Uniform-Mean-GRUseed,5.068355211321403
313,Uniform-Mean-GRUseed,0.0
314,Uniform-Mean-GRUseed,0.0
315,Uniform-Mean-GRUseed,0.0
316,Uniform-Mean-GRUseed,0.0
317,Uniform-Mean-GRUseed,8.627419850603303
318,Uniform-Mean-GRUseed,0.0
319,Uniform-Mean-GRUseed,0.0
320,Uniform-Mean-GRUseed,0.0
321,Uniform-Mean-GRUseed,0.0
322,Uniform-Mean-GRUseed,0.0
323,Uniform-Mean-GRUseed,0.0
324,Uniform-Mean-GRUseed,0.0
325,Uniform-Mean-GRUseed,0.0
326,Uniform-Mean-GRUseed,0.0
327,Uniform-Mean-GRUseed,0.0
328,Uniform-Mean-GRUseed,0.0
329,Uniform-Mean-GRUseed,0.0
330,Uniform-Mean-GRUseed,0.0
331,Uniform-Mean-GRUseed,0.0
332,Uniform-Mean-GRUseed,0.0
333,Uniform-Mean-GRUseed,0.7103312108034743
334,Uniform-Mean-GRUseed,6.229157893078195
335,Uniform-Mean-GRUseed,6.777475969396335
336,Uniform-Mean-GRUseed,3.9772233016029475
337,Uniform-Mean-GRUseed,0.0
338,Uniform-Mean-GRUseed,5.614464943841114
339,Uniform-Mean-GRUseed,0.0
340,Uniform-Mean-GRUseed,5.7103256863325385
341,Uniform-Mean-GRUseed,0.0
342,Uniform-Mean-GRUseed,3.505364415356695
343,Uniform-Mean-GRUseed,36.81476303780843
344,Uniform-Mean-GRUseed,5.673818063314258
345,Uniform-Mean-GRUseed,0.06103630211453037
346,Uniform-Mean-GRUseed,11.14239934522277
347,Uniform-Mean-GRUseed,0.0
348,Uniform-Mean-GRUseed,0.0
349,Uniform-Mean-GRUseed,0.0
350,Uniform-Mean-GRUseed,5.7517862055657645
351,Uniform-Mean-GRUseed,1.401719849964337
352,Uniform-Mean-GRUseed,0.3336935055920378
353,Uniform-Mean-GRUseed,10.684284346015431
354,Uniform-Mean-GRUseed,0.0
355,Uniform-Mean-GRUseed,10.570402221300213
356,Uniform-Mean-GRUseed,0.0
357,Uniform-Mean-GRUseed,0.0
358,Uniform-Mean-GRUseed,8.334480231446207
359,Uniform-Mean-GRUseed,0.0
360,Uniform-Mean-GRUseed,0.28600991199829195
361,Uniform-Mean-GRUseed,0.0
362,Uniform-Mean-GRUseed,0.7286380988313681
363,Uniform-Mean-GRUseed,3.5958654289098035
364,Uniform-Mean-GRUseed,0.0
365,Uniform-Mean-GRUseed,0.0
366,Uniform-Mean-GRUseed,0.0
367,Uniform-Mean-GRUseed,0.0
368,Uniform-Mean-GRUseed,0.0
369,Uniform-Mean-GRUseed,0.0
370,Uniform-Mean-GRUseed,0.0
371,Uniform-Mean-GRUseed,0.693531618379069
372,Uniform-Mean-GRUseed,1.5028204010760078
373,Uniform-Mean-GRUseed,0.0
374,Uniform-Mean-GRUseed,2.4045703128439584
375,Uniform-Mean-GRUseed,0.0
376,Uniform-Mean-GRUseed,1.8793526038452626
377,Uniform-Mean-GRUseed,0.0
378,Uniform-Mean-GRUseed,7.633468233736011
379,Uniform-Mean-GRUseed,0.0
380,Uniform-Mean-GRUseed,0.0
381,Uniform-Mean-GRUseed,0.0
382,Uniform-Mean-GRUseed,4.30795837517789
383,Uniform-Mean-GRUseed,1.5449666431600804
384,Uniform-Mean-GRUseed,3.4552449212613396
385,Uniform-Mean-GRUseed,0.0
386,Uniform-Mean-GRUseed,0.0
387,Uniform-Mean-GRUseed,0.49677240886879304
388,Uniform-Mean-GRUseed,0.0
389,Uniform-Mean-GRUseed,0.0
390,Uniform-Mean-GRUseed,10.49864411196188
391,Uniform-Mean-GRUseed,0.1714555826208084
392,Uniform-Mean-GRUseed,0.0
393,Uniform-Mean-GRUseed,0.0
394,Uniform-Mean-GRUseed,0.0
395,Uniform-Mean-GRUseed,0.0
396,Uniform-Mean-GRUseed,3.2526616061303457
397,Uniform-Mean-GRUseed,0.0
398,Uniform-Mean-GRUseed,0.0
399,Uniform-Mean-GRUseed,0.0
400,Uniform-Mean-GRUseed,0.0
401,Uniform-Mean-GRUseed,0.0
402,Uniform-Mean-GRUseed,2.3826698596817835
403,Uniform-Mean-GRUseed,0.0
404,Uniform-Mean-GRUseed,0.0
405,Uniform-Mean-GRUseed,0.0
406,Uniform-Mean-GRUseed,0.0
407,Uniform-Mean-GRUseed,2.9407039400485644
408,Uniform-Mean-GRUseed,0.0
409,Uniform-Mean-GRUseed,10.81301582706277
410,Uniform-Mean-GRUseed,0.0
411,Uniform-Mean-GRUseed,0.0
412,Uniform-Mean-GRUseed,35.80640575980985
413,Uniform-Mean-GRUseed,0.0
414,Uniform-Mean-GRUseed,0.0
415,Uniform-Mean-GRUseed,1.7453098346192633
416,Uniform-Mean-GRUseed,1.5742029164161409
417,Uniform-Mean-GRUseed,2.7533047375127353
418,Uniform-Mean-GRUseed,0.0
419,Uniform-Mean-GRUseed,0.0
420,Uniform-Mean-GRUseed,0.0
421,Uniform-Mean-GRUseed,4.615779288342225
422,Uniform-Mean-GRUseed,0.0
423,Uniform-Mean-GRUseed,1.8952807690081954
424,Uniform-Mean-GRUseed,0.0
425,Uniform-Mean-GRUseed,2.4136887725144334
426,Uniform-Mean-GRUseed,0.0
427,Uniform-Mean-GRUseed,0.0
428,Uniform-Mean-GRUseed,0.0
429,Uniform-Mean-GRUseed,0.0
430,Uniform-Mean-GRUseed,0.0
431,Uniform-Mean-GRUseed,0.0
432,Uniform-Mean-GRUseed,0.0
433,Uniform-Mean-GRUseed,0.0
434,Uniform-Mean-GRUseed,0.0
435,Uniform-Mean-GRUseed,16.849915911378417
436,Uniform-Mean-GRUseed,10.961227970090562
437,Uniform-Mean-GRUseed,5.182531749071785
438,Uniform-Mean-GRUseed,0.9164254959697473
439,Uniform-Mean-GRUseed,0.0
440,Uniform-Mean-GRUseed,0.0
441,Uniform-Mean-GRUseed,0.0
442,Uniform-Mean-GRUseed,2.2533193061404972
443,Uniform-Mean-GRUseed,0.0
444,Uniform-Mean-GRUseed,5.407569710625978
445,Uniform-Mean-GRUseed,3.9098115066084915
446,Uniform-Mean-GRUseed,0.0
447,Uniform-Mean-GRUseed,0.0
448,Uniform-Mean-GRUseed,0.0
449,Uniform-Mean-GRUseed,3.0145961352190795
450,Uniform-Mean-GRUseed,0.0
451,Uniform-Mean-GRUseed,0.0
452,Uniform-Mean-GRUseed,0.0
453,Uniform-Mean-GRUseed,20.54663740967888
454,Uniform-Mean-GRUseed,0.0
455,Uniform-Mean-GRUseed,18.963374210368556
456,Uniform-Mean-GRUseed,0.0
457,Uniform-Mean-GRUseed,0.0
458,Uniform-Mean-GRUseed,0.21621398035489392
459,Uniform-Mean-GRUseed,1.891772873030277
460,Uniform-Mean-GRUseed,0.0
461,Uniform-Mean-GRUseed,0.0
462,Uniform-Mean-GRUseed,13.257040848568636
463,Uniform-Mean-GRUseed,0.4231001868940325
464,Uniform-Mean-GRUseed,24.129047185891523
465,Uniform-Mean-GRUseed,0.0
466,Uniform-Mean-GRUseed,0.0
467,Uniform-Mean-GRUseed,0.0
468,Uniform-Mean-GRUseed,0.0
469,Uniform-Mean-GRUseed,8.132845651845798
470,Uniform-Mean-GRUseed,0.0
471,Uniform-Mean-GRUseed,0.0
472,Uniform-Mean-GRUseed,0.0
473,Uniform-Mean-GRUseed,1.7034149231020308
474,Uniform-Mean-GRUseed,4.932703219320842
475,Uniform-Mean-GRUseed,0.0
476,Uniform-Mean-GRUseed,0.0
477,Uniform-Mean-GRUseed,5.904128556395136
478,Uniform-Mean-GRUseed,0.0
479,Uniform-Mean-GRUseed,11.070281423168638
480,Uniform-Mean-GRUseed,0.0
481,Uniform-Mean-GRUseed,0.0
482,Uniform-Mean-GRUseed,0.0
483,Uniform-Mean-GRUseed,0.0
484,Uniform-Mean-GRUseed,0.0
485,Uniform-Mean-GRUseed,20.471397904416307
486,Uniform-Mean-GRUseed,0.0
487,Uniform-Mean-GRUseed,0.0
488,Uniform-Mean-GRUseed,0.0
489,Uniform-Mean-GRUseed,0.0
490,Uniform-Mean-GRUseed,3.683033437992293
491,Uniform-Mean-GRUseed,0.0
492,Uniform-Mean-GRUseed,0.0
493,Uniform-Mean-GRUseed,4.736509463115311
494,Uniform-Mean-GRUseed,2.821532498172047
495,Uniform-Mean-GRUseed,12.40138480450446
496,Uniform-Mean-GRUseed,1.6844718771219505
497,Uniform-Mean-GRUseed,0.0
498,Uniform-Mean-GRUseed,0.0
499,Uniform-Mean-GRUseed,0.0
500,Uniform-Mean-GRUseed,0.0
501,Uniform-Mean-GRUseed,3.344069207984404
502,Uniform-Mean-GRUseed,0.0
503,Uniform-Mean-GRUseed,45.28593529632744
504,Uniform-Mean-GRUseed,0.0
505,Uniform-Mean-GRUseed,0.0
506,Uniform-Mean-GRUseed,0.0
507,Uniform-Mean-GRUseed,1.921255405549232
508,Uniform-Mean-GRUseed,0.0
509,Uniform-Mean-GRUseed,7.815558442674728
510,Uniform-Mean-GRUseed,0.0
511,Uniform-Mean-GRUseed,0.0
512,Uniform-Mean-GRUseed,0.0
513,Uniform-Mean-GRUseed,0.0
514,Uniform-Mean-GRUseed,0.0
515,Uniform-Mean-GRUseed,0.0
516,Uniform-Mean-GRUseed,0.0
517,Uniform-Mean-GRUseed,0.0
518,Uniform-Mean-GRUseed,0.0
519,Uniform-Mean-GRUseed,11.084776065004036
520,Uniform-Mean-GRUseed,0.0
521,Uniform-Mean-GRUseed,5.784030887069775
522,Uniform-Mean-GRUseed,0.0
523,Uniform-Mean-GRUseed,0.0
524,Uniform-Mean-GRUseed,0.12453219492823564
525,Uniform-Mean-GRUseed,0.0
526,Uniform-Mean-GRUseed,0.0
527,Uniform-Mean-GRUseed,0.49891934088603307
528,Uniform-Mean-GRUseed,0.0
529,Uniform-Mean-GRUseed,0.0
530,Uniform-Mean-GRUseed,0.0
531,Uniform-Mean-GRUseed,0.0
532,Uniform-Mean-GRUseed,0.0
533,Uniform-Mean-GRUseed,0.0
534,Uniform-Mean-GRUseed,2.378163367174949
535,Uniform-Mean-GRUseed,38.89303436073871
536,Uniform-Mean-GRUseed,1.491778844529307
537,Uniform-Mean-GRUseed,0.0
538,Uniform-Mean-GRUseed,0.0
539,Uniform-Mean-GRUseed,6.808337401384506
540,Uniform-Mean-GRUseed,0.0
541,Uniform-Mean-GRUseed,0.0
542,Uniform-Mean-GRUseed,0.0
543,Uniform-Mean-GRUseed,0.0
544,Uniform-Mean-GRUseed,0.0
545,Uniform-Mean-GRUseed,0.0
546,Uniform-Mean-GRUseed,10.524361071964478
547,Uniform-Mean-GRUseed,0.0
548,Uniform-Mean-GRUseed,0.0
549,Uniform-Mean-GRUseed,0.0
550,Uniform-Mean-GRUseed,0.0
551,Uniform-Mean-GRUseed,15.452872780752614
552,Uniform-Mean-GRUseed,0.0
553,Uniform-Mean-GRUseed,0.0
554,Uniform-Mean-GRUseed,0.0
555,Uniform-Mean-GRUseed,7.284217867462502
556,Uniform-Mean-GRUseed,0.0
557,Uniform-Mean-GRUseed,7.465668771258976
558,Uniform-Mean-GRUseed,0.0
559,Uniform-Mean-GRUseed,0.0
560,Uniform-Mean-GRUseed,22.839698417614187
561,Uniform-Mean-GRUseed,2.0896259160393242
562,Uniform-Mean-GRUseed,5.6902528915563835
563,Uniform-Mean-GRUseed,0.0
564,Uniform-Mean-GRUseed,0.0
565,Uniform-Mean-GRUseed,0.0
566,Uniform-Mean-GRUseed,0.0
567,Uniform-Mean-GRUseed,0.0
568,Uniform-Mean-GRUseed,10.239772279996316
569,Uniform-Mean-GRUseed,2.779736251612576
570,Uniform-Mean-GRUseed,0.0
571,Uniform-Mean-GRUseed,6.154513046679597
572,Uniform-Mean-GRUseed,0.0
573,Uniform-Mean-GRUseed,0.5381996950326879
574,Uniform-Mean-GRUseed,7.797909987984383
575,Uniform-Mean-GRUseed,16.824449518342703
576,Uniform-Mean-GRUseed,0.0
577,Uniform-Mean-GRUseed,0.0
578,Uniform-Mean-GRUseed,0.0
579,Uniform-Mean-GRUseed,0.0
580,Uniform-Mean-GRUseed,0.0
581,Uniform-Mean-GRUseed,6.32889817466895
582,Uniform-Mean-GRUseed,0.0
583,Uniform-Mean-GRUseed,7.6700316525390235
584,Uniform-Mean-GRUseed,0.0
585,Uniform-Mean-GRUseed,0.0
586,Uniform-Mean-GRUseed,0.0
587,Uniform-Mean-GRUseed,8.21622425058493
588,Uniform-Mean-GRUseed,8.147425873932548
589,Uniform-Mean-GRUseed,0.022043532746124583
590,Uniform-Mean-GRUseed,37.26347175704734
591,Uniform-Mean-GRUseed,8.641047036127333
592,Uniform-Mean-GRUseed,0.0
593,Uniform-Mean-GRUseed,0.0
594,Uniform-Mean-GRUseed,0.0
595,Uniform-Mean-GRUseed,0.0
596,Uniform-Mean-GRUseed,0.0
597,Uniform-Mean-GRUseed,0.0
598,Uniform-Mean-GRUseed,0.0
599,Uniform-Mean-GRUseed,3.0609604581768224
600,Uniform-Mean-GRUseed,4.818163253196019
601,Uniform-Mean-GRUseed,1.5955837587075052
602,Uniform-Mean-GRUseed,0.0
603,Uniform-Mean-GRUseed,0.0
604,Uniform-Mean-GRUseed,0.0
605,Uniform-Mean-GRUseed,2.5581477379994624
606,Uniform-Mean-GRUseed,9.009557465514291
607,Uniform-Mean-GRUseed,57.40122318397371
608,Uniform-Mean-GRUseed,9.03399850545901
609,Uniform-Mean-GRUseed,12.009953404804776
610,Uniform-Mean-GRUseed,9.872796767796956
611,Uniform-Mean-GRUseed,0.0
612,Uniform-Mean-GRUseed,4.685430159820584
613,Uniform-Mean-GRUseed,0.0
614,Uniform-Mean-GRUseed,0.0
615,Uniform-Mean-GRUseed,0.0
616,Uniform-Mean-GRUseed,0.0
617,Uniform-Mean-GRUseed,0.0
618,Uniform-Mean-GRUseed,0.0
619,Uniform-Mean-GRUseed,0.7309482149278779
620,Uniform-Mean-GRUseed,0.0
621,Uniform-Mean-GRUseed,0.0
622,Uniform-Mean-GRUseed,0.0
623,Uniform-Mean-GRUseed,0.0
624,Uniform-Mean-GRUseed,0.0
625,Uniform-Mean-GRUseed,0.0
626,Uniform-Mean-GRUseed,18.46649135168738
627,Uniform-Mean-GRUseed,2.3463860193069763
628,Uniform-Mean-GRUseed,8.83321097602635
629,Uniform-Mean-GRUseed,1.388123417992233
630,Uniform-Mean-GRUseed,0.0
631,Uniform-Mean-GRUseed,9.365756348774681
632,Uniform-Mean-GRUseed,5.615597928041694
633,Uniform-Mean-GRUseed,14.723215213883407
634,Uniform-Mean-GRUseed,0.0
635,Uniform-Mean-GRUseed,0.0
636,Uniform-Mean-GRUseed,0.0
637,Uniform-Mean-GRUseed,0.0
638,Uniform-Mean-GRUseed,8.924031319081678
639,Uniform-Mean-GRUseed,0.0
640,Uniform-Mean-GRUseed,0.0
641,Uniform-Mean-GRUseed,0.0
642,Uniform-Mean-GRUseed,4.774249286102759
643,Uniform-Mean-GRUseed,3.7284667422384814
644,Uniform-Mean-GRUseed,0.0
645,Uniform-Mean-GRUseed,4.363394392337398
646,Uniform-Mean-GRUseed,0.0
647,Uniform-Mean-GRUseed,0.0
648,Uniform-Mean-GRUseed,18.23525720818924
649,Uniform-Mean-GRUseed,0.0
650,Uniform-Mean-GRUseed,0.0
651,Uniform-Mean-GRUseed,0.0
652,Uniform-Mean-GRUseed,0.0
653,Uniform-Mean-GRUseed,0.0
654,Uniform-Mean-GRUseed,0.0
655,Uniform-Mean-GRUseed,9.391519210477213
656,Uniform-Mean-GRUseed,3.7649863131996426
657,Uniform-Mean-GRUseed,0.0
658,Uniform-Mean-GRUseed,0.06718876376805838
659,Uniform-Mean-GRUseed,0.24306644162024327
660,Uniform-Mean-GRUseed,0.0
661,Uniform-Mean-GRUseed,0.0
662,Uniform-Mean-GRUseed,0.0
663,Uniform-Mean-GRUseed,0.0
664,Uniform-Mean-GRUseed,0.0
665,Uniform-Mean-GRUseed,0.0
666,Uniform-Mean-GRUseed,0.0
667,Uniform-Mean-GRUseed,0.0
668,Uniform-Mean-GRUseed,0.2215992526779189
669,Uniform-Mean-GRUseed,0.0
670,Uniform-Mean-GRUseed,0.0
671,Uniform-Mean-GRUseed,0.7865766289855287
672,Uniform-Mean-GRUseed,4.348339650482558
673,Uniform-Mean-GRUseed,0.0
674,Uniform-Mean-GRUseed,0.0
675,Uniform-Mean-GRUseed,0.0
676,Uniform-Mean-GRUseed,0.569129658324016
677,Uniform-Mean-GRUseed,3.098832981552505
678,Uniform-Mean-GRUseed,0.0
679,Uniform-Mean-GRUseed,9.536015567820328
680,Uniform-Mean-GRUseed,0.0
681,Uniform-Mean-GRUseed,0.0
682,Uniform-Mean-GRUseed,0.0
683,Uniform-Mean-GRUseed,0.0
684,Uniform-Mean-GRUseed,12.331315783272942
685,Uniform-Mean-GRUseed,0.0
686,Uniform-Mean-GRUseed,0.0
687,Uniform-Mean-GRUseed,0.0
688,Uniform-Mean-GRUseed,0.0
689,Uniform-Mean-GRUseed,20.593443623003708
690,Uniform-Mean-GRUseed,0.0
691,Uniform-Mean-GRUseed,0.0
692,Uniform-Mean-GRUseed,0.0
693,Uniform-Mean-GRUseed,0.0
694,Uniform-Mean-GRUseed,4.427026551863236
695,Uniform-Mean-GRUseed,0.0
696,Uniform-Mean-GRUseed,0.0
697,Uniform-Mean-GRUseed,0.0
698,Uniform-Mean-GRUseed,2.974329799540783
699,Uniform-Mean-GRUseed,0.0
700,Uniform-Mean-GRUseed,0.0
701,Uniform-Mean-GRUseed,15.016703685079989
702,Uniform-Mean-GRUseed,5.313567137083226
703,Uniform-Mean-GRUseed,1.936699878877647
704,Uniform-Mean-GRUseed,0.0
705,Uniform-Mean-GRUseed,5.042303071774768
706,Uniform-Mean-GRUseed,0.0
707,Uniform-Mean-GRUseed,0.0
708,Uniform-Mean-GRUseed,0.0
709,Uniform-Mean-GRUseed,8.570839988628308
710,Uniform-Mean-GRUseed,0.0
711,Uniform-Mean-GRUseed,0.0
712,Uniform-Mean-GRUseed,0.0
713,Uniform-Mean-GRUseed,0.0
714,Uniform-Mean-GRUseed,1.557418454407383
715,Uniform-Mean-GRUseed,31.716542736805735
716,Uniform-Mean-GRUseed,26.180558934130232
717,Uniform-Mean-GRUseed,4.379269252093621
718,Uniform-Mean-GRUseed,0.0
719,Uniform-Mean-GRUseed,1.8193730338637693
720,Uniform-Mean-GRUseed,1.4616248283556388
721,Uniform-Mean-GRUseed,0.0
722,Uniform-Mean-GRUseed,3.140814573069349
723,Uniform-Mean-GRUseed,0.0
724,Uniform-Mean-GRUseed,10.79060490557248
725,Uniform-Mean-GRUseed,0.0
726,Uniform-Mean-GRUseed,0.0
727,Uniform-Mean-GRUseed,0.0
728,Uniform-Mean-GRUseed,0.0
729,Uniform-Mean-GRUseed,1.0083823498403888
730,Uniform-Mean-GRUseed,0.0
731,Uniform-Mean-GRUseed,0.0
732,Uniform-Mean-GRUseed,0.0
733,Uniform-Mean-GRUseed,0.0
734,Uniform-Mean-GRUseed,0.0
735,Uniform-Mean-GRUseed,0.0
736,Uniform-Mean-GRUseed,0.0
737,Uniform-Mean-GRUseed,6.093846977269067
738,Uniform-Mean-GRUseed,0.0
739,Uniform-Mean-GRUseed,0.0
740,Uniform-Mean-GRUseed,0.0
741,Uniform-Mean-GRUseed,0.0
742,Uniform-Mean-GRUseed,0.0
743,Uniform-Mean-GRUseed,0.7374739852412233
744,Uniform-Mean-GRUseed,0.855977549008287
745,Uniform-Mean-GRUseed,0.0
746,Uniform-Mean-GRUseed,0.0
747,Uniform-Mean-GRUseed,0.0
748,Uniform-Mean-GRUseed,0.0
749,Uniform-Mean-GRUseed,3.236734374453107
750,Uniform-Mean-GRUseed,0.14547622984269992
751,Uniform-Mean-GRUseed,0.676513838978849
752,Uniform-Mean-GRUseed,0.0
753,Uniform-Mean-GRUseed,0.0
754,Uniform-Mean-GRUseed,1.5547482695442056
755,Uniform-Mean-GRUseed,0.0
756,Uniform-Mean-GRUseed,0.0
757,Uniform-Mean-GRUseed,0.0
758,Uniform-Mean-GRUseed,1.4189733508931681
759,Uniform-Mean-GRUseed,0.0
760,Uniform-Mean-GRUseed,0.0
761,Uniform-Mean-GRUseed,0.0
762,Uniform-Mean-GRUseed,0.0
763,Uniform-Mean-GRUseed,0.0
764,Uniform-Mean-GRUseed,0.0
765,Uniform-Mean-GRUseed,0.0
766,Uniform-Mean-GRUseed,0.0
767,Uniform-Mean-GRUseed,0.0
768,Uniform-Mean-GRUseed,0.0
769,Uniform-Mean-GRUseed,4.748414988289795
770,Uniform-Mean-GRUseed,0.0
771,Uniform-Mean-GRUseed,0.0
772,Uniform-Mean-GRUseed,0.0
773,Uniform-Mean-GRUseed,4.221312289373259
774,Uniform-Mean-GRUseed,0.0
775,Uniform-Mean-GRUseed,0.0
776,Uniform-Mean-GRUseed,0.0
777,Uniform-Mean-GRUseed,1.0064925272377536
778,Uniform-Mean-GRUseed,0.0
779,Uniform-Mean-GRUseed,2.553755941960077
780,Uniform-Mean-GRUseed,1.480002253968621
781,Uniform-Mean-GRUseed,0.0
782,Uniform-Mean-GRUseed,0.0
783,Uniform-Mean-GRUseed,0.0
784,Uniform-Mean-GRUseed,4.798753197232344
785,Uniform-Mean-GRUseed,9.499437827487753
786,Uniform-Mean-GRUseed,0.5257855334324972
787,Uniform-Mean-GRUseed,0.0
788,Uniform-Mean-GRUseed,0.0
789,Uniform-Mean-GRUseed,48.706553602530136
790,Uniform-Mean-GRUseed,0.0
791,Uniform-Mean-GRUseed,2.572348052508829
792,Uniform-Mean-GRUseed,0.0
793,Uniform-Mean-GRUseed,6.236034987674259
794,Uniform-Mean-GRUseed,3.2543601130639956
795,Uniform-Mean-GRUseed,0.0
796,Uniform-Mean-GRUseed,0.0
797,Uniform-Mean-GRUseed,5.199084702321045
798,Uniform-Mean-GRUseed,0.0
799,Uniform-Mean-GRUseed,9.521435990700382
800,Uniform-Mean-GRUseed,7.663952229982243
801,Uniform-Mean-GRUseed,6.99640702386003
802,Uniform-Mean-GRUseed,0.0
803,Uniform-Mean-GRUseed,2.601526396207305
804,Uniform-Mean-GRUseed,5.002519492292208
805,Uniform-Mean-GRUseed,0.7723857929456699
806,Uniform-Mean-GRUseed,7.7050593464309145
807,Uniform-Mean-GRUseed,0.0
808,Uniform-Mean-GRUseed,0.0
809,Uniform-Mean-GRUseed,8.964201458319451
810,Uniform-Mean-GRUseed,0.0
811,Uniform-Mean-GRUseed,0.0
812,Uniform-Mean-GRUseed,23.522687982290392
813,Uniform-Mean-GRUseed,0.0
814,Uniform-Mean-GRUseed,5.1174197197740625
815,Uniform-Mean-GRUseed,26.56329901830489
816,Uniform-Mean-GRUseed,0.0
817,Uniform-Mean-GRUseed,0.0
818,Uniform-Mean-GRUseed,49.146435869213406
819,Uniform-Mean-GRUseed,1.2040845960553952
820,Uniform-Mean-GRUseed,5.768515938873804
821,Uniform-Mean-GRUseed,0.0
822,Uniform-Mean-GRUseed,0.0
823,Uniform-Mean-GRUseed,4.099447607837959
824,Uniform-Mean-GRUseed,0.0
825,Uniform-Mean-GRUseed,0.0
826,Uniform-Mean-GRUseed,0.0
827,Uniform-Mean-GRUseed,7.153134895446243
828,Uniform-Mean-GRUseed,0.0
829,Uniform-Mean-GRUseed,2.6634522867679493
830,Uniform-Mean-GRUseed,0.0
831,Uniform-Mean-GRUseed,3.3509565834331454
832,Uniform-Mean-GRUseed,5.35341751017674
833,Uniform-Mean-GRUseed,0.0
834,Uniform-Mean-GRUseed,0.0
835,Uniform-Mean-GRUseed,0.0
836,Uniform-Mean-GRUseed,0.9868794764584266
837,Uniform-Mean-GRUseed,0.0
838,Uniform-Mean-GRUseed,33.38676982476301
839,Uniform-Mean-GRUseed,0.0
840,Uniform-Mean-GRUseed,0.0
841,Uniform-Mean-GRUseed,0.0
842,Uniform-Mean-GRUseed,0.0
843,Uniform-Mean-GRUseed,0.0
844,Uniform-Mean-GRUseed,0.0
845,Uniform-Mean-GRUseed,0.0
846,Uniform-Mean-GRUseed,0.0
847,Uniform-Mean-GRUseed,5.845613182876065
848,Uniform-Mean-GRUseed,0.09920144167534772
849,Uniform-Mean-GRUseed,0.0
850,Uniform-Mean-GRUseed,0.0
851,Uniform-Mean-GRUseed,0.0
852,Uniform-Mean-GRUseed,0.0
853,Uniform-Mean-GRUseed,7.951284287846022
854,Uniform-Mean-GRUseed,0.0
855,Uniform-Mean-GRUseed,0.0
856,Uniform-Mean-GRUseed,0.0
857,Uniform-Mean-GRUseed,0.0
858,Uniform-Mean-GRUseed,0.0
859,Uniform-Mean-GRUseed,0.0
860,Uniform-Mean-GRUseed,5.163145063952925
861,Uniform-Mean-GRUseed,0.0
862,Uniform-Mean-GRUseed,0.0
863,Uniform-Mean-GRUseed,0.0
864,Uniform-Mean-GRUseed,0.0
865,Uniform-Mean-GRUseed,0.0
866,Uniform-Mean-GRUseed,5.098245409622052
867,Uniform-Mean-GRUseed,0.0
868,Uniform-Mean-GRUseed,0.0
869,Uniform-Mean-GRUseed,14.843257083345009
870,Uniform-Mean-GRUseed,5.074787894679503
871,Uniform-Mean-GRUseed,6.174884026682065
872,Uniform-Mean-GRUseed,1.8990700588830691
873,Uniform-Mean-GRUseed,0.0
874,Uniform-Mean-GRUseed,6.7224256882769
875,Uniform-Mean-GRUseed,0.6350408982809199
876,Uniform-Mean-GRUseed,0.0
877,Uniform-Mean-GRUseed,0.0
878,Uniform-Mean-GRUseed,0.0
879,Uniform-Mean-GRUseed,25.821410252597815
880,Uniform-Mean-GRUseed,0.5895424134061216
881,Uniform-Mean-GRUseed,0.0
882,Uniform-Mean-GRUseed,0.0
883,Uniform-Mean-GRUseed,0.0
884,Uniform-Mean-GRUseed,0.0
885,Uniform-Mean-GRUseed,0.0
886,Uniform-Mean-GRUseed,0.0
887,Uniform-Mean-GRUseed,0.0
888,Uniform-Mean-GRUseed,10.838457095268723
889,Uniform-Mean-GRUseed,0.0
890,Uniform-Mean-GRUseed,0.0
891,Uniform-Mean-GRUseed,54.8943419319036
892,Uniform-Mean-GRUseed,0.0
893,Uniform-Mean-GRUseed,3.1003392268638663
894,Uniform-Mean-GRUseed,0.0
895,Uniform-Mean-GRUseed,1.1596494584331367
896,Uniform-Mean-GRUseed,0.0
897,Uniform-Mean-GRUseed,0.0
898,Uniform-Mean-GRUseed,5.3387787815428
899,Uniform-Mean-GRUseed,0.0
900,Uniform-Mean-GRUseed,0.0
901,Uniform-Mean-GRUseed,0.0
902,Uniform-Mean-GRUseed,3.899072983284583
903,Uniform-Mean-GRUseed,0.6700240666986019
904,Uniform-Mean-GRUseed,0.0
905,Uniform-Mean-GRUseed,0.0
906,Uniform-Mean-GRUseed,0.0
907,Uniform-Mean-GRUseed,0.0
908,Uniform-Mean-GRUseed,0.0
909,Uniform-Mean-GRUseed,0.0
910,Uniform-Mean-GRUseed,0.0
911,Uniform-Mean-GRUseed,0.0
912,Uniform-Mean-GRUseed,0.6136246683676916
913,Uniform-Mean-GRUseed,0.0
914,Uniform-Mean-GRUseed,0.0
915,Uniform-Mean-GRUseed,44.816628935690545
916,Uniform-Mean-GRUseed,0.0
917,Uniform-Mean-GRUseed,0.0
918,Uniform-Mean-GRUseed,0.911676022900366
919,Uniform-Mean-GRUseed,2.7876542586052437
920,Uniform-Mean-GRUseed,80.32953389349643
921,Uniform-Mean-GRUseed,0.0
922,Uniform-Mean-GRUseed,0.0
923,Uniform-Mean-GRUseed,7.452926088551976
924,Uniform-Mean-GRUseed,0.0
925,Uniform-Mean-GRUseed,0.08283409289694532
926,Uniform-Mean-GRUseed,0.0
927,Uniform-Mean-GRUseed,0.0
928,Uniform-Mean-GRUseed,10.740639499707243
929,Uniform-Mean-GRUseed,0.0
930,Uniform-Mean-GRUseed,0.0
931,Uniform-Mean-GRUseed,12.167030220537129
932,Uniform-Mean-GRUseed,0.0
933,Uniform-Mean-GRUseed,0.0
934,Uniform-Mean-GRUseed,0.0
935,Uniform-Mean-GRUseed,4.20173889492915
936,Uniform-Mean-GRUseed,2.380432768399345
937,Uniform-Mean-GRUseed,11.66512592094469
938,Uniform-Mean-GRUseed,0.0
939,Uniform-Mean-GRUseed,0.0
940,Uniform-Mean-GRUseed,0.0
941,Uniform-Mean-GRUseed,0.0
942,Uniform-Mean-GRUseed,1.7046019753076393
943,Uniform-Mean-GRUseed,4.775874744365893
944,Uniform-Mean-GRUseed,10.43002337101359
945,Uniform-Mean-GRUseed,0.0
946,Uniform-Mean-GRUseed,0.0
947,Uniform-Mean-GRUseed,0.0
948,Uniform-Mean-GRUseed,2.2373184321451447
949,Uniform-Mean-GRUseed,0.0
950,Uniform-Mean-GRUseed,0.0
951,Uniform-Mean-GRUseed,8.85673380225029
952,Uniform-Mean-GRUseed,1.5484102970333709
953,Uniform-Mean-GRUseed,12.318058270486858
954,Uniform-Mean-GRUseed,0.0
955,Uniform-Mean-GRUseed,0.5949142084845391
956,Uniform-Mean-GRUseed,0.0
957,Uniform-Mean-GRUseed,6.9660877547692905
958,Uniform-Mean-GRUseed,6.257152377103523
959,Uniform-Mean-GRUseed,0.0
960,Uniform-Mean-GRUseed,0.0
961,Uniform-Mean-GRUseed,0.0
962,Uniform-Mean-GRUseed,0.0
963,Uniform-Mean-GRUseed,4.547253501521027
964,Uniform-Mean-GRUseed,0.0
965,Uniform-Mean-GRUseed,0.0
966,Uniform-Mean-GRUseed,0.7396728011391929
967,Uniform-Mean-GRUseed,0.0
968,Uniform-Mean-GRUseed,1.7520657897542264
969,Uniform-Mean-GRUseed,0.0
970,Uniform-Mean-GRUseed,0.0
971,Uniform-Mean-GRUseed,11.38685446313616
972,Uniform-Mean-GRUseed,0.7942560167915644
973,Uniform-Mean-GRUseed,3.6483472221293027
974,Uniform-Mean-GRUseed,0.0
975,Uniform-Mean-GRUseed,0.0
976,Uniform-Mean-GRUseed,2.875720812824568
977,Uniform-Mean-GRUseed,0.0
978,Uniform-Mean-GRUseed,0.0
979,Uniform-Mean-GRUseed,8.781394333736074
980,Uniform-Mean-GRUseed,2.3164897880907347
981,Uniform-Mean-GRUseed,0.0
982,Uniform-Mean-GRUseed,0.0
983,Uniform-Mean-GRUseed,3.569871265023181
984,Uniform-Mean-GRUseed,10.941132122460061
985,Uniform-Mean-GRUseed,0.0
986,Uniform-Mean-GRUseed,0.0
987,Uniform-Mean-GRUseed,5.792175978278408
988,Uniform-Mean-GRUseed,106.6722720253513
989,Uniform-Mean-GRUseed,0.5155741794883966
990,Uniform-Mean-GRUseed,0.0
991,Uniform-Mean-GRUseed,5.942274524050731
992,Uniform-Mean-GRUseed,0.0
993,Uniform-Mean-GRUseed,0.0
994,Uniform-Mean-GRUseed,0.0
995,Uniform-Mean-GRUseed,0.0
996,Uniform-Mean-GRUseed,2.1961206334539156
997,Uniform-Mean-GRUseed,0.0
998,Uniform-Mean-GRUseed,0.0
999,Uniform-Mean-GRUseed,0.0
0,Uniform-CVaR-GRUseed,0.0
1,Uniform-CVaR-GRUseed,2.626790395046271
2,Uniform-CVaR-GRUseed,2.8840963936190747
3,Uniform-CVaR-GRUseed,7.022003331760516
4,Uniform-CVaR-GRUseed,0.0
5,Uniform-CVaR-GRUseed,0.0
6,Uniform-CVaR-GRUseed,0.08028980065353153
7,Uniform-CVaR-GRUseed,0.3200072046761875
8,Uniform-CVaR-GRUseed,0.14606323153969925
9,Uniform-CVaR-GRUseed,0.0
10,Uniform-CVaR-GRUseed,0.0
11,Uniform-CVaR-GRUseed,0.0
12,Uniform-CVaR-GRUseed,0.0
13,Uniform-CVaR-GRUseed,0.0
14,Uniform-CVaR-GRUseed,0.0
15,Uniform-CVaR-GRUseed,0.26528123732515496
16,Uniform-CVaR-GRUseed,0.0
17,Uniform-CVaR-GRUseed,0.0
18,Uniform-CVaR-GRUseed,0.0
19,Uniform-CVaR-GRUseed,0.0
20,Uniform-CVaR-GRUseed,0.0
21,Uniform-CVaR-GRUseed,0.0
22,Uniform-CVaR-GRUseed,2.939651673545626
23,Uniform-CVaR-GRUseed,0.11050367508033787
24,Uniform-CVaR-GRUseed,0.0
25,Uniform-CVaR-GRUseed,0.7525818299802722
26,Uniform-CVaR-GRUseed,0.3581614216607818
27,Uniform-CVaR-GRUseed,0.0
28,Uniform-CVaR-GRUseed,0.7197374452432541
29,Uniform-CVaR-GRUseed,0.0
30,Uniform-CVaR-GRUseed,0.0
31,Uniform-CVaR-GRUseed,0.0
32,Uniform-CVaR-GRUseed,0.7666901716108896
33,Uniform-CVaR-GRUseed,0.38736482084681256
34,Uniform-CVaR-GRUseed,0.30833887016024164
35,Uniform-CVaR-GRUseed,2.3755066303801584
36,Uniform-CVaR-GRUseed,0.0
37,Uniform-CVaR-GRUseed,0.0
38,Uniform-CVaR-GRUseed,0.0
39,Uniform-CVaR-GRUseed,4.282081759751691
40,Uniform-CVaR-GRUseed,0.8119515551206291
41,Uniform-CVaR-GRUseed,0.0
42,Uniform-CVaR-GRUseed,0.7902388611564675
43,Uniform-CVaR-GRUseed,0.0
44,Uniform-CVaR-GRUseed,0.0
45,Uniform-CVaR-GRUseed,0.0
46,Uniform-CVaR-GRUseed,0.0
47,Uniform-CVaR-GRUseed,0.0
48,Uniform-CVaR-GRUseed,0.0
49,Uniform-CVaR-GRUseed,5.926053167757971
50,Uniform-CVaR-GRUseed,0.0
51,Uniform-CVaR-GRUseed,0.0
52,Uniform-CVaR-GRUseed,1.5872024928460746
53,Uniform-CVaR-GRUseed,0.0
54,Uniform-CVaR-GRUseed,0.0
55,Uniform-CVaR-GRUseed,0.18779748880734815
56,Uniform-CVaR-GRUseed,0.0
57,Uniform-CVaR-GRUseed,4.205921420166902
58,Uniform-CVaR-GRUseed,7.158821262478739
59,Uniform-CVaR-GRUseed,1.0539862621000111
60,Uniform-CVaR-GRUseed,0.0
61,Uniform-CVaR-GRUseed,0.0
62,Uniform-CVaR-GRUseed,0.0
63,Uniform-CVaR-GRUseed,0.7539997905777227
64,Uniform-CVaR-GRUseed,0.0
65,Uniform-CVaR-GRUseed,0.0
66,Uniform-CVaR-GRUseed,0.0
67,Uniform-CVaR-GRUseed,3.923281043300392
68,Uniform-CVaR-GRUseed,0.0
69,Uniform-CVaR-GRUseed,0.2532759569070322
70,Uniform-CVaR-GRUseed,0.0
71,Uniform-CVaR-GRUseed,0.0
72,Uniform-CVaR-GRUseed,2.1663929870062475
73,Uniform-CVaR-GRUseed,0.0
74,Uniform-CVaR-GRUseed,0.0
75,Uniform-CVaR-GRUseed,0.0
76,Uniform-CVaR-GRUseed,0.0
77,Uniform-CVaR-GRUseed,0.0
78,Uniform-CVaR-GRUseed,0.0
79,Uniform-CVaR-GRUseed,0.0
80,Uniform-CVaR-GRUseed,0.0
81,Uniform-CVaR-GRUseed,0.0
82,Uniform-CVaR-GRUseed,0.0
83,Uniform-CVaR-GRUseed,0.0
84,Uniform-CVaR-GRUseed,0.6603745479808936
85,Uniform-CVaR-GRUseed,0.0
86,Uniform-CVaR-GRUseed,0.0
87,Uniform-CVaR-GRUseed,0.0
88,Uniform-CVaR-GRUseed,0.0
89,Uniform-CVaR-GRUseed,0.0
90,Uniform-CVaR-GRUseed,0.0
91,Uniform-CVaR-GRUseed,0.0
92,Uniform-CVaR-GRUseed,0.0
93,Uniform-CVaR-GRUseed,4.099334383377652
94,Uniform-CVaR-GRUseed,5.493994707286674
95,Uniform-CVaR-GRUseed,4.958310865233557
96,Uniform-CVaR-GRUseed,0.5350827967757255
97,Uniform-CVaR-GRUseed,3.579247233973774
98,Uniform-CVaR-GRUseed,1.8230393406003316
99,Uniform-CVaR-GRUseed,2.2454535831076328
100,Uniform-CVaR-GRUseed,11.780918415679025
101,Uniform-CVaR-GRUseed,0.0
102,Uniform-CVaR-GRUseed,3.2366330951308555
103,Uniform-CVaR-GRUseed,0.0
104,Uniform-CVaR-GRUseed,13.08078012818811
105,Uniform-CVaR-GRUseed,0.0
106,Uniform-CVaR-GRUseed,0.0
107,Uniform-CVaR-GRUseed,0.10918938454329918
108,Uniform-CVaR-GRUseed,4.945292270230368
109,Uniform-CVaR-GRUseed,0.0
110,Uniform-CVaR-GRUseed,0.06438866618856309
111,Uniform-CVaR-GRUseed,0.0
112,Uniform-CVaR-GRUseed,0.0
113,Uniform-CVaR-GRUseed,2.795873432676558
114,Uniform-CVaR-GRUseed,0.0
115,Uniform-CVaR-GRUseed,0.0
116,Uniform-CVaR-GRUseed,0.0
117,Uniform-CVaR-GRUseed,0.0
118,Uniform-CVaR-GRUseed,0.0
119,Uniform-CVaR-GRUseed,0.0
120,Uniform-CVaR-GRUseed,4.653108629554936
121,Uniform-CVaR-GRUseed,1.6246501581137522
122,Uniform-CVaR-GRUseed,0.12626331804057145
123,Uniform-CVaR-GRUseed,0.0
124,Uniform-CVaR-GRUseed,2.6086469816798967
125,Uniform-CVaR-GRUseed,0.0
126,Uniform-CVaR-GRUseed,0.0
127,Uniform-CVaR-GRUseed,0.0
128,Uniform-CVaR-GRUseed,1.0651820787305724
129,Uniform-CVaR-GRUseed,5.4354498922551215
130,Uniform-CVaR-GRUseed,0.29499127245838963
131,Uniform-CVaR-GRUseed,0.0
132,Uniform-CVaR-GRUseed,0.0
133,Uniform-CVaR-GRUseed,3.898367844207826
134,Uniform-CVaR-GRUseed,0.20899198423461485
135,Uniform-CVaR-GRUseed,2.629173814169633
136,Uniform-CVaR-GRUseed,0.0
137,Uniform-CVaR-GRUseed,0.16044545523334364
138,Uniform-CVaR-GRUseed,0.0
139,Uniform-CVaR-GRUseed,0.0
140,Uniform-CVaR-GRUseed,0.0
141,Uniform-CVaR-GRUseed,0.0
142,Uniform-CVaR-GRUseed,2.6884796529082564
143,Uniform-CVaR-GRUseed,0.0
144,Uniform-CVaR-GRUseed,0.0
145,Uniform-CVaR-GRUseed,0.0
146,Uniform-CVaR-GRUseed,0.0
147,Uniform-CVaR-GRUseed,0.6016207389070019
148,Uniform-CVaR-GRUseed,0.0
149,Uniform-CVaR-GRUseed,0.0
150,Uniform-CVaR-GRUseed,1.2505760674448538
151,Uniform-CVaR-GRUseed,0.0
152,Uniform-CVaR-GRUseed,0.0
153,Uniform-CVaR-GRUseed,0.0
154,Uniform-CVaR-GRUseed,0.0
155,Uniform-CVaR-GRUseed,0.0
156,Uniform-CVaR-GRUseed,0.0
157,Uniform-CVaR-GRUseed,2.7584784598687406
158,Uniform-CVaR-GRUseed,2.247855387029176
159,Uniform-CVaR-GRUseed,0.0
160,Uniform-CVaR-GRUseed,0.0
161,Uniform-CVaR-GRUseed,0.0
162,Uniform-CVaR-GRUseed,0.0
163,Uniform-CVaR-GRUseed,0.0
164,Uniform-CVaR-GRUseed,0.0
165,Uniform-CVaR-GRUseed,0.07615561495771317
166,Uniform-CVaR-GRUseed,0.0
167,Uniform-CVaR-GRUseed,0.0
168,Uniform-CVaR-GRUseed,0.22604549175798638
169,Uniform-CVaR-GRUseed,0.0
170,Uniform-CVaR-GRUseed,0.0
171,Uniform-CVaR-GRUseed,0.0
172,Uniform-CVaR-GRUseed,1.5728014543885251
173,Uniform-CVaR-GRUseed,0.0
174,Uniform-CVaR-GRUseed,0.0
175,Uniform-CVaR-GRUseed,0.0
176,Uniform-CVaR-GRUseed,4.297704532688783
177,Uniform-CVaR-GRUseed,0.0
178,Uniform-CVaR-GRUseed,0.0
179,Uniform-CVaR-GRUseed,1.5268458088125954
180,Uniform-CVaR-GRUseed,0.0
181,Uniform-CVaR-GRUseed,0.0
182,Uniform-CVaR-GRUseed,3.738241574494623
183,Uniform-CVaR-GRUseed,0.0
184,Uniform-CVaR-GRUseed,0.0
185,Uniform-CVaR-GRUseed,0.0
186,Uniform-CVaR-GRUseed,0.0
187,Uniform-CVaR-GRUseed,0.0
188,Uniform-CVaR-GRUseed,0.0
189,Uniform-CVaR-GRUseed,0.0
190,Uniform-CVaR-GRUseed,0.0
191,Uniform-CVaR-GRUseed,0.49944773762888417
192,Uniform-CVaR-GRUseed,0.0
193,Uniform-CVaR-GRUseed,8.520483812183215
194,Uniform-CVaR-GRUseed,0.0
195,Uniform-CVaR-GRUseed,0.0
196,Uniform-CVaR-GRUseed,3.381491534331758
197,Uniform-CVaR-GRUseed,3.005037052657883
198,Uniform-CVaR-GRUseed,2.046125242368362
199,Uniform-CVaR-GRUseed,0.0
200,Uniform-CVaR-GRUseed,0.0
201,Uniform-CVaR-GRUseed,0.190935634657194
202,Uniform-CVaR-GRUseed,0.0
203,Uniform-CVaR-GRUseed,0.0
204,Uniform-CVaR-GRUseed,2.6224999501219486
205,Uniform-CVaR-GRUseed,1.8114958054473504
206,Uniform-CVaR-GRUseed,0.0
207,Uniform-CVaR-GRUseed,2.4876967619701986
208,Uniform-CVaR-GRUseed,0.0
209,Uniform-CVaR-GRUseed,0.0
210,Uniform-CVaR-GRUseed,0.16982144060000337
211,Uniform-CVaR-GRUseed,0.0
212,Uniform-CVaR-GRUseed,0.0
213,Uniform-CVaR-GRUseed,0.0
214,Uniform-CVaR-GRUseed,0.0
215,Uniform-CVaR-GRUseed,1.7753558164468473
216,Uniform-CVaR-GRUseed,0.4585763256610562
217,Uniform-CVaR-GRUseed,0.0
218,Uniform-CVaR-GRUseed,0.0
219,Uniform-CVaR-GRUseed,0.0
220,Uniform-CVaR-GRUseed,0.0
221,Uniform-CVaR-GRUseed,0.0
222,Uniform-CVaR-GRUseed,0.0
223,Uniform-CVaR-GRUseed,0.0
224,Uniform-CVaR-GRUseed,1.2668111472170835
225,Uniform-CVaR-GRUseed,0.0
226,Uniform-CVaR-GRUseed,0.0
227,Uniform-CVaR-GRUseed,4.1581995139079595
228,Uniform-CVaR-GRUseed,0.8844476539435391
229,Uniform-CVaR-GRUseed,0.0
230,Uniform-CVaR-GRUseed,0.0
231,Uniform-CVaR-GRUseed,0.0
232,Uniform-CVaR-GRUseed,0.0
233,Uniform-CVaR-GRUseed,0.0
234,Uniform-CVaR-GRUseed,0.0
235,Uniform-CVaR-GRUseed,0.0
236,Uniform-CVaR-GRUseed,0.6358122073763184
237,Uniform-CVaR-GRUseed,0.0
238,Uniform-CVaR-GRUseed,0.0
239,Uniform-CVaR-GRUseed,0.0
240,Uniform-CVaR-GRUseed,0.02317268543777118
241,Uniform-CVaR-GRUseed,0.0
242,Uniform-CVaR-GRUseed,0.0
243,Uniform-CVaR-GRUseed,0.0
244,Uniform-CVaR-GRUseed,0.0
245,Uniform-CVaR-GRUseed,0.8604300035483448
246,Uniform-CVaR-GRUseed,0.0
247,Uniform-CVaR-GRUseed,0.4483979778771072
248,Uniform-CVaR-GRUseed,0.0
249,Uniform-CVaR-GRUseed,9.361986518527715
250,Uniform-CVaR-GRUseed,1.9585357478424612
251,Uniform-CVaR-GRUseed,0.7084158618710319
252,Uniform-CVaR-GRUseed,0.0
253,Uniform-CVaR-GRUseed,0.0
254,Uniform-CVaR-GRUseed,0.0
255,Uniform-CVaR-GRUseed,0.0
256,Uniform-CVaR-GRUseed,0.027218671074706435
257,Uniform-CVaR-GRUseed,0.0
258,Uniform-CVaR-GRUseed,0.0
259,Uniform-CVaR-GRUseed,0.0
260,Uniform-CVaR-GRUseed,0.0
261,Uniform-CVaR-GRUseed,0.0
262,Uniform-CVaR-GRUseed,0.21254997270841613
263,Uniform-CVaR-GRUseed,0.0
264,Uniform-CVaR-GRUseed,0.0
265,Uniform-CVaR-GRUseed,0.0
266,Uniform-CVaR-GRUseed,0.0
267,Uniform-CVaR-GRUseed,0.0
268,Uniform-CVaR-GRUseed,0.0
269,Uniform-CVaR-GRUseed,0.0
270,Uniform-CVaR-GRUseed,3.280078477315783
271,Uniform-CVaR-GRUseed,0.0
272,Uniform-CVaR-GRUseed,1.22846571689729
273,Uniform-CVaR-GRUseed,0.0
274,Uniform-CVaR-GRUseed,0.1879800651156529
275,Uniform-CVaR-GRUseed,0.5039701286008835
276,Uniform-CVaR-GRUseed,0.0
277,Uniform-CVaR-GRUseed,0.0
278,Uniform-CVaR-GRUseed,0.0
279,Uniform-CVaR-GRUseed,3.2287898806939666
280,Uniform-CVaR-GRUseed,0.0
281,Uniform-CVaR-GRUseed,0.0
282,Uniform-CVaR-GRUseed,0.0
283,Uniform-CVaR-GRUseed,0.0
284,Uniform-CVaR-GRUseed,22.380854867116
285,Uniform-CVaR-GRUseed,0.0
286,Uniform-CVaR-GRUseed,0.0
287,Uniform-CVaR-GRUseed,0.0
288,Uniform-CVaR-GRUseed,0.5677757881692287
289,Uniform-CVaR-GRUseed,0.4274517569577938
290,Uniform-CVaR-GRUseed,0.3192078741943192
291,Uniform-CVaR-GRUseed,0.0
292,Uniform-CVaR-GRUseed,0.0
293,Uniform-CVaR-GRUseed,0.0
294,Uniform-CVaR-GRUseed,0.0
295,Uniform-CVaR-GRUseed,0.0
296,Uniform-CVaR-GRUseed,0.0
297,Uniform-CVaR-GRUseed,0.0
298,Uniform-CVaR-GRUseed,3.8450387673661908
299,Uniform-CVaR-GRUseed,0.0
300,Uniform-CVaR-GRUseed,0.36924372020229157
301,Uniform-CVaR-GRUseed,0.0
302,Uniform-CVaR-GRUseed,4.981181268733906
303,Uniform-CVaR-GRUseed,5.537658925050721
304,Uniform-CVaR-GRUseed,0.38572144959272237
305,Uniform-CVaR-GRUseed,0.0
306,Uniform-CVaR-GRUseed,0.0
307,Uniform-CVaR-GRUseed,0.0
308,Uniform-CVaR-GRUseed,0.0
309,Uniform-CVaR-GRUseed,0.3039736255976777
310,Uniform-CVaR-GRUseed,1.2394785025551869
311,Uniform-CVaR-GRUseed,3.5703290134371173
312,Uniform-CVaR-GRUseed,1.6358455313932438
313,Uniform-CVaR-GRUseed,0.0
314,Uniform-CVaR-GRUseed,0.0
315,Uniform-CVaR-GRUseed,0.12168118376098391
316,Uniform-CVaR-GRUseed,0.0
317,Uniform-CVaR-GRUseed,0.0
318,Uniform-CVaR-GRUseed,0.0
319,Uniform-CVaR-GRUseed,1.213929525716594
320,Uniform-CVaR-GRUseed,0.0
321,Uniform-CVaR-GRUseed,0.0
322,Uniform-CVaR-GRUseed,0.0
323,Uniform-CVaR-GRUseed,0.0
324,Uniform-CVaR-GRUseed,0.0
325,Uniform-CVaR-GRUseed,0.0
326,Uniform-CVaR-GRUseed,0.0
327,Uniform-CVaR-GRUseed,0.0
328,Uniform-CVaR-GRUseed,0.0
329,Uniform-CVaR-GRUseed,0.0
330,Uniform-CVaR-GRUseed,0.0
331,Uniform-CVaR-GRUseed,0.0
332,Uniform-CVaR-GRUseed,0.0
333,Uniform-CVaR-GRUseed,0.0
334,Uniform-CVaR-GRUseed,0.0
335,Uniform-CVaR-GRUseed,0.926873710890959
336,Uniform-CVaR-GRUseed,0.0
337,Uniform-CVaR-GRUseed,0.0
338,Uniform-CVaR-GRUseed,0.3445874610392252
339,Uniform-CVaR-GRUseed,0.0
340,Uniform-CVaR-GRUseed,0.0
341,Uniform-CVaR-GRUseed,0.0
342,Uniform-CVaR-GRUseed,0.16027263969073147
343,Uniform-CVaR-GRUseed,14.699731712476876
344,Uniform-CVaR-GRUseed,0.0
345,Uniform-CVaR-GRUseed,0.0
346,Uniform-CVaR-GRUseed,0.0
347,Uniform-CVaR-GRUseed,0.0
348,Uniform-CVaR-GRUseed,2.8682433503915377
349,Uniform-CVaR-GRUseed,0.0
350,Uniform-CVaR-GRUseed,4.076443342672633
351,Uniform-CVaR-GRUseed,0.0
352,Uniform-CVaR-GRUseed,0.0
353,Uniform-CVaR-GRUseed,0.5732296445942211
354,Uniform-CVaR-GRUseed,0.5129022440924587
355,Uniform-CVaR-GRUseed,0.0
356,Uniform-CVaR-GRUseed,0.0
357,Uniform-CVaR-GRUseed,0.0
358,Uniform-CVaR-GRUseed,0.0
359,Uniform-CVaR-GRUseed,0.0
360,Uniform-CVaR-GRUseed,0.2811666366254144
361,Uniform-CVaR-GRUseed,0.0
362,Uniform-CVaR-GRUseed,3.743125989780708
363,Uniform-CVaR-GRUseed,0.0
364,Uniform-CVaR-GRUseed,0.0
365,Uniform-CVaR-GRUseed,0.0
366,Uniform-CVaR-GRUseed,0.0
367,Uniform-CVaR-GRUseed,0.0
368,Uniform-CVaR-GRUseed,0.0
369,Uniform-CVaR-GRUseed,0.0
370,Uniform-CVaR-GRUseed,0.0
371,Uniform-CVaR-GRUseed,0.0
372,Uniform-CVaR-GRUseed,0.0
373,Uniform-CVaR-GRUseed,0.0
374,Uniform-CVaR-GRUseed,0.0
375,Uniform-CVaR-GRUseed,0.0
376,Uniform-CVaR-GRUseed,0.3689138187284584
377,Uniform-CVaR-GRUseed,0.0
378,Uniform-CVaR-GRUseed,0.0
379,Uniform-CVaR-GRUseed,0.2712140187015848
380,Uniform-CVaR-GRUseed,0.3872453883572007
381,Uniform-CVaR-GRUseed,0.0
382,Uniform-CVaR-GRUseed,0.0
383,Uniform-CVaR-GRUseed,1.5449666431600804
384,Uniform-CVaR-GRUseed,0.0
385,Uniform-CVaR-GRUseed,0.0
386,Uniform-CVaR-GRUseed,0.0
387,Uniform-CVaR-GRUseed,0.0
388,Uniform-CVaR-GRUseed,0.0
389,Uniform-CVaR-GRUseed,0.0
390,Uniform-CVaR-GRUseed,0.0
391,Uniform-CVaR-GRUseed,0.0
392,Uniform-CVaR-GRUseed,1.475106853494708
393,Uniform-CVaR-GRUseed,0.0
394,Uniform-CVaR-GRUseed,0.0
395,Uniform-CVaR-GRUseed,0.0
396,Uniform-CVaR-GRUseed,0.20449140039607983
397,Uniform-CVaR-GRUseed,0.0
398,Uniform-CVaR-GRUseed,0.011468925047040557
399,Uniform-CVaR-GRUseed,0.0
400,Uniform-CVaR-GRUseed,0.0
401,Uniform-CVaR-GRUseed,1.8927496555413654
402,Uniform-CVaR-GRUseed,1.9503443959343372
403,Uniform-CVaR-GRUseed,2.528391528112934
404,Uniform-CVaR-GRUseed,0.0
405,Uniform-CVaR-GRUseed,0.14077252377325067
406,Uniform-CVaR-GRUseed,0.0
407,Uniform-CVaR-GRUseed,0.0
408,Uniform-CVaR-GRUseed,0.0
409,Uniform-CVaR-GRUseed,0.0
410,Uniform-CVaR-GRUseed,0.0
411,Uniform-CVaR-GRUseed,0.0
412,Uniform-CVaR-GRUseed,0.0
413,Uniform-CVaR-GRUseed,0.0
414,Uniform-CVaR-GRUseed,0.0
415,Uniform-CVaR-GRUseed,0.0
416,Uniform-CVaR-GRUseed,0.0
417,Uniform-CVaR-GRUseed,0.0
418,Uniform-CVaR-GRUseed,0.0
419,Uniform-CVaR-GRUseed,0.0
420,Uniform-CVaR-GRUseed,0.0
421,Uniform-CVaR-GRUseed,1.5437526206208076
422,Uniform-CVaR-GRUseed,3.5717240829922616
423,Uniform-CVaR-GRUseed,0.0
424,Uniform-CVaR-GRUseed,2.468855451058289
425,Uniform-CVaR-GRUseed,0.0
426,Uniform-CVaR-GRUseed,0.665658786167171
427,Uniform-CVaR-GRUseed,0.3491631725741797
428,Uniform-CVaR-GRUseed,6.417163796278203
429,Uniform-CVaR-GRUseed,1.418932254484048
430,Uniform-CVaR-GRUseed,5.019737076853744
431,Uniform-CVaR-GRUseed,0.0
432,Uniform-CVaR-GRUseed,0.8852045342937913
433,Uniform-CVaR-GRUseed,0.0
434,Uniform-CVaR-GRUseed,0.0
435,Uniform-CVaR-GRUseed,0.0
436,Uniform-CVaR-GRUseed,0.0
437,Uniform-CVaR-GRUseed,0.0
438,Uniform-CVaR-GRUseed,0.0
439,Uniform-CVaR-GRUseed,0.0
440,Uniform-CVaR-GRUseed,0.0
441,Uniform-CVaR-GRUseed,0.07637162745692194
442,Uniform-CVaR-GRUseed,0.0
443,Uniform-CVaR-GRUseed,0.0
444,Uniform-CVaR-GRUseed,0.0
445,Uniform-CVaR-GRUseed,0.0
446,Uniform-CVaR-GRUseed,0.0
447,Uniform-CVaR-GRUseed,0.15049268980720854
448,Uniform-CVaR-GRUseed,0.0
449,Uniform-CVaR-GRUseed,2.4836795786152095
450,Uniform-CVaR-GRUseed,0.0
451,Uniform-CVaR-GRUseed,0.0
452,Uniform-CVaR-GRUseed,0.0
453,Uniform-CVaR-GRUseed,3.985163966914854
454,Uniform-CVaR-GRUseed,0.27928037606977796
455,Uniform-CVaR-GRUseed,6.791726641885077
456,Uniform-CVaR-GRUseed,2.4867266224833315
457,Uniform-CVaR-GRUseed,0.0
458,Uniform-CVaR-GRUseed,3.728087473150481
459,Uniform-CVaR-GRUseed,0.0
460,Uniform-CVaR-GRUseed,0.0
461,Uniform-CVaR-GRUseed,0.0
462,Uniform-CVaR-GRUseed,7.6112374025900635
463,Uniform-CVaR-GRUseed,6.031284680731119
464,Uniform-CVaR-GRUseed,12.955814712158514
465,Uniform-CVaR-GRUseed,0.4772208979339325
466,Uniform-CVaR-GRUseed,0.0
467,Uniform-CVaR-GRUseed,3.7002695671105243
468,Uniform-CVaR-GRUseed,0.14102821978173097
469,Uniform-CVaR-GRUseed,0.2811793406881975
470,Uniform-CVaR-GRUseed,0.0
471,Uniform-CVaR-GRUseed,0.0
472,Uniform-CVaR-GRUseed,0.0
473,Uniform-CVaR-GRUseed,2.435503728474373
474,Uniform-CVaR-GRUseed,0.0
475,Uniform-CVaR-GRUseed,0.0
476,Uniform-CVaR-GRUseed,0.0
477,Uniform-CVaR-GRUseed,0.0
478,Uniform-CVaR-GRUseed,0.0
479,Uniform-CVaR-GRUseed,0.0
480,Uniform-CVaR-GRUseed,0.0
481,Uniform-CVaR-GRUseed,0.2207403950987441
482,Uniform-CVaR-GRUseed,0.0
483,Uniform-CVaR-GRUseed,3.0213399416416564
484,Uniform-CVaR-GRUseed,0.0
485,Uniform-CVaR-GRUseed,0.0
486,Uniform-CVaR-GRUseed,0.0
487,Uniform-CVaR-GRUseed,8.38192251363273
488,Uniform-CVaR-GRUseed,0.0
489,Uniform-CVaR-GRUseed,0.0
490,Uniform-CVaR-GRUseed,3.5112392047150536
491,Uniform-CVaR-GRUseed,0.0
492,Uniform-CVaR-GRUseed,0.0
493,Uniform-CVaR-GRUseed,0.0
494,Uniform-CVaR-GRUseed,0.0
495,Uniform-CVaR-GRUseed,0.0
496,Uniform-CVaR-GRUseed,0.0
497,Uniform-CVaR-GRUseed,0.0
498,Uniform-CVaR-GRUseed,0.0
499,Uniform-CVaR-GRUseed,0.0
500,Uniform-CVaR-GRUseed,0.0
501,Uniform-CVaR-GRUseed,0.0
502,Uniform-CVaR-GRUseed,0.0
503,Uniform-CVaR-GRUseed,0.0
504,Uniform-CVaR-GRUseed,0.0
505,Uniform-CVaR-GRUseed,0.0
506,Uniform-CVaR-GRUseed,0.0
507,Uniform-CVaR-GRUseed,0.5660136736971708
508,Uniform-CVaR-GRUseed,0.0
509,Uniform-CVaR-GRUseed,0.0
510,Uniform-CVaR-GRUseed,0.0
511,Uniform-CVaR-GRUseed,0.4274807308247546
512,Uniform-CVaR-GRUseed,0.0
513,Uniform-CVaR-GRUseed,0.2197528813000531
514,Uniform-CVaR-GRUseed,1.0496320820454343
515,Uniform-CVaR-GRUseed,0.0
516,Uniform-CVaR-GRUseed,0.0
517,Uniform-CVaR-GRUseed,0.0
518,Uniform-CVaR-GRUseed,0.0
519,Uniform-CVaR-GRUseed,6.150973384724409
520,Uniform-CVaR-GRUseed,1.4453229230986722
521,Uniform-CVaR-GRUseed,0.0
522,Uniform-CVaR-GRUseed,0.0
523,Uniform-CVaR-GRUseed,0.0
524,Uniform-CVaR-GRUseed,0.0
525,Uniform-CVaR-GRUseed,0.0
526,Uniform-CVaR-GRUseed,0.0
527,Uniform-CVaR-GRUseed,0.0
528,Uniform-CVaR-GRUseed,0.0
529,Uniform-CVaR-GRUseed,0.0
530,Uniform-CVaR-GRUseed,4.107537689698859
531,Uniform-CVaR-GRUseed,0.0
532,Uniform-CVaR-GRUseed,0.0
533,Uniform-CVaR-GRUseed,0.0
534,Uniform-CVaR-GRUseed,0.0
535,Uniform-CVaR-GRUseed,0.0
536,Uniform-CVaR-GRUseed,0.0
537,Uniform-CVaR-GRUseed,0.3840289009055482
538,Uniform-CVaR-GRUseed,0.0
539,Uniform-CVaR-GRUseed,3.7297712405317043
540,Uniform-CVaR-GRUseed,1.8666107980216111
541,Uniform-CVaR-GRUseed,0.0
542,Uniform-CVaR-GRUseed,0.0
543,Uniform-CVaR-GRUseed,0.0
544,Uniform-CVaR-GRUseed,1.4421499465224201
545,Uniform-CVaR-GRUseed,0.0
546,Uniform-CVaR-GRUseed,4.818340290575463
547,Uniform-CVaR-GRUseed,0.0
548,Uniform-CVaR-GRUseed,0.0
549,Uniform-CVaR-GRUseed,0.07251989429016703
550,Uniform-CVaR-GRUseed,0.0
551,Uniform-CVaR-GRUseed,0.0
552,Uniform-CVaR-GRUseed,0.0
553,Uniform-CVaR-GRUseed,0.0
554,Uniform-CVaR-GRUseed,0.0
555,Uniform-CVaR-GRUseed,0.6211067787191951
556,Uniform-CVaR-GRUseed,0.0
557,Uniform-CVaR-GRUseed,0.0
558,Uniform-CVaR-GRUseed,0.0
559,Uniform-CVaR-GRUseed,0.1651320839488335
560,Uniform-CVaR-GRUseed,0.11230973504831354
561,Uniform-CVaR-GRUseed,0.0
562,Uniform-CVaR-GRUseed,0.8694423275317149
563,Uniform-CVaR-GRUseed,0.0
564,Uniform-CVaR-GRUseed,0.0642195577913185
565,Uniform-CVaR-GRUseed,0.0
566,Uniform-CVaR-GRUseed,0.0
567,Uniform-CVaR-GRUseed,0.0
568,Uniform-CVaR-GRUseed,0.0
569,Uniform-CVaR-GRUseed,0.0
570,Uniform-CVaR-GRUseed,0.0
571,Uniform-CVaR-GRUseed,0.0
572,Uniform-CVaR-GRUseed,0.7145206209347066
573,Uniform-CVaR-GRUseed,0.5381996950326879
574,Uniform-CVaR-GRUseed,0.0
575,Uniform-CVaR-GRUseed,0.11309841960044764
576,Uniform-CVaR-GRUseed,0.0
577,Uniform-CVaR-GRUseed,0.21083209848882234
578,Uniform-CVaR-GRUseed,0.0
579,Uniform-CVaR-GRUseed,0.0
580,Uniform-CVaR-GRUseed,0.0
581,Uniform-CVaR-GRUseed,1.7600811853620826
582,Uniform-CVaR-GRUseed,2.9691526553465337
583,Uniform-CVaR-GRUseed,0.0
584,Uniform-CVaR-GRUseed,0.0
585,Uniform-CVaR-GRUseed,0.0
586,Uniform-CVaR-GRUseed,4.978776339911718
587,Uniform-CVaR-GRUseed,0.0
588,Uniform-CVaR-GRUseed,0.0
589,Uniform-CVaR-GRUseed,7.330806041285143
590,Uniform-CVaR-GRUseed,0.1417278958613224
591,Uniform-CVaR-GRUseed,0.0
592,Uniform-CVaR-GRUseed,0.0
593,Uniform-CVaR-GRUseed,0.4242574660266314
594,Uniform-CVaR-GRUseed,2.6252953341597163
595,Uniform-CVaR-GRUseed,0.0
596,Uniform-CVaR-GRUseed,0.0
597,Uniform-CVaR-GRUseed,0.0
598,Uniform-CVaR-GRUseed,0.0
599,Uniform-CVaR-GRUseed,0.0214745153072613
600,Uniform-CVaR-GRUseed,0.8307575775065743
601,Uniform-CVaR-GRUseed,0.0
602,Uniform-CVaR-GRUseed,0.0
603,Uniform-CVaR-GRUseed,0.0
604,Uniform-CVaR-GRUseed,0.0
605,Uniform-CVaR-GRUseed,0.0
606,Uniform-CVaR-GRUseed,0.0
607,Uniform-CVaR-GRUseed,0.0
608,Uniform-CVaR-GRUseed,0.0
609,Uniform-CVaR-GRUseed,0.0
610,Uniform-CVaR-GRUseed,0.0
611,Uniform-CVaR-GRUseed,2.685595509190108
612,Uniform-CVaR-GRUseed,0.0
613,Uniform-CVaR-GRUseed,0.0
614,Uniform-CVaR-GRUseed,0.0
615,Uniform-CVaR-GRUseed,0.0
616,Uniform-CVaR-GRUseed,0.0
617,Uniform-CVaR-GRUseed,0.0
618,Uniform-CVaR-GRUseed,0.0
619,Uniform-CVaR-GRUseed,0.0
620,Uniform-CVaR-GRUseed,0.3647575662877216
621,Uniform-CVaR-GRUseed,0.0
622,Uniform-CVaR-GRUseed,0.1467012112424868
623,Uniform-CVaR-GRUseed,0.0
624,Uniform-CVaR-GRUseed,0.0
625,Uniform-CVaR-GRUseed,0.0
626,Uniform-CVaR-GRUseed,0.0
627,Uniform-CVaR-GRUseed,1.8534175418884047
628,Uniform-CVaR-GRUseed,0.0
629,Uniform-CVaR-GRUseed,0.0
630,Uniform-CVaR-GRUseed,0.0
631,Uniform-CVaR-GRUseed,0.0
632,Uniform-CVaR-GRUseed,0.0
633,Uniform-CVaR-GRUseed,0.0
634,Uniform-CVaR-GRUseed,0.9504195663409405
635,Uniform-CVaR-GRUseed,0.0
636,Uniform-CVaR-GRUseed,0.34925150518722603
637,Uniform-CVaR-GRUseed,0.0
638,Uniform-CVaR-GRUseed,0.0
639,Uniform-CVaR-GRUseed,2.4840220257998453
640,Uniform-CVaR-GRUseed,0.0
641,Uniform-CVaR-GRUseed,0.0
642,Uniform-CVaR-GRUseed,0.0
643,Uniform-CVaR-GRUseed,0.0
644,Uniform-CVaR-GRUseed,0.0
645,Uniform-CVaR-GRUseed,0.0
646,Uniform-CVaR-GRUseed,0.0
647,Uniform-CVaR-GRUseed,0.0
648,Uniform-CVaR-GRUseed,0.0
649,Uniform-CVaR-GRUseed,0.0
650,Uniform-CVaR-GRUseed,0.8413822705828125
651,Uniform-CVaR-GRUseed,0.0
652,Uniform-CVaR-GRUseed,0.0
653,Uniform-CVaR-GRUseed,0.0
654,Uniform-CVaR-GRUseed,2.7644969735080736
655,Uniform-CVaR-GRUseed,2.4234732586537007
656,Uniform-CVaR-GRUseed,2.1350336524654097
657,Uniform-CVaR-GRUseed,0.0
658,Uniform-CVaR-GRUseed,0.0
659,Uniform-CVaR-GRUseed,0.0
660,Uniform-CVaR-GRUseed,0.0
661,Uniform-CVaR-GRUseed,0.0
662,Uniform-CVaR-GRUseed,0.0
663,Uniform-CVaR-GRUseed,3.265526549831577
664,Uniform-CVaR-GRUseed,0.0
665,Uniform-CVaR-GRUseed,0.0
666,Uniform-CVaR-GRUseed,0.30116747326246696
667,Uniform-CVaR-GRUseed,0.0
668,Uniform-CVaR-GRUseed,0.6115164520444409
669,Uniform-CVaR-GRUseed,0.0
670,Uniform-CVaR-GRUseed,0.0
671,Uniform-CVaR-GRUseed,0.0
672,Uniform-CVaR-GRUseed,0.0
673,Uniform-CVaR-GRUseed,0.0
674,Uniform-CVaR-GRUseed,0.0
675,Uniform-CVaR-GRUseed,0.3327002617449466
676,Uniform-CVaR-GRUseed,0.0
677,Uniform-CVaR-GRUseed,0.0
678,Uniform-CVaR-GRUseed,0.0
679,Uniform-CVaR-GRUseed,0.0
680,Uniform-CVaR-GRUseed,0.42500606782630257
681,Uniform-CVaR-GRUseed,0.0
682,Uniform-CVaR-GRUseed,0.0
683,Uniform-CVaR-GRUseed,0.0
684,Uniform-CVaR-GRUseed,5.428303817618826
685,Uniform-CVaR-GRUseed,9.816267855373326
686,Uniform-CVaR-GRUseed,0.0
687,Uniform-CVaR-GRUseed,0.0
688,Uniform-CVaR-GRUseed,0.0
689,Uniform-CVaR-GRUseed,0.0
690,Uniform-CVaR-GRUseed,0.557775744190792
691,Uniform-CVaR-GRUseed,0.0
692,Uniform-CVaR-GRUseed,0.0
693,Uniform-CVaR-GRUseed,0.0
694,Uniform-CVaR-GRUseed,0.0
695,Uniform-CVaR-GRUseed,0.0
696,Uniform-CVaR-GRUseed,0.0
697,Uniform-CVaR-GRUseed,0.0
698,Uniform-CVaR-GRUseed,2.342004115486958
699,Uniform-CVaR-GRUseed,0.0
700,Uniform-CVaR-GRUseed,0.0
701,Uniform-CVaR-GRUseed,0.13608927576194674
702,Uniform-CVaR-GRUseed,0.0
703,Uniform-CVaR-GRUseed,0.0
704,Uniform-CVaR-GRUseed,0.0
705,Uniform-CVaR-GRUseed,0.0
706,Uniform-CVaR-GRUseed,0.0
707,Uniform-CVaR-GRUseed,0.0
708,Uniform-CVaR-GRUseed,0.0
709,Uniform-CVaR-GRUseed,0.0
710,Uniform-CVaR-GRUseed,0.0
711,Uniform-CVaR-GRUseed,0.0
712,Uniform-CVaR-GRUseed,1.7210973409297594
713,Uniform-CVaR-GRUseed,0.6030370419986184
714,Uniform-CVaR-GRUseed,0.0
715,Uniform-CVaR-GRUseed,0.0
716,Uniform-CVaR-GRUseed,0.0
717,Uniform-CVaR-GRUseed,0.0
718,Uniform-CVaR-GRUseed,0.0
719,Uniform-CVaR-GRUseed,2.0649015545226916
720,Uniform-CVaR-GRUseed,0.9968566722229184
721,Uniform-CVaR-GRUseed,0.0
722,Uniform-CVaR-GRUseed,0.0
723,Uniform-CVaR-GRUseed,0.0
724,Uniform-CVaR-GRUseed,9.329371184932967
725,Uniform-CVaR-GRUseed,0.0
726,Uniform-CVaR-GRUseed,0.0
727,Uniform-CVaR-GRUseed,0.0
728,Uniform-CVaR-GRUseed,2.555074561578067
729,Uniform-CVaR-GRUseed,0.0
730,Uniform-CVaR-GRUseed,0.0
731,Uniform-CVaR-GRUseed,0.0
732,Uniform-CVaR-GRUseed,0.0
733,Uniform-CVaR-GRUseed,0.0
734,Uniform-CVaR-GRUseed,0.0
735,Uniform-CVaR-GRUseed,0.14022825375411685
736,Uniform-CVaR-GRUseed,0.0
737,Uniform-CVaR-GRUseed,3.0910383910773476
738,Uniform-CVaR-GRUseed,0.0
739,Uniform-CVaR-GRUseed,3.61709469460493
740,Uniform-CVaR-GRUseed,0.0
741,Uniform-CVaR-GRUseed,0.0
742,Uniform-CVaR-GRUseed,0.0
743,Uniform-CVaR-GRUseed,0.7374739852412233
744,Uniform-CVaR-GRUseed,0.0
745,Uniform-CVaR-GRUseed,0.0
746,Uniform-CVaR-GRUseed,0.0
747,Uniform-CVaR-GRUseed,0.0
748,Uniform-CVaR-GRUseed,0.0
749,Uniform-CVaR-GRUseed,0.0
750,Uniform-CVaR-GRUseed,0.0
751,Uniform-CVaR-GRUseed,0.0
752,Uniform-CVaR-GRUseed,0.0
753,Uniform-CVaR-GRUseed,0.0
754,Uniform-CVaR-GRUseed,0.0
755,Uniform-CVaR-GRUseed,1.5892202191150204
756,Uniform-CVaR-GRUseed,0.0
757,Uniform-CVaR-GRUseed,0.0
758,Uniform-CVaR-GRUseed,0.6781784416172059
759,Uniform-CVaR-GRUseed,0.0
760,Uniform-CVaR-GRUseed,6.92531307566577
761,Uniform-CVaR-GRUseed,0.0
762,Uniform-CVaR-GRUseed,0.0
763,Uniform-CVaR-GRUseed,0.40522214281895685
764,Uniform-CVaR-GRUseed,0.0
765,Uniform-CVaR-GRUseed,0.0
766,Uniform-CVaR-GRUseed,0.29038059062628463
767,Uniform-CVaR-GRUseed,13.661955961522466
768,Uniform-CVaR-GRUseed,0.0
769,Uniform-CVaR-GRUseed,1.0953700605009828
770,Uniform-CVaR-GRUseed,0.0
771,Uniform-CVaR-GRUseed,0.0
772,Uniform-CVaR-GRUseed,0.2819796333446334
773,Uniform-CVaR-GRUseed,0.0
774,Uniform-CVaR-GRUseed,0.0
775,Uniform-CVaR-GRUseed,10.943118794659995
776,Uniform-CVaR-GRUseed,0.0
777,Uniform-CVaR-GRUseed,0.0
778,Uniform-CVaR-GRUseed,3.0499996069069084
779,Uniform-CVaR-GRUseed,0.0
780,Uniform-CVaR-GRUseed,2.1681740620746837
781,Uniform-CVaR-GRUseed,0.0
782,Uniform-CVaR-GRUseed,0.9208276252260816
783,Uniform-CVaR-GRUseed,0.4107359820074521
784,Uniform-CVaR-GRUseed,0.0
785,Uniform-CVaR-GRUseed,2.961500077977121
786,Uniform-CVaR-GRUseed,0.0
787,Uniform-CVaR-GRUseed,0.0
788,Uniform-CVaR-GRUseed,0.0
789,Uniform-CVaR-GRUseed,0.0
790,Uniform-CVaR-GRUseed,0.0
791,Uniform-CVaR-GRUseed,0.0
792,Uniform-CVaR-GRUseed,12.898614954531809
793,Uniform-CVaR-GRUseed,0.0
794,Uniform-CVaR-GRUseed,0.6539173815824597
795,Uniform-CVaR-GRUseed,0.0
796,Uniform-CVaR-GRUseed,0.0
797,Uniform-CVaR-GRUseed,5.2114160740139255
798,Uniform-CVaR-GRUseed,0.0
799,Uniform-CVaR-GRUseed,0.08555130234907438
800,Uniform-CVaR-GRUseed,0.0
801,Uniform-CVaR-GRUseed,0.3169513463829503
802,Uniform-CVaR-GRUseed,0.0
803,Uniform-CVaR-GRUseed,0.0
804,Uniform-CVaR-GRUseed,2.3793022122659977
805,Uniform-CVaR-GRUseed,0.0
806,Uniform-CVaR-GRUseed,0.0
807,Uniform-CVaR-GRUseed,0.0
808,Uniform-CVaR-GRUseed,0.0
809,Uniform-CVaR-GRUseed,0.0
810,Uniform-CVaR-GRUseed,0.0
811,Uniform-CVaR-GRUseed,0.0
812,Uniform-CVaR-GRUseed,1.8026104095108053
813,Uniform-CVaR-GRUseed,0.0
814,Uniform-CVaR-GRUseed,0.0
815,Uniform-CVaR-GRUseed,0.3584756375435063
816,Uniform-CVaR-GRUseed,0.0
817,Uniform-CVaR-GRUseed,0.01290344438041302
818,Uniform-CVaR-GRUseed,0.0
819,Uniform-CVaR-GRUseed,0.0
820,Uniform-CVaR-GRUseed,0.3586539398594937
821,Uniform-CVaR-GRUseed,0.6930167611557181
822,Uniform-CVaR-GRUseed,0.0
823,Uniform-CVaR-GRUseed,0.0
824,Uniform-CVaR-GRUseed,0.8885364340395085
825,Uniform-CVaR-GRUseed,0.0
826,Uniform-CVaR-GRUseed,0.0
827,Uniform-CVaR-GRUseed,0.0
828,Uniform-CVaR-GRUseed,0.0
829,Uniform-CVaR-GRUseed,0.38139097727952276
830,Uniform-CVaR-GRUseed,0.0
831,Uniform-CVaR-GRUseed,0.0
832,Uniform-CVaR-GRUseed,0.0
833,Uniform-CVaR-GRUseed,0.0
834,Uniform-CVaR-GRUseed,0.0
835,Uniform-CVaR-GRUseed,0.0
836,Uniform-CVaR-GRUseed,0.0
837,Uniform-CVaR-GRUseed,0.0
838,Uniform-CVaR-GRUseed,0.0
839,Uniform-CVaR-GRUseed,0.0
840,Uniform-CVaR-GRUseed,0.0
841,Uniform-CVaR-GRUseed,0.0
842,Uniform-CVaR-GRUseed,0.0
843,Uniform-CVaR-GRUseed,0.0
844,Uniform-CVaR-GRUseed,0.0
845,Uniform-CVaR-GRUseed,0.0
846,Uniform-CVaR-GRUseed,0.7288243598342206
847,Uniform-CVaR-GRUseed,0.0
848,Uniform-CVaR-GRUseed,1.0564346923805488
849,Uniform-CVaR-GRUseed,8.697585328313949
850,Uniform-CVaR-GRUseed,0.03596208893026187
851,Uniform-CVaR-GRUseed,0.0
852,Uniform-CVaR-GRUseed,0.0
853,Uniform-CVaR-GRUseed,0.0
854,Uniform-CVaR-GRUseed,0.0
855,Uniform-CVaR-GRUseed,0.0
856,Uniform-CVaR-GRUseed,1.8086607433332915
857,Uniform-CVaR-GRUseed,0.0
858,Uniform-CVaR-GRUseed,0.0
859,Uniform-CVaR-GRUseed,0.0
860,Uniform-CVaR-GRUseed,0.0
861,Uniform-CVaR-GRUseed,0.0
862,Uniform-CVaR-GRUseed,0.0
863,Uniform-CVaR-GRUseed,0.0
864,Uniform-CVaR-GRUseed,0.0
865,Uniform-CVaR-GRUseed,2.033078480846598
866,Uniform-CVaR-GRUseed,1.6191922372734098
867,Uniform-CVaR-GRUseed,0.0
868,Uniform-CVaR-GRUseed,0.5698089226285106
869,Uniform-CVaR-GRUseed,3.362284150351684
870,Uniform-CVaR-GRUseed,2.6781500582686704
871,Uniform-CVaR-GRUseed,0.03669813871056249
872,Uniform-CVaR-GRUseed,0.0
873,Uniform-CVaR-GRUseed,0.0
874,Uniform-CVaR-GRUseed,0.0
875,Uniform-CVaR-GRUseed,0.0
876,Uniform-CVaR-GRUseed,0.0
877,Uniform-CVaR-GRUseed,0.0
878,Uniform-CVaR-GRUseed,0.0
879,Uniform-CVaR-GRUseed,0.0006884891034815155
880,Uniform-CVaR-GRUseed,0.0
881,Uniform-CVaR-GRUseed,0.0
882,Uniform-CVaR-GRUseed,0.0
883,Uniform-CVaR-GRUseed,0.0
884,Uniform-CVaR-GRUseed,2.0680098120049593
885,Uniform-CVaR-GRUseed,0.0
886,Uniform-CVaR-GRUseed,0.0
887,Uniform-CVaR-GRUseed,0.0
888,Uniform-CVaR-GRUseed,0.0
889,Uniform-CVaR-GRUseed,0.6562021247871712
890,Uniform-CVaR-GRUseed,0.0
891,Uniform-CVaR-GRUseed,0.0
892,Uniform-CVaR-GRUseed,0.0
893,Uniform-CVaR-GRUseed,9.638700752193586
894,Uniform-CVaR-GRUseed,0.0
895,Uniform-CVaR-GRUseed,0.0
896,Uniform-CVaR-GRUseed,0.0
897,Uniform-CVaR-GRUseed,0.0
898,Uniform-CVaR-GRUseed,0.5570017791128521
899,Uniform-CVaR-GRUseed,0.0
900,Uniform-CVaR-GRUseed,0.0
901,Uniform-CVaR-GRUseed,0.0
902,Uniform-CVaR-GRUseed,2.7581411442449166
903,Uniform-CVaR-GRUseed,0.0
904,Uniform-CVaR-GRUseed,3.5998477825286272
905,Uniform-CVaR-GRUseed,0.0
906,Uniform-CVaR-GRUseed,0.0
907,Uniform-CVaR-GRUseed,0.0
908,Uniform-CVaR-GRUseed,0.0
909,Uniform-CVaR-GRUseed,9.150051939595244
910,Uniform-CVaR-GRUseed,0.0
911,Uniform-CVaR-GRUseed,0.0
912,Uniform-CVaR-GRUseed,0.7640587150277725
913,Uniform-CVaR-GRUseed,0.0
914,Uniform-CVaR-GRUseed,0.0
915,Uniform-CVaR-GRUseed,0.0
916,Uniform-CVaR-GRUseed,0.0
917,Uniform-CVaR-GRUseed,0.5791441997357651
918,Uniform-CVaR-GRUseed,0.0
919,Uniform-CVaR-GRUseed,0.07972489009921446
920,Uniform-CVaR-GRUseed,0.0
921,Uniform-CVaR-GRUseed,0.0
922,Uniform-CVaR-GRUseed,0.0
923,Uniform-CVaR-GRUseed,0.0
924,Uniform-CVaR-GRUseed,0.0
925,Uniform-CVaR-GRUseed,8.910847914181659
926,Uniform-CVaR-GRUseed,0.0
927,Uniform-CVaR-GRUseed,0.0
928,Uniform-CVaR-GRUseed,0.0
929,Uniform-CVaR-GRUseed,0.0
930,Uniform-CVaR-GRUseed,0.0
931,Uniform-CVaR-GRUseed,0.0
932,Uniform-CVaR-GRUseed,0.21045499852584726
933,Uniform-CVaR-GRUseed,0.0
934,Uniform-CVaR-GRUseed,2.602723555824582
935,Uniform-CVaR-GRUseed,0.0
936,Uniform-CVaR-GRUseed,6.855218283293084
937,Uniform-CVaR-GRUseed,0.5108271393781934
938,Uniform-CVaR-GRUseed,0.0
939,Uniform-CVaR-GRUseed,0.0
940,Uniform-CVaR-GRUseed,0.0
941,Uniform-CVaR-GRUseed,0.0
942,Uniform-CVaR-GRUseed,0.0
943,Uniform-CVaR-GRUseed,0.0
944,Uniform-CVaR-GRUseed,6.757806949644447
945,Uniform-CVaR-GRUseed,0.01805663695779458
946,Uniform-CVaR-GRUseed,0.5328377844272154
947,Uniform-CVaR-GRUseed,1.6283159409923087
948,Uniform-CVaR-GRUseed,2.2373184321451447
949,Uniform-CVaR-GRUseed,0.0
950,Uniform-CVaR-GRUseed,0.0
951,Uniform-CVaR-GRUseed,0.0
952,Uniform-CVaR-GRUseed,0.0
953,Uniform-CVaR-GRUseed,2.2215779598367362
954,Uniform-CVaR-GRUseed,0.24675344425259027
955,Uniform-CVaR-GRUseed,0.5949142084845391
956,Uniform-CVaR-GRUseed,0.30630226957168816
957,Uniform-CVaR-GRUseed,0.0
958,Uniform-CVaR-GRUseed,6.98995445278365
959,Uniform-CVaR-GRUseed,0.0
960,Uniform-CVaR-GRUseed,0.0
961,Uniform-CVaR-GRUseed,0.0
962,Uniform-CVaR-GRUseed,0.0
963,Uniform-CVaR-GRUseed,0.0
964,Uniform-CVaR-GRUseed,0.004511995628377008
965,Uniform-CVaR-GRUseed,0.0
966,Uniform-CVaR-GRUseed,0.7396728011391929
967,Uniform-CVaR-GRUseed,0.0
968,Uniform-CVaR-GRUseed,0.0
969,Uniform-CVaR-GRUseed,0.05021517769057482
970,Uniform-CVaR-GRUseed,0.0
971,Uniform-CVaR-GRUseed,8.4045586924683
972,Uniform-CVaR-GRUseed,0.0
973,Uniform-CVaR-GRUseed,0.0
974,Uniform-CVaR-GRUseed,0.0
975,Uniform-CVaR-GRUseed,0.0
976,Uniform-CVaR-GRUseed,0.0
977,Uniform-CVaR-GRUseed,0.0
978,Uniform-CVaR-GRUseed,0.0
979,Uniform-CVaR-GRUseed,0.0
980,Uniform-CVaR-GRUseed,0.1330717320569761
981,Uniform-CVaR-GRUseed,0.0
982,Uniform-CVaR-GRUseed,6.850135777474009
983,Uniform-CVaR-GRUseed,0.0
984,Uniform-CVaR-GRUseed,0.0
985,Uniform-CVaR-GRUseed,1.9755193911310869
986,Uniform-CVaR-GRUseed,0.0
987,Uniform-CVaR-GRUseed,0.0
988,Uniform-CVaR-GRUseed,0.0
989,Uniform-CVaR-GRUseed,0.5066596551146176
990,Uniform-CVaR-GRUseed,0.0
991,Uniform-CVaR-GRUseed,2.596935977815747
992,Uniform-CVaR-GRUseed,0.0
993,Uniform-CVaR-GRUseed,0.0
994,Uniform-CVaR-GRUseed,0.0
995,Uniform-CVaR-GRUseed,2.5180408066048585
996,Uniform-CVaR-GRUseed,0.9945777757236556
997,Uniform-CVaR-GRUseed,0.0
998,Uniform-CVaR-GRUseed,0.0
999,Uniform-CVaR-GRUseed,0.0
