scenario_id,eta_0p00__OR-Tools,eta_0p00__ALNS-Mean,eta_0p00__ALNS-CVaR,eta_0p35__OR-Tools,eta_0p35__ALNS-Mean,eta_0p35__ALNS-CVaR,eta_0p70__OR-Tools,eta_0p70__ALNS-Mean,eta_0p70__ALNS-CVaR
0,3.0939029339717194,6.632387597059562,0.0,2.8481735403704533,0.0,0.0,2.8416510275945654,0.0,0.0
1,1.8953916473221852,0.0,0.0,26.44711470023904,0.0,0.0,0.49782640950661516,0.0,0.0
2,3.9316213657746744,0.0,0.0,30.81948343376132,0.0,0.0,97.93203427905462,5.032106980129242,0.0
3,7.270764036811585,0.0,0.0,0.6007733766370507,0.0,0.0,0.5878287017559387,0.0,0.0
4,10.83753646371187,2.6748458585959156,1.2998364279773682,2.805385742028136,0.0,0.0,1.411613546002144,0.0,0.0
5,27.436865064038727,5.717695985261059,2.17554749935141,105.1393777801276,0.0,0.0,306.6618519530651,0.9819191733710397,3.051955478102144
6,0.3833268582883136,0.0,0.0,4.092000573545647,0.0,0.0,0.0,0.5675779724331846,0.0
7,0.0,0.04639107999071257,0.0,0.0,0.0,0.0,0.20777592203663175,0.0,0.0
8,24.664662725675868,0.5266297800478696,0.0,5.70381988835851,0.47072470508129527,0.0,108.82193216669023,6.426424471250584,1.9178296331460274
9,10.026181949569946,0.0,0.0,11.607382604250773,1.1327354632793458,0.0,5.653654886437806,0.0,0.0
10,12.636418610710365,3.8964903050643045,7.347160236467232,27.034189935300134,0.0,0.0,1.0075210523710894,0.0,0.0
11,3.4006644325469892,1.97407631202816,0.0,10.890392995324305,0.0,0.0,1.1512982849017135,0.0,0.0
12,15.997623542740769,0.8941395700659598,0.0,0.0,0.0,0.0,0.0,0.0,0.0
13,35.474145690447955,0.0,4.5935698614298985,24.07805052648837,0.0,0.0,16.55102289353931,0.0,0.0
14,37.18298730567605,6.062652673369428,4.573023928024668,31.466966027418152,4.546744050823008,0.0,158.97274604693283,0.4547164454355652,0.4547164454355652
15,19.971378871098324,0.0,0.0,27.14488807530006,0.0,0.0,15.130414317031665,0.0,0.0
16,19.30536401720147,0.0,0.0,17.12973994234875,0.0,0.0,49.090914576196724,0.0,0.0
17,5.852712964334501,4.191856322837339,0.0,6.071235101331524,0.7751872115976539,0.0,3.8137220531959315,0.0,0.0
18,21.032983766991862,0.0,0.3347992236998323,0.4361955580388326,0.0,0.0,15.815903665550792,0.0,0.0
19,3.8657488138784117,0.526898850201519,0.0,14.232047630325297,0.526898850201519,0.0,3.524107221888613,0.526898850201519,0.526898850201519
20,30.52928155716944,1.3795179139467564,0.0,24.823712372921875,0.42059813777899535,0.0,210.95812606891437,4.474624375309702,4.474624375309702
21,16.171638797821117,0.0,12.640031597610374,8.21255379516154,0.0,0.0,8.212573026440083,0.0,0.0
22,9.556200599261587,6.3337233491836,0.0,7.593788781134521,0.2808052754124901,0.0,8.453836539673887,15.798741575337885,0.0
23,12.370898335073008,0.0,21.637353495063365,4.723892315778329,0.0,0.0,4.691014278780699,0.0,0.0
24,22.13375903777657,0.0,0.0,72.61033131032045,0.0,0.0,26.100590841551735,0.0,0.0
25,2.009021962491545,0.0,0.0,3.2783106850358195,0.0,0.0,5.958748183941054,0.0,0.0
26,19.60233704403072,0.6619997906823869,0.0,26.212581407325956,2.0657307269432863,0.0,17.559786059502954,0.08963434269469417,0.08963434269469417
27,8.833794206579057,0.0,0.0,3.9482458997946424,0.0,0.0,4.031185754697162,0.0,0.0
28,7.125777456494745,0.0,0.0,5.443135631778745,0.0,0.0,111.09717741722275,0.0,0.0
29,8.861747203849745,0.0,0.0,28.254010547403084,0.0,0.0,164.01918711277438,0.0,14.7893780649529
30,8.98406146786229,0.0,0.0,0.0,0.0,0.0,10.82963986058789,0.0,0.0
31,24.875993109784872,0.0,0.0,24.75969722332502,0.0,0.0,24.75969722332502,0.0,0.0
32,15.457501503630226,0.0,0.0,11.96787837771447,0.0,0.0,133.29468977341028,0.0,0.0
33,2.5624072170973022,0.0,0.0,7.22560203570697,0.6978331562436892,0.0,0.0,0.18675944313412174,0.0
34,7.549857155526581,0.0,0.0,13.268949994472138,0.0,0.0,10.799146763827252,0.0,0.0
35,45.30300903851631,20.172669087267252,0.0,22.568184909704144,5.542493523706014,0.0,5.7467422409107485,0.0,0.0
36,24.639170808452008,0.0,0.0,19.15570597784742,4.596514404139839,0.0,12.331040335327032,0.0,0.0
37,11.020511850529232,1.0612869913785516,0.6224808727234858,3.22586001902539,0.0,0.0,3.2257303596745146,0.0,0.0
38,1.8438757403255863,0.26955075562341335,0.0,0.0,0.5188573802183782,0.0,0.0,0.24811051702556597,0.24811051702556597
39,4.450370510778384,0.0,0.0,11.606881357588577,0.0,0.0,87.2357373140629,1.4096038712905283,0.0
40,1.0218670664623914,0.0,0.0,2.2775166611576765,0.0,0.0,0.9497955173943637,0.0,0.0
41,3.373952061582088,0.0,2.3325837214004252,14.218222788676684,0.0,0.0,75.20941395218043,0.8929376309971531,0.8929376309971531
42,5.161929194366422,0.0,4.466524579264728,10.301856062108413,5.684272973934526,0.0,1.2756450862430881,0.0,0.0
43,5.5744330880604025,7.282839038486145,19.848100839284484,1.2586555352656887,7.616047520450309,0.0,15.102580668593049,28.37420754886861,0.0
44,7.149248694481599,0.0,0.0,7.23419042653714,0.0,0.0,7.868947542393869,0.0,0.0
45,22.875545755180354,0.38263669939789224,0.0,10.52667801965751,0.13042425453630813,0.0,10.52667801965751,0.13042425453630813,0.13042425453630813
46,34.574448706274666,1.5536855118966457,0.0,14.08702220027655,1.5882501498792863,0.0,8.997788029123797,0.0,0.0
47,7.006813283103838,0.0,0.0,10.098040906788412,0.0,0.0,7.0043829318163375,0.0,0.0
48,0.0,0.0,0.0,7.092276554295637,0.0,0.0,0.0,3.5061057045717234,0.0
49,6.686066210011006,0.0,0.0,3.5503404066313067,0.0,0.0,3.0922102889784924,0.0,0.0
50,68.8964885523838,5.017877165047253,0.0,35.58260984266872,0.4431903827598376,0.0,13.825619310600786,0.4431903574977696,0.4431903574977696
51,19.230379374447438,0.0,0.0,26.092783135474633,0.0,0.0,9.623783384612835,0.0,0.0
52,15.121198163048291,0.0,0.0,12.051654862674525,0.0,0.0,11.821240490179378,0.0,0.0
53,6.292230673945255,3.575092662261909,5.868004470017354,1.542665894621564,3.8861304566331683,0.0,8.541806939136649,2.9558499062939063,0.0
54,10.529050547477993,0.0,0.0,10.345012535522159,0.0,0.0,10.310978947342761,6.124008303696087,0.0
55,19.783243373788594,0.0,0.0,11.809816135632872,0.0,0.0,11.742476351954934,0.0,0.0
56,0.4450242898070087,0.2819308915261445,0.0,3.2238725288932244,0.2684136917192177,0.0,0.17767746610039126,9.144383654037881,0.26841392343760617
57,5.447244651158286,0.9904293199952008,0.0,6.363394847767211,0.0,0.0,5.447644054900309,0.0,0.0
58,7.984579592489581,11.742653707849342,0.0,5.944596123250875,0.10824743931738112,0.0,24.438379172130908,0.0,0.0
59,9.409281332710464,8.641163339629543,0.0,3.083605371579978,1.4944190499718388,0.0,6.024784179518633,6.905169017138235,0.0
60,0.0,0.0,0.0,0.0,0.0,0.0,5.280996375725465,0.0,0.0
61,17.333876933020207,0.4858870113826015,1.559041303017466,1.919584381871175,0.0,0.0,1.3351785123256263,0.6201211710340431,0.0
62,13.845832235956095,0.0,0.0,1.7016081303986539,0.0,0.0,0.18223877487309892,0.0,0.0
63,5.89914403989394,0.7139940790090691,2.4200591216332725,5.498454656425679,0.5248572379500729,0.0,5.498454656425679,0.5248572379500729,0.5248572379500729
64,0.0,0.0,0.0,1.1517716931048199,4.149791203392908,0.0,0.0,0.0,0.0
65,8.908689217311746,0.0,0.0,7.0153349613378,0.0,0.0,2.4760230607475933,0.0,0.0
66,15.217248389009825,0.0,0.0,13.429033916715127,0.0,0.0,31.825417013325136,0.0,0.0
67,0.0285100550973425,0.0,0.0,0.0,0.0,0.0,0.0,0.0,0.0
68,18.972806906300548,4.401647306227403,0.0,42.27646595081896,9.59330978538469,0.0,7.582606255717053,0.19278249297440198,0.19278249297440198
69,4.878971011206033,0.0,0.0,9.03823517421506,2.893975236567371,0.0,10.31561405090514,4.1225011490559496,4.1225011490559496
70,17.5241806389636,0.0,0.0,11.57137853570498,0.0,0.0,18.16408267239862,0.0,0.0
71,19.54721423964321,0.0,0.0,10.405227234955134,0.0,0.0,10.405227234955134,0.0,0.0
72,0.1969532174434221,0.0,0.0,0.0,0.0,0.0,0.0,0.0,0.0
73,36.41999574780431,6.95129972081719,0.0,12.956112890912578,3.106406353850332,0.0,8.144290333702912,0.0,0.0
74,13.968410209416078,0.0,0.0,24.541082168086604,0.0,0.0,11.325631314883708,0.0,0.0
75,1.8663098846702724,0.06723544685371508,0.0,35.20623306912421,0.6491966513574425,0.0,10.604987474965299,0.06723542164462515,0.06723542164462515
76,12.567467459776424,0.0,0.0,12.567467459776424,0.0,0.0,12.567467459776424,0.0,0.0
77,0.0,6.02646335374709,0.0,0.0,1.245592432443118,0.0,0.0,15.47969463964597,0.0
78,0.0,0.14746191086163662,0.0,4.777720779784289,0.1474619109201285,0.0,5.709938103874094,0.14746191086163662,0.14746191086163662
79,4.727471736295485,0.0,0.0,12.894221400607819,0.0,0.0,16.346089625590054,0.0,0.0
80,29.778407254800783,0.0,4.873210904787868,8.662619101675745,0.0,0.0,14.725122929522769,0.0,0.0
81,14.399504077579365,1.9048002752439004,0.0,13.935824581656021,0.0,0.0,16.17926162882557,0.0,0.0
82,13.550055391947097,0.0,0.0,9.405009154208472,0.0,0.0,25.47323209650432,3.981102185709517,3.981102185709517
83,0.0,0.0,0.0,13.227825468933844,0.0,0.0,6.0892430500360035,0.0,0.0
84,1.6080252282046104,2.0673701556528385,0.0,0.0,0.0,0.0,0.0,0.0,0.0
85,14.01231144408058,0.0,0.0,26.794248470570295,10.795764981329341,2.730269068701716,16.457844877736875,0.0,0.0
86,1.4565575809993447,2.419980898034055,0.0,0.07781172055700836,6.497293074746835,0.0,45.88614832714737,0.0,0.0
87,1.2167515270896274,0.3501753920976114,0.0,8.31519025397364,0.0,0.0,11.1011910179584,16.845593893930868,14.352106979022324
88,0.0,0.0,0.0,0.0,0.0,0.0,0.0,0.0,0.0
89,7.138032496791141,0.0,0.6660737160236749,3.5307499968312186,0.0,0.0,93.47439119719999,0.0,0.0
90,81.01641698527035,10.250338024872633,6.964261445258245,17.408474491469804,11.942332850651326,2.8356078300053014,9.446843568232396,5.4130894581144275,0.14150751575090226
91,9.976062917512479,0.0,7.97315638168331,2.9666739008563923,0.0,0.0,11.883642672120175,11.994034536370293,11.994034536370293
92,0.9653774666397794,0.0,0.0,3.8892308803584115,0.02745227354449753,0.0,0.9648285042729299,3.4589087856548986,0.0
93,1.693213920821961,6.928910576743476,0.0,17.028882070356076,10.639000531064653,0.0,8.880959361079533,0.0,0.0
94,2.0493013731169185,0.0,0.0,9.232731940010297,10.356219837299534,0.38917431709262473,1.9508774201640335,0.0,0.0
95,48.322964014658936,11.022149606205772,0.0,83.32156990755706,2.7964625501559226,0.0,39.27473010318275,0.0,0.0
96,0.36693777735951016,0.6541754211901321,0.0,0.39895891399507377,0.0,0.0,37.83558954141179,0.0,0.0
97,1.6877261716853695,0.0,0.0,10.428873459589198,0.0,0.0,1.6608528233267634,0.0,0.0
98,11.137423777092152,0.0,0.0,10.652786972622494,0.0,0.0,8.680091538541603,0.0,0.0
99,15.711723007670912,0.0,19.604977168093512,79.93776112684716,4.849139629651063,0.5760250637121089,3.3035752824681595,0.0,0.0
100,14.737993091179106,0.0,0.0,32.29559196089693,5.36307042074111,0.0,12.325228606036006,0.0,0.0
101,22.97541966844156,0.0,0.0,20.633239934041654,0.0,0.0,20.633901785172043,6.308342990878259,0.0
102,0.0,0.0,0.0,3.221141961614819,0.0,0.0,0.0,9.954940806398042,0.0
103,13.520877623094776,0.0,0.0,9.2923806075639,0.0,0.0,6.640081447256563,0.0,0.0
104,23.89780883157735,1.5798804057402265,0.0,4.653076941387383,0.8671035829075322,0.0,168.01081817694194,0.0,15.670089269225116
105,3.2438238019526864,0.5400148592150913,0.0,1.0061056541316304,0.0,0.0,74.99642179544148,0.0,0.0
106,1.8420086398186868,1.8739513734535649,0.0,0.0,0.0,0.0,30.305116085321572,30.26146417158253,5.628210398476938
107,0.0,0.0,0.0,0.0,0.0,0.0,0.11567834292833368,0.0,0.0
108,0.0,0.0,0.0,3.9297339349067215,2.101243837183688,0.0,0.0,0.0,0.0
109,9.23970064984195,7.642102525771435,0.0,7.408719680434899,0.0,0.0,14.161631723349359,0.0,0.0
110,13.874796057965767,5.953654238458057,0.0,43.81741821120883,0.0,0.0,6.7672996944488375,0.0,0.0
111,11.667482156057048,0.0,0.0,11.645096961187505,0.0,0.0,23.64611968055374,0.0,0.0
112,6.021667044836846,0.0,0.0,18.226736336514307,0.0,0.0,5.979172212708107,0.0,0.0
113,3.5312796783381373,0.0,0.0,16.364167137923147,1.396548291165999,1.396548291165999,23.20102047928816,4.761636927307052,0.0
114,0.0,0.0,0.0,0.0,0.0,0.0,0.0,3.3040937119205864,0.0
115,4.125092092077807,0.0,0.0,6.812235459521844,0.0,0.0,61.50142668130283,0.0,0.0
116,24.99563160842476,6.689898584391187,0.0,47.308705778888765,0.0,0.0,160.76965756737903,10.513792029598733,0.0
117,1.7616975192970585,0.0,0.0,0.16109004672415494,0.0,0.0,4.157813163811511,0.0,0.0
118,2.811993307355948,1.796192472767359,0.0,1.5698722701928318,0.0,0.0,6.494891537883888,0.0,0.0
119,31.75741978172428,11.357998156309776,0.0,34.10483461042753,1.52619159239714,0.0,30.32932234616112,0.0,0.0
120,41.417904459345266,0.0,0.0,7.417126451958751,0.0,0.0,11.362597779077873,0.0,0.0
121,4.74618480241989,0.0,0.0,4.74618480241989,0.0,0.0,4.74618480241989,0.0,0.0
122,20.376087441131546,0.3400478143310579,0.0,10.011212361122631,5.768471191550248,0.0,11.946327113291687,0.0,0.0
123,2.3695986774473,0.0,0.0,0.0,1.900679574786409,0.0,23.73322388901363,9.993920039213947,0.0
124,12.725125767230963,0.0,2.8147155581854406,11.66249322946274,0.0,0.0,10.330411783082184,0.0,0.0
125,0.0,6.482004307389673,6.262976809626906,0.0,9.196033009548103,0.0,0.0,0.0,0.0
126,9.474816520034722,0.0,1.1621906861524565,14.307414598238864,0.0,0.0,12.964807497933833,0.0,0.0
127,10.680367915407174,8.044764880718049,0.0,8.229811253034967,0.3719930930261057,0.0,8.229811253034967,0.0,0.0
128,6.495087938862554,0.0,0.0,11.449651729174292,2.7835250362450665,0.0,0.1775397315877285,0.0,0.0
129,6.1117585384948825,0.34943639468167476,0.0,5.9478272233601786,0.34943639468167476,0.0,14.754618278232897,0.34943639468167476,0.34943639468167476
130,0.0,0.0,0.0,9.850887180137931,6.71333312677865,0.0,6.140882052878055,0.0,0.0
131,15.196582174657578,0.48321962072674296,0.0,12.179026682769376,1.7974978299720306,0.0,10.521726264848525,0.0,0.0
132,37.07989274851013,1.8237233778383484,0.0,16.411051959931513,1.297421244903603,0.0,12.868678176920753,6.373666999666966,0.0
133,16.448157456918864,0.1733376891273224,0.0,13.687189236140767,0.1733376891273224,0.0,9.594455356791485,16.18800399921605,0.1733376891273224
134,9.563281358592008,0.3195862191562924,0.0,11.69145535233443,0.31958858323645245,0.7924640049544962,19.26379584970394,0.3195851323084753,0.3195851323084753
135,22.065828460132508,0.88921139319433,0.0,18.80720584443435,0.8840804407872724,0.0,15.581794255488006,0.8840909276685807,0.8840909276685807
136,34.317605838817286,10.542821707616326,1.8352246821050358,43.10494270414813,0.5806019579940767,0.0,18.833711209871268,2.8585297632824336,0.0
137,14.901553681754876,0.02231251487683039,0.0,18.63678165160917,0.0,0.0,12.735177692294116,0.0,0.0
138,7.64037677381458,2.1418351718932627,3.461844405500699,3.5131008461804925,0.0,0.0,243.84463263427838,0.0,45.5851115899724
139,14.935430282956844,0.0,0.0,6.32858771445845,0.0,0.0,56.55460623049788,0.0,0.0
140,19.797968997108512,0.0,0.0,22.549047275705448,0.0,0.0,169.496680152335,4.4870620309470155,0.0
141,8.539231025727162,2.8145741795279378,0.0,27.41389474894777,0.905138373840316,0.0,13.633694898149088,1.612432715511602,0.0
142,10.061067235899571,0.0,15.118887126296585,33.470121645774014,0.0,0.0,12.269347210196372,0.0,0.0
143,0.24252551176064685,4.950851141578482,0.0,10.036051803353132,0.0,0.0,0.0,0.0,0.0
144,12.94947640374059,0.0,0.0,10.033073239888978,0.0,0.0,5.192853098668138,0.0,0.0
145,13.769262483170763,0.0,0.0,30.44131050822287,0.0,0.0,64.27734578700156,12.493851575314181,0.0
146,16.272560667355975,1.9793809457259215,2.967884819890969,13.836481090179774,0.0,0.0,13.819709754414504,0.0,0.0
147,26.501843710068755,0.9554162750998785,0.36400997934737234,18.41146514918276,5.541716947730606,0.0,18.127712178795235,0.954774540373478,0.954774540373478
148,12.967565729693177,1.3415351948176522,0.0,18.565444226304777,0.0,0.0,20.02120484365139,0.0,0.0
149,12.764277660673628,0.0,0.0,0.0,0.0,0.0,3.0910981385993637,0.0,0.0
150,33.288386903999736,0.0,0.0,19.18611732281991,0.0,0.0,33.71543500536097,5.395101011733061,0.0
151,11.710086368681118,0.3427999332874947,5.982088223096866,10.108093134858734,16.81183991235696,2.0306289548076393,23.29279513681496,4.99320930981429,4.99320930981429
152,2.5750032659653925,0.0,0.0,1.8868501325031843,0.0,0.0,52.46276261436009,0.4602661897550604,0.0
153,41.110184017323235,23.839577322113882,0.0,11.0840155641622,0.03796103307757903,0.0,28.774295155245852,2.8368822842901977,16.461380761678612
154,3.6401159135459693,0.0,0.0,0.0,0.0,0.0,0.0,0.0,0.0
155,5.218419614605239,0.0,0.0,0.0,0.0,0.0,0.0,0.0,0.0
156,9.428299296271774,0.23810757794512938,0.0,11.836519103663363,10.519969633492451,0.0,8.934518825424533,0.23810757794512938,0.23810757794512938
157,18.209344752760956,0.5040119301577874,4.906488700861189,18.16847941323212,0.0,0.0,20.45783965354923,0.0,0.0
158,0.0,0.0,0.0,0.09291712954296827,0.0,0.0,0.0,0.0,0.0
159,4.788807019422649,0.46166230172019596,0.0,0.9255761565752891,0.4616640362534099,0.0,0.9255761565784724,0.46166230172019596,0.46166230172019596
160,14.686187877621194,2.089224015595505,0.0,22.91662860702732,0.0,0.0,14.508143284040443,8.078668144607832,0.0
161,8.884236522566994,13.182813104791649,0.0,28.941959031932726,4.330340946536808,0.0,7.9764932723721245,7.8655431420448,0.0
162,0.42233691912036875,0.0,0.0,0.41566949202828596,0.0,0.0,0.9205740610313455,0.0,0.0
163,4.913751550665324,0.0,0.0,3.191832135273671,0.0,0.0,0.19346108242149285,4.344206583194591,0.0
164,9.135847108608175,5.378584808066421,0.0,30.104038705644143,0.0,0.0,10.008625483480017,0.0,0.0
165,25.732125828181665,1.114335605877045,0.6541976627488566,16.219912233124177,0.0,0.0,20.863432934678315,7.22160309963283,0.0
166,7.6837318805995665,5.213453598385456,0.0,7.436771949118565,2.4714814240493297,0.0,31.321877356421368,0.0,0.0
167,12.727042297031318,2.677545531857163,0.0,13.165103218754922,17.50760528172583,0.0,12.547429318819098,0.0,0.0
168,28.079735290805274,11.90236191598143,0.0,13.18592036208247,6.654058784047322,0.0,37.164404634981736,1.7013008706541655,0.0
169,0.9066124923338066,1.5416468351215826,0.0,1.802572876569883,0.0,0.0,28.679842438186796,0.0,0.0
170,2.6305540885392418,0.32408191296357813,0.0,26.631180457946243,0.0,0.0,0.15425958752473434,0.0,0.0
171,0.0,0.5438984968529894,0.0,12.84224669255542,12.678367640167153,0.0,12.832287643949883,0.0,0.0
172,0.0,0.0,0.0,0.0,14.11960448906683,0.0,0.0,0.0,0.0
173,48.90404891414954,9.121062025991876,0.0,149.69342611659502,6.129047484376315,15.394035390780886,55.47511632856032,0.0,0.0
174,3.3107274857717073,0.0,0.0,4.2907125148175,0.0,0.0,3.309581732804503,0.0,0.0
175,22.91512555607767,4.942716938995147,0.0,6.657748240875492,0.0,0.0,5.651222832329012,0.0,0.0
176,5.400850530658943,0.2696628296070003,0.0,1.388495129127989,0.2696445409071089,0.0,0.0,0.2696445243830681,0.2696445243830681
177,0.7224293391619199,0.0,0.0,1.044468103299522,0.0,0.0,84.67217468419824,7.214687998215879,0.0
178,8.123197612373218,1.7688236558570338,0.0,1.2684318824150296,0.0,0.0,4.496062511868928,0.0,0.0
179,12.951503541615153,0.0,0.0,3.912756813715788,0.0,0.0,30.39708981641604,0.0,0.0
180,0.0,0.16749520834508758,0.31027265209684174,5.599569136831633,6.876365340602206,0.0,0.17523809762758447,7.998043711145385,0.16749489094644332
181,0.16513804628476692,1.5074782958606079,0.0,0.0,0.0,0.0,0.0,0.0,0.0
182,3.9619257870558613,0.0,0.0,0.0,10.629407625794386,0.0,0.0,0.0,0.0
183,6.888577532515171,0.0,0.0,3.558541105961268,0.0,0.0,23.525427106148413,4.999581442345857,4.999581442345857
184,16.13188968906337,0.0,0.0,15.934661223421699,0.0,0.0,20.936042687081084,4.8420613600820275,0.0
185,1.6871498037639299,0.0,0.0,1.6871498037639299,0.0,0.0,1.6871498037639299,0.0,0.0
186,13.110569064881105,0.024772336133707995,0.0,10.702741154817232,0.024772336082492075,0.0,43.73788635069084,6.314807133254533,0.024772336082492075
187,4.958211930703442,0.4529597113597674,11.40345024686789,32.9985696392545,0.43276644581032997,0.0,11.381071347999182,0.4329189591086333,0.4329189591086333
188,15.593007017688507,21.622924852792522,0.0,6.958136818662325,0.0,0.0,8.810989100019725,0.0,0.0
189,7.415602683407485,4.58370900475461,0.0,6.266008749697505,0.0,0.0,6.266008749697505,0.0,0.0
190,21.58942645828435,2.8068956287330025,2.8068956287330025,12.332874905212947,0.0,0.0,1.5891200677605752,0.0,0.0
191,17.51034605877564,0.8858345315781833,4.043920374900949,17.184474012266946,0.8526605383688093,0.0,26.82082211521316,0.8526605379694274,0.8526605379694274
192,23.86119697687596,11.206153194937002,0.0,22.728363889000406,5.0645313086536135,0.0,16.593211864502024,0.0,0.0
193,34.21429522713635,2.1027578586220557,0.0,24.176156371425748,0.0,0.0,24.756320680168955,9.608411947839045,0.0
194,1.3526275946514659,0.0,0.0,11.091719983673329,8.77562687800662,0.0,44.69846112628011,25.912166925748352,16.501727984174977
195,9.454218138818135,5.447244812148057,0.0,0.0,0.0,0.0,0.0,0.0,0.0
196,18.106848722066673,0.0,0.5072495335968767,17.82102984847546,0.0,0.0,12.610529799390292,0.0,0.0
197,7.236054691470201,0.00643769450880427,0.0,18.20456248780701,2.354258780469422,0.0,9.808074987214837,2.033067413173285,0.00643769450880427
198,17.14223001181108,16.176295904275435,0.0,12.919052185960936,8.274997138645233,0.0,17.27628293204745,0.0,0.0
199,10.531380255668438,3.5244182333104845,0.0,11.097732539554983,0.1995855863521001,0.0,32.22650564178775,2.545933983320424,3.1684410190681547
200,4.205038915819728,0.0,0.0,2.807152899714538,0.0,0.0,10.81867096056385,0.0,0.0
201,14.278358959144526,0.0,0.0,14.278358959144526,0.0,0.0,14.278358959144526,0.0,0.0
202,4.782189964195879,4.272318125293054,0.0,11.020036180180853,0.0455686141869478,0.0,3.499803760105465,0.04556861414789637,0.04556861414789637
203,8.14002536652103,0.9762080001191293,0.0,13.868709304194823,2.6724302154113957,0.0,48.315516294332866,3.3796039804849443,0.0
204,1.3006620643056408,0.0,25.345981400064375,38.487858441608864,23.884509358399953,0.0,50.14418984011479,6.13801930653878,0.0
205,20.37221478210435,6.249697743099716,0.0,16.50593987620917,0.0,0.0,10.20233473562135,0.0,0.0
206,7.697762574403356,11.811413142550379,0.0,7.988236926570806,0.0,0.0,7.2748355257645585,4.068007834853233,4.068007834853233
207,1.934990214551192,0.0,0.0,0.867590080212608,0.0,0.0,52.23017165816168,0.0,5.795290659744893
208,18.043821276958397,6.265632441775836,0.0,31.77001221382193,2.8772318130410213,0.0,36.28492914921361,0.0,0.0
209,15.367528417949586,0.3804679440525547,0.0,4.810209335093845,0.9929631607652709,0.0,4.638433769179358,0.38046788438720114,0.38046788438720114
210,16.890583950592656,0.0,0.0,25.797160416506046,7.117313446994331,0.0,26.516864515501794,0.0,0.0
211,14.459245282732553,0.0,0.0,16.27668907102486,0.0,0.0,13.898140711643748,0.0,0.0
212,18.131721109502877,0.0,1.8048864488115157,21.179226880679238,0.0,0.0,121.23172799420135,0.0,0.0
213,16.367742176740023,1.0426243166142513,0.0,25.911317740056234,0.0,0.0,13.280393331135826,2.539541002830049,0.0
214,15.073335920145752,4.185314434894281,0.0,10.143033851662295,4.9616596470031595,0.0,15.854328711302657,10.438836463039195,6.846043840702578
215,22.497345016601287,9.180171179839931,0.0,6.164201882294236,0.0,0.0,13.915979675794205,0.0,0.0
216,16.79432045314661,0.0,0.0,0.279088443882074,0.0,0.0,9.764143163820734,0.0,0.0
217,62.047392279754234,7.613996207987668,1.2524824416757383,17.781593452785188,0.3853683283899727,0.0,19.459013998260048,3.5188487674752196,0.3853683283899727
218,0.0,3.4201343312792574,0.0,0.0,0.0,0.0,0.0,0.0,0.0
219,33.553252128149865,11.2085446392785,0.0,7.966273323851965,1.3545217806415053,0.0,6.835447181388076,0.0,0.0
220,7.263581204772123,0.0,0.0,12.7538535666298,0.0,0.0,1.1662841874078822,0.0,0.0
221,25.356316058267907,0.0,0.0,63.67367406712927,0.0,0.0,29.4264072931488,16.126468626500014,2.6871187629587894
222,3.5279676212117863,0.0,7.198061231650996,0.7977480760349636,0.0,0.0,0.7977480760349636,0.0,0.0
223,14.49537427074273,0.0,0.0,29.745604331123673,0.0,0.0,3.5667625652994843,5.120006295577866,0.0
224,20.386605139719336,0.0,8.481218402943682,16.18452740195795,0.0,0.0,6.274447076488627,0.0,0.0
225,11.179528733035937,1.2736466457945994,0.0,11.17952736630619,1.2465397893012664,0.0,29.624534331083538,0.0,0.0
226,3.79197227393729,0.0,0.0,0.0,0.0,0.0,0.0,0.0,0.0
227,7.754893520468585,0.0,0.0,16.433914445886643,0.0,0.0,12.880621651312168,10.240847997959236,0.0
228,0.0,0.0,0.0,2.644873525758328,0.0,0.0,0.9496219260220755,0.0,0.0
229,20.53634618627322,0.7354397575120402,0.0,45.8218541110696,1.613439808434805,0.0,18.617647985903005,0.19386247993691086,0.19386247993691086
230,12.65063999754804,0.0,0.0,6.946655767420282,3.8952287937909205,0.0,4.9362007626741615,0.0,0.0
231,14.015092663080935,0.0,0.0,7.3795342700497315,0.0,0.0,31.597421799431316,0.0,0.0
232,2.1095474058205355,0.0,0.0,2.115933649766589,0.4922424675521029,0.0,11.60501156531791,0.0,0.0
233,18.002582885776803,0.0,4.618460299382349,7.561095621035406,0.0,0.0,13.902918462616583,0.0,0.0
234,8.935438953893765,7.389890210068643,0.0,5.40064420543905,0.0,0.0,5.4006603232813575,0.0,0.0
235,91.49480066520778,11.37564555829357,4.599861064090618,23.29636033429327,0.0,0.0,24.441007006851834,3.1421886610297634,0.0
236,5.0068046504275685,0.0,0.0,5.104999020459559,4.769346161592637,0.0,5.111122123898781,5.799857645519523,5.799857645519523
237,6.641444125810324,1.9552843443404413,0.0,24.66724176310774,9.494892676659447,1.5597783910350813,0.0,10.456737016695854,0.0
238,14.376909466503946,10.76405225761107,0.0,14.32960532307311,1.3361413030418703,0.0,23.678071305584524,6.393643069920131,3.9880435903472176
239,0.36648010553363974,0.0,0.0,5.716283665641839,2.6727663190827684,0.0,8.726772202889691,0.0,3.3340943847778135
240,13.319843454929355,0.0,0.0,13.205132733455457,0.0,0.0,15.775937988681363,0.0,0.0
241,15.118601942309795,0.0,0.0,7.845604406039257,0.0,0.0,9.209280312669762,0.0,0.0
242,6.538070551293799,1.6621770528672641,0.0,58.420632879196745,0.0,0.0,15.478893507050458,0.0,0.0
243,99.18854465341607,5.874347955058084,5.132755384566337,44.655555502362915,0.0,0.0,92.33651663714986,9.119117343941895,9.119117343941895
244,9.556595499429648,0.0,0.0,8.034749732482823,4.634324464544477,0.0,19.89580522048729,0.0,0.0
245,0.0,0.0,0.0,0.0,0.0,0.0,0.0,0.0,0.0
246,0.0,3.2273082151357357,0.0,4.799780735028207,0.21005234140693574,0.0,41.02863809014357,2.8384837782044485,0.0
247,1.7930334021170893,0.0,7.289016529771374,0.0,0.0,0.0,0.0,0.0,0.0
248,0.07151616703271202,2.0834577839163444,0.07151616703271202,0.0,0.0,0.0,0.0,0.16771107134059093,0.0
249,9.89665546157596,38.26231387518399,0.0,6.803554896528453,7.818153800947584,0.0,13.835958830247677,14.47820970684694,7.756270713697148
250,14.201463055125515,0.0,7.493777147743941,29.71971243470739,0.0,0.0,7.649472583793994,2.489277442205662,0.0
251,18.008518782121342,0.0,0.0,7.577567142246522,0.0,0.0,7.577567142246522,0.0,0.0
252,7.716707405388178,0.0,0.0,16.07534907839903,0.0,0.0,5.080492977112385,0.0,0.0
253,34.041793159773306,1.4836467335015868,0.0,21.602521571303583,0.0,0.0,50.16721789637586,0.0,0.0
254,10.46265396728242,9.231024265741894,0.0,3.225877379726512,3.3747053917279004,0.0,1.4044426273347312,0.0,0.0
255,27.003707591437916,0.0,9.240338674687763,24.142192302334763,3.1850089550560483,0.0,28.94231925410918,0.0,0.0
256,20.587689716620133,4.0746098014711265,0.0,30.00561167227127,14.11050819432677,0.0,35.50894206504509,15.878180975132182,7.266603683498602
257,0.4501177389536224,0.0,0.0,2.9837032885535564,2.454380610254532,0.0,0.0,0.0,0.0
258,1.4452327242215688,0.0,0.0,1.5164381507582334,0.618067294693617,0.0,1.4449139640732938,0.0,0.0
259,1.8938818214746789,0.0,0.0,0.0,0.0,0.0,2.052159859196422,0.0,0.0
260,11.465102373027776,0.0,0.0,20.08291655598987,0.0,0.0,10.857480276441265,0.0,0.0
261,7.756757946507491,9.319125264335412,0.0,32.8402979412586,2.0447722302332068,0.0,16.348248677052084,15.04871221402982,0.0
262,39.92478902320812,3.058888433630557,0.0,11.257558254066282,0.0,0.0,7.513612753367795,0.0,0.0
263,16.505067369091762,0.0,0.0,23.46629219362768,0.0,0.0,19.671804828307984,0.0,0.0
264,22.786668042694657,0.0,1.5762192619220343,39.91869219371753,0.0,0.0,68.6482282601174,0.0,0.0
265,4.018337753829542,2.141734718400812,0.0,13.632021221229763,4.521447798596569,0.0,0.0,0.0,0.0
266,3.6491153933429246,0.0,0.0,2.4655272336899827,0.0,0.0,2.4655272336899827,0.0,0.0
267,10.65143361398674,0.0,0.0,12.773101983391086,0.0,0.0,22.0701615718298,1.1149957937667523,1.1149957937667523
268,0.0,0.0,0.0,0.9196042543949261,0.0,0.0,0.0,0.0,0.0
269,12.977064028564342,0.0,0.0,0.0,0.0,0.0,4.402702900013992,0.0,0.0
270,10.237493886391775,3.0517860088772863,0.0,2.65196484199177,0.01738392500607233,0.0,2.65196484199177,0.01738392500607233,0.01738392500607233
271,2.8174138236603596,0.0,0.0,8.89497826058249,0.0,0.0,12.748551908411002,0.0,0.0
272,5.060911119189484,0.40211641469653614,10.048000799013806,0.0,0.4021164146964793,0.0,64.4440484260922,9.857868460542534,0.4021164146964793
273,5.426440845447871,0.0,0.0,13.074806917027473,0.0,0.0,3.98440057249681,0.0,0.0
274,13.841930193838294,0.0,0.0,17.465915796846872,10.952428070410974,0.0,11.743642668394983,0.0,0.0
275,13.950273955760906,0.0,0.0,9.307692842340686,0.9357225324376373,0.0,0.0,0.0,0.0
276,17.05684318993775,0.0,0.0,15.430004032936694,0.0,0.0,15.430004032936694,0.0,0.0
277,0.0,0.0,0.0,0.0,0.0,0.0,0.0,0.0,0.0
278,3.166909026725051,0.0,0.0,3.166909026725051,0.0,0.0,3.166909026725051,0.0,0.0
279,8.46640026798363,1.2028076505581566,0.0,9.406608410439674,0.5755188959392967,0.0,8.09052724004124,0.03976677957308539,0.03976677957308539
280,3.9592222011964395,0.7631751815023904,0.0,0.9495382104288694,0.0,0.0,11.990116181639678,0.0,0.0
281,1.0184058410691819,0.0,0.0,0.0,0.0,0.0,0.0,0.0,0.0
282,5.354074401723835,0.0,0.0,6.928569819545288,0.0,0.0,11.519657066345076,6.36476622436129,0.0
283,32.78051848620257,4.661146712665641,0.0,13.9601962554556,0.0,0.0,4.19431271014912,0.0,0.0
284,17.256640427435514,0.0,0.0,6.3782355484843265,0.0,0.0,0.704474280289304,0.0,0.0
285,18.30387283696905,0.0,0.0,18.819506353663627,0.0,0.0,17.947352068122598,0.0,0.0
286,6.218662561804393,0.0,0.0,0.18181150176914684,0.0,0.0,0.18181150176914684,0.0,0.0
287,45.223680185377646,11.132015845500973,0.0,8.054142005077978,0.0,0.0,5.562521885709401,0.0,0.0
288,7.3502746666871985,0.0,0.0,22.08588122802098,0.0,0.0,0.0,0.0,0.0
289,36.35711678233818,0.0,0.0,28.355022568568927,3.188138124512477,0.0,33.566526312770975,0.0,8.084547134361088
290,12.863123458985399,2.780476195815311,0.0,14.116493149949775,0.0,0.0,51.46058061736713,7.751414794586594,6.525631690544969
291,4.536272709871838,2.9457387364386705,0.0,10.760792927239152,0.0,0.0,5.678318469235279,0.0,0.0
292,6.6008825488428045,0.0,0.0,8.630460654442913,0.0,0.0,15.115575042899508,0.0,0.0
293,2.7075747314830494,0.0,0.0,4.639832636814532,3.4048571852071063,0.0,5.215712912554437,0.0,0.12024089659806236
294,0.0,0.0,0.0,0.0,0.0,0.0,0.0,0.0,0.0
295,14.440594330238156,0.0,0.0,14.440594330238156,0.0,0.0,14.440594330238156,0.0,0.0
296,17.019667137505053,0.0,0.0,19.936721394970192,0.0,0.0,17.134364999738835,0.0,0.0
297,59.751677077537806,12.665421826190766,2.521784946357741,33.7512637484823,1.0792117022649563,3.4795393346119567,11.806041948132645,11.652050887407029,0.0
298,35.64706038013918,2.9645775984907914,0.0,25.82432991795514,0.0,0.0,59.81744077261766,0.0,0.0
299,10.208917879202858,3.1196982504027915,0.0,19.659261624031586,1.4371597981144077,0.0,8.865931715159348,1.9193227583962766,0.0
300,25.94984111494057,0.0,0.0,149.1236493654892,6.107689216272917,11.012898478547157,26.97018392361764,0.0,3.495981892762444
301,10.63945140682904,5.846578927356461,0.0,36.53850952659718,1.2364596346095595,0.0,3.618352982142369,2.8628269630889918,2.8628269630889918
302,3.761060590253436,0.0,0.0,33.376449548071804,0.0,0.0,0.23293145387873437,40.10250599151021,0.0
303,70.21333183379866,0.9724351633560104,0.323690476645595,15.699746003762328,3.5966064737689294,0.0,14.396866365265112,0.2894674125080883,0.2894674125080883
304,32.39334391405799,3.7376379717947543,0.02941928690728446,13.407041958814148,0.0,0.0,13.893366153489694,0.0,2.4745328317517874
305,0.0,0.0,5.92340347751437,0.0,0.0,0.0,0.0,0.732789069453645,0.0
306,0.8865592844933872,7.306214162247613,0.0,9.859972666722797,0.0,0.0,3.9141880418786172,3.9467947119258042,0.0
307,25.28831004212543,1.8482538293394555,0.0,18.54227759742028,0.5981611069229302,0.0,13.919885572017137,0.0,0.0
308,0.0,0.0,0.0,0.0,0.0,0.0,0.0,0.0,0.0
309,2.227723371354614,0.0,5.033307018126862,2.3158504143001437,0.0,0.0,0.317677969139595,0.0,0.0
310,51.48538650987484,0.0,0.0,27.93439993707335,0.0,0.0,19.673581235462592,0.0,0.0
311,0.0,0.0,0.0,0.0,0.0,0.0,0.0,0.0,0.0
312,1.1245554723636815,0.0,0.0,11.819601487423,0.0,0.0,0.5839335619356802,8.523556270614392,0.0
313,0.0,0.0,0.0,4.991566533848527,0.0,0.0,0.0,3.167685945991593,0.0
314,2.221453899937501,0.0,0.0,5.897213690695224,13.805318329044667,1.272618941034409,19.188305174794067,15.736721572115016,16.04051553120709
315,1.5537710943413288,0.0,0.0,26.723018756714936,0.0,0.0,11.903652076993353,0.0,0.0
316,15.377815751939039,0.0,0.0,7.218206517078102,1.739942934114481,0.0,33.7844816743405,0.0,0.0
317,9.320366269010918,0.702732279511622,0.702732279511622,0.5413321394929937,0.0,0.0,0.0,0.0,0.0
318,34.4913869814589,0.0,0.0,45.499760680783766,0.0,0.0,37.08604289512445,0.0,0.0
319,45.494168230133056,11.311089223596383,0.0,13.411953466952411,0.0,0.0,14.749024636341687,3.582568186937351,3.582568186937351
320,2.158861877016591,0.0,0.0,2.1469862982646646,0.0,0.0,2.9188351758829754,0.23666673845553987,0.0
321,15.141154658404503,0.0,0.0,28.49529817370538,0.0,0.0,15.470452915019791,4.928423429452778,0.0
322,36.01687715674913,10.498047829836167,0.0,32.92749361868513,73.42381530990258,5.949710183718707,17.916333303950807,0.0,0.0
323,0.0,0.6726903994580766,0.0,0.0,0.6726903994580766,0.0,0.0,0.6726903994580766,0.6726903994580766
324,38.72347615807112,0.254615597763177,0.0,31.945687067795205,0.0,0.0,28.432509353616666,0.0,0.0
325,9.030816080837326,4.332006449551727,0.0,20.945784404237685,1.738649220719907,1.738649220719907,8.813820665358406,0.0,0.0
326,25.285496996319438,0.0,0.0,14.980800924001642,0.0,0.0,16.401909474609823,0.0,0.0
327,42.79384339155686,0.0,0.0,46.43143240932358,0.0,0.0,55.71927858974675,0.6745692625926267,5.601497855539179
328,43.97569955830019,0.0,0.0,22.476223760007457,0.0,0.0,20.983178888308743,0.0,0.0
329,6.943221790662022,0.0,0.0,4.476407474770269,0.0,0.0,4.476407474770269,0.0,0.0
330,9.270861402578532,0.26766729085500174,10.878995856105291,5.450400514427969,0.20803586566398735,0.0,24.643247735228044,0.2080358682833321,0.2080358682833321
331,13.935644406343101,9.090233720851245,4.184780580603217,14.130777081874243,0.0,0.0,95.46577313601554,13.792883898283549,24.460737829338797
332,10.761586101344875,0.0,0.02708834054621434,4.423952958615928,4.569348745556397,0.0,4.30210089829535,0.0,0.0
333,5.367870441091782,5.051259801013202,0.0,4.568540676248858,0.0,0.0,20.93769617993769,0.0,0.0
334,7.342358069128693,0.0,0.0,5.331913236519654,0.0,0.0,28.26653594699738,0.0,7.3855423799491575
335,0.0,0.0,0.0,4.314239044194522,0.0,0.0,14.431965613122344,0.0,0.0
336,7.272372573401782,5.867408373406022,0.0,2.6125046680011224,2.7526459215246177,0.0,6.456843506246997,10.337756926735096,0.0
337,3.7528094191004016,2.8206139575380575,0.0,3.6746432075433972,18.91597190100731,0.0,0.09031978276169639,0.0,0.0
338,2.156287069728876,0.0,0.0,2.2941754984156546,0.0,0.0,2.4310859557470508,0.0,0.0
339,5.579945756658134,0.0,0.0,24.35332218119902,0.0,0.0,5.57971683315597,0.0,0.0
340,10.999547150539371,9.948947628604174,0.0,11.929203277840571,0.0,0.0,39.817810771460586,0.0,0.0
341,16.28593634757874,0.0,0.0,30.352232793973428,1.3843516123701534,0.0,15.988692959603668,0.0,0.0
342,24.90278282156183,0.0,0.9025748723889535,9.427192005342619,0.27723403530325186,0.0,77.43930270359252,0.0,3.1845269060032138
343,10.4643859183698,0.0,0.0,4.108230157552555,0.0,0.0,4.108230148917613,0.0,0.0
344,0.41778033031664563,0.0,0.0,3.685016880892249,0.0,0.0,5.139491029663276,0.0,2.091619450834969
345,34.99295538927544,0.0,0.0,6.773941560553141,0.0,0.0,6.772832974266208,0.0,0.0
346,15.6206926278156,0.0,8.311122636791936,18.69120658632201,8.844631439284058,0.0,27.04147022702199,0.0,0.0
347,6.773412806625345,4.2168245989308275,0.0,2.7663878794530206,0.0,0.0,12.47818649357194,0.0,0.0
348,13.507985044079163,0.0,0.0,10.838963123068766,0.0,0.0,10.838639802658093,0.0,0.0
349,14.390310371017932,0.0,0.0,3.110617761420542,0.0,0.0,0.667165801899614,0.0,0.0
350,0.0,0.0,0.0,0.0,0.0,0.0,0.0,0.0,0.0
351,0.0,0.0,0.0,3.971684685354262,0.0,0.0,0.0,1.5484914160373364,0.0
352,0.0,0.0,0.0,0.5829821034965903,0.0,0.0,62.950494553081796,25.454018479422018,0.4999382048827101
353,0.0,0.0,0.0,0.0,0.0,0.0,31.2670273758647,0.0,0.0
354,16.886551123984958,0.9678573050927923,0.0,12.048901016913248,0.0,0.0,5.964654932605754,5.511198228278602,5.511198228278602
355,86.82336819245467,0.5179297901808013,0.46996790363394325,25.6351169722833,0.0,0.0,23.336053042553715,0.0,0.0
356,1.6776808704117059,0.0,0.0,1.6728222979012628,0.0,0.0,15.051747783117804,0.0,0.0
357,74.24640802139106,7.676163216324028,0.0,20.422712389136592,0.0,0.0,15.744453855679154,0.0,0.0
358,0.0,0.0,0.0,0.0,0.0,0.0,3.3053009675958833,0.0,0.0
359,9.914585634294184,2.771600051923002,0.0,6.45786671269488,0.0,0.0,6.45786671269488,0.0,0.0
360,13.205825669858086,3.240166448892751,0.0,24.5640938910972,2.6216480159375237,0.0,17.30957349971527,0.0,0.0
361,10.235709185998331,0.0,0.0,10.072207979494777,3.951588447093684,0.0,10.081702819475879,0.0,0.0
362,1.6432185802513573,5.000728966570307,0.0,13.840947380561431,0.0,0.0,2.572789456886312,3.1672304634797115,0.0
363,3.0777570873429454,11.016412524298516,0.0,1.238322939865327,0.3920052131254579,0.0,0.0,0.0,0.0
364,28.71173329888336,0.01763614948782788,0.0,9.147242865466268,0.017636149487771036,0.0,3.785932913657007,0.017636149487714192,0.017636149487714192
365,7.269728385795958,0.0,0.0,2.1432934051531163,0.0,0.0,12.763958941612714,0.0,4.271570142291893
366,11.814433822127825,0.9892147131251932,1.6999651539181286,5.759321169498548,4.978472442571444,0.0,0.39118851429259394,0.0,0.0
367,0.0,0.0,0.0,0.0,0.0,0.0,0.0,0.0,0.0
368,61.52867550192812,0.0,0.0,28.386415570227285,0.0,0.0,42.11957575643939,0.0,0.0
369,15.4835322703386,1.5535493838007994,0.0,19.171170964389887,0.3198430391416309,0.0,15.483532282464921,0.0,0.0
370,3.392297586600762,0.0,0.0,0.7792724559257636,0.0,0.0,0.15337583454652304,0.0,0.0
371,36.69488804574044,0.0,0.0,17.015916316944782,0.0,0.0,24.027617301754276,0.0,0.0
372,5.322782743941559,0.0,0.0,14.202980101961941,0.0,0.0,101.0011936443847,0.0,0.0
373,0.0,0.0,0.0,0.0,0.0,0.0,10.429851823116167,0.0,0.0
374,13.054570517252216,0.06914112790727245,0.0,2.882573804085581,0.0,0.0,10.003098146691826,0.4891695523499493,0.0
375,50.213564811584774,0.0,0.0,8.783011095445062,0.0,0.0,8.627672466704666,0.0,0.0
376,3.9617907282701026,0.0,0.0,0.5346726575394598,0.0,0.0,0.0,10.513189205915523,0.0
377,9.916367324009713,0.0,0.0,9.916367324009713,0.0,0.0,9.916367324009713,0.0,0.0
378,8.474343439829255,3.95858643990087,0.0,25.34821375043694,0.0,0.0,8.433585257663026,0.013057807402844901,0.013057807402844901
379,18.10186034659057,6.6391635013811765,0.0,22.583697671776065,3.532924572558784,0.0,14.510505289466721,0.0,0.0
380,0.0,0.0,0.0,0.0,0.0,0.0,0.0,0.0,0.0
381,2.429420944490005,1.6056188841293988,0.9675637139905007,11.695428230555365,8.477777798670843,0.0,7.134031304553787,8.489477019214348,0.0
382,26.899180008807207,0.0,0.0,18.94025420384537,0.0,0.0,10.964942665435132,2.1080562857174527,0.0
383,22.16726876970219,0.0,0.0,1.291261433790936,0.0,0.0,3.4547535546252277,0.0,0.0
384,0.0,3.33416355899368,0.0,0.0,0.0,0.0,56.04405976982025,0.0,0.0
385,12.621697557559628,0.35233691571738746,0.0,13.065859808660406,0.3521576622570137,0.0,11.13093958876783,12.918647801274972,0.3521576622570137
386,11.180062072829884,0.0,0.0,17.249275305336425,0.3746206662755185,0.0,11.172338521111556,0.0,0.0
387,16.285153409605584,0.83438271255676,0.0,11.521266706317931,0.0,0.0,1.522702626440207,0.0,0.0
388,3.8001939635855138,3.0233177687580337,0.0,2.6591292778560387,0.0,0.0,6.474452175228322,0.0,0.0
389,15.576312349862576,0.0,0.0,15.936316770083465,0.0,0.0,9.483507761217652,2.5840246087054197,0.0
390,13.43479733899676,0.0,0.0,3.598071441476236,0.0,0.0,1.8480668665620783,0.0,0.0
391,2.341764585392127,38.45480604555016,0.0,0.0,0.0,0.0,6.280045373369717,0.0,0.0
392,11.428703865238788,2.486577381469374,0.0,7.311839908124227,0.29011176587732734,0.0,18.66276608469812,0.29011176589460774,0.5097494084996868
393,0.9631530205558079,14.134227769799736,0.0,1.4023210462457314,0.132837949619784,0.0,0.8511295566704575,0.0,0.0
394,28.47521600423036,5.328403830299095,4.990549597802584,3.218806043231126,0.0,0.0,3.8459434445950933,4.927121354951623,4.927121354951623
395,34.52567567380032,13.726448570928994,0.0,60.044737312365896,0.1388940672796366,5.889687158257232,62.31222280372606,0.13889406733909482,6.063112156271416
396,104.20770935635844,2.461849286820325,0.0,30.807829285442295,0.0,0.0,30.489648866476074,0.0,0.0
397,1.7869694237274416,1.0560698811447082,0.0,3.072218654864514,2.619765804718668,0.0,0.0,0.0,0.0
398,20.418499396171285,2.916559177677584,0.0,4.873845080307348,7.571123356643852,0.0,20.14523067489185,0.7306699267393242,0.7306699267393242
399,10.561259246705362,0.9781814040576364,0.0,17.761808133996112,3.1878184383205053,0.0,7.622663144947154,0.0,0.0
400,1.5215185273440284,0.0,0.0,1.5133590052946602,0.0,0.0,1.5133590052946602,0.0,0.0
401,16.91208633876019,5.63482432801365,0.9540501431281427,9.376174426853652,0.2927120856441263,0.2927120856441263,26.56295226930942,0.0,0.0
402,0.0,3.9989258514779067,0.0,4.097829784600407,9.031537884115096,0.0,0.0,0.0,0.0
403,11.41973801119724,0.0,0.0,6.715044595393948,3.269537903357616,0.0,25.268236576006302,17.69345504252692,6.567997690830907
404,13.73640179962888,5.638972682679707,0.0,16.39212591462882,3.2011000080818235,0.0,3.67083194724475,0.0,0.0
405,14.09863278307617,1.6603553407762206,0.0,14.447202176733981,0.0,0.0,26.534284624288432,0.0,0.0
406,13.730662000485125,2.5257234991860287,0.0,3.5289091014919904,0.0,0.0,18.025300139484585,0.0,0.0
407,24.619112238937618,0.0,0.0,14.746821839820512,0.0,0.0,20.654543368465397,0.0,0.0
408,2.589601165694887,3.6792462427347346,0.0,7.556860722736474,0.18322144424854514,0.0,22.84124648743898,14.204674434625076,0.10840848340404818
409,7.933054237826951,16.436926561213625,0.5421808621466937,5.342561145584455,2.073546843838699,0.0,5.342561145584455,0.0,0.0
410,5.04433261933994,0.0,0.0,0.2491815657128882,0.4568278009313076,0.0,62.734284712658905,11.727094579519132,0.0
411,0.0,0.3022470920888054,0.0,25.060793066169737,0.30224709208846434,0.0,0.0,0.30224709208846434,0.30224709208846434
412,11.641788421025979,0.125915188565898,0.0,59.992640397223596,0.12583707613600836,0.0,8.185460161546757,0.12583707613600836,0.12583707613600836
413,4.37023453142595,6.855812251530949,0.0,25.793869591402398,0.0,2.3141109194887974,2.55426680488776,1.9495378265625618,0.0
414,4.865202770802171,0.0,0.0,1.4836202112899741,0.0,0.0,1.1400819999796,0.0,0.0
415,1.440894478334826,6.138161028314812,0.0,4.934462821250804,0.0,0.0,0.7793355669819846,0.0,0.0
416,22.29451234420887,0.0,0.0,95.73954898766638,1.8507625856284449,0.0,19.33436795814302,0.0,0.0
417,0.0,0.0,0.0,7.619821930807063,0.0,0.0,47.87230483308821,0.9674503524487932,0.0
418,8.596673319474291,1.5007449979476064,0.0,10.323290739028408,0.0,0.0,3.522285374692359,0.0,0.0
419,0.0,0.0,0.0,0.5955084379556297,0.0,0.0,0.0,0.0,0.0
420,74.5801045247236,0.0,0.0,22.66150568432269,0.0,0.0,57.897992269398856,0.0,0.0
421,0.27965474036977866,0.0,0.0,0.0,0.0,0.0,0.0,14.744774776479005,14.744774776479005
422,3.137022594992061,0.0,0.0,2.384123343806351,0.0,0.0,0.0,0.0,0.0
423,19.08765909461141,3.249868732956486,0.0,24.30304739930682,1.4911075926721082,0.0,26.345455419905022,0.0,0.0
424,1.9177309449171958,0.0,0.0,53.87738955382838,3.0168483538582223,0.0,31.66345213375672,14.656748958954267,0.0
425,20.913495933668827,0.0,0.0,25.6750717018966,0.0,0.0,12.022769841172817,0.0,0.0
426,5.353666207388358,0.0,0.0,11.897677836328313,0.0,0.0,5.075132604087457,0.0,0.0
427,33.22402719517828,3.0215661127739395,0.0,26.812824418252774,0.0,0.0,32.687524131651,18.08828557009855,5.0271895989261
428,2.224532314113418,0.0,0.0,5.3631650216563,0.0,0.0,0.8785494428545348,0.0,0.0
429,19.09764283179024,0.0,0.0,1.2974402799978861,0.0,0.0,0.28114682342754804,0.0,0.0
430,0.0,0.0,0.0,3.332693771286131,14.858246470506629,2.833978691356549,6.305023239013906,0.0,0.0
431,26.525046622569647,19.8871261206379,3.7184109727909913,66.09109448093119,8.301096141894732,0.2538309411235673,69.25671398129032,13.978928643794177,13.978928643794177
432,9.201892394964034,0.0,0.0,10.85713801869261,0.0,0.0,3.2881359105041668,0.0,0.0
433,0.0,0.0,0.0,0.0,0.0,0.0,0.0,0.0,0.0
434,2.9707882685926563,0.0,0.0,2.778683849112184,0.0,0.0,2.778683849112184,0.0,0.0
435,14.588233471430783,9.733202998230752,0.0,7.167518957995185,0.0,0.0,17.38221623932941,11.665790415485276,0.0
436,8.533323029334525,0.8772533344863405,7.047737330118423,0.0,0.0,0.0,0.0,0.0,0.0
437,13.25615034615413,0.6040273607749214,2.352915607134662,8.40250135068581,0.0,0.0,8.353084936514108,0.0,0.0
438,1.3917421480159646,0.0,0.751444178277552,0.0,0.0,0.0,0.0,0.0,0.0
439,11.493536806854877,2.944334713624869,0.0,8.240494671878508,0.0,0.0,9.846183367103038,0.24067761458252335,0.24067761458252335
440,4.746978321584066,4.854002212741705,0.21824542718979956,10.767688250811005,0.0,0.0,3.3814499674587353,0.0,0.0
441,11.777629305776713,0.0,0.0,12.079150688123832,1.0325457024214302,0.0,22.27758340908963,0.0,0.0
442,14.748900804173559,0.0,10.293019717549612,0.0,0.0,0.0,0.0,0.0,0.0
443,8.641009281334505,1.3014435598238379,1.3484331557217217,0.0,0.0,0.0,0.6153304740998351,2.5035100932722685,2.5035100932722685
444,10.922655157682868,0.0,0.0,0.0,0.13866744746707127,0.0,1.0666787758234477,3.120294646855484,2.6633649061492406
445,0.0,0.2810017609179454,0.0,0.0,0.0,0.0,5.990632234109114,10.866554037696744,3.132677337543896
446,2.9031473992356496,5.906311732214363,0.0,2.9878053964523303,0.05236469475926242,0.0,10.052639825645485,6.470905310087346,6.470905310087346
447,3.8769468083271192,0.0,0.0,0.0,0.0,0.0,5.237944657938641,0.0,12.674036626497553
448,18.760212148291316,0.0,0.0,16.733642903394212,0.0,0.0,16.733642903394212,0.0,0.0
449,0.5118392078005058,13.844186291024045,0.0,2.8309131083254044,0.22793108337197054,0.0,0.0,0.22793108337197054,0.22793108337197054
450,12.925630311645506,0.0,1.8433142815061103,14.007258112760809,4.433044988219876,0.0,9.798733985517316,0.0,0.0
451,6.554556028216581,0.0,0.0,6.551245375915045,0.0,0.0,6.551245375915045,0.0,0.0
452,1.1087020467236925,0.0,1.383785687192642,10.59340294308788,2.3774772610228183,0.0,129.80622876578914,4.023625643431558,0.6208227522362506
453,10.468901003605396,0.0,0.0,46.699149634942785,1.4518457208986888,0.0,37.64321274611797,0.0,0.0
454,82.76776615561369,0.0,0.0,27.486625064550935,0.0,0.0,23.97805244625357,6.406717085856883,0.0
455,1.8748647009782644,0.0,0.0,9.62899592045909,0.0,0.0,1.8748461091950617,0.0,0.0
456,9.763848354034053,0.0,0.0,12.630231485634056,0.0,0.0,46.87433491750511,0.0,0.0
457,2.1524903536839872,5.1800386595313626,0.0,10.878878164018232,0.0,0.0,2.942349823029815,5.4523527861509535,0.0
458,22.419866013128882,2.8670232346562443,0.0,21.206004434242317,0.0,0.0,14.225437200056831,0.0,0.0
459,3.4655188985015855,0.0,0.0,4.32445225378973,0.0,0.0,3.1360812225945267,1.980210219069761,1.980210219069761
460,13.721778557703828,2.4213117338582038,0.0,13.829984696574058,12.243755605054844,3.938255659400056,14.087081583383252,0.0,0.0
461,15.60554830843327,0.39448829025417353,0.02441847073512804,3.305944871325579,0.0,0.0,16.635874477252315,7.259354239556274,0.0
462,5.401741178465613,3.802831166444662,0.0,2.702813907683094,0.0,0.0,5.202134830728738,0.0,0.0
463,2.762296020863488,0.0,0.648610360018381,11.934090914820274,0.0,0.0,32.184881688594345,40.75639092892652,0.0
464,5.158314384460539,0.0,0.0,4.100379538346914,0.0,0.0,2.925534602952496,0.0,0.0
465,70.6835755949649,0.7049391644627576,0.43588269971255045,24.464539863530177,0.0,0.0,37.6396054203511,0.0,0.0
466,7.3761554479145275,2.3317387790456223,18.97066166604594,17.090535679305674,0.0,0.0,0.0,0.0,0.0
467,14.811718397054705,4.1409642313835775,0.0,18.918977594769785,0.0,0.0,56.58950215594095,11.533955721447796,11.533955721447796
468,1.1105166406925946,0.0,0.0,0.0,0.0,0.0,0.0,0.0,0.0
469,1.2722833910794975,0.28206057859796374,0.0,15.920975684433103,0.28206058083958396,0.0,1.076285455227719,0.28206057859796374,0.28206057859796374
470,12.9207701822599,0.9511718480400759,0.9511718480400759,19.905156401925126,0.0,0.0,12.841959812407794,0.0,0.0
471,3.162328271599222,0.0,0.0,6.822893258710508,4.514021839538373,0.0,9.222271888050642,13.335346010467049,0.0
472,11.053816772256567,0.0,0.0,6.147633260697376,0.0,0.0,6.147633260697376,0.0,0.0
473,0.0,0.0,0.0,2.6870737896900323,4.084840177729461,0.0,12.476091342191495,21.78634195704558,8.075557202113401
474,22.1373268023531,2.77308659090005,0.0,21.065288210604876,2.800855198646161,0.0,21.495446165131,15.460074040632207,15.460074040632207
475,6.375486905033512,2.796786987342216,0.0,13.300007772121091,0.0,0.0,31.501394803133365,0.0,0.0
476,4.056816523643164,0.0,0.0,3.07069282976488,0.0,0.0,0.7625739092138133,0.0,0.0
477,27.713505029641965,0.0,1.6109163340270811,6.905308676955798,0.0,0.0,30.257530498790317,0.0,0.0
478,24.64101105561579,2.114093520434494,0.0,26.98682334321356,3.0213242054915668,0.0,17.133850905065458,0.0,0.0
479,8.013031500907317,0.0,0.21128696012928572,8.515482298239192,9.460339410224037,0.0,0.0,18.45774073525547,0.0
480,3.4264008664073344,0.0,0.0,6.1272143054032995,0.0,0.0,3.4834377473190727,0.0,0.0
481,7.833838627578643,15.979160300707576,0.0,36.474080755771126,5.76333351107121,0.0,7.687572087323076,0.14287976346082587,0.14287976346082587
482,8.608890297684496,2.2074397831995043,3.509864922718947,7.781619883293217,0.0,0.0,8.233283882176579,0.0,0.0
483,2.7604319489169598,0.0,0.0,11.08546434859909,0.0,2.316784139864069,1.9081382489619898,5.201871308019008,0.0
484,40.750499331552135,1.5146592493563844,0.7598178728425182,6.614387942475389,0.09872877606977681,0.0,0.06293350471560188,0.032101694089305965,0.032101694089305965
485,0.0,0.0,0.0,0.0,0.0,0.0,0.0,0.0,0.0
486,31.80169814826644,7.784910498669888,9.191443637178594,31.71882800327353,0.016623657975799233,0.0,13.878714225844817,11.826834249172748,0.015351635909951256
487,3.3258812361788728,0.3558360776576137,0.0,6.849855791525442,0.0,0.0,5.009987569603084,0.0,0.0
488,28.390363332369958,6.098994546568576,0.0,16.758070754125754,0.0,0.0,18.41568829312115,0.0,0.0
489,21.043295576200933,0.13426748202891758,7.286807165295954,18.316559207161248,0.13426748202891758,0.0,17.7954361343146,0.13426748202891758,0.13426748202891758
490,16.102222874001114,2.5198367722031207,0.0,29.845148442691226,2.0421652614166987,0.0,9.862255358195114,0.0,0.0
491,0.0,0.0,0.0,0.0,0.0,0.0,0.0,0.0,0.0
492,7.928145496606902,0.0,0.0,7.662439143550927,0.0,0.0,7.662439143550927,0.0,0.0
493,29.984269963623262,0.0,0.0,12.83096502771619,0.0,0.0,4.189015765528268,0.0,0.0
494,0.0,0.0,0.0,0.643979185976832,0.0,0.0,0.0,0.0,0.0
495,11.595242677014824,0.2548638349334169,0.0,12.416427025088012,1.734113382160217,0.0,43.827343781975316,8.26888404731767,6.681655250996528
496,36.598475765609464,3.6035286900386154,0.0,11.318618300992256,0.0,0.0,15.150846930877236,0.0,0.0
497,15.141716839753713,0.0,5.73879473127019,11.684013468928867,0.0,0.0,11.684013468928867,0.0,0.0
498,10.190539705410373,0.0,0.0,13.916805544080233,0.0,0.0,9.990941819063835,0.0,0.0
499,25.478851950344165,67.5065964325373,6.721102057617458,17.514008476522434,0.0,0.0,24.06007404856831,0.0,0.0
500,28.261268744517594,3.0154356594701426,6.7369888814405385,35.89537288905089,12.084959866850511,0.0,13.622361095172266,0.0,0.0
501,4.970844335041107,0.0,0.0,4.958891743754037,0.0,0.0,4.959096393247478,0.0,0.0
502,0.883076876973405,0.883076876973405,25.06243644754801,0.0,4.759081689257869,0.0,0.0,0.0,0.0
503,0.0,0.0,0.0,0.0,0.0,0.0,0.0,0.0,0.0
504,0.5565671984090272,0.07156457772578051,0.6636154271614316,4.718055532556406,0.0,0.0,0.7520940302403005,4.245234357683842,0.0
505,0.0,2.0792016271895193,0.0,0.0,0.17429446423466288,0.0,0.0,0.17416153238468723,0.17416153238468723
506,42.160350874122685,0.9007540093358557,2.398352194303925,15.455399350115584,0.0,0.0,11.879987154160943,0.0,0.0
507,60.882086531464665,0.0,0.0,16.003391579384328,0.0,0.0,15.996182534535393,0.0,0.0
508,0.0,8.030764387705347,0.0,0.0,2.102540971721055,0.0,0.0,0.0,0.0
509,6.549917403547823,0.17983716798886462,0.21827703015381417,6.998096361714062,0.7749442633511876,0.0,18.434190596187648,0.0,0.0
510,0.0,0.9523199762687398,0.0,0.0,0.0,0.0,3.173175356862089,0.0,0.2126215910878102
511,31.27741610639106,0.0,0.0,16.324971953725083,0.0,0.0,13.67573596770984,0.0,0.0
512,0.3726688893489154,0.45783805828835966,0.0,0.37184870216526633,0.45783805828835966,0.0,15.199783229376266,0.47714120384819125,0.47714120384819125
513,1.5132095817257323,0.0,0.0,10.084488886691474,0.0,0.0,21.079735325741524,0.0,0.0
514,4.6641466720848825,32.444856460455554,0.0,14.949731914336752,4.8268536126054755,0.0,10.556242676658627,1.3075809369518083,0.0
515,13.42138153430335,0.0,0.0,16.94763748751535,0.0,0.0,8.843974448871307,0.0,0.0
516,17.442414263811088,1.5171487827406622,0.0,15.446529889418912,0.0,0.0,21.854481129584258,0.0,0.0
517,44.381139687307126,4.130596324929286,0.0,22.129142857974045,0.4666037607451017,0.0,10.217988060913598,0.0,0.0
518,2.5710349010255413,1.1482512297026233,0.0,2.504872673012869,0.0,0.0,13.927158635731558,0.0,0.0
519,20.059127405398158,11.911728676030862,4.38824669356012,47.73425599682949,0.33939937095402684,0.0,14.770155967297995,0.12979713733039944,0.12979713733039944
520,15.277515033943388,0.0,0.0,12.80476440654121,0.0,0.0,64.4796093477519,0.0,0.0
521,0.0,0.0,0.0,0.0,0.0,0.0,0.0,0.0,0.0
522,4.540965720374658,0.0,0.0,4.673117967439282,9.306680037177387,1.7203124435409904,3.4016017617730654,0.0,0.0
523,3.215889645433947,0.0,0.0,0.0,0.0,0.0,4.130197280868856,3.1315185770603193,3.1315185770603193
524,2.953028388988429,0.0,0.0,16.83411078846487,0.0,0.0,0.015090446498334131,0.0,0.0
525,11.21155825002225,0.0,0.8636368799659806,11.262690496709979,0.0,0.0,16.426747480595964,8.123691330921815,0.0
526,17.987340637215993,0.45289113673595693,0.20887636663778153,22.073090383470657,5.024848505392072,0.0,18.31991466414584,0.45291012117280616,0.45291012117280616
527,31.006530580181334,0.0,0.0,8.689820644831599,0.0,0.0,20.966696805850717,0.0,0.0
528,9.423706147685834,0.0,0.0,12.366989892376154,0.0,0.0,8.295622517237092,0.0,0.0
529,29.312931877095167,0.0,0.0,28.84528179578416,7.831798242771754,0.0,27.108928312002575,0.0,0.0
530,36.61653807865346,2.0242416306698487,0.0,18.134088154805113,0.0,0.0,122.37525512350257,10.338253312711402,0.0
531,5.560672369974043,0.0,0.0,30.307520604769422,0.0,0.0,17.46722942097381,0.0,0.0
532,0.0,0.0,0.0,4.2728458860693195,0.0,0.0,0.0,0.0,0.0
533,18.44117023423601,0.0,11.349274196838394,23.029593271363666,0.0,0.0,13.828084436004872,0.0,0.0
534,2.592310087745261,0.0,0.0,0.9755396580777642,0.0,0.0,0.9756478771861339,0.0,0.0
535,0.0,0.0,0.0,0.0,0.0,0.0,0.0,0.0,0.0
536,4.417926917269654,0.0,0.0,28.387966481201005,0.0,0.0,1.5480335286604259,0.0,0.0
537,10.653307848186415,0.0,0.0,6.458708769338074,0.0,0.0,3.537694102644309,3.161488598518872,0.0
538,0.0,0.0,0.0,4.4092807144615165,0.0,0.0,0.0,0.0,0.0
539,16.66680434987464,0.0,0.0,41.85043334182893,0.0,0.0,16.09126597920593,0.0,0.0
540,0.0,0.0,0.0,21.358660947481553,9.972189115979859,0.0,4.138591204875979,4.844686753599603,4.844686753599603
541,0.0,1.215803983574915,0.0,0.0,0.0,0.0,0.0,0.0,0.0
542,0.9932054920438134,0.8049644341598707,0.0,11.232380864847215,4.15475162777318,0.0,0.9894915365049712,0.2920792053135415,0.2920792053135415
543,34.84286127915996,0.7852043536460087,0.0,39.52794880258827,0.0,0.0,34.12711930022493,0.0,0.0
544,18.33380060135505,1.046773034237674,0.0,14.241548438254313,5.054367612228589,0.0,8.751495030592821,0.0,0.0
545,3.799181775517269,6.0276871148364535,0.0,3.799181775517269,0.0,0.0,3.799181775517269,0.0,0.0
546,2.040373321430195,3.158717405207142,0.0,0.13475108489370768,3.2161212287741705,0.0,12.727161879849604,0.0,0.0
547,6.320934097641953,0.787280052572612,0.0,8.180735651825842,7.253295413913293,0.0,172.76523257377366,0.4685277729724362,0.4685277729724362
548,16.712395548305466,0.0,17.94185827688665,7.381622398888965,0.7499858206803083,0.0,28.96673263139462,3.9563474450368403,0.0
549,2.412545514274427,34.14001290071488,0.0,1.0474697668416866,0.1598702316230174,0.0,1.0474697667723376,0.1598702316230174,0.1598702316230174
550,21.310994318429238,5.119242268386586,1.3902096688006509,13.003737223973872,0.5054421390069592,0.0,4.7739684425315545,0.5054421390069592,0.5054421390069592
551,12.80155201097051,0.0,0.0,5.55640953248971,0.0,0.0,5.279654766067182,0.0,0.0
552,0.0,0.0,0.0,0.0,0.0,0.0,27.07674622158379,0.0,0.0
553,47.77873184782473,0.0,0.0,12.100067361782067,0.0,0.0,13.619117165270609,1.7045402737444988,1.7045402737444988
554,0.0,0.625582745826307,0.0,25.860777948273835,0.3501912541028105,0.3501912541028105,11.010657976448528,4.002515803431606,4.002515803431606
555,4.645081833648078,0.0,0.0,0.09622969797965197,0.0,0.0,0.0,8.705474022403962,0.0
556,0.8045471214350073,0.0,0.0,6.287010573351552,1.1354535010558493,1.1354535010558493,0.0,0.0,0.0
557,13.573808208034421,0.0,0.0,12.305936887745958,0.0,0.0,11.594629871906676,0.0,0.0
558,5.587546719466502,0.0,0.0,48.72813338114278,6.687354897766056,0.0,5.480415367164312,0.0,0.0
559,1.6848199117860645,0.0,0.0,2.9824135833456182,0.0,0.0,4.843953405169657,0.0,0.0
560,3.257273709637218,0.0,0.0,3.9684125243993833,0.0,0.0,10.790101406726677,0.0,0.0
561,3.546171376069765,0.0,0.0,0.008030974351498799,0.0,0.0,0.020768162517953215,18.156487069831996,0.0
562,0.0,0.0,0.0,6.729448782203178,1.362550738921982,0.0,0.0,0.0,0.0
563,33.25132615196546,3.5514119960046173,0.0,42.642002045943315,0.5265630800410008,0.0,32.263430903958636,0.0,0.0
564,1.02758236549613,0.0,3.144664707153396,5.821445434592135,0.0,0.0,5.521894740700503,0.0,0.0
565,7.636069669157223,4.393293405115799,0.0,2.6774867487721963,0.0,0.0,2.6774867487721963,0.0,0.0
566,5.179289580474233,3.656912913272606,0.0,5.9870051647385765,0.0,0.0,0.944275929000213,0.0,0.0
567,16.86160506016867,29.72769457443428,4.545185278858867,45.786695456168644,4.864594384596671,0.0,21.742251470369723,23.79017321055045,0.0
568,42.04407794439538,6.610745326118263,0.0,28.334552753816013,0.0,0.0,48.460110431432696,7.753771687296933,0.0
569,30.519551672352378,1.7960815499595242,0.0,21.705036242888724,4.643723267035114,0.0,86.33313756301959,0.06290508349292168,0.06290508349292168
570,27.081014498038485,0.0,0.0,14.248710305408707,0.0,0.0,3.3496240155720898,0.0,0.0
571,5.038101119109626,1.6155805856739676,0.0,12.719301689074712,11.497743067017893,0.0,5.038101119109626,0.0,0.0
572,15.215391257359272,1.2806878095482261,0.0,13.213479190648343,0.0,0.0,13.213479190648343,0.0,0.0
573,0.7920356066619547,0.0,0.0,53.581384019997216,4.6955759870309635,0.0,21.23147475855953,5.568442239416527,5.568442239416527
574,27.362005473563727,0.0,0.0,25.379438096248037,1.1843790591728407,0.0,24.15383172532333,0.0,0.0
575,16.29144257303122,5.4818869730085,0.0,14.571264544473422,0.19472077198105353,0.0,12.565742553498467,0.19472077198105353,0.19472077198105353
576,4.696653933978666,0.0,0.0,3.5162852851373145,5.313791121889153,0.0,7.741562956846877,11.677747727586393,0.0
577,3.7160531529144123,3.0236037298628844,0.0,0.0,0.8436364692652205,0.0,0.0,0.0,0.0
578,12.63779275726688,0.0,0.0,10.563081354187148,3.008256285408379,0.0,7.3386067615596176,0.0,0.0
579,6.312984128233495,0.0,28.618754681960638,3.3685572852181735,0.29790749689260565,0.0,2.535520489588862,0.0,0.0
580,3.4845397857287708,0.3406374418926532,0.3406374418926532,10.270112284479097,0.0,0.0,1.585315323877154,0.0,0.0
581,68.29718269287139,0.0,0.0,41.472836565548675,1.819879994163955,0.0,23.049160802528917,0.0,0.0
582,6.679623630018966,0.0,0.0,64.1303762599592,0.0,0.0,9.446984102537215,7.565634768572295,0.0
583,35.487377685478236,17.032821549670928,0.0,30.04731334110474,2.425110437968044,0.0,13.449664258835156,0.0,0.0
584,2.907401293394855,0.0,1.648503306455126,1.9861829469957684,0.0,0.0,8.288840132098386,12.916208110305774,5.043362084840794
585,5.082076823308256,1.6457645847557956,0.0,5.082076823308256,0.0,0.0,5.082076823308256,0.0,0.0
586,20.77117785715268,0.00010146700611812776,0.0,21.290985582498223,0.00010146700611812776,0.0,19.605610761679372,0.00010146700611812776,0.00010146700611812776
587,6.262192270737614,0.0,0.0,0.0,0.0,0.0,0.0,0.0,0.0
588,0.0,0.0,0.0,0.0,0.0,0.0,0.0,0.0,0.0
589,19.781221982058867,0.031624867881362206,0.0,21.095506241132142,0.0,0.0,11.178371869908432,0.0,0.0
590,15.93426221389106,0.0,0.0,51.29366864389843,0.0,0.0,21.927092861698867,1.8340652166984341,0.0
591,4.652562584615083,0.0,0.0,0.0814720877781383,4.813417919996311,0.0,0.08147209173574765,0.0,0.0
592,0.0,0.0,0.0,2.695225972605215,0.0,0.0,84.96223652054434,3.6261804822334796,0.0
593,18.74767212438789,0.7691617657460768,4.581557165303394,2.3914814677794993,0.0,0.0,3.5363407926349453,0.0,0.0
594,8.26754642769231,0.0,0.0,53.43601462019549,0.0,0.0,12.421049644635644,2.879392934894611,2.879392934894611
595,10.653736674292617,0.0,0.0,42.15699466619154,0.0,0.0,3.214887636202775,0.0,0.0
596,13.419550809030653,5.619873445103451,0.0,16.700267273205952,2.610371867057438,0.0,19.6183906437698,3.5340092802563845,3.5340092802563845
597,16.09742166964915,0.0,0.0,13.348294101912046,0.0,0.0,20.328581833336898,0.0,0.0
598,1.9565944828456168,8.887903998348179,0.0,0.0,0.0,0.0,0.0,0.0,0.0
599,0.0,11.166741189144773,0.0,13.549124697225693,0.0,0.0,0.0,9.46796669844781,0.0
600,2.7899979523980676,0.0,0.0,15.83240696118807,0.0,0.0,2.2754478017501185,0.0,0.0
601,0.6957793788599247,2.167318261640446,0.0,12.265281942476406,0.0,0.0,0.0,0.0,0.0
602,43.88625218825027,10.813340556574019,0.0,11.21331182803874,0.0,0.0,14.741899576673433,0.0,0.0
603,15.728036916615508,0.4458552557924804,0.0,28.61599504366052,5.344007952838979,0.0,11.19387339112319,0.44585525579236673,0.44585525579236673
604,6.098318556455183,0.1812000776634477,0.0,4.178703617658556,0.18120007766611934,0.0,3.217045686938718,0.1812000776634477,0.1812000776634477
605,7.1926125532075105,0.0,5.080879004237687,28.607374742388913,0.0,0.0,23.195636170053973,0.0,0.0
606,17.608625259886765,0.0,0.0,11.704641485363538,0.0,0.0,11.704641485363538,0.0,0.0
607,16.97965445279425,6.6123712542029125,0.0,24.560243732015294,0.0,0.0,29.62247992366403,0.0,0.0
608,1.0902446391000353,0.0,0.0,0.09824576040557531,0.0,0.0,0.0,0.0,0.0
609,2.77788862559413,0.0,0.0,1.5820620737947593,1.6671990241238177,0.0,9.984872165934235,0.0,0.0
610,6.716541072599142,0.0,0.0,6.801474904651968,0.0,0.0,39.77461734027861,0.0,0.0
611,50.68017505744896,6.183341689445797,13.3165169994883,2.1691745706880567,0.0,0.0,19.31000620468174,20.72166698949826,0.0
612,6.5861556249219575,0.0,0.0,9.012436189835853,2.3417653043881614,0.0,0.5250436817003674,0.0,0.0
613,15.016782447991602,0.0,0.0,14.43662395448763,9.954679197923952,0.9823695057041277,10.970113087761405,0.0,0.0
614,3.9604709153996396,7.0620348335070275,0.0,7.79841047086822,0.0,0.0,8.391068173625058,4.059236938095694,0.0
615,3.1196098701699384,6.14112368023649,0.0,5.96762211793714,0.0,0.0,0.0,0.0,0.0
616,13.432278805930764,0.0,0.0,9.228800600534413,0.0,0.0,10.125329725654296,0.0,0.0
617,49.79620900424581,2.4684671797144233,0.0,6.956638050462487,2.669514895918951,0.0,11.162796020583727,0.0,0.0
618,7.293635945889974,0.0,0.6918403118146443,9.414468552621344,0.0,0.0,10.646678286724011,0.0,0.0
619,36.842572490576856,1.9422776302500893,0.0,37.12983620114275,9.243788225572757,0.0,121.7408203334885,59.30893903632091,6.055535571622613
620,10.711692842490237,0.0,0.0,10.792573341290904,0.0,0.0,8.688653021426433,0.0,0.0
621,0.0,5.8753282085170895,0.0,0.0,0.5893436258061229,0.0,4.59279148953911,0.5893436258061229,0.5893436258061229
622,52.65876761620956,3.828582330370409,0.0,9.745393197776622,0.0,0.0,9.745261448096045,0.0,0.0
623,44.11665402314614,8.95513621737075,10.357857259550883,50.125675284372875,4.375272084114954,0.0,99.12013471673254,0.012370078754486258,0.012370078754486258
624,26.812197557401447,0.0,13.193994540345471,41.92500391028298,0.0,0.0,22.74498854949664,0.0,0.0
625,0.0,0.0,0.0,0.6355520646344814,0.6355520646344814,0.6355520646344814,0.0,0.0,0.0
626,18.674606791557864,0.18139977367502524,0.0,11.787803767453,0.18139977367502524,0.0,11.787783992637344,0.18139977367502524,0.18139977367502524
627,9.321696966181179,7.2555409302712235,0.32638267054429093,0.0,0.5004479609085593,0.0,1.1314733738055338,0.5004479609085593,0.5004479609085593
628,9.478289953496073,1.5375372925897182,0.0,26.498495340280442,3.1979400950279455,0.0,8.622395277106563,2.3140481762468994,2.3140481762468994
629,16.59788123315832,0.0,0.0,0.0,0.0,0.0,0.0,0.0,0.0
630,6.341791762730168,0.0,0.0,6.341791762730168,0.0,0.0,6.341791762730168,0.0,0.0
631,0.724881904404441,0.0,0.0,1.531537987724704,0.0,0.0,0.0,0.0,0.0
632,13.02160285066958,0.0,0.0,11.030802767823388,0.0,0.0,11.030802767823388,0.0,0.0
633,8.247339186654585,0.2081360071743461,0.0,88.36938728183284,0.0,0.0,3.5884500186694197,0.0,0.0
634,7.85434098741672,1.0851020500642221,0.0,5.322434575260331,0.0,0.0,4.084413848857764,10.808595672431409,10.808595672431409
635,26.05373609469453,0.0,0.0,24.9171584437116,0.5682432311816115,0.0,18.80057838273399,1.6639093279210897,0.0
636,27.419677173322782,8.54829343484073,0.0,24.94486756028681,1.5471472931312178,0.0,13.176027303679945,0.4945848707750997,0.4945848707750997
637,13.88552884407892,0.0,0.0,0.0,0.0,0.0,0.0,0.0,0.0
638,24.082377644676228,0.0,0.0,9.004309174505067,0.0,0.0,28.881990401335514,0.0,0.0
639,10.936630345959884,0.0,0.0,12.276160011238147,0.0,0.0,186.92970610561594,0.046605072077227305,6.850779132153036
640,62.184552819931326,0.48569429187813284,0.0,74.67948921102212,0.0,0.4939110847362258,23.4366358998748,0.0,0.0
641,23.10796100479658,0.0418624270354826,0.0,105.17768397578652,0.9538252100068121,0.0,22.313035432767492,3.1306059787713707,0.0
642,6.820292662892427,0.0,0.0,0.0,0.0,0.0,0.0,0.0,0.0
643,25.468489227095176,0.0,0.0,29.143565557205847,0.0,0.0,26.183121022828487,0.0,0.0
644,14.147154942651355,0.0,1.9771918494514864,11.478927339771047,1.626349652290628,0.0,13.232107095892871,4.136005265458209,0.0
645,5.322436833875173,0.0,0.0,8.127604830328693,0.18534658680988514,0.0,23.32842567658915,9.142418225755932,0.0
646,12.324561044851492,6.986683246348036,0.0,8.866816935170277,0.0,0.0,15.179856697112882,3.0721131231042307,0.0
647,3.3886643266700958,16.80279740168055,0.0,4.49146396381434,9.692932252356286,0.0,4.6917497912719455,0.0,0.0
648,7.882440836548483,0.0,0.0,8.612962052048033,3.599839313755126,0.0,18.798089089137818,10.311823176574194,0.0
649,8.319758820249149,0.0,0.0,13.727850811028077,0.0,0.0,7.5178328602968065,3.4549763194263505,0.0
650,10.879852582354943,0.9359589639436479,0.0,6.109165228956215,6.946153737059092,0.0,2.756360421328111,0.0,0.0
651,0.6297644676525351,0.0,0.0,0.6293775604240182,0.0,0.0,0.8191738756231075,0.0,0.0
652,0.0,0.0,0.0,6.335906945667432,0.0,0.0,11.299087179469154,0.0,0.0
653,0.2564207620685579,0.0,0.0,1.656993647184322,38.38192002063812,0.0,0.2564207054469989,0.0,0.0
654,2.7634690340807992,1.7197615293740114,0.0,2.467082725785758,5.084960270751424,0.0,28.98240936267328,23.324670320233167,21.099441575106255
655,0.0,0.0,0.17904971036017514,2.371070576522243,0.0,0.0,30.27300807183056,0.0,0.0
656,0.0,0.0,0.0,0.0,0.0,0.0,0.0,0.0,0.0
657,62.408537879659946,0.0,14.627897490513163,0.11864435821630082,0.0,0.0,0.40881229372104144,0.0,0.0
658,6.33748063792487,0.0,0.0,4.980681384941846,0.0,0.0,0.0,0.0,0.0
659,4.351921785440084,11.845868397652907,2.2348866320674006,8.98755726449889,0.0,0.0,4.054042049979785,0.0,0.0
660,23.441413364879452,0.0,0.0,15.03309774793675,0.0,0.0,14.7665455374067,0.0,0.0
661,15.355261985955337,7.341960520016528,0.0,18.27298933606218,14.220583772388181,3.9071384860304192,6.203340621967641,0.0,0.0
662,24.84319284785056,0.0,0.0,27.264177664938273,0.0,0.0,27.232618094605783,0.0,0.0
663,1.7111267073153726,0.0,0.0,18.756780146199986,0.0,0.0,3.326239219100131,3.442747005329352,0.0
664,8.03867402063517,5.432612148387932,0.0,15.604968958499484,0.4555228659514796,0.4555228659514796,111.39947038984835,2.776155843634342,2.776155843634342
665,13.488926805376195,0.0,0.0,12.248745069532163,0.0,0.0,12.248745069532163,0.0,0.0
666,14.39501899724715,0.0,14.58304505389708,15.868304934769725,8.03590432026391,0.0,6.039453452091351,0.0,0.0
667,0.0,5.670779300611002,0.0,17.037180556727662,1.2470218374923547,0.0,6.820647211257153,2.128256875800332,0.0
668,2.8671441842491276,4.148990913315913,0.0,11.873035963528537,1.0020877724691672,0.0,1.474731865476997,0.7442662174686347,0.7442662174686347
669,0.0,0.0,0.0,0.0,0.0,0.0,0.0,0.0,0.0
670,7.0180994629029385,0.0,0.0,6.373663201217681,0.0,0.0,18.200805371176273,0.0,0.0
671,13.33841493643942,0.0,0.0,10.859365370752698,0.0,0.0,10.017102814760932,0.0,0.0
672,12.970802743189978,0.0,0.0,6.996426656551876,0.0,0.0,0.0,0.0,0.0
673,7.474967826950746,0.0,0.0,16.546644465715758,2.815149329936162,0.0,26.67655952819436,0.0,0.0
674,10.272866737386806,0.0,0.0,10.591383318112406,0.0,0.0,22.590876738961555,2.2172239689624575,2.2172239689624575
675,1.1139527176834179,0.0,0.0,9.123946374347213,0.0,0.0,0.28304562159976854,0.0,0.0
676,22.354036924531982,0.0,0.0,5.394408085254923,0.0,0.0,52.99552149652027,0.0,0.0
677,35.64044349360233,1.7203863200888918,0.0,14.570544426885476,7.522505714079898,1.0298311715589534,15.514108291303643,0.0,0.0
678,17.242689858637362,0.39917421433463574,3.844429224885147,11.990473969679442,0.0,0.0,17.725421191725445,9.61711318734973,6.55699651674405
679,21.098506834280272,0.8286204248361173,0.0,51.40377976235061,1.622295888560643,0.0,13.710512284077907,15.019129750161198,0.0
680,0.3499860843841134,0.0,0.0,2.0729092593634277,3.412745766834689,0.0,0.33732636786538706,0.0,0.0
681,16.37618936871783,0.0,0.0,13.487230277778707,0.0,0.0,13.487230277778707,0.0,0.0
682,0.5681509593741225,4.118297650089744,0.0,14.007905848254069,6.169304782756001,0.3486334167455425,2.54706605289806,0.0,0.0
683,0.6740069203984831,0.0,0.0,0.6963038052592765,0.0,0.0,1.7792079026479541,21.235184566921987,21.235184566921987
684,14.953563103214947,0.0,0.0,14.441477794506085,0.0,0.0,34.53684410510601,0.0,0.0
685,1.7420414409548357,0.0,0.0,0.0,0.0,0.0,0.0,0.0,0.0
686,3.0598948775679276,2.0818139071267012,2.0818139071267012,0.3333642246279567,2.1352040207143546,0.0,0.31337576781663756,0.0,0.0
687,12.66236038478064,0.0,0.0,25.64746432959862,0.0,0.0,47.814083856393296,9.687876555756532,0.0
688,48.039604441371324,1.6529967639822587,0.0,14.281024453090367,0.0,0.0,22.288380659636175,2.9005714863707794,2.9005714863707794
689,10.7062772666537,2.1309099306444637,0.9197430572871212,8.59866565628164,2.6155909038020297,2.6155909038020297,13.557952833682606,0.0,0.0
690,17.870553514129142,0.0,0.0,16.791776201080097,0.0,0.0,16.791776201080097,1.2502664964360406,0.0
691,12.440305516734355,1.3620585728777996,0.0,19.861042615035444,0.0,0.0,7.893352563030334,0.735070704183272,0.0
692,21.71139186410869,5.765669891123423,0.0,14.993975951356703,0.0,0.0,10.587723904935388,0.0,0.0
693,17.193976231326815,0.0,0.0,11.382415250904813,0.0,0.0,11.833271809430613,0.8562415754187214,0.8562415754187214
694,36.11497176525077,27.819202337242302,0.0,10.458344945989438,2.522527882610632,0.0,6.343650453408486,0.0,0.0
695,3.9868946445729705,2.0349815040278827,0.0,44.3760127370565,0.0,0.0,2.0028441816991176,0.0,0.0
696,5.907121037242916,0.0,0.0,54.47735257866691,0.0,0.0,8.700690648720098,6.1167476510566985,0.0
697,13.492396457811452,0.0,0.0,13.492396457811452,0.0,0.0,13.492396457811452,0.0,0.0
698,13.249365658855993,1.4991106873039257,0.0,1.3638356582034135,1.4753946510355718,0.0,5.267624481113728,0.6181772502052922,0.6181772502052922
699,2.9192296687418207,10.132996444522746,0.0,46.04332649667296,0.05919111618538864,0.0,7.8322873162935025,5.636020214412497,5.636020214412497
700,2.1885413721112172,12.229945594021387,1.6780479553943621,11.692159729156344,0.21101385637774683,0.0,0.1829509149168871,0.0,0.0
701,16.6400379671029,0.0,0.0,7.942937266815221,0.0,0.0,7.942937266815221,0.0,0.0
702,14.97764095964149,14.753441962390866,3.763496403250059,1.3592875109548004,0.0,0.0,15.971331261700755,0.0,0.0
703,34.338574785313114,0.0,0.0,12.447484180364711,1.7759237019665761,0.0,6.2144237099023485,1.96912075784104,0.0
704,12.06514485584421,1.3914284106269292,0.606947843920409,3.65298216523405,8.869783624210527,0.0,3.643757648493306,0.4126292835493359,0.0
705,11.09691932455604,0.0,0.0,3.5486963970212173,0.0,0.0,2.327202664699456,0.0,0.0
706,46.90406680427938,0.07783797271264348,0.0,41.37545007449887,0.07783797270406012,0.0,33.830809252006674,0.07783797270406012,0.07783797270406012
707,0.0,0.0,0.0,0.0,0.0,0.0,0.0,0.0,0.0
708,12.470415539961863,0.0,0.0,13.605022784274325,5.461716700047077,0.0,21.536150610386244,2.577326921761255,0.0
709,39.416934219422046,13.239547924897948,0.0,63.729391456736465,0.0,0.0,10.577792768243228,8.213441726413123,0.0
710,8.89884641565422,0.0,9.76797226611987,56.516218134134164,4.079449990555133,0.0,3.3083578933364777,0.0,0.0
711,6.3589697232064,1.219476613954214,0.0,17.824433221219607,2.797484037735387,0.0,5.316935584883083,1.219476613944039,1.219476613944039
712,5.733739425117136,0.0,0.0,4.68076636240454,3.143285585926492,0.0,1.5141732766985854,4.117212692510577,0.0
713,1.3882108494723298,0.0,0.0,0.04468921008844973,0.0,0.0,3.756909542411222,0.0,0.0
714,6.262697285734106,0.2103071745325451,0.2103071745325451,7.174214610255717,0.0,0.0,3.625981237251608,0.0,0.0
715,32.546992336063994,3.8472538642500353,0.0,13.66875171921393,0.0,0.0,13.68819194536286,0.0,1.223815445476049
716,21.512415091058557,0.7311026224016928,0.0,3.7946847940744988,0.7311026224016928,0.0,14.270609015799835,0.7311026224016928,0.7311026224016928
717,7.6607066722303045,0.0,0.0,18.289298088027152,0.0,0.0,8.141857426598392,0.0,0.0
718,0.33760310392290194,0.0,0.0,1.7962568816898568,0.0,0.0,0.0,0.0,0.0
719,1.8514771530681742,4.434750036601088,0.0,6.627570843914157,0.0,0.0,1.8514771398927792,0.0,0.0
720,24.319210782550243,0.0,0.3354021007587278,29.47722822029388,0.0,0.0,13.122427522669597,0.08208049390179895,0.08208049390179895
721,57.17356632566941,0.0,4.152480046519827,19.988448579964,5.002749638576461,0.0,31.03376258918783,0.0,0.0
722,15.84070022887937,4.348144995717405,0.0,1.7218553256473683,0.052777536321571006,0.0,13.738267005294176,0.0,0.0
723,0.13041080421430706,0.2822089839357318,0.0,1.120535174206168,0.0,0.0,0.0,0.0,0.0
724,21.127213118348834,2.1662233574399465,0.0,8.227379126059304,0.6154537388356403,0.0,4.847989352476247,0.6154537388356403,0.6154537388356403
725,50.55600721033767,6.446745941189192,0.0,29.536621488780412,4.981531782386867,0.0,173.38242925005204,12.844113050063811,12.844113050063811
726,9.033580082694243,0.0,0.0,12.59100087815159,0.8858764283717164,0.0,8.55018256112919,3.417117591668955,3.417117591668955
727,0.0,0.0,0.0,0.365399465044959,0.33604109138462945,0.0,0.0,0.0,0.0
728,4.722667120688698,3.369987280402654,0.0,4.386925984470622,1.331894443489091,0.0,21.7679074215755,5.382399618171348,0.0
729,4.110524186661962,0.5898405320346569,0.0,0.22850272711849584,0.0,0.0,0.2297182909370008,0.0,0.0
730,7.665657813655486,2.509698374071206,0.0,36.90855761667572,4.319310541749076,0.0,5.266736916721754,6.774521731842299,0.0
731,23.729231028564243,0.0,0.0,82.43311480007159,0.0,0.0,16.023847319308572,0.0,0.0
732,2.7184424558013234,0.5335740539853191,0.0,2.387255830866252,5.460313250695037,1.451928791185935,11.511280130064108,10.05527455317258,0.0
733,5.979455868729133,0.0,0.0,19.103668027311187,0.0,0.0,1.4661629894849852,7.306650037839859,7.306650037839859
734,0.0,0.3800376817802089,0.0,0.0,2.6978751337900917,0.0,0.0,0.3800376817802089,0.3800376817802089
735,15.760527326803214,0.0,0.0,17.346418321820465,0.0,0.0,13.314643002427943,0.0,0.0
736,13.200832719534219,0.06745160327938038,0.0,6.991693930658386,0.0,0.0,6.576754695413371,0.0,0.0
737,3.910283210782211,6.032304691204274,0.0,1.6986172690828027,0.0,0.0,4.590113552542164,0.0,0.0
738,0.765503684225763,4.218018264086481,4.508624020680031,10.774015306100495,0.253851151047229,0.0,0.0,0.0,0.0
739,0.56635513438016,0.0,0.0,14.91172172063088,0.0,0.0,9.449587306726073,11.123583898595655,0.0
740,9.788766874322675,0.0,0.0,1.3987533650715136,0.0,0.0,1.3987533650715136,0.0,0.0
741,4.853458076957509,0.8377964921213561,0.8377964921213561,11.609363776883498,0.0,0.0,3.078867095914916,0.0,0.0
742,17.94054582181454,0.0,0.0,15.867068988306528,0.0,0.0,15.874778850206923,0.0,0.0
743,12.354405459196073,0.0,0.0,14.063044467727366,6.845346207435227,2.3308281230079047,28.071183313857972,1.2375609291634646,1.2375609291634646
744,24.33742392995086,1.0775066823069324,0.0,17.777882275670464,0.23641455963672797,0.0,17.777882275670464,0.0,0.0
745,46.53563219352449,11.421167022152815,6.956582880458569,62.22028557080179,0.0,0.0,21.548692400831584,0.0,0.0
746,0.0,0.0,0.0,0.0,0.0,0.0,0.0,0.0,0.0
747,13.98925822667536,2.0113231813081143,0.0,10.897071045823395,0.0,0.0,10.897071045823395,0.13948589797644217,0.0
748,0.0,0.0,0.0,0.0,0.0,0.0,0.0,0.0,0.0
749,11.581909720824115,5.196649151963015,0.0,8.665333098429073,0.0,0.0,8.664552803736115,0.0,0.0
750,9.01981982910246,0.0,0.0,9.01981982910246,0.0,0.0,9.01981982910246,0.0,0.0
751,4.459297708441142,0.0,0.0,13.425014792566714,8.742807766490046,0.0,9.16788858161408,0.0,0.0
752,29.254853040166722,5.957870633189373,0.0,13.096981108157706,0.0,0.0,65.33533980852553,11.968797435010629,0.0
753,4.578823095531902,0.0,0.0,0.0,0.0,0.0,20.227139068039833,0.0,0.0
754,35.83264929917189,0.0,0.0,6.625554844894253,0.0,0.0,6.37959146541931,0.0,0.0
755,17.65562560971273,3.959858834615204,0.0,66.89673828837351,0.0,0.5262110269014215,26.13199266671026,0.0,0.0
756,7.117979593910519,10.077724694273314,0.0,9.38236783158925,3.1745918868327294,0.0,13.415814795409744,17.790076893673756,6.234904504595534
757,52.89378473586157,0.6300568977973171,11.535192869219827,33.401386893254454,0.0,0.0,31.47082409703748,7.151618319007127,4.902202981289349
758,1.1337175199789442,6.940357207973761,0.0,0.5078230090688862,0.0,0.0,0.5078230090688862,0.0,0.0
759,0.5875256166268059,5.150282042188621,0.0,0.317391414279399,0.0,0.0,0.0,0.0,0.0
760,73.9132084687491,0.11554448899451586,3.461626623222088,54.73855415072879,0.07517675616998076,0.0,22.27466054330523,6.402421034185238,6.402421034185238
761,17.91511903832881,0.0,0.521229105924192,4.227237701047784,0.0,0.0,43.87248203091815,3.319080960756935,0.0
762,4.308889991849128,6.7992729325087,0.0,3.4358821572056684,3.8726137299551624,0.0,2.9124345006216004,0.0,0.0
763,7.9248093582395995,0.0,0.0,2.305843274729966,0.0,0.0,11.040536832783346,0.0,0.0
764,8.343795023270474,1.5717819862595945,0.0,15.967704568485573,0.0,0.0,0.0,0.0,0.0
765,18.9500990548282,0.5710939082583195,0.0,3.182878642033643,5.449983071098529,0.0,0.0,0.5710939082583195,0.5710939082583195
766,21.77026676327654,3.0166148118869955,0.0,27.488542182534474,0.12231425762848858,0.0,16.975976608544073,0.0,0.0
767,0.0,0.0,0.0,0.0,0.0,0.0,0.0,0.0,0.0
768,4.972186978948002,3.996381388870816,0.0,1.7682304468560233,0.0,0.0,0.9933078718688648,0.0,0.0
769,2.7240051772619154,3.779192913145266,0.0,1.4483684926202045,0.0,0.0,0.0,0.0,0.0
770,2.705071249964135,0.0,0.0,4.905814806866886,10.294285332889842,3.2963118996113963,23.380741846343824,0.0,0.0
771,14.063714227297169,0.0,0.0,43.5982763758652,2.016980134867424,0.0,9.993579110671789,29.290484462394545,0.0
772,14.80408366623169,2.094190007167242,0.0,22.423604918140597,0.0,0.0,5.895679030537764,0.0,0.0
773,0.0,0.1973090008477243,0.0,27.85495709417907,1.514701879472966,0.0,92.26771815740403,0.1973090008477243,5.281013933574457
774,13.432398132645602,2.560046244882983,0.0,13.167695165592335,1.213725632622868,0.0,13.451453320871053,17.91971304243134,0.0
775,18.67672937642402,1.4511906949885542,0.0,8.22728059700134,0.0,0.0,34.28010946860155,0.0,0.0
776,4.267064731695257,5.508372238065078,3.366956250851729,2.741942128906743,0.0,0.0,0.6488784885028736,0.0,0.0
777,18.378080764295788,0.002706053318945578,0.0,45.53975640689737,0.0027060640385343504,0.0,109.61660390527209,2.452968153760537,0.0027060519195174493
778,1.0048176649747802,0.0,0.0,4.4375964755348605,0.0,0.0,9.538848380922218,18.52740457013533,5.801851258275178
779,35.58819599068272,0.0,0.0,42.73331223679847,0.7717152654483357,0.0,11.96958958135258,0.0,0.0
780,20.89445554119544,2.8641435575438265,0.0,14.120107574889175,0.0,0.0,9.594986508722286,0.0,0.0
781,47.97620911040926,0.11131445562830322,0.0,38.57824796349567,0.0,0.0,57.182998056427664,0.0,0.0
782,0.6425347690853016,0.0,0.0,0.6425347690853016,0.0,0.0,0.6425347690853016,0.0,0.0
783,20.66008498973983,0.0,0.0,26.877522994361044,0.08112369292211952,0.0,16.914394080557912,0.0,0.0
784,40.146968908027844,0.0,0.0,16.699553928938542,2.9045538261123056,0.0,9.038453700047143,0.0,0.0
785,19.554999046213766,0.0,0.0,17.15693146254617,0.0,0.0,24.88235794964129,0.0,0.0
786,56.03723202631187,4.111200385403066,2.377121820883559,9.079606242424148,0.0,0.0,27.581508703453693,0.10570895532117675,0.0
787,25.888928527093015,3.7888680027666624,6.29319736930907,16.88338279000152,0.21001261002334104,0.0,6.926579411445573,0.21001261001691773,0.21001261001691773
788,9.518904398525166,2.674037113657903,0.0,12.599791949267455,2.698005849582046,0.0,31.092324379946007,0.0,0.0
789,2.4946250250599746,0.8263991253778897,0.0,6.456690550005135,2.463205743458502,0.0,1.371849838310908,0.33572907548517605,0.33572907548517605
790,4.607825508652979,0.7324418000744686,0.0,7.258786678063956,0.7323927352168198,0.0,0.0,0.7323927352168198,0.7323927352168198
791,7.470519426625174,0.0,0.0,8.42367937782629,0.0,0.0,5.248044020952449,0.0,0.0
792,32.92600003903223,0.0,0.0,18.085571340775772,0.0,0.0,9.04895228620461,0.0,0.0
793,11.745013475103349,0.0,0.0,9.960966555344925,2.7284401296516876,0.0,108.61297836842573,2.457535333285307,2.457535333285307
794,22.356847029946806,3.174105356299492,0.0,17.71367186777522,0.7743029288363914,0.0,17.71367186777522,0.7743029288363914,0.7743029288363914
795,18.071407244741607,0.0,0.0,8.435817535486024,0.0,0.0,8.015479386831458,0.0,0.0
796,13.076687830368286,4.702018943195185,0.0,3.0491233236514006,2.0060671525592966,0.0,5.050528244962152,0.42325433952873937,0.42325433952873937
797,0.0,1.337925659764153,0.0,0.0,0.0,0.0,0.0,0.0,0.0
798,0.965928032652414,0.7288004028069963,0.0,21.250185223063568,1.5349473949914625,1.0008172028194338,33.254484065220026,0.0,1.08150240023798
799,12.506632263654097,4.228680869945094,0.0,16.447084047519382,0.0,0.0,11.689644173624146,0.0,0.0
800,0.0,0.0,0.0,0.0,0.0,0.0,0.0,0.0,0.0
801,4.418837535227766,1.2933141220017887,2.952856534290788,2.979396180024196,0.0,0.0,0.6767585139347432,0.0,0.0
802,0.0,0.7104271016465304,1.5107191854259838,9.434704125255394,0.7104271001101097,0.0,13.379932084187118,0.7104271004049565,0.7104271004049565
803,51.830886902512106,0.0,0.0,25.36520960707196,0.0,0.0,10.813969067529598,0.0,0.0
804,45.6457053365755,0.0,3.398935827331229,25.30767284653308,0.0,0.0,4.414399441879397,0.06372375601836211,0.06372375601836211
805,17.98341484100817,0.0,1.5667357064019143,77.58005412908926,0.0,0.0,11.714615301651264,0.0,0.0
806,40.519051325603186,7.681503452791787,6.906879842352765,6.4291778188628825,1.3341031146960063,0.0,17.344268441324573,0.0,0.0
807,7.128152576419836,4.069733119776117,0.0,3.7075743437683855,0.49230491628742357,0.0,3.696726500893135,0.0,0.0
808,0.0,0.0,0.0,17.50750789641728,0.0,0.0,4.807968888548174,0.0,0.0
809,86.60928554281134,0.0,0.0,8.091298141279424,0.0,0.0,8.065356767598246,0.9668675061205931,0.0
810,10.53693431079381,25.45328387602069,1.8819580368595439,0.0,0.0,0.0,28.400605221912258,41.07262749355067,7.192831838248935
811,25.57448547139839,0.0,0.0,22.663706194293468,0.0,0.0,10.018527121147514,0.0,0.0
812,8.392893287272472,6.669376707669187,0.0,67.06561428674499,0.23785356728086526,0.0,32.36543337237555,33.49062411200762,0.23785356728086526
813,5.541203457175925,19.4134485271847,0.0,6.602041043839762,0.2737487712456641,0.0,34.92065677286166,7.968161453418816,0.27397857104278955
814,5.5873768472269205,0.0,0.0,3.549243426365763,6.088826885891592,0.0,25.832214832690113,0.5679481773026396,0.0
815,8.949449664245861,6.07375579103666,0.0,11.063662855858581,0.7014264201280866,0.0,13.411778639144273,0.0,0.0
816,12.430829280954924,0.0,0.0,33.51083705269966,0.5675815202583863,0.0,2.8533905234071995,0.0,0.0
817,0.9091961592151279,2.7867518803655003,0.0,23.88196153183685,0.625936424031238,0.0,0.0,0.0,0.0
818,5.553246891287785,0.0,0.0,8.570478142479828,0.0,0.0,5.166530465922818,0.0,0.0
819,9.626360607375858,0.0,0.0,65.28484596501553,1.9342593465312916,0.0,19.66737357789455,0.0,0.0
820,6.966659139773014,0.0,0.0,0.0,0.0,0.0,0.0,0.0,0.0
821,10.512029002142441,0.0,0.0,26.910455259373094,0.0,0.0,10.5120289846233,0.0,0.0
822,13.154347141824246,0.0,0.0,13.719993541100735,0.0,0.0,9.60582188136965,0.0,0.0
823,11.670077903221085,11.139118801466054,0.0,11.577092751102128,0.24242735825589534,0.0,11.577092751102128,0.24242735825589534,0.24242735825589534
824,0.0,4.712271905748082,0.0,2.4687462524942703,0.0,0.0,0.0,0.0,0.0
825,5.930699293600583,1.0391001075165036,0.0,0.0,0.0,0.0,0.0,0.0,0.0
826,15.199440412350356,2.789086815107055,0.6776629643026411,45.83429536067359,5.815677284083563,0.0,0.0,0.0,0.0
827,0.0,0.0,0.0,0.0,0.0,0.0,0.0,0.06407254090976267,0.0
828,8.702756516579456,0.0,0.0,2.536550855077195,0.0,0.0,2.536550854434637,0.0,0.0
829,2.7593790522659276,0.0,0.0,2.929457191762708,1.8793927147225986,0.0,31.098899922353013,0.0,0.0
830,10.04959170214272,0.0,0.0,4.3567526698829795,2.5879490481207483,0.34796416476311265,9.120635929916318,10.929678051266592,0.0
831,16.0797615650674,0.0,0.0,4.084910369475779,2.93473668943102,0.0,2.5215175063100617,0.0,0.0
832,18.620238245148812,4.9014544694069855,0.0,8.342597073476384,1.0837298967848028,0.0,26.430584255291535,0.0,0.0
833,1.2844516063350682,0.0,0.0,2.475563053468136,0.0,0.0,1.2844516063306628,0.0,0.0
834,34.53109767488874,7.184818420869021,0.0,12.483240684379666,3.2152669069068907,0.0,25.38959342748359,0.0,0.0
835,2.333599169304023,0.0,0.0,2.333599169304023,0.0,0.0,3.087975166005208,0.0,0.0
836,22.48498924436987,3.917490557859935,0.0,5.448422984752057,0.7491999431273371,0.0,8.95597592139282,21.164761568263998,0.0
837,4.479984464944238,0.0,0.0,6.238791714573637,0.0,0.0,14.456741887380105,0.0,0.0
838,22.64677079950664,0.0,0.0,34.4749208177513,0.0,0.0,18.852649590838666,0.0,0.0
839,30.077828277523253,10.960973089595143,0.0,24.91083321889957,2.5729886648840647,0.0,25.825222679685908,4.111637384144387,3.7851439933137385
840,23.439551358171713,0.0,0.0,19.30409951246517,0.0,0.0,25.585625733102745,0.0,0.0
841,69.99002278522741,3.199292802672005,0.0,16.302595469795108,5.324319556319267,0.0,139.2778305346789,0.0,0.0
842,12.756018719657078,3.3516916996045154,0.0,97.66345687125269,0.0,3.940915803886014,6.051575354734354,40.07932872541616,0.0
843,0.0,0.0,0.0,0.0,0.0,0.0,0.0,0.0,0.0
844,13.271212704769937,5.596959492985661,0.0,12.644303186197021,0.0,0.0,12.644303186197021,0.0,0.0
845,21.153510740897616,0.0,0.0,10.850665528958757,2.757136598587749,0.0,3.419707061704571,6.786754722092837,6.786754722092837
846,10.492624026518712,22.19248933368607,2.8111785146334114,4.447217197232078,0.058362076702621835,0.0,17.274281395852483,4.107629481178492,0.058362076702621835
847,8.579441742351577,2.580516854412849,0.0,18.204226290110483,0.0,0.0,72.12758946056093,1.2498864190499717,15.819638981910515
848,7.9974175404922505,0.0,0.0,6.970856658394723,0.0,0.0,6.993666345546842,0.0,0.0
849,5.0007455359545645,2.9834284617527373,0.0,5.184712018557548,0.0,0.0,82.72411810929165,0.0,0.0
850,33.49340173002133,0.0,2.5062754379896717,38.69855957766353,0.0,0.0,13.395051352798134,0.0,0.0
851,0.606754925462667,6.443335398768681,1.3089861491143608,23.008326402686464,8.173453000745269,0.0,26.893174788931162,0.0,0.0
852,0.0,0.28408704631175397,0.0,0.0,0.0,0.0,0.0,0.0,0.0
853,4.754944559181496,0.0,0.0,6.000587191305755,0.9651639960996476,0.0,4.754944559181496,0.0,0.0
854,1.5404327595687164,0.0,0.0,7.923238648976138,37.18646341762877,0.0,2.8583430391600473,3.2066833403437727,0.0
855,17.49255425554736,0.0,0.0,17.41079732192216,0.0,0.0,17.270744679371404,0.0,0.0
856,2.995260855788189,0.09546154542749719,0.0,13.287238319826542,0.09545636305006155,0.0,2.315190007173726,0.09545636038387784,0.09545636038387784
857,3.9154562713996484,0.18789570749970608,0.0,0.6399194173109777,0.31396686456332645,0.0,0.0,0.18787534015132223,0.18787534015132223
858,0.3860899891259919,0.0,0.0,8.245046810637291,0.0,0.0,3.7848902416212695,2.556679747704777,0.815305288608954
859,2.6988781429761843,3.4182506841451072,1.4761786911784327,0.0,0.0,0.0,0.5239285276062446,0.0,0.0
860,0.0,0.0,6.8010052872697315,0.0,0.0,0.0,0.0,0.0,0.0
861,76.09908600832497,0.6762194384233453,0.0,31.363458168584003,0.6881652987688653,0.0,14.216286558966146,0.6761830455731115,0.6761830455731115
862,13.744891068996992,0.0,0.0,11.91516229008036,0.0,0.0,11.001906083518776,0.0,0.0
863,0.5339346299442127,0.3069314205511091,0.439199913417724,36.27599268033907,6.996732623746766,0.0,11.433488975599687,4.491881735973209,0.3069314205511091
864,3.6046319153645925,0.0,0.0,0.853303016007942,0.0,0.0,43.83565667631751,0.0,0.0
865,3.695615050573849,3.0967225837993624,0.0,16.241968834931356,0.8410712328243903,0.4070296909052331,7.1649934810642435,0.43406337466268496,0.43406337466268496
866,3.6779803781597025,0.0,0.0,3.2877934246216967,0.0,0.0,14.553775333512391,0.0,0.0
867,6.11537030071139,0.6171597636713955,0.2924829007197616,0.0,0.0,0.0,27.108322379364807,0.0,0.0
868,1.0032290783890971,0.0,0.0,0.5247885191748765,0.0,0.0,12.406757779044824,5.041939335465543,0.0
869,0.2967637601266233,0.0,0.0,0.0,0.0,0.0,7.781709949992205,0.0,0.0
870,33.9391340299712,0.0,0.0,144.875678918837,3.008595823889948,0.0,33.87443480181844,1.478977440051608,0.0
871,19.559168138050012,0.0,0.0,15.147831924947894,0.0,0.0,53.88474208877946,6.217729831457234,0.0
872,0.0,0.0,0.0,0.805111481266465,0.0,0.0,0.0,0.0,0.0
873,2.558492890811806,0.0,0.0,0.2759834390589049,0.0,0.0,1.5299643075491076,0.0,0.0
874,16.34751677785661,0.0,0.0,23.845662367365435,0.0,0.0,6.8397446760467915,0.0,0.0
875,15.427681733442995,0.0,0.0,28.878581507290534,0.0,0.0,15.513378893986896,0.0,2.360023610396979
876,0.0,0.0,0.0,0.0,1.496912673497377,0.0,10.548768444491543,0.0,0.8868882963733711
877,1.3805944719748595,0.0,11.018085359912561,2.9898819175176357,0.0,0.0,12.483822849865163,1.6515170622030269,1.6515170622030269
878,22.846819598408416,0.0,0.0,6.994472831899657,0.0,0.0,9.030195697530587,0.0,0.0
879,12.859825424871019,0.0,0.0,5.920137506845805,0.0,0.0,5.92253440190089,17.251490781888094,0.0
880,18.133831916730372,0.0,0.0,16.12666295276844,0.0,0.0,10.113801544910615,0.0,0.0
881,13.072860613307967,10.944784699304535,0.0,5.659005227261019,0.0,0.0,5.12120593870543,0.0,0.0
882,0.5175365832675993,0.0,0.0,3.1801013501580826,0.0,0.0,6.215721905871675,0.0,0.0
883,22.235974693692157,0.07716475765977293,0.0,5.661598671882757,0.0,4.629263128608187,10.932452622271057,11.489408767250325,3.430033107681936
884,6.345450657518796,0.0,0.0,0.0,0.0,0.0,0.0,0.6527911268978528,0.0
885,10.262099582972183,0.0,0.0,2.269554604308894,0.0,0.0,14.796423724559418,0.0,8.280947916428175
886,0.0,0.0,0.0,0.0,0.0,0.0,0.0,5.377660154123305,0.0
887,0.0,3.8457423732565985,0.0,0.49197123452483993,3.1023654107617062,0.0,0.21471617143683375,0.08791398960823926,0.08791398960823926
888,85.29896582047868,4.96132671354988,8.921164058901695,25.4434659068192,1.3270952615219471,1.3270952615219471,43.9229763429843,0.0,0.0
889,0.0,0.0,0.0,0.0,0.0,0.0,0.0,0.0,0.0
890,3.9857713369421788,1.3878973474581926,0.0,13.092183064813298,15.926219223222233,3.087284192823347,52.584943671674466,0.19074870606249306,0.0
891,0.0,0.0,0.0,0.0,0.0,0.0,0.0,0.0,0.0
892,7.457928895146438,0.0,4.467373268210935,4.206387409897616,0.6607689750196073,0.0,0.335319259363132,0.23896499108099079,0.0
893,10.563804613605555,11.328968174860222,0.0,37.49506115231736,2.2802170535477444,0.0,21.060478291850103,0.0,0.0
894,0.0,3.2800089710144675,0.0,0.0,0.35470434951020025,0.0,0.0,0.35470434951020025,0.35470434951020025
895,8.7373665258296,0.0,0.0,9.765109481391335,12.711098945486924,2.037451960172575,5.52750872814164,0.0,0.0
896,41.377404638668054,11.3301137128621,0.0,34.08867628652706,0.0,0.0,22.64759006064122,10.86048319708516,0.0
897,15.89705205419392,0.0,0.0,15.659898969004871,7.479316880324518,2.6131117520074554,15.6260025150265,0.0,0.0
898,9.650172158855412,0.0,0.0,3.249438062635761,0.0,0.0,3.249438062635761,0.0,0.0
899,42.81222476585148,0.7006556779808761,0.0,34.3841873911914,4.722588596841831,0.0,42.338123066382224,0.012659961543874942,3.8534206536221234
900,2.12645402258849,0.0,0.0,2.9959732619513204,0.0,0.0,31.676886623051814,0.0,0.0
901,83.684442259532,8.599766026805213,4.434346404939419,12.473903352407802,12.787346724055169,0.0,22.039421072186627,0.8677998050995939,0.10808269562437545
902,27.630709123644067,0.08324069767098763,0.0,16.60030998319374,0.0,0.0,10.956373211013641,0.0,0.0
903,8.56824287925005,0.0,1.8775832188542552,15.951670367856735,0.0,0.0,6.17425152136974,0.0,0.0
904,0.0,0.0,0.0,0.0,0.0,0.0,0.0,4.44974327593161,0.0
905,25.54547974013778,2.316576844674273,0.0,11.385768831918398,0.0,0.0,11.385768831918398,0.0,0.0
906,2.2727052939855525,1.0989338773835016,0.0,4.991019628066823,1.9032318434561262,0.0,3.8801812806402722,1.0989338773835016,1.0989338773835016
907,26.786106276957128,0.0,0.0,43.11455326056756,6.001122245440911,0.0,36.481962211260736,0.0,0.0
908,19.08476981729129,3.41377513073337,14.197499286906492,14.396734186754884,0.0,0.0,0.0,0.0,0.0
909,8.890860422832901,0.0,0.0,3.967604436808159,0.0,0.0,0.44111691894102023,0.0,0.0
910,2.310146445525163,4.257881931769674,0.0,9.709563415088581,0.0,0.0,15.50711090718778,0.0,17.30964621486757
911,13.529490077260817,0.0,0.0,9.83925858144326,0.0,0.0,26.987027616941276,5.753641647178682,3.0996748914872683
912,0.0,1.0882249912859265,0.0,6.48014440523275,1.0882249912859265,0.0,0.0,1.0882249912859265,1.0882249912859265
913,0.0,0.0,0.0,0.9106588860606735,0.0,0.0,0.0,0.0,0.0
914,4.38789126240377,0.0,0.0,1.4622712003315144,0.0,0.0,1.4622712003315144,0.0,0.0
915,4.397916564802813,0.0,0.0,8.398883080809384,0.0,0.0,0.4636033358196414,0.0,0.0
916,20.79860427255511,2.733100266038491,0.0,6.656901369276625,2.020066216634632,0.0,5.346829854824875,0.0,0.0
917,25.436108678113555,0.8745326338946029,3.9491803828797742,57.81498900361808,1.2090165082865383,0.0,14.434830188786492,4.057972860597374,0.5544525357029784
918,5.614808295606849,0.0,0.0,7.50925488462201,1.9513499448677862,0.0,1.2853900533057754,0.0,0.0
919,0.0,0.18221017309878107,0.1216131060163832,0.0,0.18221017309878107,0.0,0.5630119882845008,0.18221017309878107,0.18221017309878107
920,13.909318822214601,10.07209492121774,0.0,4.954718898711434,3.822515544213445,3.2832219547095463,49.17492240333095,0.0,3.0899027447006233
921,19.37401037772119,0.0,0.0,13.193077942448355,0.0,0.0,13.193077942448355,0.0,0.0
922,1.133046019425251,7.591955962161137,0.0,40.26729264041262,0.15352948807645816,0.0,18.658798669380133,10.904292219238016,8.436981562687663
923,13.432298565734499,0.0,0.0,13.432298565734499,0.0,0.0,13.432298565734499,0.0,0.0
924,8.400865912795751,2.3022324915251886,0.0,4.353803116344466,0.0,0.0,0.0,0.0,0.0
925,14.448968231991415,0.0,0.0,9.075890182980828,0.0,0.0,1.4218426139343876,0.0,0.0
926,13.783950010662352,2.119934218569256,0.0,12.184879323208321,0.0,0.0,14.597006133285532,0.0,0.0
927,14.571818607940003,11.495465550816931,0.0,5.874046208574242,7.495771767255292,0.0,1.4401615251963733,0.0,0.0
928,20.822202539139937,0.0,0.0,31.827169545204697,0.0,0.0,14.609608209708426,0.0,0.0
929,28.19526424709983,2.66296343933368,0.0,25.590601687023167,0.0,0.0,38.00290367754312,0.0,0.0
930,1.8626449648745051,2.4052481432598825,0.0,5.504368081984865,0.47216410005000853,0.0,0.2481735284972615,13.270907679336574,0.0
931,0.0,0.0,0.0,0.0,0.0,0.0,0.0,0.0,0.0
932,20.109494102111825,50.28243165549887,9.215545650037427,9.549890337361262,1.3506505053533147,0.0,14.548617878443252,0.0,0.0
933,0.0,0.7612429383811161,0.0,0.0,0.0,0.0,0.0,0.0,0.0
934,0.0,0.0,0.0,2.603338182209484,0.0,0.0,0.40167118792362544,0.0,0.0
935,9.055647158616182,0.0,3.6034894231917463,18.247848022555843,0.0,0.0,1.5146010241859926,13.547824273528931,0.0
936,2.5699038754733294,0.6170296245273903,0.0,0.0,0.6170296245273903,0.0,0.0,0.6170296245273903,0.6170296245273903
937,11.064781523416713,0.10261607748941515,0.0,11.319700528677146,0.1120883536123074,0.0,6.088388687547962,0.10261607730870992,0.10261607730870992
938,0.0,1.6865722206900955,0.0,0.0,3.5273538164839806,0.0,0.0,5.682884241556081,0.0
939,25.688158084727718,12.852051871258027,0.0,18.23774045350595,2.9215692860447575,0.0,37.23078768377641,0.0,0.0
940,6.799630296534872,0.0,0.0,4.4094922090977775,2.382848466410792,0.0,0.0,0.0,0.0
941,30.814343393368745,0.761276120136813,0.0,92.96386867432,0.0,0.0,25.328620169771796,0.0,0.0
942,0.0,0.0,0.0,0.0,0.0,0.0,0.0,0.0,0.0
943,0.0,0.0,0.0,2.584940022469823,15.8167763532972,2.8949604521235415,0.0,0.0,0.0
944,18.37431499843325,0.0,0.0,31.337455230007293,0.0,0.0,15.084836766162795,0.0,0.0
945,0.5845338306162944,8.349808493506487,0.3226908853115731,26.746074153775055,4.744892985090189,0.0,4.11709266979679,0.0,0.0
946,3.4500043828432467,0.0,0.0,2.8330599435779504,0.0,0.0,25.18941501210429,1.9294938335959273,0.0
947,5.77767161567175,1.9254247796524737,0.0,4.07867983186523,0.0,0.0,4.0784570800882705,0.0,0.0
948,0.0,0.0,0.0,0.0,0.0,0.0,0.0,0.0,0.0
949,0.9042249413316767,1.9924710691317387,3.8436696654203217,0.9042249413316767,0.0,0.0,0.9042249413316767,0.0,0.0
950,22.664376182774305,2.070924346888944,0.0,29.914164476087194,5.745514797649321,0.0,26.573102604284657,5.4391073263920475,4.0050308760702364
951,0.0,0.0,0.0,0.0,0.0,0.0,0.0,0.0,0.0
952,8.966161724015222,0.0,0.0,5.24954113532317,0.0,0.0,2.4088235347265368,0.0,0.0
953,11.514689908650922,1.7502499117665593,0.0,16.436714292921977,6.013903577380688,0.0,20.589021234612062,0.0,4.033007679569863
954,20.865437492113443,0.0,0.0,12.021982431571132,0.0,0.0,10.743355218255857,0.0,0.0
955,10.120707502643626,1.2576406112017366,0.0,5.9053159392341,0.0,0.0,20.933277852777792,4.357378370065788,0.0
956,0.0,4.338978378718821,0.0,0.0,0.0,0.0,0.0,0.0,0.0
957,0.0,0.2974526250926033,0.0,0.0,0.2974526239065085,0.0,5.195712127734424,0.2974526239065085,0.2974526239065085
958,26.37458193579093,1.2577993055244292,1.2537889337902186,10.690166110555879,4.489924227839083,0.0,8.196865456035255,1.2577993055244292,1.2577993055244292
959,8.359388460364158,0.7770308994235506,0.0,17.108646086726566,0.6750046002327963,0.0,8.167066480374586,2.357358014778697,0.78008233778678
960,22.12709396372955,0.4028578745086975,0.0,7.968554507814332,0.0,0.0,18.55529920345188,0.0,0.0
961,54.699272836674965,2.3006901049043904,0.0,28.373294204232593,2.4612314415354035,0.0,10.485395327278212,0.2921590710506621,0.2921590710506621
962,14.05376532041987,1.6266136859848075,0.0,13.591152151647037,0.0,0.0,12.982423739881938,0.0,0.0
963,16.582305470676317,2.768169317758776,0.0,6.884348761202716,2.182859679441833,0.0,4.701489081760883,0.0,0.0
964,26.926688325580812,2.0073451962522313,0.0,43.80865080779864,5.658915463495248,0.0,34.106446775025375,0.0,0.0
965,16.76714586760548,0.0,0.0,9.695733602773657,0.0,0.0,35.07243550205999,11.086198815408181,0.0
966,3.4945763243140675,0.0,0.0,0.9227929973285995,0.0,0.0,4.0005017622869445,0.0,0.0
967,20.07943870871722,1.9296795736518675,0.0,9.584319065763793,1.7760416267005894,0.0,9.927289337323742,27.452586016473873,0.0
968,25.282893324808555,7.281616878935097,0.0,8.665827493964997,0.0,0.0,1.0079065649916004,0.0,0.0
969,16.968872380208296,0.0,0.0,1.8640100229900725,0.0,0.0,0.0,0.0,0.0
970,11.662377601658136,32.261423513406385,0.0,54.27889057537146,0.0,0.0,3.677965116912077,0.0,0.0
971,11.228950272700303,3.840528108750277,0.2996428011641967,3.479798653434841,0.39227872814581133,0.0,0.7757566497446078,0.39227872814581133,0.39227872814581133
972,25.604382271475572,0.5853506430014477,0.0,20.07223477983277,0.5846733459583788,0.0,19.597806585636278,0.5846615321005402,0.5846615321005402
973,10.46229659752288,0.16453682123920998,0.0,14.366983925065057,0.16453682116804202,0.0,13.516192199918493,0.16453682116804202,0.16453682116804202
974,7.195069358608066,2.4600035715653803,0.0,38.65256741280035,0.0,0.0,5.469567335754476,0.0,0.0
975,53.503183601942936,0.0,0.0,11.753333582615937,0.0,0.0,6.150242311100499,0.0,0.0
976,10.008137767212702,12.323500141845386,0.0,60.46403925432534,0.2992162009867343,0.0,132.51860887973075,8.380482557337473,0.0
977,13.94991474749105,0.35394676153788396,0.0,36.60273241052852,3.38735691896602,0.0,10.173638350725554,3.327663893741203,0.35394676153549653
978,81.07671916407577,0.2261346168670002,0.0,20.77555432313943,0.2349450780630491,0.0,35.534766092158975,0.2261346168639875,0.539536040602286
979,4.545424535403129,0.0,0.0,3.404756064474327,2.2469248201093137,0.0,6.535560975706858,7.754612697114965,0.0
980,3.8468222573440585,0.0,0.0,1.6418550600813546,0.0,0.0,1.1996733569559979,0.0,0.0
981,11.986716951600243,0.0,2.520276068341502,12.04114593842695,3.9256125682912284,0.0,11.933864523488694,0.0,0.0
982,18.422466962990114,0.0,0.0,15.897100003883253,0.0,0.0,8.687049640463357,0.0,0.0
983,0.0,0.0,0.0,0.0,0.026533685501078708,0.0,0.0,0.0,0.0
984,9.775705820305063,0.0,0.0,6.155124976223675,2.73912621381254,0.0,0.49658590693525184,0.0,0.0
985,15.54271248009195,7.664364302447041,0.0,14.466527229680992,0.0,0.0,17.325179847930087,0.2465588708970472,0.2465588708970472
986,13.93515656218733,0.853196584286934,0.0,10.773418023886876,0.2609481979382622,0.0,24.512056985470167,6.379127870207981,6.379127870207981
987,0.6142755740259815,0.0,0.0,0.0,0.0,0.0,9.15744415078791,0.0,0.0
988,17.748366327008085,3.763653577894388,0.0,31.61756721803968,0.258893236055485,0.0,10.024936980604934,4.0642764632791,0.258893236055485
989,0.0,0.0,2.6481843635328914,0.0,0.0,0.0,0.0,0.3294793093808721,0.0
990,4.212494284078389,0.0,0.0,6.750653038256502,5.309487823785673,0.0,5.543950935585059,1.6828385735497022,0.0
991,0.0,0.08874445753389182,0.0,1.5914283015386559,0.0,0.0,0.0,0.06170297352622356,0.0
992,3.9599026269506794,0.0,0.0,3.8621637305768104,0.0,0.0,3.8621637305768104,0.0,0.0
993,23.082094337661346,0.0,0.0,39.96404533015877,0.3524436416983576,0.3524436416983576,74.19102753426714,25.142529706349308,0.0
994,12.908001135059806,0.2205260422136348,0.0,4.821347638883253,1.6073819499293904,0.0,5.4993633069387045,0.0,0.0
995,17.834507221626694,4.763536435193117,0.5248295427173844,24.697323645131803,0.0,0.0,21.88286424559817,0.0,0.0
996,15.380077973630819,7.660674025545461,0.0,29.24864815816619,0.5084244214442037,0.0,19.828848499218594,0.2544615647043429,0.0
997,3.0354264491265894,0.0,0.0,3.983286698831847,0.7235127619109107,0.7235127619109107,4.48393379696526,0.0,0.0
998,9.3690404125891,3.308459425814476,0.0,2.5983525313038456,2.3800222412409084,0.0,0.0,11.457638960401425,0.0
999,21.395803701659872,0.0,0.0,0.0,0.0,0.0,40.77607361144652,0.0,0.0
