target_day,source_replicate,method,risk_mode,initial_distance_km,tw_scale,distance_km,tard_mean,tard_std,tard_cvar95,on_time_mean,omi_exposure_mean,J_aligned,J_mean_test,J_cvar_test,search_scenario_evals,search_evaluated_candidates,search_operator_decisions,search_null_proposals,search_runtime_s,source_model,weights_unchanged
2,1,RL-FF-Mean,mean,410.5000000000001,180.0,412.5000000000001,0.9721726059704588,3.0189074662891877,12.61051019921002,0.9966190476190476,0.0526578737837486,414.444345211941,414.444345211941,437.72102039842014,25100,250,345,95,24.56269095800235,R3_REWARDFIX_VAL5_OUTPUT/replicate_01/models/RL-FF-Mean.pt,True
2,1,RL-GRU-Mean,mean,410.5000000000001,180.0,415.10000000000014,1.1570598261611218,3.1096437999364497,12.052396815166976,0.9953333333333332,0.0524300202341107,417.4141196523224,417.4141196523224,439.2047936303341,25100,250,296,46,19.745965916998102,R3_REWARDFIX_VAL5_OUTPUT/replicate_01/models/RL-GRU-Mean.pt,True
2,1,Uniform-Mean,mean,410.5000000000001,180.0,410.8000000000001,0.6483456511408578,1.6071579966738934,6.430892709551765,0.9955714285714286,0.0530020956631172,412.09669130228184,412.09669130228184,423.6617854191037,25100,250,372,122,27.17714500000147,NONE,True
2,1,RL-FF-CVaR,cvar,410.5000000000001,180.0,414.2000000000001,0.1609279883181697,0.8344135994854567,2.8229302791578816,0.9986507936507936,0.053066410088286,419.84586055831585,414.52185597663646,419.84586055831585,25100,250,287,37,18.03326095899683,R3_REWARDFIX_VAL5_OUTPUT/replicate_01/models/RL-FF-CVaR.pt,True
2,1,RL-GRU-CVaR,cvar,410.5000000000001,180.0,415.1000000000001,0.0532875411085106,0.6591891899154819,1.0657508221702126,0.9996507936507936,0.0526387882645727,417.2315016443405,415.2065750822171,417.2315016443405,25100,250,274,24,17.86757241700252,R3_REWARDFIX_VAL5_OUTPUT/replicate_01/models/RL-GRU-CVaR.pt,True
2,1,Uniform-CVaR,cvar,410.5000000000001,180.0,412.5000000000001,1.1060956098644323,2.790733831591708,10.98427860245331,0.9952698412698412,0.0530211274259754,434.46855720490674,414.712191219729,434.46855720490674,25100,250,306,56,21.307026125003176,NONE,True
2,2,RL-FF-Mean,mean,410.5000000000001,180.0,410.0000000000001,1.7560733996208622,4.148825905828294,16.263397768343363,0.9942063492063492,0.0532549912075824,413.51214679924186,413.51214679924186,442.5267955366869,25100,250,344,94,24.413484249998874,R3_REWARDFIX_VAL5_OUTPUT/replicate_02/models/RL-FF-Mean.pt,True
2,2,RL-GRU-Mean,mean,410.5000000000001,180.0,410.4,3.5640979922200797,6.12810770010775,23.299931898266077,0.985015873015873,0.0533946260675786,417.5281959844402,417.5281959844402,456.99986379653217,25100,250,328,78,23.480420917003357,R3_REWARDFIX_VAL5_OUTPUT/replicate_02/models/RL-GRU-Mean.pt,True
2,2,Uniform-Mean,mean,410.5000000000001,180.0,412.40000000000015,1.8416902018781995,4.067571192026018,15.984002509859588,0.9932857142857142,0.0526582275208196,416.08338040375656,416.08338040375656,444.3680050197193,25100,250,331,81,23.142773708997993,NONE,True
2,2,RL-FF-CVaR,cvar,410.5000000000001,180.0,413.1000000000001,2.7772617978461267,4.32816350388171,16.465689648091008,0.983777777777778,0.0521854457423033,446.0313792961821,418.6545235956923,446.0313792961821,25100,250,306,56,20.908588874997804,R3_REWARDFIX_VAL5_OUTPUT/replicate_02/models/RL-FF-CVaR.pt,True
2,2,RL-GRU-CVaR,cvar,410.5000000000001,180.0,421.2000000000001,0.1073834404818044,0.6433451732786377,2.0874627430816535,0.999,0.0526641590687323,425.37492548616336,421.41476688096367,425.37492548616336,25100,250,280,30,18.661962957994547,R3_REWARDFIX_VAL5_OUTPUT/replicate_02/models/RL-GRU-CVaR.pt,True
2,2,Uniform-CVaR,cvar,410.5000000000001,180.0,411.60000000000014,0.744524220738113,1.9530241550949723,7.653909875094218,0.9953492063492064,0.0531587019482465,426.9078197501886,413.08904844147634,426.9078197501886,25100,250,325,75,22.5676535829989,NONE,True
2,3,RL-FF-Mean,mean,410.5000000000001,180.0,410.8000000000001,1.2046420894815555,2.14033530405228,8.084799163483819,0.99,0.0549212739697583,413.2092841789632,413.2092841789632,426.96959832696774,25100,250,365,115,25.83435575000476,R3_REWARDFIX_VAL5_OUTPUT/replicate_03/models/RL-FF-Mean.pt,True
2,3,RL-GRU-Mean,mean,410.5000000000001,180.0,409.60000000000014,1.722746512543504,2.9803490331958997,11.2092888227638,0.9871746031746031,0.0545126921866655,413.0454930250871,413.0454930250871,432.0185776455277,25100,250,374,124,26.666437375002715,R3_REWARDFIX_VAL5_OUTPUT/replicate_03/models/RL-GRU-Mean.pt,True
2,3,Uniform-Mean,mean,410.5000000000001,180.0,411.5000000000001,1.2119596131591506,2.142299863023188,8.084799163483819,0.989873015873016,0.0544002825073009,413.9239192263184,413.9239192263184,427.6695983269678,25100,250,326,76,22.449927790999936,NONE,True
2,3,RL-FF-CVaR,cvar,410.5000000000001,180.0,417.7000000000001,1.531155292307799,3.5657033757743375,13.72250875195592,0.9927619047619048,0.0544602367166617,445.145017503912,420.7623105846157,445.145017503912,25100,250,263,13,15.52608587499708,R3_REWARDFIX_VAL5_OUTPUT/replicate_03/models/RL-FF-CVaR.pt,True
2,3,RL-GRU-CVaR,cvar,410.5000000000001,180.0,414.4000000000001,1.3423337471309749,2.2146012815563583,8.300095323146898,0.989063492063492,0.0547867585140375,431.0001906462939,417.084667494262,431.0001906462939,25100,250,333,83,22.95484529100213,R3_REWARDFIX_VAL5_OUTPUT/replicate_03/models/RL-GRU-CVaR.pt,True
2,3,Uniform-CVaR,cvar,410.5000000000001,180.0,416.8000000000001,1.0193688783321662,2.812132122043297,11.268550641995857,0.9953333333333332,0.054823878240019,439.33710128399184,418.8387377566645,439.33710128399184,25100,250,330,80,22.368518999996013,NONE,True
2,4,RL-FF-Mean,mean,410.5000000000001,180.0,410.20000000000016,1.5931706671509624,2.8208029273119717,10.885357190827929,0.9877142857142858,0.0532021403414957,413.3863413343021,413.3863413343021,431.970714381656,25100,250,354,104,25.232513292001386,R3_REWARDFIX_VAL5_OUTPUT/replicate_04/models/RL-FF-Mean.pt,True
2,4,RL-GRU-Mean,mean,410.5000000000001,180.0,410.8000000000001,0.6360014603915102,1.6809561288808212,6.824058422479236,0.995777777777778,0.052825471131636,412.0720029207831,412.0720029207831,424.4481168449586,25100,250,361,111,25.827180833002785,R3_REWARDFIX_VAL5_OUTPUT/replicate_04/models/RL-GRU-Mean.pt,True
2,4,Uniform-Mean,mean,410.5000000000001,180.0,414.3000000000001,1.6868190784875543,3.865805105300105,14.581202942043031,0.9935873015873016,0.0537542991306928,417.6736381569752,417.6736381569752,443.4624058840862,25100,250,337,87,23.750532582998854,NONE,True
2,4,RL-FF-CVaR,cvar,410.5000000000001,180.0,413.1,1.6225207704165787,4.966411687617017,17.76292574982065,0.994126984126984,0.0525116515904363,448.6258514996413,416.3450415408332,448.6258514996413,25100,250,270,20,17.965728415998456,R3_REWARDFIX_VAL5_OUTPUT/replicate_04/models/RL-FF-CVaR.pt,True
2,4,RL-GRU-CVaR,cvar,410.5000000000001,180.0,413.9000000000001,1.566820808048255,4.902592782371746,17.857064909807622,0.9942222222222225,0.0531718929061696,449.61412981961536,417.0336416160966,449.61412981961536,25100,250,281,31,18.79750483299722,R3_REWARDFIX_VAL5_OUTPUT/replicate_04/models/RL-GRU-CVaR.pt,True
2,4,Uniform-CVaR,cvar,410.5000000000001,180.0,419.2000000000001,1.0359844968675094,2.5481430790987227,9.905472036893247,0.9943650793650792,0.0523407661404743,439.0109440737866,421.27196899373513,439.0109440737866,25100,250,267,17,17.48524175000057,NONE,True
2,5,RL-FF-Mean,mean,410.5000000000001,180.0,413.40000000000015,2.226944090816258,4.68843402400577,18.476046359566556,0.9913809523809524,0.0532917675089016,417.8538881816326,417.8538881816326,450.3520927191333,25100,250,356,106,25.521092707997013,R3_REWARDFIX_VAL5_OUTPUT/replicate_05/models/RL-FF-Mean.pt,True
2,5,RL-GRU-Mean,mean,410.5000000000001,180.0,410.4,4.174341710107586,5.433740672526788,20.443355434001457,0.9818253968253968,0.0534009338229471,418.7486834202152,418.7486834202152,451.28671086800296,25100,250,348,98,24.421390458999667,R3_REWARDFIX_VAL5_OUTPUT/replicate_05/models/RL-GRU-Mean.pt,True
2,5,Uniform-Mean,mean,410.5000000000001,180.0,421.6000000000002,0.9172643103091884,3.5992185854541416,14.116622588976156,0.99715873015873,0.0542653675604133,423.43452862061855,423.43452862061855,449.8332451779525,25100,250,321,71,21.500231625002925,NONE,True
2,5,RL-FF-CVaR,cvar,410.5000000000001,180.0,414.3000000000001,1.1055049435202786,2.467051548590191,9.57830598348244,0.9936507936507938,0.0528552045445319,433.456611966965,416.5110098870407,433.456611966965,25100,250,361,111,26.34511120800016,R3_REWARDFIX_VAL5_OUTPUT/replicate_05/models/RL-FF-CVaR.pt,True
2,5,RL-GRU-CVaR,cvar,410.5000000000001,180.0,415.00000000000017,0.2135374290819273,0.7673291391514367,3.110089552698479,0.997968253968254,0.0527316341877471,421.2201791053971,415.427074858164,421.2201791053971,25100,250,281,31,17.9763992090011,R3_REWARDFIX_VAL5_OUTPUT/replicate_05/models/RL-GRU-CVaR.pt,True
2,5,Uniform-CVaR,cvar,410.5000000000001,180.0,418.00000000000006,0.2202228536984595,1.134249072573017,3.834974262140787,0.9984285714285716,0.0532502853408386,425.6699485242816,418.440445707397,425.6699485242816,25100,250,289,39,19.188008542005264,NONE,True
2,6,RL-FF-Mean,mean,410.5000000000001,180.0,411.1,4.096585216107113,6.684150335045935,25.547190099082854,0.988095238095238,0.0513852878733752,419.29317043221425,419.29317043221425,462.19438019816573,25100,250,355,105,25.950297375005903,R3_REWARDFIX_VAL5_OUTPUT/replicate_06/models/RL-FF-Mean.pt,True
2,6,RL-GRU-Mean,mean,410.5000000000001,180.0,412.1000000000001,0.367866963525062,1.774251479848255,5.984547763406133,0.997904761904762,0.0519264158342482,412.8357339270502,412.8357339270502,424.0690955268123,25100,250,312,62,21.85158437499922,R3_REWARDFIX_VAL5_OUTPUT/replicate_06/models/RL-GRU-Mean.pt,True
2,6,Uniform-Mean,mean,410.5000000000001,180.0,412.10000000000014,3.469833275061115,5.519574898651713,20.46955661381065,0.9900793650793652,0.0520640244316386,419.0396665501224,419.0396665501224,453.03911322762144,25100,250,305,55,21.358835375001945,NONE,True
2,6,RL-FF-CVaR,cvar,410.5000000000001,180.0,410.7000000000001,1.4966572997495595,3.785857333458337,14.919384166761423,0.9953809523809524,0.0523588153315925,440.53876833352297,413.6933145994992,440.53876833352297,25100,250,326,76,21.94160304199613,R3_REWARDFIX_VAL5_OUTPUT/replicate_06/models/RL-FF-CVaR.pt,True
2,6,RL-GRU-CVaR,cvar,410.5000000000001,180.0,413.3000000000001,0.0713799006532509,0.3483909275586329,1.4197691210602448,0.999126984126984,0.0524808088556815,416.13953824212064,413.44275980130664,416.13953824212064,25100,250,315,65,22.673557042005996,R3_REWARDFIX_VAL5_OUTPUT/replicate_06/models/RL-GRU-CVaR.pt,True
2,6,Uniform-CVaR,cvar,410.5000000000001,180.0,423.50000000000017,0.0976587758335948,0.860283645626117,1.9531755166718971,0.9995555555555556,0.0529056684864716,427.406351033344,423.69531755166736,427.406351033344,25100,250,311,61,21.33704679099901,NONE,True
2,7,RL-FF-Mean,mean,410.5000000000001,180.0,410.20000000000016,1.849154538341872,3.210032312839634,12.129516239474896,0.9870793650793652,0.0530116959955858,413.8983090766839,413.8983090766839,434.4590324789499,25100,250,364,114,26.044456000003265,R3_REWARDFIX_VAL5_OUTPUT/replicate_07/models/RL-FF-Mean.pt,True
2,7,RL-GRU-Mean,mean,410.5000000000001,180.0,412.0,1.4208357097074695,3.193961366436717,12.24651669540795,0.9948095238095238,0.0532140461176004,414.8416714194149,414.8416714194149,436.4930333908159,25100,250,363,113,26.169116917000792,R3_REWARDFIX_VAL5_OUTPUT/replicate_07/models/RL-GRU-Mean.pt,True
2,7,Uniform-Mean,mean,410.5000000000001,180.0,406.1000000000001,2.509681250676155,4.118164409421667,15.872540564627403,0.9851746031746031,0.0529001780631465,411.1193625013524,411.1193625013524,437.8450811292549,25100,250,344,94,23.779272625004523,NONE,True
2,7,RL-FF-CVaR,cvar,410.5000000000001,180.0,432.1,2.210870291969719,6.420383911635923,24.606701804478217,0.9948571428571428,0.0530782530831856,481.3134036089564,436.52174058393945,481.3134036089564,25100,250,291,41,19.784691833003308,R3_REWARDFIX_VAL5_OUTPUT/replicate_07/models/RL-FF-CVaR.pt,True
2,7,RL-GRU-CVaR,cvar,410.5000000000001,180.0,432.6000000000001,0.9656315938941218,3.2072047966287256,12.748330173285511,0.9963968253968256,0.0538422830347289,458.0966603465711,434.53126318778834,458.0966603465711,25100,250,265,15,15.827201583000717,R3_REWARDFIX_VAL5_OUTPUT/replicate_07/models/RL-GRU-CVaR.pt,True
2,7,Uniform-CVaR,cvar,410.5000000000001,180.0,421.1000000000001,0.0724500550475571,0.418277316522795,1.4400424131255836,0.999126984126984,0.0532579739913118,423.9800848262512,421.2449001100952,423.9800848262512,25100,250,264,14,16.314380083997094,NONE,True
2,8,RL-FF-Mean,mean,410.5000000000001,180.0,411.60000000000014,0.6041497592768358,1.5160249792631302,5.923835994136034,0.9956666666666668,0.052253966113475,412.8082995185538,412.8082995185538,423.4476719882722,25100,250,345,95,24.41303075000178,R3_REWARDFIX_VAL5_OUTPUT/replicate_08/models/RL-FF-Mean.pt,True
2,8,RL-GRU-Mean,mean,410.5000000000001,180.0,411.1000000000001,0.5614242726022267,1.5117959836029975,5.9263101392994635,0.9963333333333332,0.0534761456487994,412.22284854520456,412.22284854520456,422.952620278599,25100,250,388,138,28.524011208006417,R3_REWARDFIX_VAL5_OUTPUT/replicate_08/models/RL-GRU-Mean.pt,True
2,8,Uniform-Mean,mean,410.5000000000001,180.0,410.6000000000001,3.529481967864038,5.815590179076866,22.07682801877337,0.9895079365079366,0.0518408891839468,417.65896393572814,417.65896393572814,454.7536560375468,25100,250,332,82,24.082347625000693,NONE,True
2,8,RL-FF-CVaR,cvar,410.5000000000001,180.0,411.40000000000015,0.0958672169488845,0.5515214799752752,1.861950576429487,0.998968253968254,0.0519481768955368,415.1239011528591,411.5917344338979,415.1239011528591,25100,250,309,59,20.54302916600136,R3_REWARDFIX_VAL5_OUTPUT/replicate_08/models/RL-FF-CVaR.pt,True
2,8,RL-GRU-CVaR,cvar,410.5000000000001,180.0,413.00000000000006,1.2311328268153388,2.916155388969056,11.38818569694056,0.9952857142857142,0.0526556506061673,435.7763713938811,415.4622656536307,435.7763713938811,25100,250,345,95,25.35487179099437,R3_REWARDFIX_VAL5_OUTPUT/replicate_08/models/RL-GRU-CVaR.pt,True
2,8,Uniform-CVaR,cvar,410.5000000000001,180.0,411.10000000000014,0.6059575245643891,1.7016484004961598,6.442045859227239,0.9962380952380951,0.0530509387959376,423.98409171845464,412.3119150491289,423.98409171845464,25100,250,289,39,19.234362165996572,NONE,True
2,9,RL-FF-Mean,mean,410.5000000000001,180.0,410.80000000000007,3.623736459785985,5.621088799960787,21.06665338354817,0.9896666666666668,0.0555615410902739,418.047472919572,418.047472919572,452.9333067670964,25100,250,304,54,21.022090708000174,R3_REWARDFIX_VAL5_OUTPUT/replicate_09/models/RL-FF-Mean.pt,True
2,9,RL-GRU-Mean,mean,410.5000000000001,180.0,413.60000000000014,1.9362485368330535,3.7415479047501656,14.372817660683308,0.9913174603174604,0.0556931805593014,417.47249707366626,417.47249707366626,442.34563532136673,25100,250,313,63,21.013033708004514,R3_REWARDFIX_VAL5_OUTPUT/replicate_09/models/RL-GRU-Mean.pt,True
2,9,Uniform-Mean,mean,410.5000000000001,180.0,413.50000000000006,1.1923957251911623,2.7051525951137076,10.117460766799258,0.9934285714285714,0.0548470746019649,415.8847914503824,415.8847914503824,433.7349215335986,25100,250,330,80,24.075810166999872,NONE,True
2,9,RL-FF-CVaR,cvar,410.5000000000001,180.0,412.30000000000007,1.0285897027951183,1.8954325706408,7.212183855655167,0.9911587301587302,0.0554536088658228,426.7243677113104,414.35717940559033,426.7243677113104,25100,250,301,51,20.49231004100147,R3_REWARDFIX_VAL5_OUTPUT/replicate_09/models/RL-FF-CVaR.pt,True
2,9,RL-GRU-CVaR,cvar,410.5000000000001,180.0,417.2000000000001,0.7838145929681136,1.996627468703173,7.728047489794484,0.9948888888888888,0.0545697347624384,432.65609497958906,418.7676291859363,432.65609497958906,25100,250,337,87,24.25815762500133,R3_REWARDFIX_VAL5_OUTPUT/replicate_09/models/RL-GRU-CVaR.pt,True
2,9,Uniform-CVaR,cvar,410.5000000000001,180.0,422.0000000000001,1.5789748021365413,2.7851273188155776,10.66746871653445,0.9874444444444443,0.0548988356621435,443.334937433069,425.1579496042732,443.334937433069,25100,250,319,69,22.715655459003756,NONE,True
2,10,RL-FF-Mean,mean,410.5000000000001,180.0,411.50000000000006,2.0240790237904305,3.192362487551871,11.97524409011361,0.9873333333333334,0.0524282058922956,415.5481580475809,415.5481580475809,435.4504881802273,25100,250,306,56,21.691844249995484,R3_REWARDFIX_VAL5_OUTPUT/replicate_10/models/RL-FF-Mean.pt,True
2,10,RL-GRU-Mean,mean,410.5000000000001,180.0,413.5000000000001,0.983828934787779,2.2055327482455485,8.500024697382806,0.9935396825396826,0.052190299166725,415.4676578695757,415.4676578695757,430.5000493947657,25100,250,349,99,26.03870800000004,R3_REWARDFIX_VAL5_OUTPUT/replicate_10/models/RL-GRU-Mean.pt,True
2,10,Uniform-Mean,mean,410.5000000000001,180.0,411.1000000000001,0.6468245731438702,1.5961828136342815,6.281305432430152,0.9954920634920637,0.0522522959783927,412.3936491462878,412.3936491462878,423.6626108648604,25100,250,342,92,24.372316708002472,NONE,True
2,10,RL-FF-CVaR,cvar,410.5000000000001,180.0,410.6000000000001,3.4879750916015575,5.901544884267748,22.74883856301312,0.9896825396825396,0.0519061528822485,456.0976771260263,417.5759501832032,456.0976771260263,25100,250,339,89,23.639203625003574,R3_REWARDFIX_VAL5_OUTPUT/replicate_10/models/RL-FF-CVaR.pt,True
2,10,RL-GRU-CVaR,cvar,410.5000000000001,180.0,412.20000000000016,1.753419696057909,3.1634503504073344,11.982513730371222,0.9882698412698412,0.0529882198581935,436.1650274607426,415.706839392116,436.1650274607426,25100,250,338,88,24.17033837499912,R3_REWARDFIX_VAL5_OUTPUT/replicate_10/models/RL-GRU-CVaR.pt,True
2,10,Uniform-CVaR,cvar,410.5000000000001,180.0,410.6000000000001,3.4879750916015575,5.901544884267748,22.74883856301312,0.9896825396825396,0.0519061528822485,456.0976771260263,417.5759501832032,456.0976771260263,25100,250,306,56,21.1300737499987,NONE,True
3,1,RL-FF-Mean,mean,396.3999999999998,180.0,401.9999999999998,1.03533614086934,3.2727414790642295,12.32911300026406,0.9958805970149254,0.0508854277350851,404.0706722817384,404.0706722817384,426.65822600052786,25100,250,302,52,22.88946533399576,R3_REWARDFIX_VAL5_OUTPUT/replicate_01/models/RL-FF-Mean.pt,True
3,1,RL-GRU-Mean,mean,396.3999999999998,180.0,398.09999999999985,0.9823354903313803,3.7303336722312026,15.062762851568028,0.9972985074626866,0.0513064047849969,400.06467098066264,400.06467098066264,428.22552570313593,25100,250,266,16,18.91617279100319,R3_REWARDFIX_VAL5_OUTPUT/replicate_01/models/RL-GRU-Mean.pt,True
3,1,Uniform-Mean,mean,396.3999999999998,180.0,398.09999999999985,0.9823354903313803,3.7303336722312026,15.062762851568028,0.9972985074626866,0.0513064047849969,400.06467098066264,400.06467098066264,428.22552570313593,25100,250,293,43,21.352715916000307,NONE,True
3,1,RL-FF-CVaR,cvar,396.3999999999998,180.0,399.0999999999998,0.4470015550602474,1.6987285388412394,6.51383850855319,0.9974029850746268,0.0516268814240715,412.1276770171062,399.9940031101203,412.1276770171062,25100,250,290,40,22.98616195800423,R3_REWARDFIX_VAL5_OUTPUT/replicate_01/models/RL-FF-CVaR.pt,True
3,1,RL-GRU-CVaR,cvar,396.3999999999998,180.0,399.89999999999986,0.5584510305565774,3.454052647723772,10.657176510191483,0.9984776119402984,0.0517969544962933,421.2143530203828,401.016902061113,421.2143530203828,25100,250,280,30,20.752626959001645,R3_REWARDFIX_VAL5_OUTPUT/replicate_01/models/RL-GRU-CVaR.pt,True
3,1,Uniform-CVaR,cvar,396.3999999999998,180.0,402.1999999999998,0.5578811578625041,3.453146370079408,10.637053665237536,0.9985074626865672,0.051431901081627,423.4741073304749,403.3157623157248,423.4741073304749,25100,250,271,21,20.66411145800521,NONE,True
3,2,RL-FF-Mean,mean,396.3999999999998,180.0,396.59999999999985,1.3873582349315483,6.15293474087309,22.604350666319306,0.9967164179104476,0.0531701157342828,399.37471646986296,399.37471646986296,441.80870133263846,25100,250,267,17,18.81008058400039,R3_REWARDFIX_VAL5_OUTPUT/replicate_02/models/RL-FF-Mean.pt,True
3,2,RL-GRU-Mean,mean,396.3999999999998,180.0,397.19999999999976,0.959781284381396,3.5130834715220187,12.26336864288257,0.995641791044776,0.0535125959159637,399.11956256876255,399.11956256876255,421.7267372857649,25100,250,285,35,19.8873130840002,R3_REWARDFIX_VAL5_OUTPUT/replicate_02/models/RL-GRU-Mean.pt,True
3,2,Uniform-Mean,mean,396.3999999999998,180.0,396.3999999999998,5.004924311854388,6.041300078532644,23.73005537128846,0.9839999999999998,0.0540544744727189,406.40984862370857,406.40984862370857,443.8601107425767,25100,250,268,18,19.15053999999509,NONE,True
3,2,RL-FF-CVaR,cvar,396.3999999999998,180.0,406.5999999999998,0.7950049909355029,3.3545771778074576,11.362217230116157,0.9966268656716418,0.0533936161399445,429.3244344602321,408.1900099818708,429.3244344602321,25100,250,258,8,17.566177667002194,R3_REWARDFIX_VAL5_OUTPUT/replicate_02/models/RL-FF-CVaR.pt,True
3,2,RL-GRU-CVaR,cvar,396.3999999999998,180.0,408.3999999999998,1.0150637993497795,4.174879846087126,13.397885620525267,0.9959402985074626,0.0542860391162102,435.1957712410503,410.43012759869936,435.1957712410503,25100,250,259,9,17.387758667005983,R3_REWARDFIX_VAL5_OUTPUT/replicate_02/models/RL-GRU-CVaR.pt,True
3,2,Uniform-CVaR,cvar,396.3999999999998,180.0,399.6999999999998,0.4276026545306147,2.2199727551270434,7.4400521974596,0.9982089552238806,0.0536488137446848,414.58010439491903,400.555205309061,414.58010439491903,25100,250,264,14,18.788671250003972,NONE,True
3,3,RL-FF-Mean,mean,396.3999999999998,180.0,396.4999999999999,1.6473994446182385,5.211615891212577,20.52086513254605,0.9958955223880596,0.0538563991640359,399.79479888923635,399.79479888923635,437.541730265092,25100,250,280,30,20.281598916000803,R3_REWARDFIX_VAL5_OUTPUT/replicate_03/models/RL-FF-Mean.pt,True
3,3,RL-GRU-Mean,mean,396.3999999999998,180.0,397.79999999999984,1.0407865359831616,4.109592524583859,13.540847556107469,0.9956567164179104,0.0539575473099323,399.88157307196616,399.88157307196616,424.8816951122148,25100,250,289,39,21.60289491700678,R3_REWARDFIX_VAL5_OUTPUT/replicate_03/models/RL-GRU-Mean.pt,True
3,3,Uniform-Mean,mean,396.3999999999998,180.0,396.8999999999998,0.8121725435840629,4.353430042805545,13.433969555398065,0.9973432835820896,0.0544718924667481,398.52434508716794,398.52434508716794,423.767939110796,25100,250,277,27,20.03861454200523,NONE,True
3,3,RL-FF-CVaR,cvar,396.3999999999998,180.0,397.59999999999985,0.8718346634226205,2.8879768468792673,10.63622484381393,0.995776119402985,0.0548929386431251,418.8724496876277,399.3436693268451,418.8724496876277,25100,250,278,28,19.748501707996184,R3_REWARDFIX_VAL5_OUTPUT/replicate_03/models/RL-FF-CVaR.pt,True
3,3,RL-GRU-CVaR,cvar,396.3999999999998,180.0,397.19999999999976,1.062781971210327,4.12559885679756,13.692809448527164,0.9955373134328356,0.0545108173635514,424.5856188970541,399.3255639424204,424.5856188970541,25100,250,287,37,21.801179292000597,R3_REWARDFIX_VAL5_OUTPUT/replicate_03/models/RL-GRU-CVaR.pt,True
3,3,Uniform-CVaR,cvar,396.3999999999998,180.0,396.3999999999998,0.6422691287729678,3.5684183100313316,10.86688823785562,0.9978208955223882,0.0543078407495825,418.13377647571104,397.68453825754574,418.13377647571104,25100,250,263,13,17.962563374996535,NONE,True
3,4,RL-FF-Mean,mean,396.3999999999998,180.0,396.4999999999999,1.8714040721137215,7.669741384426381,29.081853410432544,0.9963432835820896,0.0532515757424487,400.24280814422735,400.24280814422735,454.66370682086495,25100,250,275,25,20.782349875000364,R3_REWARDFIX_VAL5_OUTPUT/replicate_04/models/RL-FF-Mean.pt,True
3,4,RL-GRU-Mean,mean,396.3999999999998,180.0,397.19999999999976,1.1182948622089297,3.550381074257259,13.126941813047129,0.995507462686567,0.053141600244165,399.4365897244176,399.4365897244176,423.453883626094,25100,250,262,12,18.26826145799714,R3_REWARDFIX_VAL5_OUTPUT/replicate_04/models/RL-GRU-Mean.pt,True
3,4,Uniform-Mean,mean,396.3999999999998,180.0,396.4999999999999,1.8714040721137215,7.669741384426381,29.081853410432544,0.9963432835820896,0.0532515757424487,400.24280814422735,400.24280814422735,454.66370682086495,25100,250,271,21,19.69657591600117,NONE,True
3,4,RL-FF-CVaR,cvar,396.3999999999998,180.0,400.29999999999984,0.8576195458869891,3.216697184459179,11.84424132331762,0.9965223880597016,0.0530580745367198,423.9884826466351,402.0152390917738,423.9884826466351,25100,250,261,11,17.14060341599543,R3_REWARDFIX_VAL5_OUTPUT/replicate_04/models/RL-FF-CVaR.pt,True
3,4,RL-GRU-CVaR,cvar,396.3999999999998,180.0,396.4999999999999,1.8714040721137215,7.669741384426381,29.081853410432544,0.9963432835820896,0.0531005768459947,454.66370682086495,400.24280814422735,454.66370682086495,25100,250,273,23,19.299476125001092,R3_REWARDFIX_VAL5_OUTPUT/replicate_04/models/RL-GRU-CVaR.pt,True
3,4,Uniform-CVaR,cvar,396.3999999999998,180.0,404.7999999999998,0.7047406666734342,3.0440198560723153,10.785803253132356,0.9975373134328358,0.0532320426391447,426.37160650626447,406.2094813333467,426.37160650626447,25100,250,264,14,17.797255541001505,NONE,True
3,5,RL-FF-Mean,mean,396.3999999999998,180.0,396.9999999999999,0.6362432660137278,2.6058935666055554,9.74194120095308,0.9974925373134328,0.0529247226781829,398.27248653202736,398.27248653202736,416.4838824019061,25100,250,280,30,20.84429362499941,R3_REWARDFIX_VAL5_OUTPUT/replicate_05/models/RL-FF-Mean.pt,True
3,5,RL-GRU-Mean,mean,396.3999999999998,180.0,396.9999999999999,0.6362432660137278,2.6058935666055554,9.74194120095308,0.9974925373134328,0.0529247226781829,398.27248653202736,398.27248653202736,416.4838824019061,25100,250,276,26,20.28654199999437,R3_REWARDFIX_VAL5_OUTPUT/replicate_05/models/RL-GRU-Mean.pt,True
3,5,Uniform-Mean,mean,396.3999999999998,180.0,396.8999999999998,0.632481492796335,2.6040917053522663,9.74194120095308,0.9975074626865672,0.0528889763885813,398.16496298559247,398.16496298559247,416.3838824019059,25100,250,280,30,20.474895833001938,NONE,True
3,5,RL-FF-CVaR,cvar,396.3999999999998,180.0,399.8999999999998,0.712230497005255,2.798572081961854,9.460305990576549,0.9966268656716418,0.0533714091656497,418.8206119811529,401.32446099401034,418.8206119811529,25100,250,273,23,20.137778500000422,R3_REWARDFIX_VAL5_OUTPUT/replicate_05/models/RL-FF-CVaR.pt,True
3,5,RL-GRU-CVaR,cvar,396.3999999999998,180.0,400.9999999999999,1.094448538990749,6.0856740739616955,17.40403759747858,0.9963731343283582,0.0527907710998436,435.80807519495704,403.1888970779814,435.80807519495704,25100,250,274,24,19.65452641600132,R3_REWARDFIX_VAL5_OUTPUT/replicate_05/models/RL-GRU-CVaR.pt,True
3,5,Uniform-CVaR,cvar,396.3999999999998,180.0,397.19999999999976,0.913838417213296,2.9945368724462553,10.434086462264606,0.9957910447761196,0.0533461462605384,418.068172924529,399.0276768344264,418.068172924529,25100,250,287,37,20.515014665994386,NONE,True
3,6,RL-FF-Mean,mean,396.3999999999998,180.0,399.1999999999998,0.7406433480080812,4.076834964486511,11.497151885528403,0.9967761194029848,0.0515299467939853,400.681286696016,400.681286696016,422.19430377105664,25100,250,320,70,25.408699332998367,R3_REWARDFIX_VAL5_OUTPUT/replicate_06/models/RL-FF-Mean.pt,True
3,6,RL-GRU-Mean,mean,396.3999999999998,180.0,395.7999999999999,1.5258243359883694,3.3117530430907633,12.0773813430911,0.994283582089552,0.0511110989536669,398.8516486719767,398.8516486719767,419.95476268618216,25100,250,316,66,24.864198874995058,R3_REWARDFIX_VAL5_OUTPUT/replicate_06/models/RL-GRU-Mean.pt,True
3,6,Uniform-Mean,mean,396.3999999999998,180.0,396.99999999999983,1.1464494457608712,4.114052834303494,13.749627422042924,0.995641791044776,0.0517006332137902,399.2928988915216,399.2928988915216,424.49925484408567,25100,250,302,52,23.40091287499672,NONE,True
3,6,RL-FF-CVaR,cvar,396.3999999999998,180.0,397.19999999999976,0.9828629986624404,3.911896864921004,12.587858212572032,0.9955223880597014,0.0513239018505346,422.3757164251438,399.1657259973246,422.3757164251438,25100,250,307,57,23.31378412499907,R3_REWARDFIX_VAL5_OUTPUT/replicate_06/models/RL-FF-CVaR.pt,True
3,6,RL-GRU-CVaR,cvar,396.3999999999998,180.0,397.19999999999976,0.9828629986624404,3.911896864921004,12.587858212572032,0.9955223880597014,0.0512092586922025,422.3757164251438,399.1657259973246,422.3757164251438,25100,250,273,23,19.56294354199781,R3_REWARDFIX_VAL5_OUTPUT/replicate_06/models/RL-GRU-CVaR.pt,True
3,6,Uniform-CVaR,cvar,396.3999999999998,180.0,397.19999999999976,0.9828629986624404,3.911896864921004,12.587858212572032,0.9955223880597014,0.0512092586922025,422.3757164251438,399.1657259973246,422.3757164251438,25100,250,285,35,20.67184624999936,NONE,True
3,7,RL-FF-Mean,mean,396.3999999999998,180.0,401.1999999999999,1.3273221631507304,3.0977163328241115,11.804590044565405,0.9947164179104476,0.0528620547308224,403.85464432630135,403.85464432630135,424.8091800891307,25100,250,287,37,21.15293054200447,R3_REWARDFIX_VAL5_OUTPUT/replicate_07/models/RL-FF-Mean.pt,True
3,7,RL-GRU-Mean,mean,396.3999999999998,180.0,401.1999999999998,0.8678031483739566,3.217835454352421,11.665788498785846,0.995910447761194,0.0532946287854863,402.9356062967477,402.9356062967477,424.5315769975715,25100,250,300,50,23.26775804200588,R3_REWARDFIX_VAL5_OUTPUT/replicate_07/models/RL-GRU-Mean.pt,True
3,7,Uniform-Mean,mean,396.3999999999998,180.0,397.5999999999999,1.215588698182039,5.337137789311744,18.167261881911777,0.9967462686567164,0.0529469412184709,400.031177396364,400.031177396364,433.93452376382345,25100,250,293,43,21.11554395900021,NONE,True
3,7,RL-FF-CVaR,cvar,396.3999999999998,180.0,397.99999999999983,0.8739586834664426,3.1089380323242453,10.918312148704011,0.9952686567164178,0.0529939295424696,419.83662429740787,399.7479173669327,419.83662429740787,25100,250,275,25,20.715059417001612,R3_REWARDFIX_VAL5_OUTPUT/replicate_07/models/RL-FF-CVaR.pt,True
3,7,RL-GRU-CVaR,cvar,396.3999999999998,180.0,398.99999999999983,0.8782303266273146,3.1142439522179473,10.981186960085893,0.9952388059701494,0.0530301756342839,420.9623739201716,400.75646065325446,420.9623739201716,25100,250,270,20,19.741000874993915,R3_REWARDFIX_VAL5_OUTPUT/replicate_07/models/RL-GRU-CVaR.pt,True
3,7,Uniform-CVaR,cvar,396.3999999999998,180.0,401.8999999999999,1.980770772111961,4.508203454383011,17.10104979868644,0.992641791044776,0.0528716147574775,436.1020995973728,405.8615415442238,436.1020995973728,25100,250,283,33,21.085753958999703,NONE,True
3,8,RL-FF-Mean,mean,396.3999999999998,180.0,397.19999999999976,1.0402432228866951,2.9996388459184997,11.288206041709424,0.9953432835820896,0.0530386308043204,399.28048644577314,399.28048644577314,419.7764120834186,25100,250,309,59,23.76441670799977,R3_REWARDFIX_VAL5_OUTPUT/replicate_08/models/RL-FF-Mean.pt,True
3,8,RL-GRU-Mean,mean,396.3999999999998,180.0,397.8999999999998,1.7048915341849655,6.327269955176206,24.715142197903628,0.9960746268656716,0.0534056953503136,401.3097830683697,401.3097830683697,447.33028439580704,25100,250,270,20,19.930259832995944,R3_REWARDFIX_VAL5_OUTPUT/replicate_08/models/RL-GRU-Mean.pt,True
3,8,Uniform-Mean,mean,396.3999999999998,180.0,397.19999999999976,1.0402432228866951,2.9996388459184997,11.288206041709424,0.9953432835820896,0.0530386308043204,399.28048644577314,399.28048644577314,419.7764120834186,25100,250,279,29,20.123415250003745,NONE,True
3,8,RL-FF-CVaR,cvar,396.3999999999998,180.0,397.59999999999985,0.9728714313783144,2.9507391257022637,10.879842405074214,0.9955671641791044,0.0532290369922917,419.3596848101483,399.54574286275647,419.3596848101483,25100,250,258,8,17.883930250005506,R3_REWARDFIX_VAL5_OUTPUT/replicate_08/models/RL-FF-CVaR.pt,True
3,8,RL-GRU-CVaR,cvar,396.3999999999998,180.0,400.79999999999984,0.7795660296862235,2.6541224599312927,9.664768327317994,0.9964179104477612,0.0536308724662578,420.12953665463584,402.3591320593723,420.12953665463584,25100,250,273,23,18.887260084004083,R3_REWARDFIX_VAL5_OUTPUT/replicate_08/models/RL-GRU-CVaR.pt,True
3,8,Uniform-CVaR,cvar,396.3999999999998,180.0,398.09999999999985,0.9541660983905194,2.8644053390777926,10.65932525891508,0.9956268656716418,0.0534382154184449,419.41865051783,400.0083321967809,419.41865051783,25100,250,263,13,18.223265334003372,NONE,True
3,9,RL-FF-Mean,mean,396.3999999999998,180.0,397.19999999999976,1.1210615297032955,4.250566542131889,13.095441155564693,0.9955970149253732,0.0517224042627273,399.4421230594064,399.4421230594064,423.39088231112913,25100,250,272,22,19.202553582996188,R3_REWARDFIX_VAL5_OUTPUT/replicate_09/models/RL-FF-Mean.pt,True
3,9,RL-GRU-Mean,mean,396.3999999999998,180.0,397.19999999999976,1.1210615297032955,4.250566542131889,13.095441155564693,0.9955970149253732,0.0517224042627273,399.4421230594064,399.4421230594064,423.39088231112913,25100,250,296,46,21.740957500005607,R3_REWARDFIX_VAL5_OUTPUT/replicate_09/models/RL-GRU-Mean.pt,True
3,9,Uniform-Mean,mean,396.3999999999998,180.0,397.19999999999976,1.1210615297032955,4.250566542131889,13.095441155564693,0.9955970149253732,0.0518437677308794,399.4421230594064,399.4421230594064,423.39088231112913,25100,250,299,49,22.28081949999614,NONE,True
3,9,RL-FF-CVaR,cvar,396.3999999999998,180.0,399.89999999999975,0.9508870010438644,4.121893162777844,12.15467009285125,0.9963731343283582,0.0511627108916734,424.2093401857023,401.8017740020875,424.2093401857023,25100,250,273,23,19.736498665995896,R3_REWARDFIX_VAL5_OUTPUT/replicate_09/models/RL-FF-CVaR.pt,True
3,9,RL-GRU-CVaR,cvar,396.3999999999998,180.0,401.7,0.7672023618457536,4.024769360553103,11.274356204286851,0.9971641791044776,0.0519385369597936,424.2487124085737,403.2344047236915,424.2487124085737,25100,250,287,37,21.24617966699589,R3_REWARDFIX_VAL5_OUTPUT/replicate_09/models/RL-GRU-CVaR.pt,True
3,9,Uniform-CVaR,cvar,396.3999999999998,180.0,398.7999999999998,0.7027477093670668,4.011416914564365,11.198513615236877,0.9976716417910448,0.0526452906209411,421.1970272304735,400.2054954187339,421.1970272304735,25100,250,294,44,21.550091582997993,NONE,True
3,10,RL-FF-Mean,mean,396.3999999999998,180.0,401.59999999999974,1.577968585775713,6.781909502347739,22.392217906627096,0.994731343283582,0.05289879840415,404.7559371715512,404.7559371715512,446.3844358132539,25100,250,286,36,20.97328270899743,R3_REWARDFIX_VAL5_OUTPUT/replicate_10/models/RL-FF-Mean.pt,True
3,10,RL-GRU-Mean,mean,396.3999999999998,180.0,401.89999999999986,1.513704396007325,5.682867593022833,21.5755059202333,0.996089552238806,0.0524029692546813,404.9274087920145,404.9274087920145,445.05101184046646,25100,250,287,37,21.95666666699981,R3_REWARDFIX_VAL5_OUTPUT/replicate_10/models/RL-GRU-Mean.pt,True
3,10,Uniform-Mean,mean,396.3999999999998,180.0,397.29999999999984,1.4344406756506591,5.575280674545286,21.259342078113914,0.9965671641791044,0.0521380976787914,400.16888135130114,400.16888135130114,439.8186841562277,25100,250,292,42,21.63965654099593,NONE,True
3,10,RL-FF-CVaR,cvar,396.3999999999998,180.0,396.4999999999999,1.293845479532288,5.427051213069168,20.43078709940894,0.9968358208955224,0.05277570837385,437.3615741988178,399.0876909590645,437.3615741988178,25100,250,269,19,19.21231925000029,R3_REWARDFIX_VAL5_OUTPUT/replicate_10/models/RL-FF-CVaR.pt,True
3,10,RL-GRU-CVaR,cvar,396.3999999999998,180.0,398.59999999999985,0.4898511425543728,2.070822124622464,7.419692140385965,0.9977164179104476,0.052811291742028,413.4393842807718,399.5797022851086,413.4393842807718,25100,250,283,33,21.639415750003536,R3_REWARDFIX_VAL5_OUTPUT/replicate_10/models/RL-GRU-CVaR.pt,True
3,10,Uniform-CVaR,cvar,396.3999999999998,180.0,398.0999999999998,1.2440590518052,3.5832967122917996,12.961083665143278,0.994910447761194,0.0527774119051751,424.0221673302864,400.5881181036102,424.0221673302864,25100,250,279,29,21.000427333005064,NONE,True
4,1,RL-FF-Mean,mean,419.20000000000016,180.0,420.3000000000002,8.16171208330941,7.987105743325341,31.524100749981915,0.982898550724638,0.0511030077415986,436.623424166619,436.623424166619,483.348201499964,25100,250,302,52,26.485540999994555,R3_REWARDFIX_VAL5_OUTPUT/replicate_01/models/RL-FF-Mean.pt,True
4,1,RL-GRU-Mean,mean,419.20000000000016,180.0,424.5000000000001,2.0480874718382083,4.121522476765639,15.862547178949148,0.9933188405797102,0.0514298549495918,428.59617494367654,428.59617494367654,456.2250943578984,25100,250,303,53,26.31274354099878,R3_REWARDFIX_VAL5_OUTPUT/replicate_01/models/RL-GRU-Mean.pt,True
4,1,Uniform-Mean,mean,419.20000000000016,180.0,418.0000000000002,8.680944886327838,8.588489959512183,34.5430121185037,0.9807826086956524,0.0518465285426527,435.3618897726559,435.3618897726559,487.0860242370076,25100,250,324,74,28.350940000003902,NONE,True
4,1,RL-FF-CVaR,cvar,419.20000000000016,180.0,430.30000000000007,2.002857237797678,4.005534492762103,15.381014628605271,0.9939420289855072,0.051379415630511,461.0620292572106,434.30571447559544,461.0620292572106,25100,250,313,63,27.292065749999892,R3_REWARDFIX_VAL5_OUTPUT/replicate_01/models/RL-FF-CVaR.pt,True
4,1,RL-GRU-CVaR,cvar,419.20000000000016,180.0,428.0000000000001,1.498798294023323,3.587845028729783,13.89878113993526,0.996231884057971,0.0516381251367107,455.79756227987065,430.99759658804675,455.79756227987065,25100,250,296,46,25.27268362500035,R3_REWARDFIX_VAL5_OUTPUT/replicate_01/models/RL-GRU-CVaR.pt,True
4,1,Uniform-CVaR,cvar,419.20000000000016,180.0,427.4000000000002,2.773752961689167,4.891363441527424,18.735719739255117,0.9912463768115942,0.0511588952174329,464.8714394785104,432.9475059233785,464.8714394785104,25100,250,333,83,29.394662708000396,NONE,True
4,2,RL-FF-Mean,mean,419.20000000000016,180.0,425.2000000000002,2.8033850831706943,4.977368512984008,18.90447396543397,0.9915942028985508,0.0528251673896322,430.8067701663416,430.8067701663416,463.00894793086815,25100,250,304,54,29.214855666999934,R3_REWARDFIX_VAL5_OUTPUT/replicate_02/models/RL-FF-Mean.pt,True
4,2,RL-GRU-Mean,mean,419.20000000000016,180.0,422.20000000000016,3.915697092439983,6.151662163688884,22.84264104868665,0.9885072463768118,0.0521172447366199,430.0313941848801,430.0313941848801,467.8852820973735,25100,250,292,42,27.203724874998443,R3_REWARDFIX_VAL5_OUTPUT/replicate_02/models/RL-GRU-Mean.pt,True
4,2,Uniform-Mean,mean,419.20000000000016,180.0,436.7000000000001,0.5637624735181214,1.9518091246228275,7.970281709950234,0.9977826086956524,0.052584250666808,437.8275249470363,437.8275249470363,452.6405634199005,25100,250,281,31,22.395326291996753,NONE,True
4,2,RL-FF-CVaR,cvar,419.20000000000016,180.0,429.10000000000014,1.5100312538136411,3.4728617842950027,12.96256397408004,0.9961739130434782,0.0520430769100297,455.0251279481602,432.12006250762744,455.0251279481602,25100,250,290,40,25.72607929200603,R3_REWARDFIX_VAL5_OUTPUT/replicate_02/models/RL-FF-CVaR.pt,True
4,2,RL-GRU-CVaR,cvar,419.20000000000016,180.0,435.4,0.3035336393612011,1.4173357998033935,5.692199184399169,0.998840579710145,0.0528230779685736,446.7843983687983,436.0070672787225,446.7843983687983,25100,250,271,21,21.261926457998925,R3_REWARDFIX_VAL5_OUTPUT/replicate_02/models/RL-GRU-CVaR.pt,True
4,2,Uniform-CVaR,cvar,419.20000000000016,180.0,437.80000000000007,1.0912666889749745,3.04537158491289,12.255981713831016,0.9965942028985508,0.0518979062541276,462.3119634276621,439.98253337795,462.3119634276621,25100,250,284,34,22.577248665998923,NONE,True
4,3,RL-FF-Mean,mean,419.20000000000016,180.0,421.90000000000015,3.0959242596210506,6.437054057522109,24.18752681292998,0.9913478260869566,0.0544667065299002,428.09184851924226,428.09184851924226,470.2750536258601,25100,250,447,197,43.530203582995455,R3_REWARDFIX_VAL5_OUTPUT/replicate_03/models/RL-FF-Mean.pt,True
4,3,RL-GRU-Mean,mean,419.20000000000016,180.0,421.20000000000016,2.571297919962167,5.373904218417476,20.35000856721796,0.993289855072464,0.0549854208819736,426.3425958399245,426.3425958399245,461.9000171344361,25100,250,316,66,27.95293616699928,R3_REWARDFIX_VAL5_OUTPUT/replicate_03/models/RL-GRU-Mean.pt,True
4,3,Uniform-Mean,mean,419.20000000000016,180.0,431.30000000000007,2.8969611312308596,5.238634205325315,19.29827683349161,0.99168115942029,0.0538402072286863,437.0939222624618,437.0939222624618,469.89655366698327,25100,250,352,102,32.72929049999948,NONE,True
4,3,RL-FF-CVaR,cvar,419.20000000000016,180.0,438.10000000000014,0.8597908853316786,2.9680137046160153,12.055042501774189,0.9977246376811596,0.0552317047371963,462.2100850035485,439.8195817706635,462.2100850035485,25100,250,268,18,20.291649459002656,R3_REWARDFIX_VAL5_OUTPUT/replicate_03/models/RL-FF-CVaR.pt,True
4,3,RL-GRU-CVaR,cvar,419.20000000000016,180.0,434.7000000000001,1.704073825333211,3.6208151944226024,13.701284200568985,0.994913043478261,0.0540877131608204,462.102568401138,438.10814765066647,462.102568401138,25100,250,281,31,23.550986374997592,R3_REWARDFIX_VAL5_OUTPUT/replicate_03/models/RL-GRU-CVaR.pt,True
4,3,Uniform-CVaR,cvar,419.20000000000016,180.0,432.8000000000001,0.6772350104203354,2.3438326522656783,9.150457768717857,0.9970144927536232,0.054037044000647,451.10091553743587,434.1544700208408,451.10091553743587,25100,250,260,10,20.296640708002087,NONE,True
4,4,RL-FF-Mean,mean,419.20000000000016,180.0,430.2000000000001,2.410899949708796,4.005831784123451,14.608152988720365,0.9914202898550724,0.0533894868745341,435.0217998994177,435.0217998994177,459.41630597744086,25100,250,347,97,31.269801124995865,R3_REWARDFIX_VAL5_OUTPUT/replicate_04/models/RL-FF-Mean.pt,True
4,4,RL-GRU-Mean,mean,419.20000000000016,180.0,427.5000000000001,2.46993430507126,5.548152142999452,20.68112127623218,0.9932608695652176,0.0537286678220112,432.43986861014264,432.43986861014264,468.86224255246447,25100,250,283,33,23.80535579199932,R3_REWARDFIX_VAL5_OUTPUT/replicate_04/models/RL-GRU-Mean.pt,True
4,4,Uniform-Mean,mean,419.20000000000016,180.0,430.2000000000001,2.410899949708796,4.005831784123451,14.608152988720365,0.9914202898550724,0.0533894868745341,435.0217998994177,435.0217998994177,459.41630597744086,25100,250,357,107,32.062384083001234,NONE,True
4,4,RL-FF-CVaR,cvar,419.20000000000016,180.0,425.90000000000015,2.060495454448888,4.263435713319328,16.055177783152086,0.9944637681159422,0.052070155918255,458.0103555663043,430.02099090889794,458.0103555663043,25100,250,348,98,32.39177112499601,R3_REWARDFIX_VAL5_OUTPUT/replicate_04/models/RL-FF-CVaR.pt,True
4,4,RL-GRU-CVaR,cvar,419.20000000000016,180.0,430.1000000000001,2.8490136617231605,5.582692605322685,21.55028086776601,0.9933188405797102,0.0533907759148635,473.2005617355321,435.7980273234464,473.2005617355321,25100,250,317,67,27.80664904099831,R3_REWARDFIX_VAL5_OUTPUT/replicate_04/models/RL-GRU-CVaR.pt,True
4,4,Uniform-CVaR,cvar,419.20000000000016,180.0,438.90000000000015,1.2686084101917026,4.072415729907189,15.394975215269556,0.9952173913043478,0.0540303971773737,469.6899504305393,441.4372168203835,469.6899504305393,25100,250,301,51,25.35756008399767,NONE,True
4,5,RL-FF-Mean,mean,419.20000000000016,180.0,418.40000000000015,8.024221690621667,7.860538770388575,31.74227185366384,0.9829275362318842,0.0537150870180749,434.44844338124346,434.44844338124346,481.88454370732785,25100,250,435,185,42.5109881669996,R3_REWARDFIX_VAL5_OUTPUT/replicate_05/models/RL-FF-Mean.pt,True
4,5,RL-GRU-Mean,mean,419.20000000000016,180.0,418.1000000000002,8.461925714542529,8.670580519530718,34.67830152067663,0.9817101449275364,0.0529337246711998,435.02385142908525,435.02385142908525,487.45660304135345,25100,250,383,133,36.698675542000274,R3_REWARDFIX_VAL5_OUTPUT/replicate_05/models/RL-GRU-Mean.pt,True
4,5,Uniform-Mean,mean,419.20000000000016,180.0,431.90000000000015,2.014796139074072,4.2507465359227625,16.25364136788552,0.9950289855072464,0.0518919679768504,435.9295922781483,435.9295922781483,464.4072827357712,25100,250,284,34,22.294595332998146,NONE,True
4,5,RL-FF-CVaR,cvar,419.20000000000016,180.0,431.49999999999994,1.642777588262898,4.056777802887644,15.147044853923513,0.9955217391304348,0.0528948914751668,461.794089707847,434.78555517652575,461.794089707847,25100,250,283,33,23.084705999994185,R3_REWARDFIX_VAL5_OUTPUT/replicate_05/models/RL-FF-CVaR.pt,True
4,5,RL-GRU-CVaR,cvar,419.20000000000016,180.0,429.50000000000006,1.8699058137117437,4.359906119041519,16.257896254311337,0.9942608695652176,0.0528267980551249,462.0157925086227,433.23981162742353,462.0157925086227,25100,250,294,44,24.173568874997727,R3_REWARDFIX_VAL5_OUTPUT/replicate_05/models/RL-GRU-CVaR.pt,True
4,5,Uniform-CVaR,cvar,419.20000000000016,180.0,422.1000000000002,2.750418462381054,4.7538455490640015,18.432553997147124,0.9905942028985508,0.0523532650563373,458.9651079942944,427.6008369247623,458.9651079942944,25100,250,280,30,21.85292895799648,NONE,True
4,6,RL-FF-Mean,mean,419.20000000000016,180.0,425.9000000000001,2.1839773229718835,4.026839300075726,15.026088442495547,0.9934347826086958,0.0526486743655167,430.26795464594386,430.26795464594386,455.9521768849912,25100,250,314,64,27.498751917002664,R3_REWARDFIX_VAL5_OUTPUT/replicate_06/models/RL-FF-Mean.pt,True
4,6,RL-GRU-Mean,mean,419.20000000000016,180.0,422.7000000000002,2.685686030656754,5.1991190271807595,19.80996175484358,0.9920579710144928,0.0527254170245491,428.0713720613137,428.0713720613137,462.3199235096874,25100,250,306,56,27.35896366599627,R3_REWARDFIX_VAL5_OUTPUT/replicate_06/models/RL-GRU-Mean.pt,True
4,6,Uniform-Mean,mean,419.20000000000016,180.0,429.9,0.888053747308131,2.6244223260503925,10.423408826988092,0.9969275362318842,0.0523057902995752,431.6761074946163,431.6761074946163,450.7468176539762,25100,250,296,46,25.859149582996903,NONE,True
4,6,RL-FF-CVaR,cvar,419.20000000000016,180.0,437.4000000000001,0.517342362610172,1.78748440264916,7.094855169059915,0.9977101449275364,0.0521170708603853,451.5897103381199,438.4346847252205,451.5897103381199,25100,250,264,14,18.927458833000856,R3_REWARDFIX_VAL5_OUTPUT/replicate_06/models/RL-FF-CVaR.pt,True
4,6,RL-GRU-CVaR,cvar,419.20000000000016,180.0,428.6000000000002,1.8134214446180927,3.655143418769833,13.771707818840682,0.9941159420289856,0.0524940797187822,456.1434156376815,432.2268428892364,456.1434156376815,25100,250,288,38,24.080871792000835,R3_REWARDFIX_VAL5_OUTPUT/replicate_06/models/RL-GRU-CVaR.pt,True
4,6,Uniform-CVaR,cvar,419.20000000000016,180.0,427.0,1.857494226164351,4.036009583148198,15.44162997852026,0.9942318840579712,0.0517234248929531,457.88325995704054,430.7149884523287,457.88325995704054,25100,250,278,28,22.736186000001908,NONE,True
4,7,RL-FF-Mean,mean,419.20000000000016,180.0,433.3000000000002,1.927278921035595,4.084321673973932,15.569864031838376,0.9946956521739132,0.0530781679379426,437.15455784207137,437.15455784207137,464.4397280636769,25100,250,308,58,25.31915054199635,R3_REWARDFIX_VAL5_OUTPUT/replicate_07/models/RL-FF-Mean.pt,True
4,7,RL-GRU-Mean,mean,419.20000000000016,180.0,421.3000000000001,2.499160463668476,4.845612513293633,18.496610550281257,0.9926956521739132,0.0533697126118982,426.2983209273371,426.2983209273371,458.2932211005626,25100,250,368,118,33.12325045799662,R3_REWARDFIX_VAL5_OUTPUT/replicate_07/models/RL-GRU-Mean.pt,True
4,7,Uniform-Mean,mean,419.20000000000016,180.0,426.1000000000001,3.1533645911756345,5.495304318802852,20.609392524379164,0.9911159420289856,0.055068022852154,432.40672918235134,432.40672918235134,467.3187850487584,25100,250,281,31,22.38565345799725,NONE,True
4,7,RL-FF-CVaR,cvar,419.20000000000016,180.0,440.8000000000001,0.1308223512005316,0.8813843591858498,2.616447024010632,0.9994927536231883,0.0534936505573711,446.0328940480214,441.0616447024012,446.0328940480214,25100,250,263,13,19.57083670800057,R3_REWARDFIX_VAL5_OUTPUT/replicate_07/models/RL-FF-CVaR.pt,True
4,7,RL-GRU-CVaR,cvar,419.20000000000016,180.0,428.50000000000006,2.024340479448271,4.681202909866304,17.795030994540213,0.994144927536232,0.0530441960194835,464.0900619890805,432.5486809588966,464.0900619890805,25100,250,299,49,25.393731292002485,R3_REWARDFIX_VAL5_OUTPUT/replicate_07/models/RL-GRU-CVaR.pt,True
4,7,Uniform-CVaR,cvar,419.20000000000016,180.0,431.40000000000015,1.574484045264836,3.676801641851674,14.32330020630534,0.995768115942029,0.0533527022475224,460.0466004126108,434.5489680905298,460.0466004126108,25100,250,292,42,24.342721582994272,NONE,True
4,8,RL-FF-Mean,mean,419.20000000000016,180.0,419.7000000000002,9.196998688172066,9.251634793182772,37.07215560132414,0.981057971014493,0.052744147069167,438.0939973763443,438.0939973763443,493.8443112026485,25100,250,319,69,28.16266874999565,R3_REWARDFIX_VAL5_OUTPUT/replicate_08/models/RL-FF-Mean.pt,True
4,8,RL-GRU-Mean,mean,419.20000000000016,180.0,419.00000000000017,8.627606397426115,8.602933660467086,34.05545496426733,0.9821159420289858,0.0525450406426667,436.2552127948524,436.2552127948524,487.11090992853485,25100,250,336,86,28.86485787499987,R3_REWARDFIX_VAL5_OUTPUT/replicate_08/models/RL-GRU-Mean.pt,True
4,8,Uniform-Mean,mean,419.20000000000016,180.0,426.1000000000002,2.5966270021943965,5.027101287246445,18.73572886937277,0.9936666666666668,0.0516163921972024,431.293254004389,431.293254004389,463.5714577387457,25100,250,325,75,30.03199087500252,NONE,True
4,8,RL-FF-CVaR,cvar,419.20000000000016,180.0,427.30000000000007,2.439282541087441,5.190676227254972,19.973202248231704,0.9939420289855072,0.0523883977190816,467.2464044964634,432.17856508217494,467.2464044964634,25100,250,325,75,29.152759374999732,R3_REWARDFIX_VAL5_OUTPUT/replicate_08/models/RL-FF-CVaR.pt,True
4,8,RL-GRU-CVaR,cvar,419.20000000000016,180.0,427.7000000000001,1.9294484207463387,3.988372060600205,15.14200916996906,0.9945072463768118,0.0516747916943184,457.98401833993825,431.5588968414927,457.98401833993825,25100,250,300,50,25.36221837499761,R3_REWARDFIX_VAL5_OUTPUT/replicate_08/models/RL-GRU-CVaR.pt,True
4,8,Uniform-CVaR,cvar,419.20000000000016,180.0,439.00000000000017,0.673837675532,2.303604835444931,9.280856482366254,0.9972028985507247,0.0518605857322848,457.5617129647327,440.3476753510642,457.5617129647327,25100,250,281,31,22.30193637499906,NONE,True
4,9,RL-FF-Mean,mean,419.20000000000016,180.0,424.0,1.796118276642074,4.2071781705233375,16.39963339375748,0.9951304347826088,0.0532568329211201,427.5922365532841,427.5922365532841,456.79926678751497,25100,250,316,66,28.993369999996503,R3_REWARDFIX_VAL5_OUTPUT/replicate_09/models/RL-FF-Mean.pt,True
4,9,RL-GRU-Mean,mean,419.20000000000016,180.0,419.1000000000002,8.535119924437833,8.7611279664103,35.45886254406863,0.9815362318840584,0.0530416410226506,436.17023984887584,436.17023984887584,490.01772508813747,25100,250,393,143,35.45190533300047,R3_REWARDFIX_VAL5_OUTPUT/replicate_09/models/RL-GRU-Mean.pt,True
4,9,Uniform-Mean,mean,419.20000000000016,180.0,428.9,2.028028218307861,4.612237154684769,17.6330874990243,0.9937971014492756,0.0534003232902741,432.95605643661577,432.95605643661577,464.16617499804863,25100,250,438,188,41.970403624996834,NONE,True
4,9,RL-FF-CVaR,cvar,419.20000000000016,180.0,422.1000000000001,2.361642567947948,4.4895636305412046,17.336053411009413,0.993072463768116,0.0531184665054103,456.7721068220189,426.823285135896,456.7721068220189,25100,250,283,33,24.257495750003727,R3_REWARDFIX_VAL5_OUTPUT/replicate_09/models/RL-FF-CVaR.pt,True
4,9,RL-GRU-CVaR,cvar,419.20000000000016,180.0,426.40000000000015,2.1213022814150584,4.305601969299456,16.658978637237848,0.9939420289855072,0.0526976289568655,459.71795727447585,430.6426045628303,459.71795727447585,25100,250,289,39,24.693304125001305,R3_REWARDFIX_VAL5_OUTPUT/replicate_09/models/RL-GRU-CVaR.pt,True
4,9,Uniform-CVaR,cvar,419.20000000000016,180.0,428.6000000000002,2.537607409870631,6.147367917023549,23.32764242491013,0.9935652173913044,0.0528315458752777,475.2552848498205,433.6752148197414,475.2552848498205,25100,250,298,48,26.1048257500006,NONE,True
4,10,RL-FF-Mean,mean,419.20000000000016,180.0,417.70000000000016,8.851033661879068,8.71131820689637,34.440735344329646,0.9818550724637684,0.0526923951421917,435.4020673237583,435.4020673237583,486.58147068865946,25100,250,378,128,35.44656991699594,R3_REWARDFIX_VAL5_OUTPUT/replicate_10/models/RL-FF-Mean.pt,True
4,10,RL-GRU-Mean,mean,419.20000000000016,180.0,425.9000000000002,3.359881668816052,5.659389537034544,21.05736418189326,0.990826086956522,0.0520113241779135,432.6197633376323,432.6197633376323,468.01472836378673,25100,250,384,134,36.470975416996225,R3_REWARDFIX_VAL5_OUTPUT/replicate_10/models/RL-GRU-Mean.pt,True
4,10,Uniform-Mean,mean,419.20000000000016,180.0,427.30000000000007,2.226421621012655,5.372277390766782,19.548623484111012,0.9940869565217392,0.0525863851229143,431.7528432420254,431.7528432420254,466.3972469682221,25100,250,319,69,27.72040987500077,NONE,True
4,10,RL-FF-CVaR,cvar,419.20000000000016,180.0,426.8,1.444345979907421,3.857546543571883,14.334233039859416,0.9965072463768117,0.0522246599905279,455.4684660797189,429.6886919598148,455.4684660797189,25100,250,299,49,27.648224249998748,R3_REWARDFIX_VAL5_OUTPUT/replicate_10/models/RL-FF-CVaR.pt,True
4,10,RL-GRU-CVaR,cvar,419.20000000000016,180.0,440.10000000000014,1.726596734900281,4.490198397200734,15.89878013740398,0.9946376811594204,0.0528338974170307,471.8975602748081,443.5531934698007,471.8975602748081,25100,250,304,54,24.990603124999325,R3_REWARDFIX_VAL5_OUTPUT/replicate_10/models/RL-GRU-CVaR.pt,True
4,10,Uniform-CVaR,cvar,419.20000000000016,180.0,426.1000000000001,2.0504932067097053,4.59396811264794,16.889778995089202,0.9940144927536232,0.0529749621903842,459.87955799017845,430.2009864134195,459.87955799017845,25100,250,306,56,27.232225291998475,NONE,True
5,1,RL-FF-Mean,mean,395.5000000000001,180.0,398.1000000000001,2.357938134155544,5.185841444043076,20.16877859258784,0.9939466666666666,0.0535167928785402,402.8158762683112,402.8158762683112,438.43755718517576,25100,250,264,14,23.972418875004223,R3_REWARDFIX_VAL5_OUTPUT/replicate_01/models/RL-FF-Mean.pt,True
5,1,RL-GRU-Mean,mean,395.5000000000001,180.0,401.6,1.5194713522019847,4.0526934470174485,15.572217460069355,0.9958533333333331,0.0532518106288711,404.638942704404,404.638942704404,432.7444349201387,25100,250,258,8,22.738893207999354,R3_REWARDFIX_VAL5_OUTPUT/replicate_01/models/RL-GRU-Mean.pt,True
5,1,Uniform-Mean,mean,395.5000000000001,180.0,399.50000000000017,1.7596708328839326,4.3491943013908445,16.769988281514067,0.9953066666666666,0.054270694537576,403.019341665768,403.019341665768,433.0399765630283,25100,250,268,18,24.93439683399629,NONE,True
5,1,RL-FF-CVaR,cvar,395.5000000000001,180.0,398.0999999999999,0.0129082446581118,0.202048230775077,0.2581648931622374,0.9998933333333332,0.0529645899746277,398.6163297863244,398.12581648931615,398.6163297863244,25100,250,268,18,26.054444458000944,R3_REWARDFIX_VAL5_OUTPUT/replicate_01/models/RL-FF-CVaR.pt,True
5,1,RL-GRU-CVaR,cvar,395.5000000000001,180.0,413.9000000000001,0.108938619012504,0.882936178503092,2.17877238025008,0.9996266666666668,0.0532034701682248,418.25754476050025,414.1178772380251,418.25754476050025,25100,250,261,11,21.889969875002866,R3_REWARDFIX_VAL5_OUTPUT/replicate_01/models/RL-GRU-CVaR.pt,True
5,1,Uniform-CVaR,cvar,395.5000000000001,180.0,397.49999999999994,0.8848376060444902,2.936024177293249,10.722186101400982,0.9967466666666666,0.0533901018870736,418.9443722028019,399.26967521208894,418.9443722028019,25100,250,314,64,32.470307458002935,NONE,True
5,2,RL-FF-Mean,mean,395.5000000000001,180.0,399.30000000000007,0.6279637770578854,2.260370935521533,8.680331665302205,0.9976,0.053879312990144,400.55592755411584,400.55592755411584,416.6606633306045,25100,250,288,38,27.712773833001847,R3_REWARDFIX_VAL5_OUTPUT/replicate_02/models/RL-FF-Mean.pt,True
5,2,RL-GRU-Mean,mean,395.5000000000001,180.0,400.8999999999999,1.0406037174572855,3.3629329730929465,13.651318538742844,0.9969333333333332,0.0540421023786152,402.9812074349145,402.9812074349145,428.2026370774856,25100,250,273,23,25.630568624997977,R3_REWARDFIX_VAL5_OUTPUT/replicate_02/models/RL-GRU-Mean.pt,True
5,2,Uniform-Mean,mean,395.5000000000001,180.0,395.9,0.1536400231367956,0.7940945031547315,3.0180250782833395,0.9991599999999998,0.053649306643847,396.2072800462736,396.2072800462736,401.93605015656664,25100,250,274,24,25.93209562500124,NONE,True
5,2,RL-FF-CVaR,cvar,395.5000000000001,180.0,419.50000000000017,3.2270470275512637,5.29270648858123,19.185918835551263,0.98624,0.0541107021433861,457.8718376711027,425.9540940551027,457.8718376711027,25100,250,260,10,22.76000566699804,R3_REWARDFIX_VAL5_OUTPUT/replicate_02/models/RL-FF-CVaR.pt,True
5,2,RL-GRU-CVaR,cvar,395.5000000000001,180.0,414.1000000000001,0.5656299793393722,1.909089093288232,7.562162027355685,0.9974666666666666,0.0536947629717242,429.2243240547115,415.2312599586788,429.2243240547115,25100,250,261,11,21.906071959005203,R3_REWARDFIX_VAL5_OUTPUT/replicate_02/models/RL-GRU-CVaR.pt,True
5,2,Uniform-CVaR,cvar,395.5000000000001,180.0,419.70000000000016,0.1870607763305815,0.8890595272001182,3.2678074306692486,0.9988133333333332,0.0549143966697286,426.23561486133866,420.0741215526613,426.23561486133866,25100,250,263,13,23.488324208999984,NONE,True
5,3,RL-FF-Mean,mean,395.5000000000001,180.0,397.6,1.4414156331793515,3.814556464396365,14.997051467599784,0.9963733333333332,0.0542561453721217,400.48283126635874,400.48283126635874,427.5941029351996,25100,250,263,13,22.93632208299823,R3_REWARDFIX_VAL5_OUTPUT/replicate_03/models/RL-FF-Mean.pt,True
5,3,RL-GRU-Mean,mean,395.5000000000001,180.0,404.8999999999999,3.3820714976750614,8.01182966100312,30.437083357150343,0.9920666666666668,0.054371349745975,411.66414299535006,411.66414299535006,465.77416671430063,25100,250,268,18,23.302885790995788,R3_REWARDFIX_VAL5_OUTPUT/replicate_03/models/RL-GRU-Mean.pt,True
5,3,Uniform-Mean,mean,395.5000000000001,180.0,400.9999999999999,3.4936358002968944,5.9075067983460965,22.96877942094847,0.9881333333333332,0.055091377358734,407.98727160059366,407.98727160059366,446.9375588418968,25100,250,282,32,25.689358750001706,NONE,True
5,3,RL-FF-CVaR,cvar,395.5000000000001,180.0,414.1,0.6798976893116433,2.6727045702496413,9.981597696975513,0.9981466666666666,0.0542642154054604,434.063195393951,415.45979537862326,434.063195393951,25100,250,261,11,23.190147125002113,R3_REWARDFIX_VAL5_OUTPUT/replicate_03/models/RL-FF-CVaR.pt,True
5,3,RL-GRU-CVaR,cvar,395.5000000000001,180.0,401.80000000000007,2.387614772507922,4.845992583718795,18.6818538790059,0.99312,0.0540618638332102,439.16370775801187,406.57522954501593,439.16370775801187,25100,250,271,21,26.213817417003156,R3_REWARDFIX_VAL5_OUTPUT/replicate_03/models/RL-GRU-CVaR.pt,True
5,3,Uniform-CVaR,cvar,395.5000000000001,180.0,410.4,0.8180180256168031,3.970468892499856,11.223487506023623,0.9972266666666668,0.0540904969837594,432.84697501204727,412.0360360512336,432.84697501204727,25100,250,252,2,20.29764279200026,NONE,True
5,4,RL-FF-Mean,mean,395.5000000000001,180.0,395.0,0.4711478774648924,2.3662967318761168,9.13550043243299,0.9990666666666668,0.0536590428578908,395.9422957549298,395.9422957549298,413.271000864866,25100,250,276,26,26.019906082998205,R3_REWARDFIX_VAL5_OUTPUT/replicate_04/models/RL-FF-Mean.pt,True
5,4,RL-GRU-Mean,mean,395.5000000000001,180.0,396.0,0.6243764693444318,2.5589856979889354,10.41032802405695,0.9982933333333333,0.0538996045657449,397.2487529386889,397.2487529386889,416.8206560481139,25100,250,270,20,24.657507500000065,R3_REWARDFIX_VAL5_OUTPUT/replicate_04/models/RL-GRU-Mean.pt,True
5,4,Uniform-Mean,mean,395.5000000000001,180.0,401.29999999999984,2.4195148457683056,5.179836122274469,19.781352148768853,0.9942933333333333,0.0539198687300936,406.1390296915365,406.1390296915365,440.8627042975376,25100,250,256,6,21.60876058300346,NONE,True
5,4,RL-FF-CVaR,cvar,395.5000000000001,180.0,405.80000000000007,1.4535073372407248,3.7813705735896006,14.899679757454562,0.9960933333333332,0.0539192464685396,435.5993595149092,408.7070146744815,435.5993595149092,25100,250,263,13,22.099405707995174,R3_REWARDFIX_VAL5_OUTPUT/replicate_04/models/RL-FF-CVaR.pt,True
5,4,RL-GRU-CVaR,cvar,395.5000000000001,180.0,421.80000000000007,0.3546793833059266,2.0111918220673193,7.080578258050761,0.99924,0.0540570114210825,435.9611565161016,422.5093587666119,435.9611565161016,25100,250,251,1,20.511966541998845,R3_REWARDFIX_VAL5_OUTPUT/replicate_04/models/RL-GRU-CVaR.pt,True
5,4,Uniform-CVaR,cvar,395.5000000000001,180.0,406.0,4.292642502166069,6.8982773298305275,25.648323844286665,0.9892533333333332,0.0544852717226716,457.2966476885734,414.58528500433215,457.2966476885734,25100,250,262,12,22.44360033299745,NONE,True
5,5,RL-FF-Mean,mean,395.5000000000001,180.0,404.8000000000002,4.757271992595994,8.214970939202098,31.6092788239626,0.98784,0.0547499909719205,414.3145439851922,414.3145439851922,468.0185576479254,25100,250,266,16,24.05761558299855,R3_REWARDFIX_VAL5_OUTPUT/replicate_05/models/RL-FF-Mean.pt,True
5,5,RL-GRU-Mean,mean,395.5000000000001,180.0,406.8,5.166708276313319,7.978582649694336,31.969276267915593,0.9866666666666664,0.054150018189123,417.1334165526266,417.1334165526266,470.7385525358312,25100,250,263,13,23.4561285420059,R3_REWARDFIX_VAL5_OUTPUT/replicate_05/models/RL-GRU-Mean.pt,True
5,5,Uniform-Mean,mean,395.5000000000001,180.0,406.6,2.869891571502351,5.472681252042257,21.59559024596859,0.9913733333333332,0.0544937700494438,412.3397831430047,412.3397831430047,449.7911804919372,25100,250,279,29,25.93108741699689,NONE,True
5,5,RL-FF-CVaR,cvar,395.5000000000001,180.0,413.7,0.3717887320571143,3.0092775959921054,7.435774641142286,0.9993733333333332,0.0532121919300602,428.57154928228454,414.44357746411424,428.57154928228454,25100,250,285,35,26.939257999998517,R3_REWARDFIX_VAL5_OUTPUT/replicate_05/models/RL-FF-CVaR.pt,True
5,5,RL-GRU-CVaR,cvar,395.5000000000001,180.0,418.4,0.1208002482915146,1.3817636572269685,2.4160049658302927,0.9997333333333334,0.0538977845601844,423.2320099316606,418.64160049658307,423.2320099316606,25100,250,291,41,27.911327999994683,R3_REWARDFIX_VAL5_OUTPUT/replicate_05/models/RL-GRU-CVaR.pt,True
5,5,Uniform-CVaR,cvar,395.5000000000001,180.0,421.3,0.0094512068981161,0.1681414065178128,0.1890241379623239,0.9999333333333332,0.0534123356401093,421.67804827592465,421.31890241379625,421.67804827592465,25100,250,261,11,23.26287758300168,NONE,True
5,6,RL-FF-Mean,mean,395.5000000000001,180.0,397.2,1.7786321272782732,4.177870225068873,16.34753515241939,0.9956,0.0530799101091387,400.75726425455656,400.75726425455656,429.8950703048388,25100,250,273,23,25.059904000001552,R3_REWARDFIX_VAL5_OUTPUT/replicate_06/models/RL-FF-Mean.pt,True
5,6,RL-GRU-Mean,mean,395.5000000000001,180.0,402.1,1.7082821787364255,4.6463498105459236,18.781336723413617,0.9950133333333332,0.0526528296599255,405.5165643574728,405.5165643574728,439.6626734468272,25100,250,258,8,22.25520954200329,R3_REWARDFIX_VAL5_OUTPUT/replicate_06/models/RL-GRU-Mean.pt,True
5,6,Uniform-Mean,mean,395.5000000000001,180.0,402.1,1.7082821787364255,4.6463498105459236,18.781336723413617,0.9950133333333332,0.0526528296599255,405.5165643574728,405.5165643574728,439.6626734468272,25100,250,261,11,23.236613458000647,NONE,True
5,6,RL-FF-CVaR,cvar,395.5000000000001,180.0,397.1000000000001,1.8704565325070617,4.294237324907788,16.34639197650093,0.9954666666666666,0.0528168235862068,429.7927839530019,400.8409130650142,429.7927839530019,25100,250,288,38,28.622956792001787,R3_REWARDFIX_VAL5_OUTPUT/replicate_06/models/RL-FF-CVaR.pt,True
5,6,RL-GRU-CVaR,cvar,395.5000000000001,180.0,414.7000000000002,0.3374640919890309,1.8696248901453956,6.462391359881206,0.9990666666666668,0.0525160238407448,427.6247827197626,415.3749281839783,427.6247827197626,25100,250,255,5,20.17711175000295,R3_REWARDFIX_VAL5_OUTPUT/replicate_06/models/RL-GRU-CVaR.pt,True
5,6,Uniform-CVaR,cvar,395.5000000000001,180.0,408.4,1.177185734467315,2.90394475374187,11.202187830046157,0.9955733333333332,0.0533070631232998,430.8043756600923,410.75437146893466,430.8043756600923,25100,250,274,24,26.55284629199741,NONE,True
5,7,RL-FF-Mean,mean,395.5000000000001,180.0,398.1,2.670681771805288,5.432919342079195,21.086827257444348,0.9935733333333332,0.0536552592673167,403.4413635436105,403.4413635436105,440.2736545148887,25100,250,273,23,25.630926749996434,R3_REWARDFIX_VAL5_OUTPUT/replicate_07/models/RL-FF-Mean.pt,True
5,7,RL-GRU-Mean,mean,395.5000000000001,180.0,397.50000000000006,2.263990429477856,6.071341145759467,23.51907730429092,0.9937733333333332,0.0533827443600216,402.02798085895574,402.02798085895574,444.5381546085819,25100,250,282,32,27.766224582999712,R3_REWARDFIX_VAL5_OUTPUT/replicate_07/models/RL-GRU-Mean.pt,True
5,7,Uniform-Mean,mean,395.5000000000001,180.0,395.2999999999999,0.516974663974992,2.587565052908659,10.046036954131898,0.9990533333333332,0.0535594149605268,396.33394932794994,396.33394932794994,415.39207390826374,25100,250,294,44,30.398894707999716,NONE,True
5,7,RL-FF-CVaR,cvar,395.5000000000001,180.0,395.0,0.3654608304979624,1.9573656934184285,7.267016951511453,0.9992,0.0532410022297875,409.534033903023,395.73092166099593,409.534033903023,25100,250,271,21,24.153451209000195,R3_REWARDFIX_VAL5_OUTPUT/replicate_07/models/RL-FF-CVaR.pt,True
5,7,RL-GRU-CVaR,cvar,395.5000000000001,180.0,398.69999999999993,0.7002047674560984,2.2795995537059976,9.237860380268108,0.99764,0.0534384141169292,417.17572076053614,400.1004095349121,417.17572076053614,25100,250,257,7,22.499495791998925,R3_REWARDFIX_VAL5_OUTPUT/replicate_07/models/RL-GRU-CVaR.pt,True
5,7,Uniform-CVaR,cvar,395.5000000000001,180.0,398.1000000000001,0.3640757895652967,1.912279951800712,7.140170527710098,0.9991466666666668,0.0531326864621857,412.3803410554203,398.8281515791307,412.3803410554203,25100,250,273,23,25.72553841699846,NONE,True
5,8,RL-FF-Mean,mean,395.5000000000001,180.0,404.4000000000001,3.8535345276286934,7.261282337892712,28.89485588184668,0.9901066666666666,0.0510144298113233,412.10706905525745,412.10706905525745,462.1897117636935,25100,250,265,15,25.11769474999892,R3_REWARDFIX_VAL5_OUTPUT/replicate_08/models/RL-FF-Mean.pt,True
5,8,RL-GRU-Mean,mean,395.5000000000001,180.0,397.1,2.1992003021322866,5.3032450144495975,20.115213251844033,0.9948533333333331,0.0504637930601468,401.4984006042646,401.4984006042646,437.3304265036881,25100,250,263,13,25.30598716699751,R3_REWARDFIX_VAL5_OUTPUT/replicate_08/models/RL-GRU-Mean.pt,True
5,8,Uniform-Mean,mean,395.5000000000001,180.0,396.2999999999999,0.583833314023873,2.183319487664776,8.04965073478773,0.9978933333333332,0.0506473224090722,397.4676666280477,397.4676666280477,412.3993014695754,25100,250,274,24,25.091660582998884,NONE,True
5,8,RL-FF-CVaR,cvar,395.5000000000001,180.0,408.2999999999999,1.5751594145100047,4.5942239656266395,18.88970872990641,0.9954133333333332,0.0513653699870442,446.0794174598128,411.45031882902,446.0794174598128,25100,250,257,7,21.19393837499956,R3_REWARDFIX_VAL5_OUTPUT/replicate_08/models/RL-FF-CVaR.pt,True
5,8,RL-GRU-CVaR,cvar,395.5000000000001,180.0,418.8000000000002,1.0861209579924485,3.8379245778198343,13.87736675731759,0.99696,0.0509821771324031,446.55473351463536,420.9722419159851,446.55473351463536,25100,250,255,5,21.568655957999,R3_REWARDFIX_VAL5_OUTPUT/replicate_08/models/RL-GRU-CVaR.pt,True
5,8,Uniform-CVaR,cvar,395.5000000000001,180.0,403.9,0.1799772529014543,1.3511430929065766,3.599545058029086,0.9992933333333331,0.0498546471908118,411.0990901160582,404.25995450580297,411.0990901160582,25100,250,267,17,23.658093375001044,NONE,True
5,9,RL-FF-Mean,mean,395.5000000000001,180.0,401.90000000000015,1.5983147836567624,4.057432975263974,16.338204370559556,0.9943066666666666,0.0533766640620296,405.0966295673137,405.0966295673137,434.5764087411193,25100,250,284,34,28.651366624995717,R3_REWARDFIX_VAL5_OUTPUT/replicate_09/models/RL-FF-Mean.pt,True
5,9,RL-GRU-Mean,mean,395.5000000000001,180.0,400.30000000000007,1.9041813190155632,4.174823644923197,16.19541220927269,0.9944666666666666,0.0531105609003745,404.1083626380312,404.1083626380312,432.69082441854545,25100,250,287,37,28.51268304199766,R3_REWARDFIX_VAL5_OUTPUT/replicate_09/models/RL-GRU-Mean.pt,True
5,9,Uniform-Mean,mean,395.5000000000001,180.0,398.40000000000015,0.2346970527241023,1.3624909972484438,4.643400123993222,0.9992,0.0538183258882713,398.8693941054483,398.8693941054483,407.6868002479866,25100,250,280,30,26.131619209001656,NONE,True
5,9,RL-FF-CVaR,cvar,395.5000000000001,180.0,404.6000000000001,1.1878087041520502,3.4918596721733968,14.252207973612116,0.99644,0.0527642315609287,433.1044159472243,406.9756174083042,433.1044159472243,25100,250,269,19,23.65284604200133,R3_REWARDFIX_VAL5_OUTPUT/replicate_09/models/RL-FF-CVaR.pt,True
5,9,RL-GRU-CVaR,cvar,395.5000000000001,180.0,399.1,0.4138240478826129,2.148744015150334,8.012415531825667,0.999,0.0528779482737163,415.12483106365136,399.9276480957652,415.12483106365136,25100,250,257,7,23.066573875003087,R3_REWARDFIX_VAL5_OUTPUT/replicate_09/models/RL-GRU-CVaR.pt,True
5,9,Uniform-CVaR,cvar,395.5000000000001,180.0,401.8000000000001,0.8130115150647386,2.836368610804699,10.943311532723548,0.9975733333333332,0.0527393720456856,423.6866230654472,403.4260230301296,423.6866230654472,25100,250,285,35,27.111697541004105,NONE,True
5,10,RL-FF-Mean,mean,395.5000000000001,180.0,398.2,0.7134060055017658,2.592501956543394,9.648749977020266,0.9977866666666666,0.0532165038314888,399.6268120110035,399.6268120110035,417.4974999540405,25100,250,279,29,26.55862983300176,R3_REWARDFIX_VAL5_OUTPUT/replicate_10/models/RL-FF-Mean.pt,True
5,10,RL-GRU-Mean,mean,395.5000000000001,180.0,395.89999999999986,0.4839785547580462,1.7259339397837523,6.4678532301680605,0.99804,0.0528424408012658,396.86795710951594,396.86795710951594,408.835706460336,25100,250,271,21,25.40969587500149,R3_REWARDFIX_VAL5_OUTPUT/replicate_10/models/RL-GRU-Mean.pt,True
5,10,Uniform-Mean,mean,395.5000000000001,180.0,401.6999999999999,0.5211578615785338,2.747892684069563,9.872592000051815,0.9989333333333332,0.052507372119944,402.74231572315693,402.74231572315693,421.4451840001035,25100,250,268,18,24.7507747080017,NONE,True
5,10,RL-FF-CVaR,cvar,395.5000000000001,180.0,406.3000000000002,1.664538202151329,3.821455555274873,14.656055773442604,0.99564,0.0535068916978171,435.6121115468854,409.6290764043029,435.6121115468854,25100,250,267,17,25.54408495900134,R3_REWARDFIX_VAL5_OUTPUT/replicate_10/models/RL-FF-CVaR.pt,True
5,10,RL-GRU-CVaR,cvar,395.5000000000001,180.0,399.2999999999999,0.1422760704122431,0.9702928623594306,2.845521408244862,0.9994666666666666,0.0534879895878909,404.99104281648965,399.5845521408244,404.99104281648965,25100,250,285,35,28.978578249996644,R3_REWARDFIX_VAL5_OUTPUT/replicate_10/models/RL-GRU-CVaR.pt,True
5,10,Uniform-CVaR,cvar,395.5000000000001,180.0,404.9,2.5368969739117837,4.6784135005487535,17.557915951035184,0.9924533333333332,0.0534750964236511,440.0158319020704,409.9737939478236,440.0158319020704,25100,250,265,15,23.18073029199877,NONE,True
6,1,RL-FF-Mean,mean,370.7000000000001,180.0,370.7,1.4644324255932084,3.65451184944636,14.352478010303102,0.9966623376623376,0.0541882544195545,373.6288648511864,373.6288648511864,399.40495602060616,25100,250,293,43,31.081891542002268,R3_REWARDFIX_VAL5_OUTPUT/replicate_01/models/RL-FF-Mean.pt,True
6,1,RL-GRU-Mean,mean,370.7000000000001,180.0,372.1,0.458943344670092,1.807785010448342,7.300035398019919,0.9985974025974026,0.054121715381894,373.0178866893402,373.0178866893402,386.7000707960398,25100,250,295,45,31.522643625001365,R3_REWARDFIX_VAL5_OUTPUT/replicate_01/models/RL-GRU-Mean.pt,True
6,1,Uniform-Mean,mean,370.7000000000001,180.0,373.5999999999999,1.438226588993522,3.629788364983573,14.26716381088178,0.9967532467532468,0.0541050499862765,376.47645317798697,376.47645317798697,402.1343276217635,25100,250,288,38,30.811120959006075,NONE,True
6,1,RL-FF-CVaR,cvar,370.7000000000001,180.0,382.7000000000001,0.5214635909592591,2.2542382515349195,8.98194563002909,0.9986493506493506,0.0530518174000279,400.6638912600583,383.7429271819186,400.6638912600583,25100,250,254,4,22.341229041994666,R3_REWARDFIX_VAL5_OUTPUT/replicate_01/models/RL-FF-CVaR.pt,True
6,1,RL-GRU-CVaR,cvar,370.7000000000001,180.0,379.00000000000006,4.071517148400559,6.854657121993458,26.258508161837455,0.9863896103896104,0.0536807895181194,431.51701632367497,387.14303429680115,431.51701632367497,25100,250,257,7,23.29102899999998,R3_REWARDFIX_VAL5_OUTPUT/replicate_01/models/RL-GRU-CVaR.pt,True
6,1,Uniform-CVaR,cvar,370.7000000000001,180.0,378.2,0.0492155058670107,0.4077282447751343,0.9843101173402158,0.9996753246753246,0.0545960903414409,380.1686202346804,378.298431011734,380.1686202346804,25100,250,252,2,20.22711920800066,NONE,True
6,2,RL-FF-Mean,mean,370.7000000000001,180.0,372.2,3.34939398986644,6.346988095899403,23.503488563518037,0.9917142857142855,0.0532824317089252,378.8987879797328,378.8987879797328,419.20697712703605,25100,250,278,28,28.02213304200268,R3_REWARDFIX_VAL5_OUTPUT/replicate_02/models/RL-FF-Mean.pt,True
6,2,RL-GRU-Mean,mean,370.7000000000001,180.0,376.7000000000001,4.078311518632685,6.526458158064733,24.2589854744454,0.9868701298701298,0.0535151540279993,384.8566230372655,384.8566230372655,425.2179709488909,25100,250,269,19,25.68331183299597,R3_REWARDFIX_VAL5_OUTPUT/replicate_02/models/RL-GRU-Mean.pt,True
6,2,Uniform-Mean,mean,370.7000000000001,180.0,381.9000000000001,2.6131630362809983,7.16814041196507,27.13953094243682,0.9947922077922078,0.0531850355081055,387.1263260725621,387.1263260725621,436.1790618848737,25100,250,263,13,24.61924566699599,NONE,True
6,2,RL-FF-CVaR,cvar,370.7000000000001,180.0,383.19999999999993,2.30899280126311,5.532224094533118,21.38761769493181,0.9938051948051948,0.0535182738411015,425.97523538986354,387.81798560252616,425.97523538986354,25100,250,258,8,24.017164125005365,R3_REWARDFIX_VAL5_OUTPUT/replicate_02/models/RL-FF-CVaR.pt,True
6,2,RL-GRU-CVaR,cvar,370.7000000000001,180.0,383.79999999999984,0.2179245753546397,1.3144850239263464,4.300188717079839,0.9991428571428572,0.053954146155591,392.4003774341595,384.2358491507091,392.4003774341595,25100,250,267,17,25.45499091700185,R3_REWARDFIX_VAL5_OUTPUT/replicate_02/models/RL-GRU-CVaR.pt,True
6,2,Uniform-CVaR,cvar,370.7000000000001,180.0,381.0,4.023263330011439,6.389975906282729,24.64252120342639,0.9888831168831168,0.0541666841713233,430.2850424068528,389.0465266600229,430.2850424068528,25100,250,265,15,24.36360308300209,NONE,True
6,3,RL-FF-Mean,mean,370.7000000000001,180.0,381.5999999999999,2.615067478800006,4.932236385607282,18.537828434001252,0.9936883116883116,0.0530531635262505,386.8301349575999,386.8301349575999,418.6756568680024,25100,250,284,34,29.945912250004767,R3_REWARDFIX_VAL5_OUTPUT/replicate_03/models/RL-FF-Mean.pt,True
6,3,RL-GRU-Mean,mean,370.7000000000001,180.0,383.8,2.208409591286012,5.795385984970293,22.6972277680406,0.9955584415584416,0.0538095721574413,388.216819182572,388.216819182572,429.1944555360812,25100,250,261,11,24.80802087500342,R3_REWARDFIX_VAL5_OUTPUT/replicate_03/models/RL-GRU-Mean.pt,True
6,3,Uniform-Mean,mean,370.7000000000001,180.0,373.4,1.6134713855957283,3.9880668934763,15.676886722697136,0.9965714285714284,0.0528867681452657,376.6269427711914,376.6269427711914,404.75377344539424,25100,250,292,42,31.056859958000132,NONE,True
6,3,RL-FF-CVaR,cvar,370.7000000000001,180.0,385.00000000000017,0.4490756393493742,2.6241038734780244,8.72730286714885,0.9985584415584414,0.0529601684846402,402.45460573429784,385.89815127869895,402.45460573429784,25100,250,256,6,21.69824787499965,R3_REWARDFIX_VAL5_OUTPUT/replicate_03/models/RL-FF-CVaR.pt,True
6,3,RL-GRU-CVaR,cvar,370.7000000000001,180.0,382.8,0.3265252956044304,1.3470583355430117,5.2614706105587,0.9982337662337664,0.0535184793742792,393.3229412211174,383.45305059120886,393.3229412211174,25100,250,252,2,20.418593208996754,R3_REWARDFIX_VAL5_OUTPUT/replicate_03/models/RL-GRU-CVaR.pt,True
6,3,Uniform-CVaR,cvar,370.7000000000001,180.0,377.7999999999999,2.052259176300474,4.336837284993829,16.781102049883387,0.9947662337662336,0.0526421421904541,411.3622040997667,381.9045183526009,411.3622040997667,25100,250,265,15,24.55551258300693,NONE,True
6,4,RL-FF-Mean,mean,370.7000000000001,180.0,374.9,5.39147055177518,11.41665104741441,43.4498364183432,0.9879350649350648,0.0542099237679234,385.6829411035503,385.6829411035503,461.7996728366864,25100,250,259,9,25.09723395799665,R3_REWARDFIX_VAL5_OUTPUT/replicate_04/models/RL-FF-Mean.pt,True
6,4,RL-GRU-Mean,mean,370.7000000000001,180.0,372.6,8.24075343103937,11.61357881843322,44.695052305863655,0.9823636363636362,0.0545346210931566,389.0815068620787,389.0815068620787,461.9901046117273,25100,250,266,16,25.11559750000015,R3_REWARDFIX_VAL5_OUTPUT/replicate_04/models/RL-GRU-Mean.pt,True
6,4,Uniform-Mean,mean,370.7000000000001,180.0,374.1,2.8395292791663684,8.365667211053136,32.1798714771422,0.9945584415584414,0.0534530715834203,379.77905855833274,379.77905855833274,438.4597429542844,25100,250,257,7,24.03397058400151,NONE,True
6,4,RL-FF-CVaR,cvar,370.7000000000001,180.0,384.7,0.387612717345576,3.069537916116865,7.7522543469115215,0.998974025974026,0.0539762309540342,400.204508693823,385.47522543469114,400.204508693823,25100,250,259,9,21.879913207994832,R3_REWARDFIX_VAL5_OUTPUT/replicate_04/models/RL-FF-CVaR.pt,True
6,4,RL-GRU-CVaR,cvar,370.7000000000001,180.0,379.7999999999999,1.274936447736437,3.506000263726291,12.577451738996476,0.9950909090909092,0.0540199924973447,404.9549034779928,382.3498728954728,404.9549034779928,25100,250,266,16,24.00014370900317,R3_REWARDFIX_VAL5_OUTPUT/replicate_04/models/RL-GRU-CVaR.pt,True
6,4,Uniform-CVaR,cvar,370.7000000000001,180.0,377.9000000000001,0.1045308194890266,0.9716867312892544,2.090616389780532,0.9996623376623376,0.0536511786120912,382.0812327795611,378.1090616389781,382.0812327795611,25100,250,251,1,20.93618737500219,NONE,True
6,5,RL-FF-Mean,mean,370.7000000000001,180.0,373.9,3.88821893444921,6.186225579111839,22.80605683326959,0.9918051948051948,0.0521318513333366,381.6764378688984,381.6764378688984,419.5121136665392,25100,250,257,7,24.054120791995956,R3_REWARDFIX_VAL5_OUTPUT/replicate_05/models/RL-FF-Mean.pt,True
6,5,RL-GRU-Mean,mean,370.7000000000001,180.0,373.0,1.685547458318385,4.2109437946455,16.445703701609148,0.9964935064935064,0.052391546941033,376.3710949166368,376.3710949166368,405.8914074032183,25100,250,272,22,26.87750904099812,R3_REWARDFIX_VAL5_OUTPUT/replicate_05/models/RL-GRU-Mean.pt,True
6,5,Uniform-Mean,mean,370.7000000000001,180.0,376.7999999999999,1.642576853935735,4.179626393868225,16.356237511871065,0.9966233766233764,0.0526839920503573,380.08515370787137,380.08515370787137,409.512475023742,25100,250,280,30,27.466451416999917,NONE,True
6,5,RL-FF-CVaR,cvar,370.7000000000001,180.0,378.9000000000001,0.3652513692878184,1.3942277953195608,5.6597396779656926,0.9985194805194804,0.0526023818725312,390.2194793559314,379.6305027385758,390.2194793559314,25100,250,253,3,20.756047499999113,R3_REWARDFIX_VAL5_OUTPUT/replicate_05/models/RL-FF-CVaR.pt,True
6,5,RL-GRU-CVaR,cvar,370.7000000000001,180.0,380.5,0.0164247691065942,0.2451156825084174,0.3284953821318856,0.9998311688311688,0.0528423614158994,381.15699076426375,380.5328495382132,381.15699076426375,25100,250,253,3,21.48429649999889,R3_REWARDFIX_VAL5_OUTPUT/replicate_05/models/RL-GRU-CVaR.pt,True
6,5,Uniform-CVaR,cvar,370.7000000000001,180.0,377.2999999999999,0.0838678092034259,0.7812557141780768,1.6773561840685192,0.9996233766233766,0.0521897946464774,380.654712368137,377.4677356184068,380.654712368137,25100,250,253,3,22.112062375003006,NONE,True
6,6,RL-FF-Mean,mean,370.7000000000001,180.0,379.3999999999999,1.8537583919752791,4.552615392196127,17.630753215777254,0.9961818181818182,0.0531723703426886,383.1075167839505,383.1075167839505,414.6615064315544,25100,250,292,42,29.26746954199916,R3_REWARDFIX_VAL5_OUTPUT/replicate_06/models/RL-FF-Mean.pt,True
6,6,RL-GRU-Mean,mean,370.7000000000001,180.0,375.9,1.518588331578199,3.984062393976392,15.702212316314958,0.9968051948051948,0.0523865983591465,378.9371766631565,378.9371766631565,407.30442463262995,25100,250,259,9,24.44302458300081,R3_REWARDFIX_VAL5_OUTPUT/replicate_06/models/RL-GRU-Mean.pt,True
6,6,Uniform-Mean,mean,370.7000000000001,180.0,371.6000000000001,6.823403087746543,8.58620613822881,33.40983704218098,0.9844415584415585,0.0524496262724912,385.2468061754932,385.2468061754932,438.4196740843621,25100,250,265,15,25.207965458001127,NONE,True
6,6,RL-FF-CVaR,cvar,370.7000000000001,180.0,385.5999999999999,3.264954778897401,7.274713288119734,27.471054095508116,0.9915324675324676,0.0522816402979902,440.54210819101615,392.1299095577947,440.54210819101615,25100,250,261,11,23.955474375004997,R3_REWARDFIX_VAL5_OUTPUT/replicate_06/models/RL-FF-CVaR.pt,True
6,6,RL-GRU-CVaR,cvar,370.7000000000001,180.0,379.50000000000006,2.7532879851732313,6.372018717380251,23.129687410985607,0.9938051948051948,0.0529718313562853,425.7593748219713,385.00657597034655,425.7593748219713,25100,250,261,11,23.113172166995355,R3_REWARDFIX_VAL5_OUTPUT/replicate_06/models/RL-GRU-CVaR.pt,True
6,6,Uniform-CVaR,cvar,370.7000000000001,180.0,380.7,2.5138421016085353,6.8630258623940845,26.657905871832455,0.9921818181818182,0.0530746383372374,434.0158117436649,385.72768420321705,434.0158117436649,25100,250,253,3,21.401321083001676,NONE,True
6,7,RL-FF-Mean,mean,370.7000000000001,180.0,374.7,6.058087948270747,7.4825359543659,28.40546359363252,0.987987012987013,0.0530138527410735,386.8161758965415,386.8161758965415,431.51092718726505,25100,250,269,19,25.21649304099992,R3_REWARDFIX_VAL5_OUTPUT/replicate_07/models/RL-FF-Mean.pt,True
6,7,RL-GRU-Mean,mean,370.7000000000001,180.0,374.1000000000001,2.3479247286375204,5.4831867326815225,20.831430668960852,0.9951948051948052,0.0532772973659217,378.7958494572751,378.7958494572751,415.7628613379218,25100,250,269,19,25.69133349999902,R3_REWARDFIX_VAL5_OUTPUT/replicate_07/models/RL-GRU-Mean.pt,True
6,7,Uniform-Mean,mean,370.7000000000001,180.0,370.7,1.6957403337740364,4.325572028126122,17.155916630864198,0.9966363636363637,0.0540413078686397,374.09148066754807,374.09148066754807,405.0118332617284,25100,250,282,32,29.62819975000457,NONE,True
6,7,RL-FF-CVaR,cvar,370.7000000000001,180.0,379.2,2.256748040389216,4.39415431577707,16.81255754804343,0.9923246753246752,0.0535066773802253,412.8251150960869,383.7134960807784,412.8251150960869,25100,250,256,6,21.312194167003327,R3_REWARDFIX_VAL5_OUTPUT/replicate_07/models/RL-FF-CVaR.pt,True
6,7,RL-GRU-CVaR,cvar,370.7000000000001,180.0,380.4000000000001,0.0099686680216919,0.1715761833481602,0.1993733604338393,0.999948051948052,0.0534144365642547,380.79874672086777,380.41993733604346,380.79874672086777,25100,250,258,8,22.765003624997917,R3_REWARDFIX_VAL5_OUTPUT/replicate_07/models/RL-GRU-CVaR.pt,True
6,7,Uniform-CVaR,cvar,370.7000000000001,180.0,379.80000000000007,0.6720708679461861,2.62867338723514,10.49314308923596,0.9981688311688311,0.0530738040565506,400.786286178472,381.1441417358925,400.786286178472,25100,250,260,10,22.514326042000903,NONE,True
6,8,RL-FF-Mean,mean,370.7000000000001,180.0,377.2,1.6014273685569074,4.061138017679669,16.002788890807597,0.9965584415584414,0.0528930020106153,380.4028547371138,380.4028547371138,409.2055777816152,25100,250,260,10,25.16559154100105,R3_REWARDFIX_VAL5_OUTPUT/replicate_08/models/RL-FF-Mean.pt,True
6,8,RL-GRU-Mean,mean,370.7000000000001,180.0,373.9,1.773966555839002,4.196121754891577,16.44271507947266,0.9956753246753246,0.0525014922886009,377.447933111678,377.447933111678,406.7854301589453,25100,250,283,33,28.672798250001502,R3_REWARDFIX_VAL5_OUTPUT/replicate_08/models/RL-GRU-Mean.pt,True
6,8,Uniform-Mean,mean,370.7000000000001,180.0,378.40000000000015,2.0907430608523607,4.686601822489544,18.159752770024873,0.9955064935064936,0.0526473369775045,382.58148612170487,382.58148612170487,414.7195055400499,25100,250,266,16,26.927941166999517,NONE,True
6,8,RL-FF-CVaR,cvar,370.7000000000001,180.0,378.19999999999993,6.184457784151691,8.081802156666829,30.503246469001407,0.9878181818181816,0.052537970655143,439.2064929380027,390.56891556830334,439.2064929380027,25100,250,262,12,23.71864645899768,R3_REWARDFIX_VAL5_OUTPUT/replicate_08/models/RL-FF-CVaR.pt,True
6,8,RL-GRU-CVaR,cvar,370.7000000000001,180.0,382.1,2.007081697157524,4.650193869097033,18.541931657311817,0.9941558441558442,0.0521620850792547,419.1838633146236,386.114163394315,419.1838633146236,25100,250,269,19,24.329693874999062,R3_REWARDFIX_VAL5_OUTPUT/replicate_08/models/RL-GRU-CVaR.pt,True
6,8,Uniform-CVaR,cvar,370.7000000000001,180.0,382.7999999999999,0.7461375438145674,2.2398442071293285,8.387884438054753,0.9965324675324676,0.0523662512673336,399.5757688761094,384.29227508762904,399.5757688761094,25100,250,274,24,24.97614912500285,NONE,True
6,9,RL-FF-Mean,mean,370.7000000000001,180.0,375.8,2.0926526037067217,4.560557627072648,17.1879943989935,0.9946623376623376,0.0545580668931114,379.98530520741343,379.98530520741343,410.17598879798703,25100,250,270,20,27.173465667001437,R3_REWARDFIX_VAL5_OUTPUT/replicate_09/models/RL-FF-Mean.pt,True
6,9,RL-GRU-Mean,mean,370.7000000000001,180.0,372.8,5.249241536115163,12.33616131697446,49.79117608218728,0.988090909090909,0.0551808714102695,383.29848307223034,383.29848307223034,472.38235216437454,25100,250,267,17,25.15168808299495,R3_REWARDFIX_VAL5_OUTPUT/replicate_09/models/RL-GRU-Mean.pt,True
6,9,Uniform-Mean,mean,370.7000000000001,180.0,375.4000000000001,2.0123337023509964,6.200052138280358,22.526576295011637,0.995948051948052,0.0540799240645352,379.42466740470206,379.42466740470206,420.45315259002336,25100,250,273,23,25.299366790997738,NONE,True
6,9,RL-FF-CVaR,cvar,370.7000000000001,180.0,382.99999999999994,0.2135680965198133,1.9532093615260135,4.271361930396266,0.9993246753246754,0.054770917889801,391.5427238607925,383.4271361930396,391.5427238607925,25100,250,251,1,20.77580283299903,R3_REWARDFIX_VAL5_OUTPUT/replicate_09/models/RL-FF-CVaR.pt,True
6,9,RL-GRU-CVaR,cvar,370.7000000000001,180.0,384.7,0.3897771255347407,1.797071279706149,6.820774152520854,0.9982337662337664,0.0547638994101849,398.34154830504167,385.4795542510695,398.34154830504167,25100,250,253,3,20.23015624999971,R3_REWARDFIX_VAL5_OUTPUT/replicate_09/models/RL-GRU-CVaR.pt,True
6,9,Uniform-CVaR,cvar,370.7000000000001,180.0,386.50000000000006,0.1824817782454552,1.071919384320002,3.649369830477919,0.9993116883116884,0.0549483779816043,393.7987396609559,386.864963556491,393.7987396609559,25100,250,251,1,19.225795250000377,NONE,True
6,10,RL-FF-Mean,mean,370.7000000000001,180.0,373.0,1.4678299801384878,3.9827105339535898,16.11852180765958,0.996948051948052,0.0541612702721811,375.93565996027695,375.93565996027695,405.2370436153192,25100,250,264,14,25.650419457997486,R3_REWARDFIX_VAL5_OUTPUT/replicate_10/models/RL-FF-Mean.pt,True
6,10,RL-GRU-Mean,mean,370.7000000000001,180.0,372.6000000000001,3.198834398158066,7.087933208028394,26.308465860910747,0.9934675324675324,0.0542955921600949,378.9976687963162,378.9976687963162,425.2169317218216,25100,250,269,19,25.256827375000285,R3_REWARDFIX_VAL5_OUTPUT/replicate_10/models/RL-GRU-Mean.pt,True
6,10,Uniform-Mean,mean,370.7000000000001,180.0,375.99999999999994,1.47283107172919,3.928127595926606,15.929887234586367,0.9967792207792208,0.0542976016563191,378.9456621434583,378.9456621434583,407.8597744691727,25100,250,274,24,28.26710087499669,NONE,True
6,10,RL-FF-CVaR,cvar,370.7000000000001,180.0,388.0,0.5926290626246477,2.0879991284634833,8.486918686802136,0.998,0.0539906709124203,404.9738373736043,389.1852581252493,404.9738373736043,25100,250,252,2,20.820093957998324,R3_REWARDFIX_VAL5_OUTPUT/replicate_10/models/RL-FF-CVaR.pt,True
6,10,RL-GRU-CVaR,cvar,370.7000000000001,180.0,379.4,0.6480448438956878,1.9959087182422155,7.347560478191847,0.997051948051948,0.0546585115797932,394.09512095638365,380.69608968779136,394.09512095638365,25100,250,268,18,25.092521250000573,R3_REWARDFIX_VAL5_OUTPUT/replicate_10/models/RL-GRU-CVaR.pt,True
6,10,Uniform-CVaR,cvar,370.7000000000001,180.0,385.6,2.572981758836542,4.439314569170338,16.644767831169858,0.9918831168831168,0.0547954784746033,418.88953566233977,390.7459635176731,418.88953566233977,25100,250,258,8,24.30327708299592,NONE,True
7,1,RL-FF-Mean,mean,363.39999999999986,180.0,368.6,1.1621293017457528,3.2336304332247456,12.53970968046613,0.9964242424242422,0.0521092380309862,370.9242586034915,370.9242586034915,393.6794193609323,25100,250,295,45,24.16873133300396,R3_REWARDFIX_VAL5_OUTPUT/replicate_01/models/RL-FF-Mean.pt,True
7,1,RL-GRU-Mean,mean,363.39999999999986,180.0,364.99999999999994,4.010288497627144,6.848915357643773,25.25158311347913,0.9881666666666664,0.0531283410995815,373.02057699525426,373.02057699525426,415.50316622695823,25100,250,289,39,22.89006262500334,R3_REWARDFIX_VAL5_OUTPUT/replicate_01/models/RL-GRU-Mean.pt,True
7,1,Uniform-Mean,mean,363.39999999999986,180.0,365.89999999999986,2.828280795796861,7.926800805366606,30.306992499626077,0.9916969696969696,0.0535923599305198,371.5565615915936,371.5565615915936,426.513984999252,25100,250,283,33,22.146214500004135,NONE,True
7,1,RL-FF-CVaR,cvar,363.39999999999986,180.0,370.7999999999999,1.529793883142956,5.422971001383667,19.994796429124605,0.9948484848484848,0.0530087561655757,410.7895928582491,373.8595877662858,410.7895928582491,25100,250,257,7,18.657478291999723,R3_REWARDFIX_VAL5_OUTPUT/replicate_01/models/RL-FF-CVaR.pt,True
7,1,RL-GRU-CVaR,cvar,363.39999999999986,180.0,373.79999999999984,0.6089418200942815,2.86229725815106,9.147253881823833,0.9971969696969696,0.0532153654827286,392.0945077636475,375.0178836401884,392.0945077636475,25100,250,255,5,18.11683291699592,R3_REWARDFIX_VAL5_OUTPUT/replicate_01/models/RL-GRU-CVaR.pt,True
7,1,Uniform-CVaR,cvar,363.39999999999986,180.0,373.0999999999998,1.6457931305436655,3.858553531093848,15.109098995494948,0.9944999999999996,0.0541368579326081,403.3181979909897,376.3915862610871,403.3181979909897,25100,250,263,13,19.097621540997352,NONE,True
7,2,RL-FF-Mean,mean,363.39999999999986,180.0,371.6,0.8616440715829581,2.906499134456201,11.70860946305626,0.997621212121212,0.0532691583746142,373.3232881431659,373.3232881431659,395.0172189261125,25100,250,287,37,21.96447624999564,R3_REWARDFIX_VAL5_OUTPUT/replicate_02/models/RL-FF-Mean.pt,True
7,2,RL-GRU-Mean,mean,363.39999999999986,180.0,369.69999999999993,0.5887688604941357,2.3808480661708673,9.44867096463302,0.9982575757575758,0.0515547903960442,370.8775377209882,370.8775377209882,388.5973419292659,25100,250,307,57,23.56642887500493,R3_REWARDFIX_VAL5_OUTPUT/replicate_02/models/RL-GRU-Mean.pt,True
7,2,Uniform-Mean,mean,363.39999999999986,180.0,367.2999999999999,2.145720598310981,7.266870874922883,27.690094253451377,0.9953636363636362,0.0522167220498238,371.59144119662193,371.59144119662193,422.6801885069027,25100,250,270,20,20.838560832999065,NONE,True
7,2,RL-FF-CVaR,cvar,363.39999999999986,180.0,371.9999999999999,2.2706015651287528,7.140191599340934,28.825057798366583,0.9932424242424244,0.0522305279450236,429.65011559673303,376.5412031302574,429.65011559673303,25100,250,260,10,18.315947583003435,R3_REWARDFIX_VAL5_OUTPUT/replicate_02/models/RL-FF-CVaR.pt,True
7,2,RL-GRU-CVaR,cvar,363.39999999999986,180.0,368.19999999999993,5.658199620674493,8.190541098494705,31.097389700246467,0.986712121212121,0.0518973857489038,430.3947794004929,379.5163992413489,430.3947794004929,25100,250,316,66,25.089223791997934,R3_REWARDFIX_VAL5_OUTPUT/replicate_02/models/RL-GRU-CVaR.pt,True
7,2,Uniform-CVaR,cvar,363.39999999999986,180.0,378.2999999999999,0.1450579069768853,1.2558559984316555,2.901158139537706,0.9995757575757576,0.0521558333810294,384.1023162790753,378.5901158139537,384.1023162790753,25100,250,293,43,22.85568670900102,NONE,True
7,3,RL-FF-Mean,mean,363.39999999999986,180.0,367.7999999999999,3.241410973116659,7.486526090897935,29.66598071800951,0.9906666666666668,0.0529488767505368,374.2828219462333,374.2828219462333,427.1319614360189,25100,250,279,29,21.6331068340005,R3_REWARDFIX_VAL5_OUTPUT/replicate_03/models/RL-FF-Mean.pt,True
7,3,RL-GRU-Mean,mean,363.39999999999986,180.0,369.7999999999999,0.894244715936782,2.8739897855015157,11.201444035244991,0.9963030303030302,0.0520913882129481,371.5884894318735,371.5884894318735,392.2028880704899,25100,250,285,35,20.91048687500006,R3_REWARDFIX_VAL5_OUTPUT/replicate_03/models/RL-GRU-Mean.pt,True
7,3,Uniform-Mean,mean,363.39999999999986,180.0,366.59999999999985,2.196906615937992,6.650679669621467,26.712165763232143,0.9938787878787878,0.0523301271742492,370.99381323187583,370.99381323187583,420.02433152646415,25100,250,269,19,19.99644999999873,NONE,True
7,3,RL-FF-CVaR,cvar,363.39999999999986,180.0,370.1,1.0162662721395994,2.9775382148327543,11.7701920696721,0.996742424242424,0.0532745085515393,393.6403841393442,372.1325325442792,393.6403841393442,25100,250,291,41,22.853901791997487,R3_REWARDFIX_VAL5_OUTPUT/replicate_03/models/RL-FF-CVaR.pt,True
7,3,RL-GRU-CVaR,cvar,363.39999999999986,180.0,384.5,0.0336164815160969,0.486818049494842,0.6723296303219394,0.9998939393939394,0.0531245457866887,385.8446592606439,384.5672329630322,385.8446592606439,25100,250,269,19,20.066778708001948,R3_REWARDFIX_VAL5_OUTPUT/replicate_03/models/RL-GRU-CVaR.pt,True
7,3,Uniform-CVaR,cvar,363.39999999999986,180.0,369.7999999999999,0.0116390090635838,0.1834551029946148,0.2327801812716762,0.999878787878788,0.0529765124396844,370.2655603625432,369.82327801812704,370.2655603625432,25100,250,272,22,19.904371457996604,NONE,True
7,4,RL-FF-Mean,mean,363.39999999999986,180.0,366.8999999999999,2.479343640444852,7.864623882897817,30.3488232467122,0.9937878787878788,0.0540772517872379,371.8586872808896,371.8586872808896,427.5976464934243,25100,250,271,21,20.38128449999931,R3_REWARDFIX_VAL5_OUTPUT/replicate_04/models/RL-FF-Mean.pt,True
7,4,RL-GRU-Mean,mean,363.39999999999986,180.0,365.89999999999986,2.8099552998929473,8.347777323093492,32.27176887943984,0.992121212121212,0.0543364587348649,371.51991059978576,371.51991059978576,430.44353775887953,25100,250,270,20,20.12717858399992,R3_REWARDFIX_VAL5_OUTPUT/replicate_04/models/RL-GRU-Mean.pt,True
7,4,Uniform-Mean,mean,363.39999999999986,180.0,366.1999999999999,2.771511248751551,8.286864092880366,32.078151162589094,0.9922878787878788,0.0541629610132345,371.743022497503,371.743022497503,430.3563023251781,25100,250,270,20,20.10939004199463,NONE,True
7,4,RL-FF-CVaR,cvar,363.39999999999986,180.0,365.3999999999999,5.292715622924615,9.128270476997203,34.68625107594637,0.9887727272727272,0.0542658746495914,434.7725021518927,375.9854312458491,434.7725021518927,25100,250,261,11,17.971441082998354,R3_REWARDFIX_VAL5_OUTPUT/replicate_04/models/RL-FF-CVaR.pt,True
7,4,RL-GRU-CVaR,cvar,363.39999999999986,180.0,372.9,0.4332693930994099,2.768409760036031,8.65780174282184,0.9989848484848484,0.0547467548925564,390.21560348564367,373.7665387861988,390.21560348564367,25100,250,269,19,20.196460625003965,R3_REWARDFIX_VAL5_OUTPUT/replicate_04/models/RL-GRU-CVaR.pt,True
7,4,Uniform-CVaR,cvar,363.39999999999986,180.0,370.2999999999999,2.6043180144147935,12.85529247600392,45.08427605349553,0.9953181818181818,0.0541925647541632,460.468552106991,375.5086360288295,460.468552106991,25100,250,270,20,19.795148791999964,NONE,True
7,5,RL-FF-Mean,mean,363.39999999999986,180.0,363.69999999999993,5.298698863043908,9.636648204293648,36.42370262240899,0.9864696969696968,0.0517998612261387,374.29739772608775,374.29739772608775,436.5474052448179,25100,250,274,24,20.445272165998176,R3_REWARDFIX_VAL5_OUTPUT/replicate_05/models/RL-FF-Mean.pt,True
7,5,RL-GRU-Mean,mean,363.39999999999986,180.0,363.6999999999999,5.284154464887943,9.619872215661076,36.33698434289434,0.9865,0.0519672636783369,374.26830892977574,374.26830892977574,436.37396868578855,25100,250,277,27,20.23080291700171,R3_REWARDFIX_VAL5_OUTPUT/replicate_05/models/RL-GRU-Mean.pt,True
7,5,Uniform-Mean,mean,363.39999999999986,180.0,363.6999999999999,5.284154464887943,9.619872215661076,36.33698434289434,0.9865,0.0519672636783369,374.26830892977574,374.26830892977574,436.37396868578855,25100,250,280,30,20.897647041005257,NONE,True
7,5,RL-FF-CVaR,cvar,363.39999999999986,180.0,378.9,0.11011931708012,0.8603375465209147,2.2023863416024017,0.9996666666666666,0.0517255233018957,383.3047726832048,379.1202386341602,383.3047726832048,25100,250,276,26,20.93019133299822,R3_REWARDFIX_VAL5_OUTPUT/replicate_05/models/RL-FF-CVaR.pt,True
7,5,RL-GRU-CVaR,cvar,363.39999999999986,180.0,369.2999999999999,2.1584217335269424,7.089808687410651,25.648970594913344,0.9935909090909092,0.0525011052300031,420.59794118982666,373.61684346705385,420.59794118982666,25100,250,267,17,19.44954691699968,R3_REWARDFIX_VAL5_OUTPUT/replicate_05/models/RL-GRU-CVaR.pt,True
7,5,Uniform-CVaR,cvar,363.39999999999986,180.0,366.7999999999999,1.774131825302181,6.76494441058618,24.181951102940047,0.9957575757575756,0.0520344352991003,415.16390220588,370.3482636506043,415.16390220588,25100,250,267,17,18.802373625003383,NONE,True
7,6,RL-FF-Mean,mean,363.39999999999986,180.0,368.6,2.1847428847522528,7.364853808489464,29.632153826087592,0.995681818181818,0.0522790068706024,372.9694857695045,372.9694857695045,427.8643076521752,25100,250,283,33,20.680397207994247,R3_REWARDFIX_VAL5_OUTPUT/replicate_06/models/RL-FF-Mean.pt,True
7,6,RL-GRU-Mean,mean,363.39999999999986,180.0,366.59999999999985,2.254268397288105,7.0343387722681605,27.999127318746687,0.9940151515151516,0.0526873724120296,371.1085367945761,371.1085367945761,422.59825463749326,25100,250,270,20,19.74451712500013,R3_REWARDFIX_VAL5_OUTPUT/replicate_06/models/RL-GRU-Mean.pt,True
7,6,Uniform-Mean,mean,363.39999999999986,180.0,363.6999999999999,5.323320800958305,9.186796686254572,35.52051699698697,0.9862575757575756,0.051866422296056,374.3466416019165,374.3466416019165,434.7410339939738,25100,250,271,21,19.765204292001727,NONE,True
7,6,RL-FF-CVaR,cvar,363.39999999999986,180.0,378.8999999999999,0.1024855112442837,1.039868860750086,2.0497102248856756,0.9996515151515152,0.0526650372764518,382.99942044977126,379.1049710224885,382.99942044977126,25100,250,264,14,18.102729916994576,R3_REWARDFIX_VAL5_OUTPUT/replicate_06/models/RL-FF-CVaR.pt,True
7,6,RL-GRU-CVaR,cvar,363.39999999999986,180.0,370.69999999999993,0.9862219749701394,3.012029153237706,12.463230630428273,0.9969545454545454,0.0521132494444274,395.6264612608565,372.6724439499402,395.6264612608565,25100,250,256,6,17.48372841699893,R3_REWARDFIX_VAL5_OUTPUT/replicate_06/models/RL-GRU-CVaR.pt,True
7,6,Uniform-CVaR,cvar,363.39999999999986,180.0,369.6999999999999,0.0342950299392321,0.3764171385746196,0.6859005987846422,0.9998333333333334,0.0521826125829432,371.0718011975692,369.7685900598784,371.0718011975692,25100,250,286,36,22.29087625000102,NONE,True
7,7,RL-FF-Mean,mean,363.39999999999986,180.0,365.89999999999986,2.220402010063849,6.660239052555872,25.172417716646905,0.992742424242424,0.0521307278220928,370.3408040201275,370.3408040201275,416.2448354332937,25100,250,286,36,21.44056237499899,R3_REWARDFIX_VAL5_OUTPUT/replicate_07/models/RL-FF-Mean.pt,True
7,7,RL-GRU-Mean,mean,363.39999999999986,180.0,370.0999999999999,1.232364036088083,3.756040518221082,14.78104100225461,0.9967121212121212,0.0524423197783283,372.5647280721761,372.5647280721761,399.6620820045091,25100,250,257,7,17.822416792005242,R3_REWARDFIX_VAL5_OUTPUT/replicate_07/models/RL-GRU-Mean.pt,True
7,7,Uniform-Mean,mean,363.39999999999986,180.0,371.3999999999999,1.9159144900132907,6.123927994945149,23.29707589963945,0.9956515151515152,0.0520365007067621,375.2318289800265,375.2318289800265,417.9941517992788,25100,250,275,25,20.651445750001585,NONE,True
7,7,RL-FF-CVaR,cvar,363.39999999999986,180.0,381.1,0.6103858233055758,3.330856311346115,11.61900992233358,0.9984545454545456,0.0515548641944277,404.3380198446672,382.3207716466111,404.3380198446672,25100,250,280,30,21.32053604200337,R3_REWARDFIX_VAL5_OUTPUT/replicate_07/models/RL-FF-CVaR.pt,True
7,7,RL-GRU-CVaR,cvar,363.39999999999986,180.0,369.09999999999985,5.449287758814677,7.294130723233484,27.347548145342476,0.9892272727272726,0.0519975981622031,423.7950962906848,379.9985755176292,423.7950962906848,25100,250,276,26,20.59872158300277,R3_REWARDFIX_VAL5_OUTPUT/replicate_07/models/RL-GRU-CVaR.pt,True
7,7,Uniform-CVaR,cvar,363.39999999999986,180.0,375.4,0.3557027743220646,3.3749928595933874,7.114055486441293,0.9992878787878788,0.0516647014961877,389.62811097288255,376.1114055486441,389.62811097288255,25100,250,278,28,21.48784708399762,NONE,True
7,8,RL-FF-Mean,mean,363.39999999999986,180.0,365.19999999999993,2.5632575556211377,5.994306247156584,23.407207321220113,0.9923484848484848,0.0513357147368701,370.3265151112422,370.3265151112422,412.01441464244016,25100,250,278,28,21.594426374998875,R3_REWARDFIX_VAL5_OUTPUT/replicate_08/models/RL-FF-Mean.pt,True
7,8,RL-GRU-Mean,mean,363.39999999999986,180.0,365.69999999999993,1.1809367646195734,4.435321617598874,16.94272532239077,0.9955151515151516,0.0514257618197422,368.06187352923905,368.06187352923905,399.5854506447815,25100,250,277,27,20.972770249994937,R3_REWARDFIX_VAL5_OUTPUT/replicate_08/models/RL-GRU-Mean.pt,True
7,8,Uniform-Mean,mean,363.39999999999986,180.0,365.89999999999986,2.4425793188939307,5.837672471907767,22.989047081950982,0.993090909090909,0.0518331457921936,370.7851586377878,370.7851586377878,411.87809416390184,25100,250,269,19,19.61833541699889,NONE,True
7,8,RL-FF-CVaR,cvar,363.39999999999986,180.0,377.09999999999985,1.1966741675718653,4.636144990424796,15.297080622814995,0.9953030303030302,0.051036799849756,407.69416124562986,379.4933483351436,407.69416124562986,25100,250,274,24,19.691455166997912,R3_REWARDFIX_VAL5_OUTPUT/replicate_08/models/RL-FF-CVaR.pt,True
7,8,RL-GRU-CVaR,cvar,363.39999999999986,180.0,366.7999999999999,1.9905352682302213,7.178523617670786,26.097961049128877,0.9943181818181818,0.0503066463680546,418.99592209825767,370.78107053646033,418.99592209825767,25100,250,280,30,20.63227120800002,R3_REWARDFIX_VAL5_OUTPUT/replicate_08/models/RL-GRU-CVaR.pt,True
7,8,Uniform-CVaR,cvar,363.39999999999986,180.0,374.19999999999993,0.1236536895599736,1.1813844963078215,2.4730737911994733,0.9995909090909092,0.0503531363689883,379.1461475823989,374.4473073791199,379.1461475823989,25100,250,264,14,18.471815249999057,NONE,True
7,9,RL-FF-Mean,mean,363.39999999999986,180.0,367.2999999999999,2.485628340966445,8.136245139656765,32.4456233344348,0.9951818181818182,0.0537595457274399,372.27125668193287,372.27125668193287,432.1912466688695,25100,250,291,41,23.068282874999568,R3_REWARDFIX_VAL5_OUTPUT/replicate_09/models/RL-FF-Mean.pt,True
7,9,RL-GRU-Mean,mean,363.39999999999986,180.0,363.6999999999999,5.977053603105938,10.51789196378515,40.92642664119292,0.985621212121212,0.0536134239859569,375.65410720621173,375.65410720621173,445.55285328238574,25100,250,279,29,20.516689291005605,R3_REWARDFIX_VAL5_OUTPUT/replicate_09/models/RL-GRU-Mean.pt,True
7,9,Uniform-Mean,mean,363.39999999999986,180.0,368.9,0.8505426726415096,5.031759121939205,15.96388561804618,0.9983636363636365,0.0545218636637866,370.601085345283,370.601085345283,400.8277712360923,25100,250,273,23,19.837197624998225,NONE,True
7,9,RL-FF-CVaR,cvar,363.39999999999986,180.0,378.99999999999994,0.3816798661558737,1.6811862552822343,5.987498710588864,0.9978636363636364,0.0533562788827197,390.9749974211777,379.7633597323117,390.9749974211777,25100,250,266,16,18.407473832994583,R3_REWARDFIX_VAL5_OUTPUT/replicate_09/models/RL-FF-CVaR.pt,True
7,9,RL-GRU-CVaR,cvar,363.39999999999986,180.0,379.1,0.2604564235984621,1.4318159765066536,5.152626301740314,0.999060606060606,0.0538279145881644,389.4052526034806,379.6209128471969,389.4052526034806,25100,250,296,46,22.90230774999509,R3_REWARDFIX_VAL5_OUTPUT/replicate_09/models/RL-GRU-CVaR.pt,True
7,9,Uniform-CVaR,cvar,363.39999999999986,180.0,378.9999999999999,0.0681031055555616,0.8606262615616289,1.3620621111112337,0.9997727272727271,0.0538420952777432,381.7241242222224,379.136206211111,381.7241242222224,25100,250,282,32,20.966526582997176,NONE,True
7,10,RL-FF-Mean,mean,363.39999999999986,180.0,366.19999999999993,2.104663049633092,6.57540469753835,25.874422664432743,0.995621212121212,0.0520730418835744,370.40932609926614,370.40932609926614,417.94884532886545,25100,250,283,33,21.72021174999827,R3_REWARDFIX_VAL5_OUTPUT/replicate_10/models/RL-FF-Mean.pt,True
7,10,RL-GRU-Mean,mean,363.39999999999986,180.0,368.5999999999999,0.7967027445645264,2.687072489623966,10.413553123063966,0.997,0.0515586222135143,370.19340548912896,370.19340548912896,389.42710624612783,25100,250,325,75,25.46075583399943,R3_REWARDFIX_VAL5_OUTPUT/replicate_10/models/RL-GRU-Mean.pt,True
7,10,Uniform-Mean,mean,363.39999999999986,180.0,366.59999999999985,2.651469065421634,6.93905418198543,26.84642056708866,0.9921818181818182,0.0522335080265826,371.9029381308431,371.9029381308431,420.2928411341772,25100,250,276,26,20.59635608300596,NONE,True
7,10,RL-FF-CVaR,cvar,363.39999999999986,180.0,363.6999999999999,5.424591866374178,8.568893040252412,33.10539938141003,0.9861363636363636,0.0517963117266056,429.9107987628199,374.54918373274825,429.9107987628199,25100,250,310,60,24.730858374998206,R3_REWARDFIX_VAL5_OUTPUT/replicate_10/models/RL-FF-CVaR.pt,True
7,10,RL-GRU-CVaR,cvar,363.39999999999986,180.0,369.1999999999999,3.3700590754175312,5.3826640992735495,19.70979883786773,0.990939393939394,0.0526647194006755,408.61959767573535,375.94011815083496,408.61959767573535,25100,250,269,19,19.47764283399738,R3_REWARDFIX_VAL5_OUTPUT/replicate_10/models/RL-GRU-CVaR.pt,True
7,10,Uniform-CVaR,cvar,363.39999999999986,180.0,378.2999999999999,0.1260854591846519,1.3971916201954655,2.5217091836930376,0.9996060606060604,0.0527283789233669,383.3434183673861,378.55217091836926,383.3434183673861,25100,250,297,47,22.29554379200272,NONE,True
8,1,RL-FF-Mean,mean,437.7000000000002,180.0,441.6000000000001,1.762520878879627,4.866321144678828,17.53545162280398,0.9943243243243244,0.0520882327484532,445.12504175775933,445.12504175775933,476.670903245608,25100,250,350,100,38.48368141600076,R3_REWARDFIX_VAL5_OUTPUT/replicate_01/models/RL-FF-Mean.pt,True
8,1,RL-GRU-Mean,mean,437.7000000000002,180.0,436.30000000000007,7.7434727531018686,9.534415008672172,37.69278744719363,0.9820135135135134,0.0525267492855232,451.7869455062038,451.7869455062038,511.68557489438734,25100,250,344,94,37.01417191699875,R3_REWARDFIX_VAL5_OUTPUT/replicate_01/models/RL-GRU-Mean.pt,True
8,1,Uniform-Mean,mean,437.7000000000002,180.0,436.30000000000007,7.7434727531018686,9.534415008672172,37.69278744719363,0.9820135135135134,0.0525267492855232,451.7869455062038,451.7869455062038,511.68557489438734,25100,250,330,80,35.76828537500114,NONE,True
8,1,RL-FF-CVaR,cvar,437.7000000000002,180.0,444.1,1.5329835650958563,5.046526304895881,16.742613986715806,0.9957972972972972,0.0521265469902503,477.5852279734316,447.1659671301917,477.5852279734316,25100,250,261,11,23.272251832997423,R3_REWARDFIX_VAL5_OUTPUT/replicate_01/models/RL-FF-CVaR.pt,True
8,1,RL-GRU-CVaR,cvar,437.7000000000002,180.0,449.9000000000001,0.7984505350434941,2.589752358244121,9.972782552619064,0.9970135135135136,0.0521822287415051,469.8455651052382,451.49690107008706,469.8455651052382,25100,250,296,46,30.392278250001254,R3_REWARDFIX_VAL5_OUTPUT/replicate_01/models/RL-GRU-CVaR.pt,True
8,1,Uniform-CVaR,cvar,437.7000000000002,180.0,443.4000000000001,2.2322240583100204,4.32558939600928,16.463026914617643,0.9915270270270272,0.0523485435863124,476.3260538292354,447.8644481166201,476.3260538292354,25100,250,281,31,28.288536125000977,NONE,True
8,2,RL-FF-Mean,mean,437.7000000000002,180.0,438.8000000000001,7.858287478507965,11.02627537113284,40.98738688716675,0.981418918918919,0.0526722996226824,454.5165749570161,454.5165749570161,520.7747737743337,25100,250,286,36,27.658480875004894,R3_REWARDFIX_VAL5_OUTPUT/replicate_02/models/RL-FF-Mean.pt,True
8,2,RL-GRU-Mean,mean,437.7000000000002,180.0,438.6,6.560264097810703,6.845208942097117,25.50526570302009,0.9843783783783784,0.0529641386813378,451.7205281956214,451.7205281956214,489.61053140604014,25100,250,343,93,38.128673415994854,R3_REWARDFIX_VAL5_OUTPUT/replicate_02/models/RL-GRU-Mean.pt,True
8,2,Uniform-Mean,mean,437.7000000000002,180.0,439.9000000000001,7.740163665267142,9.16279046406704,34.55392168851409,0.979662162162162,0.0536584730857308,455.3803273305344,455.3803273305344,509.0078433770283,25100,250,331,81,35.441831916999945,NONE,True
8,2,RL-FF-CVaR,cvar,437.7000000000002,180.0,447.9,2.34379256253806,5.082472033479659,19.77736795007648,0.9928513513513512,0.0530462089465664,487.45473590015297,452.58758512507615,487.45473590015297,25100,250,269,19,24.736619959003292,R3_REWARDFIX_VAL5_OUTPUT/replicate_02/models/RL-FF-CVaR.pt,True
8,2,RL-GRU-CVaR,cvar,437.7000000000002,180.0,442.0000000000001,5.900377061693293,9.049351586389069,33.85411671829907,0.9827027027027028,0.0526765258882688,509.7082334365982,453.8007541233867,509.7082334365982,25100,250,337,87,36.96590087500226,R3_REWARDFIX_VAL5_OUTPUT/replicate_02/models/RL-GRU-CVaR.pt,True
8,2,Uniform-CVaR,cvar,437.7000000000002,180.0,442.2000000000001,4.5314133266487975,7.435313915007994,27.05036802015681,0.986472972972973,0.0522467617037915,496.3007360403137,451.2628266532977,496.3007360403137,25100,250,265,15,24.271747582999524,NONE,True
8,3,RL-FF-Mean,mean,437.7000000000002,180.0,442.0,5.225140826298226,7.960636124566912,29.20293216989626,0.9879864864864863,0.0535897811562454,452.45028165259646,452.45028165259646,500.4058643397925,25100,250,306,56,30.50387866699748,R3_REWARDFIX_VAL5_OUTPUT/replicate_03/models/RL-FF-Mean.pt,True
8,3,RL-GRU-Mean,mean,437.7000000000002,180.0,443.7000000000001,3.1694687741917846,6.645944385692387,25.66854078703726,0.9907972972972972,0.0532137574856949,450.0389375483836,450.0389375483836,495.0370815740746,25100,250,316,66,34.157441041999846,R3_REWARDFIX_VAL5_OUTPUT/replicate_03/models/RL-GRU-Mean.pt,True
8,3,Uniform-Mean,mean,437.7000000000002,180.0,441.1000000000001,7.05575522209824,11.810477573831532,47.01594923262465,0.9814594594594594,0.0539916439256387,455.21151044419656,455.21151044419656,535.1318984652494,25100,250,319,69,33.77002729200467,NONE,True
8,3,RL-FF-CVaR,cvar,437.7000000000002,180.0,450.5000000000001,6.176036282807413,6.888598340370436,26.777946296590688,0.9855945945945944,0.053663187989722,504.0558925931815,462.85207256561495,504.0558925931815,25100,250,298,48,30.784515625004133,R3_REWARDFIX_VAL5_OUTPUT/replicate_03/models/RL-FF-CVaR.pt,True
8,3,RL-GRU-CVaR,cvar,437.7000000000002,180.0,439.3,10.226212749875163,10.313578783188092,41.49093428045913,0.9756216216216216,0.0543448213768465,522.2818685609183,459.7524254997504,522.2818685609183,25100,250,341,91,37.71294116599893,R3_REWARDFIX_VAL5_OUTPUT/replicate_03/models/RL-GRU-CVaR.pt,True
8,3,Uniform-CVaR,cvar,437.7000000000002,180.0,444.9000000000001,3.037238142496848,6.369405116758628,24.995844529543135,0.9907297297297296,0.0544893631334978,494.8916890590864,450.9744762849938,494.8916890590864,25100,250,285,35,27.533442416999605,NONE,True
8,4,RL-FF-Mean,mean,437.7000000000002,180.0,436.2000000000001,9.85689720239713,11.050109170432744,43.526115930034784,0.9782162162162162,0.0545769630829416,455.9137944047944,455.9137944047944,523.2522318600696,25100,250,343,93,37.17425212499802,R3_REWARDFIX_VAL5_OUTPUT/replicate_04/models/RL-FF-Mean.pt,True
8,4,RL-GRU-Mean,mean,437.7000000000002,180.0,441.30000000000007,8.21747494011911,10.60040283077038,41.33896333135843,0.9809729729729728,0.0539881710707194,457.7349498802383,457.7349498802383,523.977926662717,25100,250,347,97,38.48450370899809,R3_REWARDFIX_VAL5_OUTPUT/replicate_04/models/RL-GRU-Mean.pt,True
8,4,Uniform-Mean,mean,437.7000000000002,180.0,439.30000000000007,5.426818102260141,10.25727942234553,40.53898323286669,0.9851621621621622,0.0541346221779844,450.1536362045203,450.1536362045203,520.3779664657334,25100,250,298,48,29.804519416000403,NONE,True
8,4,RL-FF-CVaR,cvar,437.7000000000002,180.0,441.00000000000006,6.884825646781544,8.83121279913563,34.05602372293012,0.983554054054054,0.054293101990219,509.1120474458603,454.76965129356313,509.1120474458603,25100,250,263,13,22.525597207997635,R3_REWARDFIX_VAL5_OUTPUT/replicate_04/models/RL-FF-CVaR.pt,True
8,4,RL-GRU-CVaR,cvar,437.7000000000002,180.0,447.20000000000016,7.941740765068645,8.554688019861116,33.10615355832049,0.9823513513513512,0.0544370162480249,513.4123071166412,463.0834815301375,513.4123071166412,25100,250,288,38,27.660797541997457,R3_REWARDFIX_VAL5_OUTPUT/replicate_04/models/RL-GRU-CVaR.pt,True
8,4,Uniform-CVaR,cvar,437.7000000000002,180.0,438.1,6.959384830110761,7.770111025704019,29.897220159068265,0.9845405405405404,0.0543217388210707,497.89444031813656,452.0187696602215,497.89444031813656,25100,250,267,17,23.5623187079982,NONE,True
8,5,RL-FF-Mean,mean,437.7000000000002,180.0,436.9,8.441435640493197,8.721019281494497,34.11066794650528,0.9800135135135136,0.0542528805494144,453.78287128098634,453.78287128098634,505.12133589301055,25100,250,317,67,31.814915916002064,R3_REWARDFIX_VAL5_OUTPUT/replicate_05/models/RL-FF-Mean.pt,True
8,5,RL-GRU-Mean,mean,437.7000000000002,180.0,440.10000000000014,7.562461004074867,7.623484430797345,29.7212637898522,0.9823513513513512,0.0539603589578689,455.22492200814986,455.22492200814986,499.54252757970454,25100,250,357,107,38.04757666700607,R3_REWARDFIX_VAL5_OUTPUT/replicate_05/models/RL-GRU-Mean.pt,True
8,5,Uniform-Mean,mean,437.7000000000002,180.0,441.50000000000006,5.21964783462286,10.255243340720048,39.60255628099143,0.986,0.0546075003831606,451.9392956692458,451.9392956692458,520.7051125619829,25100,250,290,40,27.97785224999825,NONE,True
8,5,RL-FF-CVaR,cvar,437.7000000000002,180.0,438.6,6.8528304779382845,7.277430976937135,28.36923849100187,0.984,0.0544069878031427,495.3384769820037,452.30566095587653,495.3384769820037,25100,250,289,39,29.52283754200471,R3_REWARDFIX_VAL5_OUTPUT/replicate_05/models/RL-FF-CVaR.pt,True
8,5,RL-GRU-CVaR,cvar,437.7000000000002,180.0,438.3,7.238228200251555,8.006824263120553,31.79232420233562,0.9836081081081082,0.0540544633585026,501.8846484046712,452.7764564005031,501.8846484046712,25100,250,287,37,28.17961520799872,R3_REWARDFIX_VAL5_OUTPUT/replicate_05/models/RL-GRU-CVaR.pt,True
8,5,Uniform-CVaR,cvar,437.7000000000002,180.0,440.30000000000007,8.37982718653127,9.264978855694425,36.45905543210808,0.9807567567567568,0.0548143213053186,513.2181108642162,457.0596543730626,513.2181108642162,25100,250,349,99,38.14744175000669,NONE,True
8,6,RL-FF-Mean,mean,437.7000000000002,180.0,436.9,8.764228096130235,10.099733841350814,40.28067060881107,0.9794729729729728,0.0524308457010721,454.42845619226046,454.42845619226046,517.4613412176221,25100,250,413,163,45.488277249998646,R3_REWARDFIX_VAL5_OUTPUT/replicate_06/models/RL-FF-Mean.pt,True
8,6,RL-GRU-Mean,mean,437.7000000000002,180.0,436.7000000000001,9.756372612366889,11.331553920333898,45.11845949333272,0.9777702702702702,0.0522136416734501,456.2127452247338,456.2127452247338,526.9369189866654,25100,250,324,74,33.13940620899666,R3_REWARDFIX_VAL5_OUTPUT/replicate_06/models/RL-GRU-Mean.pt,True
8,6,Uniform-Mean,mean,437.7000000000002,180.0,446.0000000000001,4.66089695884391,9.13678259866916,36.412005298884615,0.9851891891891892,0.0521997524545044,455.321793917688,455.321793917688,518.8240105977693,25100,250,314,64,32.654388041002676,NONE,True
8,6,RL-FF-CVaR,cvar,437.7000000000002,180.0,449.0,1.8963837019779,4.6258826430897235,18.117964610665563,0.9945135135135136,0.052131684091775,485.2359292213311,452.7927674039558,485.2359292213311,25100,250,257,7,21.22603312499996,R3_REWARDFIX_VAL5_OUTPUT/replicate_06/models/RL-FF-CVaR.pt,True
8,6,RL-GRU-CVaR,cvar,437.7000000000002,180.0,446.99999999999994,2.800864870212363,5.3084805693195785,20.465247556867297,0.991391891891892,0.0522022913406549,487.93049511373454,452.6017297404247,487.93049511373454,25100,250,262,12,23.79851508299907,R3_REWARDFIX_VAL5_OUTPUT/replicate_06/models/RL-GRU-CVaR.pt,True
8,6,Uniform-CVaR,cvar,437.7000000000002,180.0,443.1,3.9840265873224503,7.343552620752378,28.275374416826804,0.989662162162162,0.0524491814530273,499.6507488336536,451.06805317464494,499.6507488336536,25100,250,256,6,22.38655037499848,NONE,True
8,7,RL-FF-Mean,mean,437.7000000000002,180.0,442.1000000000001,3.481680644546309,7.516473700875421,28.558979999734085,0.9906081081081082,0.0555337107420218,449.0633612890927,449.0633612890927,499.21795999946823,25100,250,349,99,36.85956870899827,R3_REWARDFIX_VAL5_OUTPUT/replicate_07/models/RL-FF-Mean.pt,True
8,7,RL-GRU-Mean,mean,437.7000000000002,180.0,439.1,3.667583733951816,8.992463023196676,35.755156700893195,0.9912567567567566,0.0551587158844112,446.4351674679037,446.4351674679037,510.6103134017864,25100,250,289,39,26.91062874999625,R3_REWARDFIX_VAL5_OUTPUT/replicate_07/models/RL-GRU-Mean.pt,True
8,7,Uniform-Mean,mean,437.7000000000002,180.0,437.00000000000017,11.398101937939051,13.240046742771025,53.43667676442152,0.9743513513513512,0.0557895569570302,459.7962038758783,459.7962038758783,543.8733535288432,25100,250,362,112,38.74781104199792,NONE,True
8,7,RL-FF-CVaR,cvar,437.7000000000002,180.0,447.1000000000001,6.293604899885787,7.108031740369877,28.032756141344183,0.9861486486486484,0.055904672054073,503.1655122826885,459.68720979977167,503.1655122826885,25100,250,299,49,29.829358333998243,R3_REWARDFIX_VAL5_OUTPUT/replicate_07/models/RL-FF-CVaR.pt,True
8,7,RL-GRU-CVaR,cvar,437.7000000000002,180.0,438.1,6.743318245351867,7.744084597647267,29.973374151010308,0.9844054054054054,0.0552982832582936,498.04674830202066,451.58663649070377,498.04674830202066,25100,250,264,14,22.188117124998826,R3_REWARDFIX_VAL5_OUTPUT/replicate_07/models/RL-GRU-CVaR.pt,True
8,7,Uniform-CVaR,cvar,437.7000000000002,180.0,454.99999999999994,1.894959524552938,5.162393581397938,18.68556745446275,0.9956756756756756,0.0552833170327714,492.37113490892546,458.78991904910583,492.37113490892546,25100,250,277,27,25.61654987500515,NONE,True
8,8,RL-FF-Mean,mean,437.7000000000002,180.0,442.4,6.139761014635368,8.470286343205805,32.515979420414006,0.9837837837837836,0.0561614502036332,454.67952202927074,454.67952202927074,507.431958840828,25100,250,294,44,30.00290320899512,R3_REWARDFIX_VAL5_OUTPUT/replicate_08/models/RL-FF-Mean.pt,True
8,8,RL-GRU-Mean,mean,437.7000000000002,180.0,441.7000000000001,3.999195623112882,7.887699845209844,30.450045651834586,0.9887162162162164,0.0560060600268628,449.6983912462258,449.6983912462258,502.6000913036692,25100,250,326,76,33.934788042002765,R3_REWARDFIX_VAL5_OUTPUT/replicate_08/models/RL-GRU-Mean.pt,True
8,8,Uniform-Mean,mean,437.7000000000002,180.0,438.2000000000001,6.562804662686123,11.96291267397932,47.855523376126854,0.9840945945945946,0.0559560816860213,451.32560932537234,451.32560932537234,533.9110467522538,25100,250,370,120,41.75359658399975,NONE,True
8,8,RL-FF-CVaR,cvar,437.7000000000002,180.0,447.6000000000001,6.200449974968282,7.04212427107312,26.904057741340008,0.9864459459459458,0.0555706063360808,501.4081154826801,460.00089994993664,501.4081154826801,25100,250,283,33,27.64297641599842,R3_REWARDFIX_VAL5_OUTPUT/replicate_08/models/RL-FF-CVaR.pt,True
8,8,RL-GRU-CVaR,cvar,437.7000000000002,180.0,448.30000000000024,2.621123571002697,5.303920841763005,20.41996751093547,0.9929189189189188,0.0564159070767206,489.1399350218712,453.5422471420056,489.1399350218712,25100,250,351,101,37.225391167005,R3_REWARDFIX_VAL5_OUTPUT/replicate_08/models/RL-GRU-CVaR.pt,True
8,8,Uniform-CVaR,cvar,437.7000000000002,180.0,438.6,7.369095958767706,8.676952824797414,34.01079644150248,0.9830945945945946,0.0565260967641525,506.62159288300495,453.33819191753537,506.62159288300495,25100,250,265,15,23.7691441660063,NONE,True
8,9,RL-FF-Mean,mean,437.7000000000002,180.0,440.4000000000001,6.108044002849854,6.976614174841259,25.773315721230347,0.9863648648648649,0.0549122496499011,452.6160880056998,452.6160880056998,491.9466314424608,25100,250,283,33,27.09230349999416,R3_REWARDFIX_VAL5_OUTPUT/replicate_09/models/RL-FF-Mean.pt,True
8,9,RL-GRU-Mean,mean,437.7000000000002,180.0,439.9,7.432476367405799,8.524496301976853,32.90188627264747,0.9820945945945946,0.0556105593384393,454.7649527348116,454.7649527348116,505.70377254529495,25100,250,290,40,29.12358479199611,R3_REWARDFIX_VAL5_OUTPUT/replicate_09/models/RL-GRU-Mean.pt,True
8,9,Uniform-Mean,mean,437.7000000000002,180.0,442.9000000000001,5.634544726175547,9.757111815363924,37.39120923370939,0.9857972972972971,0.0547155155404347,454.1690894523512,454.1690894523512,517.6824184674189,25100,250,303,53,30.185643457996775,NONE,True
8,9,RL-FF-CVaR,cvar,437.7000000000002,180.0,447.1000000000001,6.109936892076475,6.979934048965829,25.964857789852704,0.9863783783783784,0.0552850323830471,499.0297155797055,459.319873784153,499.0297155797055,25100,250,286,36,30.02091924999695,R3_REWARDFIX_VAL5_OUTPUT/replicate_09/models/RL-FF-CVaR.pt,True
8,9,RL-GRU-CVaR,cvar,437.7000000000002,180.0,443.50000000000006,4.901978166456116,7.204490051577611,27.352139152495088,0.9844324324324324,0.054863650353666,498.2042783049902,453.30395633291226,498.2042783049902,25100,250,304,54,31.423452167000505,R3_REWARDFIX_VAL5_OUTPUT/replicate_09/models/RL-GRU-CVaR.pt,True
8,9,Uniform-CVaR,cvar,437.7000000000002,180.0,450.9000000000001,2.9567799995411614,5.370114423274632,20.429936022466567,0.9922297297297296,0.0548126865775849,491.7598720449332,456.8135599990824,491.7598720449332,25100,250,277,27,26.995975792000536,NONE,True
8,10,RL-FF-Mean,mean,437.7000000000002,180.0,440.3,4.928294944173176,9.061759422331631,33.75654408747554,0.9862837837837838,0.0533950389417841,450.1565898883464,450.1565898883464,507.8130881749511,25100,250,324,74,35.387525999998616,R3_REWARDFIX_VAL5_OUTPUT/replicate_10/models/RL-FF-Mean.pt,True
8,10,RL-GRU-Mean,mean,437.7000000000002,180.0,438.1,8.315735587403383,10.662377180201531,40.73785178148633,0.9807432432432432,0.0529737829804241,454.7314711748068,454.7314711748068,519.5757035629726,25100,250,318,68,31.7052416660008,R3_REWARDFIX_VAL5_OUTPUT/replicate_10/models/RL-GRU-Mean.pt,True
8,10,Uniform-Mean,mean,437.7000000000002,180.0,438.5000000000001,7.970057758526604,8.945911151864808,35.28004907117339,0.9806621621621622,0.053225239829633,454.4401155170533,454.4401155170533,509.0600981423469,25100,250,317,67,33.32126529200468,NONE,True
8,10,RL-FF-CVaR,cvar,437.7000000000002,180.0,446.3999999999999,5.169241885920734,7.605904823785123,29.012997333633734,0.9877567567567568,0.0527379305585092,504.4259946672674,456.7384837718414,504.4259946672674,25100,250,276,26,25.638880709004297,R3_REWARDFIX_VAL5_OUTPUT/replicate_10/models/RL-FF-CVaR.pt,True
8,10,RL-GRU-CVaR,cvar,437.7000000000002,180.0,443.7,3.573956759679112,6.914474635863024,26.670392327761192,0.9906486486486488,0.0536241383221713,497.0407846555224,450.8479135193582,497.0407846555224,25100,250,285,35,28.277824917000544,R3_REWARDFIX_VAL5_OUTPUT/replicate_10/models/RL-GRU-CVaR.pt,True
8,10,Uniform-CVaR,cvar,437.7000000000002,180.0,441.7,8.248368976313312,9.53589708511151,38.1885238458828,0.9803783783783784,0.0545121459484397,518.0770476917655,458.1967379526266,518.0770476917655,25100,250,256,6,21.47325683300005,NONE,True
9,1,RL-FF-Mean,mean,431.2999999999999,180.0,427.7000000000001,5.024221484480968,8.008440955710478,30.917002509691702,0.9866666666666666,0.054923793382014,437.748442968962,437.748442968962,489.5340050193835,25100,250,275,25,35.33964458399714,R3_REWARDFIX_VAL5_OUTPUT/replicate_01/models/RL-FF-Mean.pt,True
9,1,RL-GRU-Mean,mean,431.2999999999999,180.0,438.2000000000001,2.244043059314332,5.161602975351473,19.532140640043163,0.9947261904761904,0.0543642425916627,442.6880861186287,442.6880861186287,477.2642812800864,25100,250,254,4,28.5184451669993,R3_REWARDFIX_VAL5_OUTPUT/replicate_01/models/RL-GRU-Mean.pt,True
9,1,Uniform-Mean,mean,431.2999999999999,180.0,427.5,5.388138648933356,8.294710676159205,31.111742369219055,0.9868095238095238,0.05462986875492,438.2762772978667,438.2762772978667,489.7234847384381,25100,250,282,32,37.20215595800255,NONE,True
9,1,RL-FF-CVaR,cvar,431.2999999999999,180.0,429.9,2.2563304395388486,4.472419116622443,17.20206114630662,0.9929761904761903,0.0546530655443088,464.3041222926133,434.41266087907775,464.3041222926133,25100,250,261,11,30.50433104200056,R3_REWARDFIX_VAL5_OUTPUT/replicate_01/models/RL-FF-CVaR.pt,True
9,1,RL-GRU-CVaR,cvar,431.2999999999999,180.0,430.1,2.6827901448052125,5.067161199853719,18.987308596744807,0.992095238095238,0.0549681407763079,468.0746171934896,435.4655802896104,468.0746171934896,25100,250,259,9,30.679085292002128,R3_REWARDFIX_VAL5_OUTPUT/replicate_01/models/RL-GRU-CVaR.pt,True
9,1,Uniform-CVaR,cvar,431.2999999999999,180.0,438.5,7.197083022911832,9.271025040565652,34.211258156375436,0.9805714285714284,0.0549110539784566,506.9225163127509,452.8941660458237,506.9225163127509,25100,250,309,59,45.12385487500433,NONE,True
9,2,RL-FF-Mean,mean,431.2999999999999,180.0,435.1,2.9775950905719535,5.862716423142939,22.06840123640295,0.9925357142857142,0.0533400637070461,441.0551901811439,441.0551901811439,479.23680247280595,25100,250,257,7,29.27830595800333,R3_REWARDFIX_VAL5_OUTPUT/replicate_02/models/RL-FF-Mean.pt,True
9,2,RL-GRU-Mean,mean,431.2999999999999,180.0,434.00000000000006,2.9242475083556143,5.762917129935079,21.723604851825044,0.992702380952381,0.0532000345856976,439.8484950167113,439.8484950167113,477.4472097036502,25100,250,259,9,29.357694666003223,R3_REWARDFIX_VAL5_OUTPUT/replicate_02/models/RL-GRU-Mean.pt,True
9,2,Uniform-Mean,mean,431.2999999999999,180.0,433.50000000000006,5.435094463239488,7.483589769954225,28.174549751823196,0.986142857142857,0.0527774615232196,444.37018892647905,444.37018892647905,489.84909950364647,25100,250,283,33,35.97425858299539,NONE,True
9,2,RL-FF-CVaR,cvar,431.2999999999999,180.0,433.6,9.316949081365866,9.981137094761667,38.31256608101637,0.9791904761904762,0.0542013326756514,510.2251321620327,452.2338981627317,510.2251321620327,25100,250,251,1,25.70726920800371,R3_REWARDFIX_VAL5_OUTPUT/replicate_02/models/RL-FF-CVaR.pt,True
9,2,RL-GRU-CVaR,cvar,431.2999999999999,180.0,439.99999999999994,4.819855914305352,6.988714820569922,26.25557344029738,0.9875119047619048,0.0538319287125554,492.5111468805947,449.63971182861064,492.5111468805947,25100,250,252,2,26.883251541999925,R3_REWARDFIX_VAL5_OUTPUT/replicate_02/models/RL-GRU-CVaR.pt,True
9,2,Uniform-CVaR,cvar,431.2999999999999,180.0,439.0999999999999,7.622860904969174,9.327153097244627,35.543816299810935,0.9809404761904762,0.0542501505614455,510.1876325996218,454.34572180993825,510.1876325996218,25100,250,258,8,28.20549804100301,NONE,True
9,3,RL-FF-Mean,mean,431.2999999999999,180.0,430.6,3.758238448287501,7.606056203176947,29.971806582363648,0.9906666666666666,0.0524677383780146,438.11647689657497,438.11647689657497,490.5436131647273,25100,250,269,19,32.310804000000644,R3_REWARDFIX_VAL5_OUTPUT/replicate_03/models/RL-FF-Mean.pt,True
9,3,RL-GRU-Mean,mean,431.2999999999999,180.0,427.2000000000001,5.27906692322539,7.516352567281043,29.560988223470723,0.9835238095238096,0.0527731450901593,437.7581338464509,437.7581338464509,486.3219764469415,25100,250,277,27,34.08619241699489,R3_REWARDFIX_VAL5_OUTPUT/replicate_03/models/RL-GRU-Mean.pt,True
9,3,Uniform-Mean,mean,431.2999999999999,180.0,430.8,4.7204755704771415,6.320997461695291,24.300701620749972,0.9862142857142856,0.0523739070208017,440.2409511409543,440.2409511409543,479.4014032415,25100,250,264,14,32.98279487499531,NONE,True
9,3,RL-FF-CVaR,cvar,431.2999999999999,180.0,447.4,1.8233905518968867,4.368784722119966,17.619360629577127,0.995059523809524,0.0538710663286254,482.6387212591543,451.0467811037938,482.6387212591543,25100,250,252,2,27.490267875000427,R3_REWARDFIX_VAL5_OUTPUT/replicate_03/models/RL-FF-CVaR.pt,True
9,3,RL-GRU-CVaR,cvar,431.2999999999999,180.0,431.4,8.408957310991084,9.420745413190737,36.3125002491593,0.9779047619047618,0.052700259648972,504.0250004983186,448.2179146219821,504.0250004983186,25100,250,257,7,30.40919758299424,R3_REWARDFIX_VAL5_OUTPUT/replicate_03/models/RL-GRU-CVaR.pt,True
9,3,Uniform-CVaR,cvar,431.2999999999999,180.0,453.49999999999994,0.3030269895778331,1.3415165330313914,5.003007725590656,0.9984880952380952,0.0527309275112466,463.50601545118127,454.1060539791556,463.50601545118127,25100,250,267,17,32.86779174999538,NONE,True
9,4,RL-FF-Mean,mean,431.2999999999999,180.0,428.2999999999999,9.778519474757951,11.375337551374166,45.73934707368837,0.9753095238095236,0.0539881710377152,447.8570389495158,447.8570389495158,519.7786941473767,25100,250,269,19,34.00259779100452,R3_REWARDFIX_VAL5_OUTPUT/replicate_04/models/RL-FF-Mean.pt,True
9,4,RL-GRU-Mean,mean,431.2999999999999,180.0,431.80000000000007,5.019472883192486,6.63413286095766,25.12871848119224,0.987095238095238,0.0540633179345904,441.83894576638505,441.83894576638505,482.05743696238454,25100,250,268,18,32.48664212500444,R3_REWARDFIX_VAL5_OUTPUT/replicate_04/models/RL-GRU-Mean.pt,True
9,4,Uniform-Mean,mean,431.2999999999999,180.0,425.7,7.885979101889206,10.655328869353031,40.3411203233282,0.9828214285714284,0.0540636345611705,441.4719582037784,441.4719582037784,506.3822406466564,25100,250,270,20,32.09754779100331,NONE,True
9,4,RL-FF-CVaR,cvar,431.2999999999999,180.0,432.7999999999999,9.70521336394746,11.32068978213763,45.09585919674016,0.9789404761904762,0.0541112813988226,522.9917183934803,452.21042672789486,522.9917183934803,25100,250,257,7,28.143516708005336,R3_REWARDFIX_VAL5_OUTPUT/replicate_04/models/RL-FF-CVaR.pt,True
9,4,RL-GRU-CVaR,cvar,431.2999999999999,180.0,432.2999999999999,9.557694112906818,11.003902608122848,43.70836971943779,0.979297619047619,0.0537656117931508,519.7167394388755,451.4153882258136,519.7167394388755,25100,250,257,7,27.869420082999568,R3_REWARDFIX_VAL5_OUTPUT/replicate_04/models/RL-GRU-CVaR.pt,True
9,4,Uniform-CVaR,cvar,431.2999999999999,180.0,432.2999999999999,9.557694112906818,11.003902608122848,43.70836971943779,0.979297619047619,0.0537656117931508,519.7167394388755,451.4153882258136,519.7167394388755,25100,250,253,3,27.01111566599866,NONE,True
9,5,RL-FF-Mean,mean,431.2999999999999,180.0,429.1,4.012786071989056,6.841716742318162,26.115521527010593,0.989,0.0540651119735106,437.12557214397816,437.12557214397816,481.3310430540212,25100,250,267,17,30.965231540998506,R3_REWARDFIX_VAL5_OUTPUT/replicate_05/models/RL-FF-Mean.pt,True
9,5,RL-GRU-Mean,mean,431.2999999999999,180.0,427.00000000000006,6.815061171656258,10.849602649244478,40.97388868314829,0.9836666666666666,0.0536967494507584,440.63012234331256,440.63012234331256,508.94777736629663,25100,250,258,8,28.519328000002133,R3_REWARDFIX_VAL5_OUTPUT/replicate_05/models/RL-GRU-Mean.pt,True
9,5,Uniform-Mean,mean,431.2999999999999,180.0,438.7999999999999,3.672725446526453,6.2038626579005065,23.056177684913624,0.9895595238095238,0.0542773100627453,446.1454508930528,446.1454508930528,484.9123553698272,25100,250,265,15,30.53973208300158,NONE,True
9,5,RL-FF-CVaR,cvar,431.2999999999999,180.0,437.6,1.817256503743436,3.923716789429029,15.235671580431587,0.9948690476190476,0.0551031341934439,468.07134316086314,441.2345130074869,468.07134316086314,25100,250,266,16,31.527351832999557,R3_REWARDFIX_VAL5_OUTPUT/replicate_05/models/RL-FF-CVaR.pt,True
9,5,RL-GRU-CVaR,cvar,431.2999999999999,180.0,436.7000000000001,1.9634956102718948,4.035962517365864,15.13662284500006,0.994452380952381,0.0544754719059151,466.97324569000017,440.62699122054386,466.97324569000017,25100,250,257,7,26.62487516600231,R3_REWARDFIX_VAL5_OUTPUT/replicate_05/models/RL-GRU-CVaR.pt,True
9,5,Uniform-CVaR,cvar,431.2999999999999,180.0,431.00000000000006,3.5583008444213764,5.525935841274655,21.084091008801153,0.9882857142857142,0.054288313032468,473.1681820176024,438.1166016888428,473.1681820176024,25100,250,275,25,32.36197983299644,NONE,True
9,6,RL-FF-Mean,mean,431.2999999999999,180.0,420.1,7.88775397096838,10.518764358016444,40.05743513452214,0.9805714285714284,0.0543941806375177,435.8755079419368,435.8755079419368,500.2148702690443,25100,250,267,17,35.76201054199919,R3_REWARDFIX_VAL5_OUTPUT/replicate_06/models/RL-FF-Mean.pt,True
9,6,RL-GRU-Mean,mean,431.2999999999999,180.0,427.1,4.671978098492317,7.328529613983243,27.862325510181435,0.9878214285714284,0.0543956948426472,436.44395619698463,436.44395619698463,482.8246510203629,25100,250,269,19,35.202431584002625,R3_REWARDFIX_VAL5_OUTPUT/replicate_06/models/RL-GRU-Mean.pt,True
9,6,Uniform-Mean,mean,431.2999999999999,180.0,429.1,7.5166493249745745,9.55239232661005,37.27384063971672,0.97875,0.0545802632930896,444.1332986499491,444.1332986499491,503.6476812794334,25100,250,270,20,36.35875700000179,NONE,True
9,6,RL-FF-CVaR,cvar,431.2999999999999,180.0,430.7,3.455180676535252,6.309253900436355,24.06511813740604,0.9895833333333331,0.0543133511635988,478.8302362748121,437.6103613530705,478.8302362748121,25100,250,255,5,28.851393541997822,R3_REWARDFIX_VAL5_OUTPUT/replicate_06/models/RL-FF-CVaR.pt,True
9,6,RL-GRU-CVaR,cvar,431.2999999999999,180.0,428.50000000000006,4.263476011588872,7.955545169259174,31.45089339045168,0.9888095238095238,0.0545484272460917,491.4017867809034,437.0269520231778,491.4017867809034,25100,250,269,19,36.33585529199627,R3_REWARDFIX_VAL5_OUTPUT/replicate_06/models/RL-GRU-CVaR.pt,True
9,6,Uniform-CVaR,cvar,431.2999999999999,180.0,428.30000000000007,5.338992717695926,8.13818069662861,31.436281006135715,0.9852857142857142,0.0543981182189434,491.1725620122715,438.97798543539193,491.1725620122715,25100,250,253,3,29.757534874996058,NONE,True
9,7,RL-FF-Mean,mean,431.2999999999999,180.0,424.8,5.698343659761569,7.565313833830454,28.0066302138195,0.9828571428571428,0.0532896890804786,436.1966873195232,436.1966873195232,480.813260427639,25100,250,268,18,34.196064040996134,R3_REWARDFIX_VAL5_OUTPUT/replicate_07/models/RL-FF-Mean.pt,True
9,7,RL-GRU-Mean,mean,431.2999999999999,180.0,431.1,2.703690748431407,4.992347040832046,19.740072680391823,0.9909285714285714,0.0527372341518712,436.5073814968627,436.5073814968627,470.5801453607836,25100,250,276,26,35.073581083001045,R3_REWARDFIX_VAL5_OUTPUT/replicate_07/models/RL-GRU-Mean.pt,True
9,7,Uniform-Mean,mean,431.2999999999999,180.0,433.8,4.932233742765906,7.850013707762799,30.944542559149863,0.98825,0.0528660517708499,443.6644674855318,443.6644674855318,495.6890851182997,25100,250,264,14,30.70144862500456,NONE,True
9,7,RL-FF-CVaR,cvar,431.2999999999999,180.0,436.19999999999993,7.224499273338831,8.757017100146449,33.87637142904975,0.9812261904761904,0.0533359711115331,503.95274285809944,450.6489985466776,503.95274285809944,25100,250,257,7,27.367236874997616,R3_REWARDFIX_VAL5_OUTPUT/replicate_07/models/RL-FF-CVaR.pt,True
9,7,RL-GRU-CVaR,cvar,431.2999999999999,180.0,437.0000000000001,8.090629214719636,11.96298975902059,46.080219920768734,0.9827738095238094,0.0537041532225403,529.1604398415376,453.18125842943937,529.1604398415376,25100,250,252,2,25.3350369999971,R3_REWARDFIX_VAL5_OUTPUT/replicate_07/models/RL-GRU-CVaR.pt,True
9,7,Uniform-CVaR,cvar,431.2999999999999,180.0,437.0999999999999,3.139777931488279,4.7425677799306705,17.654854979204924,0.9917976190476188,0.0531037417962632,472.40970995840974,443.3795558629765,472.40970995840974,25100,250,268,18,32.56587420800497,NONE,True
9,8,RL-FF-Mean,mean,431.2999999999999,180.0,429.6,5.729457273719285,7.843300822373544,29.466292177043833,0.9840238095238094,0.0545789278157456,441.0589145474386,441.0589145474386,488.5325843540877,25100,250,260,10,30.19016266700055,R3_REWARDFIX_VAL5_OUTPUT/replicate_08/models/RL-FF-Mean.pt,True
9,8,RL-GRU-Mean,mean,431.2999999999999,180.0,425.7,9.144284710111748,10.96745881315383,41.89934346309568,0.9756785714285714,0.0536646921693769,443.9885694202235,443.9885694202235,509.49868692619134,25100,250,266,16,31.105729041002633,R3_REWARDFIX_VAL5_OUTPUT/replicate_08/models/RL-GRU-Mean.pt,True
9,8,Uniform-Mean,mean,431.2999999999999,180.0,429.30000000000007,6.481077105681185,10.752347355752873,41.2666190153203,0.9831785714285712,0.0539592177803347,442.2621542113624,442.2621542113624,511.8332380306407,25100,250,254,4,28.527146000000357,NONE,True
9,8,RL-FF-CVaR,cvar,431.2999999999999,180.0,439.7999999999999,0.8466392546259216,2.274591802863081,8.895171588769252,0.9975,0.0534407403586154,457.5903431775384,441.4932785092518,457.5903431775384,25100,250,254,4,27.562464084003295,R3_REWARDFIX_VAL5_OUTPUT/replicate_08/models/RL-FF-CVaR.pt,True
9,8,RL-GRU-CVaR,cvar,431.2999999999999,180.0,437.5,2.270133085368687,4.753188419246696,18.328913012017935,0.9944880952380952,0.0536025369989347,474.1578260240359,442.04026617073737,474.1578260240359,25100,250,261,11,29.54613245800283,R3_REWARDFIX_VAL5_OUTPUT/replicate_08/models/RL-GRU-CVaR.pt,True
9,8,Uniform-CVaR,cvar,431.2999999999999,180.0,429.2,4.5997110609851015,6.625101043004439,24.896655770839672,0.987404761904762,0.0539519117316025,478.9933115416793,438.3994221219702,478.9933115416793,25100,250,273,23,35.738520457998675,NONE,True
9,9,RL-FF-Mean,mean,431.2999999999999,180.0,437.1,3.7913290834292104,6.019431819132583,22.55867909796922,0.989345238095238,0.0532852306567436,444.68265816685846,444.68265816685846,482.21735819593846,25100,250,307,57,41.38954370799911,R3_REWARDFIX_VAL5_OUTPUT/replicate_09/models/RL-FF-Mean.pt,True
9,9,RL-GRU-Mean,mean,431.2999999999999,180.0,424.6,6.6343831735861185,8.290383533922666,31.25733994072864,0.9824642857142858,0.0528740688345441,437.86876634717225,437.86876634717225,487.1146798814573,25100,250,284,34,36.72403129200393,R3_REWARDFIX_VAL5_OUTPUT/replicate_09/models/RL-GRU-Mean.pt,True
9,9,Uniform-Mean,mean,431.2999999999999,180.0,423.2,7.547083358884171,9.110758696891743,33.750105671421785,0.981297619047619,0.0536964081041645,438.2941667177683,438.2941667177683,490.70021134284355,25100,250,253,3,27.981118499999862,NONE,True
9,9,RL-FF-CVaR,cvar,431.2999999999999,180.0,450.00000000000006,2.8103286297940993,4.408264600400993,16.486844280136694,0.9925833333333332,0.0532544784535377,482.97368856027344,455.62065725958826,482.97368856027344,25100,250,250,0,27.291590000000724,R3_REWARDFIX_VAL5_OUTPUT/replicate_09/models/RL-FF-CVaR.pt,True
9,9,RL-GRU-CVaR,cvar,431.2999999999999,180.0,442.5000000000001,2.7068625694215847,4.944246692342034,19.05757216673183,0.99175,0.0532072111471503,480.6151443334638,447.9137251388433,480.6151443334638,25100,250,268,18,32.17830837499787,R3_REWARDFIX_VAL5_OUTPUT/replicate_09/models/RL-GRU-CVaR.pt,True
9,9,Uniform-CVaR,cvar,431.2999999999999,180.0,443.2000000000001,3.4417335590322673,5.86729435705648,22.114515421286956,0.9903095238095238,0.0531232072838068,487.429030842574,450.08346711806456,487.429030842574,25100,250,252,2,26.871774708000885,NONE,True
9,10,RL-FF-Mean,mean,431.2999999999999,180.0,419.3,10.345752390442224,11.96943464182719,45.87780513365165,0.9739166666666664,0.0546487905954785,439.9915047808845,439.9915047808845,511.05561026730334,25100,250,264,14,29.840615875000367,R3_REWARDFIX_VAL5_OUTPUT/replicate_10/models/RL-FF-Mean.pt,True
9,10,RL-GRU-Mean,mean,431.2999999999999,180.0,432.5,4.524702212159085,7.276046945909439,27.312233020124133,0.9881547619047618,0.0547006589691222,441.5494044243182,441.5494044243182,487.12446604024825,25100,250,256,6,27.798048791002657,R3_REWARDFIX_VAL5_OUTPUT/replicate_10/models/RL-GRU-Mean.pt,True
9,10,Uniform-Mean,mean,431.2999999999999,180.0,433.9,6.348193936972354,9.198821832375558,35.194281700371924,0.9846071428571428,0.0555739937775425,446.5963878739448,446.5963878739448,504.2885634007439,25100,250,255,5,28.245770708002965,NONE,True
9,10,RL-FF-CVaR,cvar,431.2999999999999,180.0,433.1,9.276506403394674,11.466202754434835,44.392802710035475,0.9768095238095238,0.0549261463979245,521.8856054200709,451.6530128067893,521.8856054200709,25100,250,252,2,27.50590920799732,R3_REWARDFIX_VAL5_OUTPUT/replicate_10/models/RL-FF-CVaR.pt,True
9,10,RL-GRU-CVaR,cvar,431.2999999999999,180.0,452.4999999999998,3.399200644274651,6.026156400640769,23.167602286726733,0.989904761904762,0.0545779127451614,498.8352045734532,459.2984012885491,498.8352045734532,25100,250,255,5,28.37654125000699,R3_REWARDFIX_VAL5_OUTPUT/replicate_10/models/RL-GRU-CVaR.pt,True
9,10,Uniform-CVaR,cvar,431.2999999999999,180.0,431.6,6.465746665136614,9.543802893726356,34.90378348525805,0.9847976190476192,0.0546878947761159,501.40756697051614,444.5314933302733,501.40756697051614,25100,250,260,10,29.24977241599845,NONE,True
