scenario_id,RL-FF-Mean,RL-GRU-Mean,Uniform-Mean,RL-FF-CVaR,RL-GRU-CVaR,Uniform-CVaR
0,14.45100013207491,1.7057186107351185,1.7057186107351185,4.956730807381803,4.956730807381803,4.956730807381803
1,26.461473286034618,3.1370922476137935,5.99224504904555,19.94220615764658,19.94220615764658,19.94220615764658
2,15.462293245089882,6.475190591028081,5.528292765492495,10.926379750479782,10.926379750479782,10.926379750479782
3,8.945159238441647,0.0,0.0,0.5961734865741164,0.5961734865741164,0.5961734865741164
4,26.119673747803574,0.0,8.698828162407779,7.261345393115391,7.261345393115391,7.261345393115391
5,22.28526001598391,6.376755359463914,6.034132607887045,2.5318486262693227,2.5318486262693227,2.5318486262693227
6,4.5928628986606554,0.0,1.3630313291517382,4.645983400741841,4.645983400741841,4.645983400741841
7,3.703092876210974,0.5133987950846404,14.969656402556609,0.0,0.0,0.0
8,14.020290677331616,0.10718083316004368,0.5611186934082752,15.92426353418378,15.92426353418378,15.92426353418378
9,0.0,3.2354452992827305,20.359497748549188,0.0,0.0,0.0
10,21.047441741817096,2.285122666267,17.63801919445575,14.724846998388927,14.724846998388927,14.724846998388927
11,0.8207463627696256,3.444692490017758,5.925608813518181,1.7262536329685645,1.7262536329685645,1.7262536329685645
12,0.3957993027026987,0.0,0.0,1.199969082890334,1.199969082890334,1.199969082890334
13,10.17641134635727,2.600623121829699,17.26588619347882,3.9444747368699495,3.9444747368699495,3.9444747368699495
14,1.3788752611025075,5.873143655022318,0.0,2.3894354440170105,2.3894354440170105,2.3894354440170105
15,2.794214289496608,0.0,0.0,9.381854866615129,9.381854866615129,9.381854866615129
16,28.91387844634596,18.68477582932843,4.294364371777931,18.915024145433733,18.915024145433733,18.915024145433733
17,9.729796595046764,22.98925443186323,7.736483737503988,21.55882854081375,21.55882854081375,21.55882854081375
18,1.9655314290822616,1.1419216576465487,6.904550370525726,2.943205884339193,2.943205884339193,2.943205884339193
19,3.362944882944362,0.0,0.0,2.6653394794316227,2.6653394794316227,2.6653394794316227
20,3.2898251556050013,5.702867012704132,6.924784351460687,5.194419377127986,5.194419377127986,5.194419377127986
21,2.7610757519245794,3.628854611603458,5.612278851437566,3.33707957891113,3.33707957891113,3.33707957891113
22,21.500830616656486,25.72730088325403,35.10880969102914,23.15593897056175,23.15593897056175,23.15593897056175
23,7.814886652911355,0.0,0.0,11.172187398561789,11.172187398561789,11.172187398561789
24,4.721250131072793,0.3190238296214716,3.6036096408614924,3.7726951091413525,3.7726951091413525,3.7726951091413525
25,1.3068559273521032,11.950294779359012,25.712227117014038,1.4514125205151913,1.4514125205151913,1.4514125205151913
26,2.1576434383107994,2.3297982895649056,5.216464010855134,5.604037627578748,5.604037627578748,5.604037627578748
27,4.133234012539617,4.0045112279535715,0.11683703874871298,0.9142376592987489,0.9142376592987489,0.9142376592987489
28,21.05194189902585,31.179617063925434,31.05650908899156,28.099324151078804,23.772239751967675,23.772239751967675
29,21.55551029308333,4.679506704007565,13.180456867553858,4.118680236303987,4.118680236303987,4.118680236303987
30,9.52318603771954,2.1507226377160578,12.590877574712806,13.018313477170182,13.018313477170182,13.018313477170182
31,0.0,2.5848439907147167,0.0,3.4185684636970564,3.4185684636970564,3.4185684636970564
32,21.120736687921067,5.5102732141077695,5.319996900253102,7.829574685715102,7.829574685715102,7.829574685715102
33,0.4546615952722277,11.071542449793014,0.794659836801884,0.4546615952722277,0.4546615952722277,0.4546615952722277
34,59.97089461584346,35.27826593542517,34.46956195816824,38.7583894754265,38.7583894754265,38.7583894754265
35,13.139991748439684,16.300117622164464,69.1181203398711,65.03175525871643,65.03175525871643,65.03175525871643
36,1.7418393094701514,0.0,10.152886219969616,7.793903556631449,7.793903556631449,7.793903556631449
37,7.495425653583254,5.439539398101317,2.6536006070651297,5.526733163960671,5.526733163960671,5.526733163960671
38,12.251618087655345,1.6944544429269968,7.6415187845223045,7.586645270742451,7.586645270742451,7.586645270742451
39,25.578367177134794,22.741070258679372,23.102625907169738,26.991266307570527,26.991266307570527,26.991266307570527
40,5.964538186793845,11.480074562113828,7.830834240933996,18.972780070686156,18.972780070686156,18.972780070686156
41,3.082056708540847,6.627891618585977,9.413013502631088,4.928316487009681,4.928316487009681,4.928316487009681
42,12.426266380845078,12.63701263961758,12.416773238512633,17.44421351700035,17.44421351700035,17.44421351700035
43,7.346700964869285,0.0,9.262569982880052,2.083734835655406,2.083734835655406,2.083734835655406
44,18.75061638072509,0.16533045827270598,2.7578741885384943,18.860052061182273,18.860052061182273,18.860052061182273
45,4.458858747516331,14.139788702650833,4.505570513690827,8.209665910849594,8.209665910849594,8.209665910849594
46,24.91536990059376,5.571130735131419,0.0,5.748814532663857,5.748814532663857,5.748814532663857
47,3.5245702069101412,3.1174405392114863,0.0,0.15753995372665486,0.15753995372665486,0.15753995372665486
48,0.0,0.0,0.0,7.9364415205210435,7.9364415205210435,7.9364415205210435
49,11.468031138041681,5.899936563931874,3.2127257479484683,3.5428724794687128,3.5428724794687128,3.5428724794687128
50,4.949265481742827,3.1405616778902754,2.333562385511186,2.234112202932181,2.234112202932181,2.234112202932181
51,2.279148456194946,0.0,0.0,7.112641697453,7.112641697453,7.112641697453
52,3.503215178841856,7.388470714687912,3.3172465488652847,0.0,0.0,0.0
53,0.4441638168281088,0.0,9.012988715070833,7.0621208325088105,7.0621208325088105,7.0621208325088105
54,2.900378228771217,0.0,0.0,2.5873994648570715,2.5873994648570715,2.5873994648570715
55,17.575462060954067,4.730152805375042,5.540522335363221,6.575786381069406,6.575786381069406,6.575786381069406
56,19.512869424820792,5.259486890081973,1.9534753096006625,2.029756171550673,2.029756171550673,2.029756171550673
57,0.0,2.7465920610979992,1.5033018312841477,6.710694309393375,6.710694309393375,6.710694309393375
58,1.204284869565754,6.837543141692663,3.3706881914748124,15.309548686802998,15.309548686802998,15.309548686802998
59,4.974468501801823,9.388189210571454,22.915436516589182,5.928866606989573,5.928866606989573,5.928866606989573
60,10.278810473489727,1.1149263907595355,1.1149263907595355,9.613227765317617,9.613227765317617,9.613227765317617
61,8.242651154919542,1.8918494952212086,0.9283689096376975,4.255713328634272,4.255713328634272,4.255713328634272
62,21.0388921938833,14.388994245380786,11.86351031409464,50.79295161271705,50.79295161271705,50.79295161271705
63,13.503682366606824,0.44530522806741146,0.0,9.26356305092213,9.26356305092213,9.26356305092213
64,1.6618668183650698,0.0,0.0,0.0,0.0,0.0
65,4.947808926369987,0.12098083193069442,0.12098083193069442,2.1949044614534046,2.1949044614534046,2.1949044614534046
66,3.7728152915408373,0.0,0.0,25.40828874229834,25.40828874229834,25.40828874229834
67,8.288969289341992,15.252885255412309,0.0,6.374624701123025,6.374624701123025,6.374624701123025
68,22.94284508868327,3.3268075287285797,7.609508076466625,1.332789426551244,1.332789426551244,1.332789426551244
69,21.570272563847965,0.0,2.9693051350527924,19.235506026161943,19.235506026161943,19.235506026161943
70,1.8389769708499557,2.367339831521633,0.5045670260666952,2.4145941582717114,2.4145941582717114,2.4145941582717114
71,1.215512033806931,2.219382346874511,7.856850507442175,6.319769542487506,6.319769542487506,6.319769542487506
72,22.683707095416764,0.8620768581313882,41.789365818433055,32.542718735644996,32.542718735644996,32.542718735644996
73,3.987813288279426,2.6965424587589837,1.1799102092267049,0.024393249809122608,0.024393249809122608,0.024393249809122608
74,1.714290541447724,9.115704776583016,0.0,1.1325470950407066,1.1325470950407066,1.1325470950407066
75,2.40709261504702,4.6699681974081955,0.0,8.089757588009263,8.089757588009263,8.089757588009263
76,2.9709193474735116,0.0,3.9231378886522066,19.740719955290785,19.740719955290785,19.740719955290785
77,12.361971792282588,0.0,0.0,8.01222645224567,8.01222645224567,8.01222645224567
78,9.475088372893822,0.0,0.0,9.693654248588473,9.693654248588473,9.693654248588473
79,5.025181300438419,12.392135852983074,25.22926751367305,0.6088249623296065,0.6088249623296065,0.6088249623296065
80,6.077675169688376,0.0,0.0,3.3590428972629525,3.3590428972629525,3.3590428972629525
81,5.555468463768364,1.80034862577088,2.9636937172870716,0.0,0.0,0.0
82,5.365919134283615,6.202234211816801,6.202234211816801,0.0,0.0,0.0
83,12.1197113143009,18.097387934847234,20.7635409036792,21.072281025554673,21.072281025554673,21.072281025554673
84,11.611266635622314,0.0,0.0,5.7803703128374195,5.7803703128374195,5.7803703128374195
85,2.8175096328273526,4.194962178580056,0.29161416299689336,5.280370584660886,5.280370584660886,5.280370584660886
86,2.553977550343461,0.4030611789288514,0.4030611789288514,0.0,0.0,0.0
87,6.180822374275408,1.2406985783964615,2.4290198213934104,20.052225539130916,20.052225539130916,20.052225539130916
88,4.9439106659900744,0.0,1.0221875498997974,1.5055762507411146,1.5055762507411146,1.5055762507411146
89,5.360817126702784,2.951885057506672,0.0,5.2349418222873965,5.2349418222873965,5.2349418222873965
90,23.546642078987475,12.203650754822945,3.384682240759105,20.944164119876802,15.77212236262153,15.77212236262153
91,4.275569371319989,0.0,0.0,6.13889520554801,6.13889520554801,6.13889520554801
92,13.793237907322151,0.0,3.544488691191134,7.686806460059756,7.686806460059756,7.686806460059756
93,3.4192567458616736,8.257663997802297,0.0,3.367895608848926,3.367895608848926,3.367895608848926
94,9.63333147948535,5.405708342120818,11.125552282118036,10.63318611820867,10.63318611820867,10.63318611820867
95,34.07353000265681,2.6068779858644575,7.180749852679753,1.1084851331662549,1.1084851331662549,1.1084851331662549
96,3.185742183722141,0.9468692198658459,0.9468692198658459,6.049873353454984,6.049873353454984,6.049873353454984
97,1.4253889172526328,1.7157007888672524,0.0,1.6693011493420613,1.6693011493420613,1.6693011493420613
98,1.0391639676844306,0.8414199255551011,2.6199577021740197,2.6285145016731235,2.6285145016731235,2.6285145016731235
99,3.415379753623313,0.0,0.0,2.37241200484425,2.37241200484425,2.37241200484425
100,9.23270838200824,13.012314435406381,23.16785038409597,16.635137618324052,16.635137618324052,16.635137618324052
101,34.72638543353287,19.420214838080653,26.604399820880474,25.410431983189937,25.410431983189937,25.410431983189937
102,6.083909107203624,2.638735684539995,0.6087158515904889,0.36142138489617537,0.36142138489617537,0.36142138489617537
103,0.3790512856210171,0.6857421487771376,0.5284085270674268,19.000665872411105,19.000665872411105,19.000665872411105
104,5.007369831043775,0.0,4.6252320126283735,2.9133207570052377,2.9133207570052377,2.9133207570052377
105,3.5036256976936215,4.63857418334743,0.0,0.026102909841711153,0.026102909841711153,0.026102909841711153
106,7.126260080611246,1.024705398379126,1.024705398379126,2.2395245793276217,2.2395245793276217,2.2395245793276217
107,57.195900430793586,22.427858200867774,30.31307472158909,39.90114196725324,39.55845337759865,39.55845337759865
108,1.5902450387123963,2.6307726004820324,19.307252345180018,11.58102442555196,11.58102442555196,11.58102442555196
109,8.506163091035148,21.710477599093338,12.052265154006477,19.581318864168736,19.581318864168736,19.581318864168736
110,6.629387578675448,2.4957796587985968,0.0,5.746615688910197,5.746615688910197,5.746615688910197
111,9.505478779430007,1.1113504247980472,1.9685868240902664,9.217437998266576,9.217437998266576,9.217437998266576
112,0.0,0.9797310454487729,0.9797310454487729,0.0,0.0,0.0
113,4.508242505011765,13.539380511414208,2.4441503322630638,0.0,0.0,0.0
114,9.332999438564457,1.7776737173780361,4.240648550053493,14.06082531752645,14.06082531752645,14.06082531752645
115,3.1137193615701335,1.4909190054461874,1.4909190054461874,0.0,0.0,0.0
116,0.7055196289956029,0.0,0.0,2.270066634782154,2.270066634782154,2.270066634782154
117,19.21381802112586,15.046945420192571,21.910764634612917,24.37416797183556,24.37416797183556,24.37416797183556
118,3.5705748279981435,6.140937255805852,3.142896782623552,0.0,0.0,0.0
119,4.3937160771155845,19.054372223854955,0.0,0.7000611237894532,0.7000611237894532,0.7000611237894532
120,1.6255519155311617,7.763976106070459,7.763976106070459,0.0,0.0,0.0
121,2.92984910147743,0.0,2.0140717212581762,0.0,0.0,0.0
122,5.7387437380685355,0.10968631855661215,0.10968631855661215,1.5025340582200215,1.5025340582200215,1.5025340582200215
123,1.6199580541402838,0.0,0.0,5.146011853046161,5.146011853046161,5.146011853046161
124,3.2503484958967306,0.0,4.130446552705337,2.8331133289195236,2.8331133289195236,2.8331133289195236
125,6.136101660419627,0.0,4.061217768534448,0.037425537282331334,0.037425537282331334,0.037425537282331334
126,2.069262146543906,12.419566358651707,11.256670685129052,1.0065617173931969,1.0065617173931969,1.0065617173931969
127,41.889858295645126,15.631650267139264,27.458386532828,36.10802544900639,36.10802544900639,36.10802544900639
128,6.45565265123787,9.076899009981162,2.935050363474545,5.09003445143702,5.09003445143702,5.09003445143702
129,13.731621229858263,0.8078192298011118,1.4116777849731648,9.066911041379626,9.066911041379626,9.066911041379626
130,4.215758541444188,0.0,0.7513215781443705,3.6224638026539537,3.6224638026539537,3.6224638026539537
131,12.2511717900382,0.7736397932372938,0.7736397932372938,7.587200511056665,7.587200511056665,7.587200511056665
132,9.665513254688278,1.239933308240893,1.239933308240893,10.262421796988974,10.262421796988974,10.262421796988974
133,11.747917283462925,0.7418539405622369,1.7618157068384903,11.279031927134383,11.279031927134383,11.279031927134383
134,3.8690591692459293,0.0,23.754522213581055,31.357630682970182,31.357630682970182,31.357630682970182
135,13.608396647557356,7.030540988304324,13.499499461907845,16.568905610393983,16.568905610393983,16.568905610393983
136,9.892458463507865,1.2166373996559514,0.0,1.6074467781767794,1.6074467781767794,1.6074467781767794
137,8.744904658824225,0.0,0.0,3.5773004531271226,3.5773004531271226,3.5773004531271226
138,17.115872557014796,2.6927998524951704,17.05594995599614,14.646429055491012,14.646429055491012,14.646429055491012
139,1.4491337980542767,1.3062554954141206,1.3062554954141206,2.579297796374135,2.579297796374135,2.579297796374135
140,2.3525985316010747,1.8758071633167788,11.910241526172229,1.4425810032643085,1.4425810032643085,1.4425810032643085
141,1.882042060449237,1.1450380802206155,12.658429491860886,5.348143223645991,5.348143223645991,5.348143223645991
142,11.141304664180609,0.0,0.0,1.2415728094370024,1.2415728094370024,1.2415728094370024
143,1.8882896848196538,8.685502879753415,4.3943346453563095,8.589621655627923,8.589621655627923,8.589621655627923
144,9.419912656700603,0.612124405909185,0.612124405909185,5.366684902189718,5.366684902189718,5.366684902189718
145,14.779996299306276,0.46366431371706085,0.7095109921993412,2.7101424486968426,2.7101424486968426,2.7101424486968426
146,31.53014642534805,20.82882681950224,28.22262790117884,27.70894751950601,27.70894751950601,27.70894751950601
147,6.117149190659433,0.10466622450769592,0.0,0.4127235959239215,0.4127235959239215,0.4127235959239215
148,65.38776370844533,12.982823137679475,5.337426301957009,27.089876136965586,27.089876136965586,27.089876136965586
149,0.0,1.2381280072495997,1.2381280072495997,0.30355039502387626,0.30355039502387626,0.30355039502387626
150,5.193745482341797,0.0,16.022851833254094,16.375727670603,16.375727670603,16.375727670603
151,0.6661615542677737,15.572994674335405,4.05153871419401,2.763643490323375,2.763643490323375,2.763643490323375
152,8.243505038989866,0.3360879555105498,18.232451958650586,6.371209074887588,6.371209074887588,6.371209074887588
153,2.0208318224379695,0.8753736775772154,15.559425514431155,12.820894910806373,12.820894910806373,12.820894910806373
154,0.0,4.016365752951629,0.5626286009111823,3.2033189844894423,3.2033189844894423,3.2033189844894423
155,9.101238509565917,3.547498940862681,9.22903829829238,14.34869562088096,14.34869562088096,14.34869562088096
156,1.819521045042734,9.309132819791046,15.179803633332824,7.5961978615372345,7.5961978615372345,7.5961978615372345
157,4.7354577357561425,0.24046051453279915,0.01090272058922892,0.0,0.0,0.0
158,1.8278791508717518,0.0,1.1586467051606064,1.5235796304663722,1.5235796304663722,1.5235796304663722
159,16.17446270886117,0.0,0.06101562278732331,10.576013266460478,10.576013266460478,10.576013266460478
160,3.4845208395457234,0.0,14.176357893797558,20.074593179129977,20.074593179129977,20.074593179129977
161,9.771773559508858,3.6266742303033084,19.74279931739403,22.484280840072074,22.484280840072074,22.484280840072074
162,1.255043541303337,0.0,0.0,4.560279590588209,4.560279590588209,4.560279590588209
163,2.9657329793453187,3.664942565468664,4.081209511842076,3.43181541420131,3.43181541420131,3.43181541420131
164,30.739757824234005,3.1814704681893318,10.345322943290853,16.122103345569172,16.122103345569172,16.122103345569172
165,0.04240662529275596,0.6572678090356021,4.6623281323132915,3.432895637110505,3.432895637110505,3.432895637110505
166,6.903073814419201,2.2180758480265013,0.0,3.4071496310130556,3.4071496310130556,3.4071496310130556
167,2.3983322184199096,3.2839181936425916,2.0173920853509344,1.6220793501220214,1.6220793501220214,1.6220793501220214
168,20.807422838770833,0.8892020644471472,6.01046308434934,13.954584231174522,13.954584231174522,13.954584231174522
169,10.81511602481811,19.524449675496044,24.28161118496206,17.618941583369462,17.618941583369462,17.618941583369462
170,13.009222476777495,0.5921454154095613,0.5921454154095613,22.71786809704571,22.71786809704571,22.71786809704571
171,1.2531108419490238,6.318135729681785,2.8066806671408244,1.6877339962869655,1.6877339962869655,1.6877339962869655
172,24.059255112492252,6.893950709806404,2.743703798907916,4.899211217296028,3.8657062414018526,3.8657062414018526
173,64.04680910720478,15.360143054926596,47.45482387855344,30.47810926311189,30.47810926311189,30.47810926311189
174,26.7193010600069,23.08277430527062,21.922272456678968,21.77911676243889,21.77911676243889,21.77911676243889
175,48.07158442411804,26.670163345186097,28.237454881176518,82.10792488207147,82.10792488207147,82.10792488207147
176,4.340691679138729,1.3036593752077579,1.3036593752077579,1.4732660076905404,1.4732660076905404,1.4732660076905404
177,10.884284693947194,0.7230007539742473,13.734514082876387,12.903963101243875,12.903963101243875,12.903963101243875
178,12.39991188751219,2.693077513603953,1.1850067968130702,10.634894107426078,10.634894107426078,10.634894107426078
179,15.794476967794992,7.004779450827186,7.3838397416192265,17.28844468901508,17.28844468901508,17.28844468901508
180,22.651532944271707,5.720410578121005,12.309624642046515,0.2292946558096105,0.2292946558096105,0.2292946558096105
181,3.1601159267499384,5.526865839097013,5.947157488121718,6.540069224165563,6.540069224165563,6.540069224165563
182,5.804004336820299,0.09808070160784155,0.09808070160784155,2.0832029936031518,2.0832029936031518,2.0832029936031518
183,0.6995528499618331,3.927968232888418,1.5770090591551593,2.719130040216271,2.719130040216271,2.719130040216271
184,6.142788103417331,1.4497611150569014,0.0,2.910318783509638,2.910318783509638,2.910318783509638
185,7.630968693413905,9.604335096130228,9.457231154068836,0.053510593852792,0.053510593852792,0.053510593852792
186,0.0,0.3155844532423089,0.0,0.3848725014365755,0.3848725014365755,0.3848725014365755
187,29.78548987167528,22.752192925526685,20.06527572581109,27.126727105882594,27.126727105882594,27.126727105882594
188,1.3602158257608608,0.0,0.0,2.1959666987931996,2.1959666987931996,2.1959666987931996
189,29.774832434053792,4.475105739207663,34.243045982952935,20.262660582123033,20.262660582123033,20.262660582123033
190,4.174247184950275,12.609049189671452,0.0,1.9253531297839857,1.9253531297839857,1.9253531297839857
191,1.8304996221889382,0.0,0.0,5.645163273360481,5.645163273360481,5.645163273360481
192,0.07844953025903578,9.91987914857367,0.0,5.50994255639165,5.50994255639165,5.50994255639165
193,1.2277001164620174,5.628425327992261,1.2452741620851953,2.8376446752562856,2.8376446752562856,2.8376446752562856
194,3.8432124192543142,2.1729752833091425,16.687687534909287,11.50422491783894,11.50422491783894,11.50422491783894
195,4.970794614536032,1.4962901879928268,1.4962901879928268,7.423758428202689,7.423758428202689,7.423758428202689
196,1.1522063118178494,0.0,0.0,6.700214468801448,6.700214468801448,6.700214468801448
197,12.36762062971414,13.972259365262119,22.726313787120375,12.82381625519298,12.82381625519298,12.82381625519298
198,6.003127248229646,11.110567671326521,13.988412821770908,4.812057898289083,4.812057898289083,4.812057898289083
199,31.831769809337175,21.40446883618455,26.911709065886953,40.74395070726871,40.74395070726871,40.74395070726871
200,1.7066113056304175,1.2835861847785281,0.0,1.4983412947843249,1.4983412947843249,1.4983412947843249
201,9.484526941882706,5.147207193594909,2.5907761528230253,9.484793920191407,9.484793920191407,9.484793920191407
202,7.732796653106561,0.0,0.0,0.42132329393200507,0.42132329393200507,0.42132329393200507
203,25.17647198864239,7.52430170250102,28.676607205766373,71.79529297941565,26.67254354548345,26.67254354548345
204,2.768567258620635,0.0,0.0,1.3902527765258696,1.3902527765258696,1.3902527765258696
205,18.921970957024257,4.313117930954263,14.718027517987537,11.25877306103348,11.25877306103348,11.25877306103348
206,1.0629156066057703,3.6817546397846286,7.837347817399177,3.9093281461424567,3.9093281461424567,3.9093281461424567
207,3.1416495947046883,2.9980659594942267,6.360080228285483,1.7064809568733494,1.7064809568733494,1.7064809568733494
208,1.6264962711515523,0.44699963839190104,0.44699963839190104,4.241748561674626,4.241748561674626,4.241748561674626
209,14.323447666309903,0.6313261431018873,0.0,4.313430221965916,4.313430221965916,4.313430221965916
210,36.64168576659699,12.31381113443939,16.095647406893136,27.637932747760203,27.637932747760203,27.637932747760203
211,6.157353113835825,0.23566568122276976,0.0,0.0,0.0,0.0
212,31.499980533988207,0.0,8.29242113767225,18.225340977704604,18.225340977704604,18.225340977704604
213,16.830355114961264,5.082403040594556,4.906886615693509,3.6612392051251845,3.6612392051251845,3.6612392051251845
214,1.240418821410799,6.5556723363833385,1.6205296241408291,2.194713126447539,2.194713126447539,2.194713126447539
215,7.731260555201942,5.128531255489804,14.795207857189382,11.061234982254945,11.061234982254945,11.061234982254945
216,15.016337994640764,10.637652719428047,1.7372973039556996,29.010889097741824,29.010889097741824,29.010889097741824
217,0.0,1.9757292293297155,7.628700201267975,4.336183340524656,4.336183340524656,4.336183340524656
218,10.045123419307345,12.933170787107997,0.0,2.971552524288768,2.971552524288768,2.971552524288768
219,3.216464773928209,1.0023390372525114,1.8083747639073522,2.8181263101788545,2.8181263101788545,2.8181263101788545
220,11.320653540825333,5.880090514559868,23.633387804160236,25.319366412810325,25.319366412810325,25.319366412810325
221,14.92013680937066,7.03186948973007,12.672245680088452,14.885859183738376,14.885859183738376,14.885859183738376
222,0.580860597566641,0.0,5.133413631410178,5.828418304410491,5.828418304410491,5.828418304410491
223,0.948328511224986,1.8914400799212103,0.0,2.4077547457065975,2.4077547457065975,2.4077547457065975
224,2.7134238114517757,0.0,0.0,6.835011970869971,6.835011970869971,6.835011970869971
225,3.889568519159184,0.0,5.51199262660532,4.196592814069504,4.196592814069504,4.196592814069504
226,7.110611814594506,0.0,0.0,11.371299543077669,11.371299543077669,11.371299543077669
227,3.3993842363105387,0.0,0.0,0.9288420838784077,0.9288420838784077,0.9288420838784077
228,6.351686236774469,2.1589677816914445,0.9898748911490429,6.597118325305132,6.597118325305132,6.597118325305132
229,1.0549737130763788,0.0,0.0,0.0,0.0,0.0
230,5.250722212655177,7.170052448865363,15.547801607113342,1.9506820363445172,1.9506820363445172,1.9506820363445172
231,23.3315387769249,4.759674306168392,5.130595779563691,12.628000983096143,12.628000983096143,12.628000983096143
232,2.193448604022308,1.9300227296126309,0.0,0.0,0.0,0.0
233,7.39229252375452,3.6384084551213505,30.891790420797633,6.567145798562308,6.567145798562308,6.567145798562308
234,5.680874573668802,12.529180899817618,0.8018429588015579,20.255346201643135,20.255346201643135,20.255346201643135
235,14.224054547174319,5.744666908150521,7.6657509514691355,5.078374748954104,5.078374748954104,5.078374748954104
236,3.924043405133716,0.3965124720723452,0.3965124720723452,5.588441871769987,5.588441871769987,5.588441871769987
237,76.19911423288752,17.18190293548355,28.470081955622504,34.9140596412885,34.9140596412885,34.9140596412885
238,8.37802404126495,0.30050829306662763,7.0721991888439675,5.091259708832126,5.091259708832126,5.091259708832126
239,0.9873825857538918,1.3955381105019455,0.0,0.0,0.0,0.0
240,20.559524934051467,5.999869228089153,5.511902565530136,14.748182183612073,14.748182183612073,14.748182183612073
241,8.00958734659082,0.6001551839644321,0.0,0.8418293967724253,0.8418293967724253,0.8418293967724253
242,1.5977938380749492,2.233101459504155,0.0,7.112856654577627,7.112856654577627,7.112856654577627
243,6.557126688678409,1.6080570012828161,1.6080570012828161,2.3392950178346155,2.3392950178346155,2.3392950178346155
244,13.495675231959524,0.0,14.073727524283981,8.594241418129968,8.594241418129968,8.594241418129968
245,7.685539300103187,8.646930134462025,5.280758844933928,11.660413542131437,11.660413542131437,11.660413542131437
246,15.397253819253166,7.742101704742311,8.126151701746664,16.381811034915273,16.381811034915273,16.381811034915273
247,5.508382954235799,7.6670712291253835,0.0,5.142614668818339,5.142614668818339,5.142614668818339
248,10.636191178522182,0.0,23.857144455867825,9.996517127062788,9.996517127062788,9.996517127062788
249,0.5557292998678918,0.0005717985095543554,0.0005717985095543554,0.7961698035392146,0.7961698035392146,0.7961698035392146
250,3.6954230581218894,0.0,0.0,0.5320952483116912,0.5320952483116912,0.5320952483116912
251,3.0031209630435,8.029398352299893,5.0990253323728325,21.59385243835777,21.59385243835777,21.59385243835777
252,8.798262898111659,1.7415790832519065,0.07876610812849094,2.8566812847438428,2.8566812847438428,2.8566812847438428
253,18.548689325703265,11.281939623298399,26.081097044397666,33.31576031409659,33.31576031409659,33.31576031409659
254,3.8568112481385697,5.0475492922997205,1.2393571624582478,4.963681142334167,4.963681142334167,4.963681142334167
255,3.7291306635109436,0.11273218978868726,0.11273218978868726,9.039477898767757,9.039477898767757,9.039477898767757
256,16.15072459264593,14.131981234093814,0.0,12.844381214348317,12.844381214348317,12.844381214348317
257,18.437008111449927,9.3975153174988,12.059794800830389,6.139158785479822,6.139158785479822,6.139158785479822
258,2.3871370750812275,0.25311276660869453,7.086897348831656,6.221667854805787,6.221667854805787,6.221667854805787
259,1.1847943683294488,0.6145226457136914,0.0,0.0,0.0,0.0
260,2.4701549804608476,0.0,0.0,2.4513867647160623,2.4513867647160623,2.4513867647160623
261,2.8144934264910546,6.094692957774043,17.397385180986646,18.89156103242479,18.89156103242479,18.89156103242479
262,7.9559376557526775,3.9632547155985094,10.096561750278795,4.90981721571336,4.90981721571336,4.90981721571336
263,4.251155284842639,0.0,7.853603547063017,5.410374375029676,5.410374375029676,5.410374375029676
264,4.166560427863146,10.876029130807467,13.74224796122354,8.29076584420983,8.29076584420983,8.29076584420983
265,2.7002956418438657,0.8401993217589734,3.554788015457632,12.116206618371677,12.116206618371677,12.116206618371677
266,4.258826874864042,1.0820421388814907,10.506788389739484,1.2794524581175324,1.2794524581175324,1.2794524581175324
267,5.73460693204288,12.46978607782978,0.7264786714413844,6.150994425567717,6.150994425567717,6.150994425567717
268,3.567456404578593,0.0,0.0,7.212701815871924,7.212701815871924,7.212701815871924
269,8.263472100321394,1.69971663370967,1.873454067265925,14.734206579536192,14.734206579536192,14.734206579536192
270,21.597701367616253,23.59196904553147,8.096103757320464,15.567426301111482,15.567426301111482,15.567426301111482
271,1.1061359311718206,0.0,0.0,0.24517327126193322,0.24517327126193322,0.24517327126193322
272,4.0201548331151,3.262026023084559,11.873882455022738,13.200399687496656,13.200399687496656,13.200399687496656
273,0.9249881694159399,2.5895271557773754,32.07865076571588,33.56228536433946,33.56228536433946,33.56228536433946
274,0.0,5.076411627426523,2.2147011529029896,1.330364338350023,1.330364338350023,1.330364338350023
275,4.244659986381748,4.072071757335721,1.1081798812896864,1.7883334044061598,1.7883334044061598,1.7883334044061598
276,0.0,0.7546654924996687,0.7546654924996687,2.2005943428696355,2.2005943428696355,2.2005943428696355
277,5.570365757827858,1.6090665934402182,3.005454049026298,9.828617448441776,9.828617448441776,9.828617448441776
278,9.334032315730951,0.0,11.911703802200009,12.461570699078834,12.461570699078834,12.461570699078834
279,1.6373890976691996,2.679811099678261,0.4698293969073575,1.4429037243346556,1.4429037243346556,1.4429037243346556
280,41.274307621849744,16.175330225869118,20.35324075154216,31.723341115733433,31.723341115733433,31.723341115733433
281,0.0,4.065285530543576,0.0,3.9385375731770864,3.9385375731770864,3.9385375731770864
282,4.868573687725473,6.366429777447479,0.06573476432799907,4.507483389269396,4.507483389269396,4.507483389269396
283,6.571499553876265,9.404069174904748,19.44063934047466,8.392229744481483,8.392229744481483,8.392229744481483
284,1.3273798491516118,6.52262201828529,0.0,0.0,0.0,0.0
285,3.80434399342397,0.1275951315118391,1.7044057946496878,17.275569221627222,17.275569221627222,17.275569221627222
286,11.000884465574813,15.799954832740298,0.2434577889086995,6.581210818667785,6.581210818667785,6.581210818667785
287,2.727840381234614,8.581220893639681,0.2502773552898816,8.16586694334768,8.16586694334768,8.16586694334768
288,2.5003539327304622,3.1063202622398762,0.7976824780025709,5.358258500722826,5.358258500722826,5.358258500722826
289,13.809992836461845,10.798317368215635,0.0,11.633732032727494,11.633732032727494,11.633732032727494
290,2.336787061190364,0.42758370004395374,0.42758370004395374,1.5488662166986842,1.5488662166986842,1.5488662166986842
291,1.406813907565379,0.46187840199849006,0.46187840199849006,0.14033864207846136,0.14033864207846136,0.14033864207846136
292,13.813671395320455,1.4768478377578163,11.699296330269448,17.664793776685855,6.674859951620988,6.674859951620988
293,14.098163142523845,3.4851796609966073,7.633666737368799,6.558942225623525,6.558942225623525,6.558942225623525
294,0.019829271186495134,0.0,3.868866129238654,4.690362191205622,4.690362191205622,4.690362191205622
295,14.275237814176194,7.577351458838393,6.665491158530926,1.3248960571585258,1.3248960571585258,1.3248960571585258
296,3.95157649466222,0.0,0.0,0.0,0.0,0.0
297,4.006434396490363,0.0,0.0,0.0,0.0,0.0
298,26.010357189412957,25.736712058495584,37.24783237527669,38.56910083207896,38.56910083207896,38.56910083207896
299,6.2401834724312835,5.937220289860477,24.85868856901152,9.859757546181015,9.859757546181015,9.859757546181015
300,3.682828496193622,0.0,0.0,4.083043821580759,4.083043821580759,4.083043821580759
301,16.07695725592714,13.562879685927896,2.017252233901104,10.761061379623754,10.761061379623754,10.761061379623754
302,8.48104876852085,0.0,20.003282007029497,11.474435497323725,11.474435497323725,11.474435497323725
303,16.846001227119643,16.178610690617177,13.40878124564341,17.272572812281794,17.272572812281794,17.272572812281794
304,11.099033190217881,0.0,0.0,1.0834243549044231,1.0834243549044231,1.0834243549044231
305,12.794257420014276,0.0,0.0,4.567009560076485,4.567009560076485,4.567009560076485
306,4.500725196729832,0.0,0.0,3.1296625519835857,3.1296625519835857,3.1296625519835857
307,1.8923353680543755,0.5105133865545781,0.5105133865545781,4.567237956350027,4.567237956350027,4.567237956350027
308,0.3068838823217561,0.004928090278951913,0.004928090278951913,2.7591594766893763,2.7591594766893763,2.7591594766893763
309,4.377312202386179,0.0,14.850923312528835,1.5207237439848313,1.5207237439848313,1.5207237439848313
310,6.581315817930431,7.0687773965204315,20.976746703184972,3.250716968557299,3.250716968557299,3.250716968557299
311,3.2176200596929334,2.5214775052376694,0.0,0.4104454387413057,0.4104454387413057,0.4104454387413057
312,19.95764195222239,0.0,23.391800761040656,25.132677422446108,15.750177455878884,15.750177455878884
313,26.38022255023236,11.889560204563395,40.717474997928434,25.230388894170346,25.230388894170346,25.230388894170346
314,11.256045624427486,9.546880301413637,4.024252692663083,35.40373544946692,35.40373544946692,35.40373544946692
315,4.47694675745862,3.979015992549705,26.325786685635023,17.615574080754982,17.615574080754982,17.615574080754982
316,40.745568279581335,16.409654271865463,23.58263378322465,48.7201377045626,48.7201377045626,48.7201377045626
317,14.305507045764983,2.523282495946148,25.060182083735356,8.719639779787627,8.719639779787627,8.719639779787627
318,22.50636000388755,9.687447352486913,8.699661305813834,13.77272661365214,13.77272661365214,13.77272661365214
319,42.864456218739406,17.37778856032213,8.544908344419298,26.932185122434646,26.932185122434646,26.932185122434646
320,15.739568115461793,0.0,0.0,6.883969949211121,6.883969949211121,6.883969949211121
321,27.475470918211727,13.21698342908843,12.364212240608254,12.223466723357262,12.223466723357262,12.223466723357262
322,1.7952324711249616,7.363636235304284,6.839719928509226,0.0,0.0,0.0
323,5.432095045880999,12.575618612620303,3.1536161122306225,2.66022465774995,2.66022465774995,2.66022465774995
324,20.730995487612233,0.08507661932122801,3.988390619303459,17.986232493647492,17.986232493647492,17.986232493647492
325,18.0203952492771,2.739409918290278,1.4596945633098244,0.0,0.0,0.0
326,11.575909118353422,1.7822053473966548,0.8008391268166974,11.805897707674774,11.805897707674774,11.805897707674774
327,6.033189527554811,1.3053803750391353,33.273658668567975,23.629637763833983,23.629637763833983,23.629637763833983
328,5.710400651580869,11.424865843625128,0.6703946090873387,15.110184244011748,15.110184244011748,15.110184244011748
329,0.5625421634762233,8.842519217901383,0.3799217012343661,3.5553107608417918,3.5553107608417918,3.5553107608417918
330,31.118524763482696,0.42285186788058127,4.744908178163541,43.66657071052822,43.66657071052822,43.66657071052822
331,1.0941582760902406,2.325694168931932,3.172445294270915,6.631145811604313,6.631145811604313,6.631145811604313
332,7.1279856904654935,0.619271434750317,0.0,3.8498676530103353,3.8498676530103353,3.8498676530103353
333,0.48965938661490327,0.0,0.0,2.8348926891051747,2.8348926891051747,2.8348926891051747
334,4.8651421927093566,1.3524157820082223,0.0,2.2507657762313897,2.2507657762313897,2.2507657762313897
335,19.614240580062074,4.08240151518379,1.9033867875725718,0.42289807403125224,0.42289807403125224,0.42289807403125224
336,28.827605383497826,12.804728678537288,34.4824031750764,53.6045646488393,53.6045646488393,53.6045646488393
337,5.570089033912097,1.5939064714660276,24.10776786375098,4.743992739605858,4.743992739605858,4.743992739605858
338,7.345145529411582,0.8745532516191474,1.6477448199211153,0.9130376692102118,0.9130376692102118,0.9130376692102118
339,4.71567571479909,16.4647057665656,1.097788382809938,6.131866916323759,6.131866916323759,6.131866916323759
340,3.371590747778896,2.382732500213365,0.0,0.5592968621900241,0.5592968621900241,0.5592968621900241
341,11.32678499770958,1.6075894566070588,0.0,28.706966346054514,28.706966346054514,28.706966346054514
342,0.6281185260041298,1.255508665753723,8.693298885832746,1.0074774408918756,1.0074774408918756,1.0074774408918756
343,15.146731671890024,16.75859515826363,2.614198170262341,16.669157127414962,16.669157127414962,16.669157127414962
344,4.053952842391311,5.090530782041469,6.627506104837664,0.0,0.0,0.0
345,4.380510989473009,0.43500490469938313,0.43500490469938313,1.7342187228387047,1.7342187228387047,1.7342187228387047
346,10.243068525158492,0.0,2.041362334814437,4.921592029207034,4.921592029207034,4.921592029207034
347,1.2013109051011952,1.1288550399739847,4.907422233580974,3.98573722285704,3.98573722285704,3.98573722285704
348,2.5029309441138707,1.0552574599449827,1.0552574599449827,7.521953255159303,7.521953255159303,7.521953255159303
349,20.727253005726595,34.74305644597365,34.75015733132636,13.93615265504502,13.93615265504502,13.93615265504502
350,2.8513841445798676,6.103663803151392,16.30707811137512,19.545256949068346,19.545256949068346,19.545256949068346
351,2.26002771942575,0.8674590827357065,16.652715591184176,0.5629402020161365,0.5629402020161365,0.5629402020161365
352,6.525984362870304,1.9653008003704713,20.70880103736539,10.490031190410491,10.490031190410491,10.490031190410491
353,1.0397087382874588,0.0,0.0,0.0995747059794212,0.0995747059794212,0.0995747059794212
354,6.735092474436357,1.2771414467088675,1.0854749702757545,4.01804601115208,4.01804601115208,4.01804601115208
355,4.569305856981487,6.2327199295976925,6.2327199295976925,2.0200743064875155,2.0200743064875155,2.0200743064875155
356,9.994445458055537,0.0,6.267102534289222,16.20491147662719,16.20491147662719,16.20491147662719
357,14.517306541537607,1.104197069736415,1.104197069736415,18.51078459658322,18.51078459658322,18.51078459658322
358,10.703980373946365,0.0,5.66153712919629,7.969628207918447,7.969628207918447,7.969628207918447
359,10.175958610216469,0.0,2.6568835084704006,15.761401438479709,15.761401438479709,15.761401438479709
360,4.791433294592252,2.2462901337692074,0.0,3.2197408136699437,3.2197408136699437,3.2197408136699437
361,17.142435145641258,0.0,13.923151205839758,8.231987013016749,8.231987013016749,8.231987013016749
362,33.095976683469615,34.44388963959278,23.101655391646943,28.904800934009103,28.904800934009103,28.904800934009103
363,0.0,0.0,0.0,4.1838024402674705,4.1838024402674705,4.1838024402674705
364,3.351624788498839,0.9901645723818433,1.6774568823989853,6.853600113027369,6.853600113027369,6.853600113027369
365,40.95614779653124,24.97024366810774,26.916506112629975,29.782422875409907,29.782422875409907,29.782422875409907
366,0.7110511365978596,8.562705332400924,1.1827376549593396,1.166927119992522,1.166927119992522,1.166927119992522
367,12.518030669306569,1.3800244057405848,3.1253088111661214,10.118802033524332,10.118802033524332,10.118802033524332
368,3.0895517084051676,1.613949034877919,0.0,2.0404710988437387,2.0404710988437387,2.0404710988437387
369,2.111587213065036,1.0983817821128241,1.0983817821128241,0.8847280835004483,0.8847280835004483,0.8847280835004483
370,4.753345113006674,3.40383546539681,0.0,3.28513777481362,3.28513777481362,3.28513777481362
371,0.7144461394141786,0.04087827324480031,0.0,3.1028205243899265,3.1028205243899265,3.1028205243899265
372,14.41285887631048,9.843298709449527,11.102068294791025,6.854174904608101,6.854174904608101,6.854174904608101
373,4.398818014626045,0.0,0.0,0.0,0.0,0.0
374,5.286361858768203,9.866966554796193,2.0798535058510765,7.143292493819558,7.143292493819558,7.143292493819558
375,33.67186947141309,5.593158371893992,4.274962658083325,32.53927277870335,29.440066918695692,29.440066918695692
376,3.1475574261056067,0.0,0.0,0.0,0.0,0.0
377,0.0,4.100726334577416,9.613230160490218,7.023057790790858,7.023057790790858,7.023057790790858
378,9.485081064243445,8.422890580656826,15.38719605651545,33.974041660606986,33.974041660606986,33.974041660606986
379,1.5582074561268655,4.208273819850206,3.9409621256323817,0.680482226037725,0.680482226037725,0.680482226037725
380,10.987938432185274,0.30743559822502675,0.9607139841675689,1.094246893028867,1.094246893028867,1.094246893028867
381,6.546480810336277,8.601903698405408,10.308232965889886,0.0,0.0,0.0
382,5.879770767811522,0.8132441452779062,0.8132441452779062,5.354833067412358,5.354833067412358,5.354833067412358
383,4.9673325053061035,0.1914959265261018,0.1914959265261018,3.5578439804567097,3.5578439804567097,3.5578439804567097
384,3.3862433467661504,1.0856022057561177,14.672204087763873,0.5426640447816453,0.5426640447816453,0.5426640447816453
385,10.674563895122333,7.043947405324616,12.402235310920616,3.851298505054274,3.851298505054274,3.851298505054274
386,4.3039990945135855,0.0,0.0,5.2353874877387625,5.2353874877387625,5.2353874877387625
387,14.860654338581867,9.901056018085626,9.58481977969393,3.2385062793893553,3.2385062793893553,3.2385062793893553
388,0.0,10.879613750018052,11.027885891618666,0.0,0.0,0.0
389,18.14753128420773,8.751152482970326,19.62304800558661,2.732644599218361,2.732644599218361,2.732644599218361
390,9.270272345123203,6.820207745791777,34.55405827597539,15.824552153260584,15.824552153260584,15.824552153260584
391,0.9404707805186376,6.801853486299308,1.216222941684805,1.8418614775167725,1.8418614775167725,1.8418614775167725
392,2.8284587521930575,0.17762558184159616,0.0,2.8656182035834945,2.8656182035834945,2.8656182035834945
393,7.706105468380201,12.850207138451822,14.356732459640455,0.0,0.0,0.0
394,2.4565947132780366,0.3262024199231064,0.3262024199231064,5.017457358828153,5.017457358828153,5.017457358828153
395,16.873879982816447,1.760417615604979,1.7518972784775428,0.0,0.0,0.0
396,1.6201215734445213,9.524805901133618,6.759046909558322,31.047208659639068,31.047208659639068,31.047208659639068
397,1.9986263156052928,6.263757789362614,12.688737596007059,7.789166303836396,7.789166303836396,7.789166303836396
398,13.010573695747553,0.0,4.435991784299915,10.061662696429721,10.061662696429721,10.061662696429721
399,8.454402217455481,0.0,3.2635575077912904,2.5085904319930705,2.5085904319930705,2.5085904319930705
400,1.3518539670271252,1.2891054692980788,13.196240984931762,7.405818977316017,7.405818977316017,7.405818977316017
401,0.6346168761201625,0.0,13.40313279706362,13.866670924684286,13.866670924684286,13.866670924684286
402,9.206180655263807,0.0,5.589017640158318,6.173043974624761,6.173043974624761,6.173043974624761
403,7.253571977720924,22.72735406200536,9.368714464521702,5.903962906360448,5.903962906360448,5.903962906360448
404,19.887828379326322,2.6963919888476084,2.6963919888476084,18.961777105198962,18.961777105198962,18.961777105198962
405,3.5453101836063468,3.584989868373839,0.8706290187259924,8.948181092976313,8.948181092976313,8.948181092976313
406,15.004485374396722,6.071540915661046,7.771070909711909,11.653951403452993,11.653951403452993,11.653951403452993
407,4.111830214139303,0.0,0.0,2.076214047597574,2.076214047597574,2.076214047597574
408,6.614205417635162,10.590706140908765,16.127035894807022,26.77222916210053,26.77222916210053,26.77222916210053
409,5.9187556818747,3.40604711878251,9.411682798016102,0.0,0.0,0.0
410,5.659208414786804,6.455353996178189,8.604431011914244,12.683362020559969,12.683362020559969,12.683362020559969
411,21.929383576385078,2.3361221509093184,9.93404828571903,18.430553843996563,18.303810811083792,18.303810811083792
412,2.7859204269147995,0.0,11.681699437521672,3.7640406196965728,3.7640406196965728,3.7640406196965728
413,12.487773708386328,0.6340885369215812,12.15584719016988,7.450491269026884,7.450491269026884,7.450491269026884
414,3.672538966074228,0.0,1.0317025378161588,4.545983827578823,4.545983827578823,4.545983827578823
415,12.943202943564955,0.0,10.01212317886683,10.227545568693785,10.227545568693785,10.227545568693785
416,14.177876649222242,0.0,0.0,4.273627054759743,4.273627054759743,4.273627054759743
417,25.515648297125324,10.63337305098645,16.391221648792055,29.596923931741458,29.596923931741458,29.596923931741458
418,2.634720151932811,1.8023047690116414,0.0,3.4217569555437706,3.4217569555437706,3.4217569555437706
419,20.06159522026735,24.0126060076949,30.023254433066597,28.36718928692943,24.404917810356153,24.404917810356153
420,3.027933352547791,1.5286970797402546,1.5286970797402546,6.308006634548406,6.308006634548406,6.308006634548406
421,1.28174098902943,0.0,2.8092093123394193,14.349928604207435,14.349928604207435,14.349928604207435
422,22.66436587789883,5.658948250769527,5.713678902817946,14.526238959140414,14.526238959140414,14.526238959140414
423,0.0,1.3379410846901578,1.3379410846901578,6.646720419866767,6.646720419866767,6.646720419866767
424,2.2840583842222486,14.752720814524992,29.248104715283716,25.467724199431757,25.467724199431757,25.467724199431757
425,2.684531666167288,1.3085157081841317,0.1683031932811332,0.4912661993739107,0.4912661993739107,0.4912661993739107
426,7.740876305872746,0.1881248171590073,2.487259557165146,0.0,0.0,0.0
427,6.6806762659009,3.610903598726054,3.3867849470225337,4.511980471492109,4.511980471492109,4.511980471492109
428,5.379882765589571,7.6060505332324055,0.0,6.948414438166765,6.948414438166765,6.948414438166765
429,25.457480411947586,23.963446279363723,46.209168869277335,13.758470940433142,13.758470940433142,13.758470940433142
430,1.8858107215422137,1.7517867681364123,1.7517867681364123,4.769158017212476,4.769158017212476,4.769158017212476
431,2.823422406746033,0.1651975911981367,6.412505744679493,0.25628768070060914,0.25628768070060914,0.25628768070060914
432,3.297622296953193,0.0,0.0,7.7606097229976285,7.7606097229976285,7.7606097229976285
433,0.0,2.327389706296003,8.268779536306113,8.964608075978504,8.964608075978504,8.964608075978504
434,0.17082747424194622,0.0,0.0,2.7275667523935,2.7275667523935,2.7275667523935
435,1.1849684763943742,6.291545199238044,15.516674240845703,1.8306280047286236,1.8306280047286236,1.8306280047286236
436,4.539604164905029,12.681720524073683,12.419819342545168,12.327494912962322,12.327494912962322,12.327494912962322
437,16.069623622228306,11.173866553680512,25.848892198272438,0.0,0.0,0.0
438,21.588546023534263,4.297826993900571,16.63915299747225,5.789283978289802,3.6862165031627683,3.6862165031627683
439,0.7294864759004724,0.0,18.69653706422787,0.018122020576072373,0.018122020576072373,0.018122020576072373
440,19.850478324970453,0.0,1.640725635956528,11.92259489933005,11.92259489933005,11.92259489933005
441,0.0,0.0,0.0,0.9099234301341994,0.9099234301341994,0.9099234301341994
442,0.3791526312802489,2.109678615472035,1.9744885345832586,5.486135725360555,5.486135725360555,5.486135725360555
443,13.663314990305196,2.4702647664107644,12.109989618507257,12.051181661341843,12.051181661341843,12.051181661341843
444,11.025805919558195,4.8078239197190555,3.7422210610929483,16.24035696297983,16.24035696297983,16.24035696297983
445,6.955912147880667,7.28615021436201,0.0,11.781433672856906,11.781433672856906,11.781433672856906
446,2.2401243221607956,3.719957134596598,0.22459040430720734,1.2564060161334965,1.2564060161334965,1.2564060161334965
447,28.155027175778116,11.948226300983038,26.296097202589465,10.31412088925714,10.31412088925714,10.31412088925714
448,15.897322272897952,1.4210138710305387,2.3436223445262954,12.948493841047423,12.948493841047423,12.948493841047423
449,3.685190710721315,2.492622263924602,2.13366209124149,7.414238253097835,7.414238253097835,7.414238253097835
450,0.73891836960712,4.6986725673029355,0.0,1.568512363142645,1.568512363142645,1.568512363142645
451,2.3243512680562617,0.8075332598444334,0.8075332598444334,0.0,0.0,0.0
452,25.274938532111435,9.065548889878642,0.0,13.491115330352727,13.491115330352727,13.491115330352727
453,29.0256739724299,12.732818027135465,3.2885280107363997,22.619773625564164,22.619773625564164,22.619773625564164
454,2.9464819668930886,0.0,0.0,4.0683806816415995,4.0683806816415995,4.0683806816415995
455,44.12768805444864,7.26880869320496,12.429472969537358,16.16340329734618,16.16340329734618,16.16340329734618
456,3.922517880571206,1.2903114763455505,3.9805965232031895,9.977202340046802,9.977202340046802,9.977202340046802
457,0.8464355274349487,1.137544491916799,0.0,3.5843415468785906,3.5843415468785906,3.5843415468785906
458,3.4402324470898975,0.5253603757920473,0.5253603757920473,0.7521018721695896,0.7521018721695896,0.7521018721695896
459,10.850225272806028,22.193910117853477,27.91805216363531,21.750695363293403,21.750695363293403,21.750695363293403
460,4.457243667345949,0.0,0.0,8.022933508444964,8.022933508444964,8.022933508444964
461,4.327753309487093,9.156968268842661,0.8906409584245125,2.4447564068335055,2.4447564068335055,2.4447564068335055
462,80.84590337755048,4.74140649573269,17.476897165073467,16.55588604838232,16.55588604838232,16.55588604838232
463,3.129648228425367,0.0,0.0,4.315052538420389,4.315052538420389,4.315052538420389
464,5.43290638146334,0.0,0.6225089046575931,5.1637557990359255,5.1637557990359255,5.1637557990359255
465,3.397886003246697,3.8663155009824663,15.243648700309848,1.388078376466808,1.388078376466808,1.388078376466808
466,0.0,8.067867954858286,0.0,10.124737957449383,10.124737957449383,10.124737957449383
467,29.146073361929837,22.955209957697434,25.592292565384184,24.873149517967363,24.873149517967363,24.873149517967363
468,1.1341224022970664,8.41748579199583,6.805800194951701,0.0,0.0,0.0
469,13.493280579410225,12.477818187918047,0.0,7.393676246773737,7.393676246773737,7.393676246773737
470,0.0,5.371696970086248,0.18352798155797245,1.255314005357377,1.255314005357377,1.255314005357377
471,10.53277761936971,20.932518833941515,14.909230417780691,26.58017961884434,26.58017961884434,26.58017961884434
472,3.368465117129915,0.0,0.0,7.331033948297943,7.331033948297943,7.331033948297943
473,15.701311532440542,6.008640955684712,4.7336268450021635,12.08425100957038,12.08425100957038,12.08425100957038
474,2.882556294803976,0.0,5.174957092103796,0.3045338829784896,0.3045338829784896,0.3045338829784896
475,22.229597488991487,20.449356433812568,23.16576692056242,24.437296998861257,24.437296998861257,24.437296998861257
476,22.17019567189101,19.37166620396374,22.734600185410102,27.844158230370738,27.844158230370738,27.844158230370738
477,3.3648699501080728,0.0,0.0,2.5418069347016967,2.5418069347016967,2.5418069347016967
478,4.39597446045974,0.3030383224994466,0.3030383224994466,9.469844394244433,9.469844394244433,9.469844394244433
479,10.205689066677735,1.163534079552278,11.059772717997362,13.790390830859678,13.790390830859678,13.790390830859678
480,11.689716309751248,0.28452212270008204,0.28452212270008204,15.295394163090748,15.295394163090748,15.295394163090748
481,11.164736253250283,0.0,17.522374652379085,16.30027544592889,16.30027544592889,16.30027544592889
482,2.612940035087604,3.5740178348293057,0.0,6.3894095517322285,6.3894095517322285,6.3894095517322285
483,6.349363260347104,3.1878972310088898,10.490986046787953,7.539590274113948,7.539590274113948,7.539590274113948
484,5.640144308028596,0.8934863165474098,0.0,0.0,0.0,0.0
485,11.011918995156464,0.0,0.0,10.660484253030234,10.660484253030234,10.660484253030234
486,4.135937059069022,0.0,25.533909970072273,6.977902781385012,6.977902781385012,6.977902781385012
487,11.291173298497256,8.037554185953752,25.350453796349598,9.536231003042928,9.536231003042928,9.536231003042928
488,21.776371552312014,3.8500004955398595,3.9174475273156872,1.210492474562443,1.210492474562443,1.210492474562443
489,12.988661749285313,0.0,0.6438599427009422,9.625504525674074,9.625504525674074,9.625504525674074
490,3.4394937465223734,1.6159013935156281,0.0,6.833021048049943,6.833021048049943,6.833021048049943
491,32.14295771843595,23.384018694598126,32.46225261290493,64.59444230901673,64.59444230901673,64.59444230901673
492,19.40770060876423,4.961105018817477,9.768843689716618,47.31339440722604,47.31339440722604,47.31339440722604
493,0.7378708262089617,4.654456729359765,4.318159730107425,2.5340150538038415,2.5340150538038415,2.5340150538038415
494,3.143957067665326,0.0,0.0,6.491720701755867,6.491720701755867,6.491720701755867
495,1.3171469383875092,0.6687346925002657,0.6687346925002657,1.5875891490989602,1.5875891490989602,1.5875891490989602
496,1.3450896369042766,10.255518817205996,0.0,3.6065356257538497,3.6065356257538497,3.6065356257538497
497,0.0,0.0,0.0,0.0,0.0,0.0
498,4.017556876739661,14.715091336452986,23.82910594376534,27.868106802465547,27.868106802465547,27.868106802465547
499,5.021419586587172,0.6013375680396962,1.832557612441974,4.93468588032124,4.93468588032124,4.93468588032124
500,8.065723137702548,0.0,0.0,6.11816310114358,6.11816310114358,6.11816310114358
501,13.024673617023097,7.134700165527818,2.074612830257422,6.75772131792786,6.75772131792786,6.75772131792786
502,1.69840593616334,0.0,0.0,0.0,0.0,0.0
503,18.431052139747806,2.6847396204435086,9.844797583928653,7.91311003283522,7.91311003283522,7.91311003283522
504,2.3189262072346537,4.8630097197186615,16.58051169281498,4.652937381079198,4.652937381079198,4.652937381079198
505,3.039777033042583,0.1936003521871612,0.0,3.038974057437997,3.038974057437997,3.038974057437997
506,3.714730632657677,2.1406982761226914,2.1406982761226914,0.25940654691663667,0.25940654691663667,0.25940654691663667
507,3.7136815508830523,1.132656378813067,0.0,2.7670515272311036,2.7670515272311036,2.7670515272311036
508,3.6058794133516585,2.3090126326741256,2.3090126326741256,0.38926264278336475,0.38926264278336475,0.38926264278336475
509,6.990546387124425,3.1110788878116296,1.9543055158427478,2.6863285562580472,2.6863285562580472,2.6863285562580472
510,10.974026026104184,0.0,1.0291290362226846,3.1101255279232305,3.1101255279232305,3.1101255279232305
511,1.7714036877845842,0.0,6.982204551024097,4.232195277549806,4.232195277549806,4.232195277549806
512,4.45607669954461,8.138797041288399,11.711746841834724,17.700804445960443,17.700804445960443,17.700804445960443
513,1.7327004986727275,0.0,0.0,5.098123294669335,5.098123294669335,5.098123294669335
514,15.270390571688779,0.0,8.870044876282293,6.139004087076387,6.139004087076387,6.139004087076387
515,12.526105406994418,1.3415021429772196,16.134426133901997,15.080663178020927,15.080663178020927,15.080663178020927
516,8.170732522347407,0.0,0.0,4.105489792505466,4.105489792505466,4.105489792505466
517,6.7216315826911455,13.983663179912526,16.37165545440979,16.65601525866208,16.65601525866208,16.65601525866208
518,4.248178544831035,1.4616195619579457,7.424233394737939,0.0,0.0,0.0
519,11.485841348157606,4.782603706273335,3.9356272228326077,14.955158645744262,14.955158645744262,14.955158645744262
520,2.6420113834675476,0.0,0.0,0.03894613121514112,0.03894613121514112,0.03894613121514112
521,7.652409668487962,0.0,0.0,16.455948555356485,16.455948555356485,16.455948555356485
522,10.972366995897147,0.0,7.780162570391099,2.443121828735457,2.443121828735457,2.443121828735457
523,4.734501109013706,0.0,0.0,0.19756628563351342,0.19756628563351342,0.19756628563351342
524,15.931556399794204,2.438642075208861,7.336503464972282,18.016639235365233,18.016639235365233,18.016639235365233
525,12.959168801188696,2.3386391220545875,3.255173053919634,10.220747285018433,10.220747285018433,10.220747285018433
526,7.18623130025685,11.925271802547229,9.892786780501126,13.366367400904323,13.366367400904323,13.366367400904323
527,17.435465390997138,20.05079285195876,7.348954015064351,16.455016600815384,16.455016600815384,16.455016600815384
528,16.12533446981928,0.09719237451218987,3.0225430516277925,6.005653273808548,6.005653273808548,6.005653273808548
529,6.69322263892667,0.0,0.0,11.515669551838357,11.515669551838357,11.515669551838357
530,8.976995297179087,0.0,0.0,11.720901538428677,11.720901538428677,11.720901538428677
531,3.7623666729568868,1.2366602422080177,1.2366602422080177,1.0249187129362554,1.0249187129362554,1.0249187129362554
532,6.17003161743844,5.234757230324647,10.113251803019978,4.341943996761302,4.341943996761302,4.341943996761302
533,13.347790313652666,1.9776428353042093,12.171503388628423,13.324921784178457,13.324921784178457,13.324921784178457
534,2.8556513060939324,0.0,5.357853031919319,0.0,0.0,0.0
535,2.789578801802122,1.213171655558483,3.3764773675661104,0.0001485269498289199,0.0001485269498289199,0.0001485269498289199
536,0.8099400963004655,1.0923560158659598,1.0923560158659598,4.994644335890314,4.994644335890314,4.994644335890314
537,0.2831324056365929,0.0,0.0,0.7038863495241685,0.7038863495241685,0.7038863495241685
538,2.3755636972443313,13.779872390743037,10.40735806891513,8.876885635212545,8.876885635212545,8.876885635212545
539,19.670898108512915,3.7533169547461966,4.697730946323816,6.32729674114799,6.32729674114799,6.32729674114799
540,13.844660484413168,10.767123543038338,18.957184504667225,42.9041685012686,42.9041685012686,42.9041685012686
541,2.2355898619578056,7.706256473210601,7.706256473210601,1.7920821539318013,1.7920821539318013,1.7920821539318013
542,1.78680288382742,0.3873174795996306,0.0,0.0,0.0,0.0
543,2.258221254768557,7.860816660717035,0.0,3.3252860458650844,3.3252860458650844,3.3252860458650844
544,18.218774618684336,0.0,10.944444231239856,13.886980003288897,13.886980003288897,13.886980003288897
545,2.2238999562671324,3.3945214523512277,2.314197421093013,2.6463124166186276,2.6463124166186276,2.6463124166186276
546,9.02179650127033,11.32506079921302,12.269182866667848,12.10133093186522,12.10133093186522,12.10133093186522
547,1.985288620013705,18.244548975312455,18.437319300913316,3.646767524648112,3.646767524648112,3.646767524648112
548,0.3242797004975273,0.0,0.0,0.0,0.0,0.0
549,2.3029443460331436,1.2481301399358244,0.9690926567488987,0.0,0.0,0.0
550,1.3188987196905941,0.0,13.55829476668589,24.2407460759855,24.2407460759855,24.2407460759855
551,1.5922719983210527,8.316116016020715,0.0,2.9669296778495777,2.9669296778495777,2.9669296778495777
552,3.2400669901720676,3.5370500048313716,0.6204348171605147,4.486012677771669,4.486012677771669,4.486012677771669
553,6.5291761479873855,9.10972550663854,0.0,5.355982948200278,5.355982948200278,5.355982948200278
554,7.893315644435688,6.855523592391819,8.890042244881045,11.913947868961884,11.913947868961884,11.913947868961884
555,10.613110469750268,1.1274290848244846,15.751082527167512,15.658646272406543,15.658646272406543,15.658646272406543
556,21.468414030437884,26.191118344945664,35.090000299287226,24.195310271530673,24.303142362859376,24.303142362859376
557,13.256362455030967,2.5927596885454705,7.300456298700055,13.376345277190921,13.376345277190921,13.376345277190921
558,21.45649153699668,7.097748854602514,22.735391263520683,17.370739246685844,17.370739246685844,17.370739246685844
559,3.6606514223637987,2.8886040562098856,10.203458638605696,11.087859573791661,11.087859573791661,11.087859573791661
560,0.0,1.1556462637230993,1.1556462637230993,2.5462065108142724,2.5462065108142724,2.5462065108142724
561,14.889859482264967,4.6544780340697685,7.901934296134812,14.221817712610573,14.221817712610573,14.221817712610573
562,15.340776947857421,0.0,0.0,7.4594875149177255,7.4594875149177255,7.4594875149177255
563,34.916165212934516,15.519550443999265,16.083745161725574,30.709476128175538,30.709476128175538,30.709476128175538
564,8.761853600317352,0.0,0.0,2.344501050628253,2.344501050628253,2.344501050628253
565,31.49632993454435,4.492263172369235,5.003934467096258,4.375942586605163,4.375942586605163,4.375942586605163
566,4.70019036034131,15.450294649547857,7.384158914091586,2.5646846566478416,2.5646846566478416,2.5646846566478416
567,2.191406471948028,0.43086039864289205,7.0805427603405064,18.95483706104295,18.95483706104295,18.95483706104295
568,5.110143178426199,1.3109218232925741,4.331359420144963,0.0,0.0,0.0
569,16.144882992756322,18.84451966574983,15.91278088472069,21.42382738753429,21.42382738753429,21.42382738753429
570,4.032914047466647,0.0,1.5872896178250357,15.164849590565836,15.164849590565836,15.164849590565836
571,10.364636307201692,10.021398681984579,8.877397911622325,4.090490969564712,4.090490969564712,4.090490969564712
572,4.437139642167779,7.8006407429028854,13.120775282153318,0.0,0.0,0.0
573,15.429563288620727,11.909874740776615,18.744496647838673,22.763830644464633,22.763830644464633,22.763830644464633
574,2.37917406807685,0.0,0.0,6.958242051996194,6.958242051996194,6.958242051996194
575,1.829939776318895,2.2745519189455194,2.546425722211211,0.0,0.0,0.0
576,0.27138039410260717,6.835987985442159,6.567029444434894,6.822799761216515,6.822799761216515,6.822799761216515
577,24.87117311669897,2.7799051761188593,0.0,15.593169597833707,15.593169597833707,15.593169597833707
578,3.7776270906387595,0.8749375501091095,0.8749375501091095,0.0,0.0,0.0
579,8.870439895944514,8.69281026671814,8.69281026671814,6.01256303275278,6.01256303275278,6.01256303275278
580,4.531547549153174,0.0,0.0,0.0,0.0,0.0
581,13.993297406196746,6.143216727799256,6.295151866737854,14.648440337962313,14.648440337962313,14.648440337962313
582,0.5657725420286397,0.0,10.649506982025116,18.647977969103806,18.647977969103806,18.647977969103806
583,2.715235290851183,3.55832777329573,0.0,2.4845804616404052,2.4845804616404052,2.4845804616404052
584,2.960476235107535,0.0,0.0,0.6607437206766349,0.6607437206766349,0.6607437206766349
585,2.8837549575689536,0.0,0.0,1.2714056869208434,1.2714056869208434,1.2714056869208434
586,6.203116650836876,0.0,0.0,5.584308820763624,5.584308820763624,5.584308820763624
587,4.92704408971656,0.0,3.3314016474390087,9.25578532302302,9.25578532302302,9.25578532302302
588,20.217462153074734,13.772949664350165,7.991835625079489,32.45375654782839,32.45375654782839,32.45375654782839
589,2.193464190984116,1.2523425060647355,1.2523425060647355,0.9278108262888054,0.9278108262888054,0.9278108262888054
590,12.21675901683119,3.684535139913521,5.9536317387708095,9.609020814430778,9.609020814430778,9.609020814430778
591,1.6845742808088175,0.0,6.0372436494594695,0.0,0.0,0.0
592,15.889376922674614,2.822566869327545,4.404817900379783,11.020977907565566,11.020977907565566,11.020977907565566
593,6.3816841525803625,2.3856818589883346,1.0852916903340883,0.2051616751106735,0.2051616751106735,0.2051616751106735
594,3.367908791956154,1.5892665349450112,21.044834681864245,3.3721316990977925,3.3721316990977925,3.3721316990977925
595,0.0,0.0,0.0,2.0410234935829408,2.0410234935829408,2.0410234935829408
596,1.8707163821979975,12.260652390058794,12.654898727783689,13.839973033827732,13.839973033827732,13.839973033827732
597,4.574732578770352,0.0,10.797334021285849,5.19045528855861,5.19045528855861,5.19045528855861
598,70.95975676824696,35.8097561326224,45.62530314453858,54.78282336822372,54.78282336822372,54.78282336822372
599,4.240365864584078,1.286160240464028,0.14362209368903223,3.002319454046301,3.002319454046301,3.002319454046301
600,4.1831969976905725,11.133657059046243,3.16464215603753,38.51891141230095,38.51891141230095,38.51891141230095
601,7.4066295148560926,0.0,1.6071607673277981,23.51574654938605,23.51574654938605,23.51574654938605
602,19.044437983817062,1.2523085836595556,0.0,10.711824561449731,10.711824561449731,10.711824561449731
603,14.998516752715489,7.46111639314239,37.624461436517606,24.75357542967521,24.75357542967521,24.75357542967521
604,3.9546811444686227,0.0,0.0,0.0,0.0,0.0
605,0.0,1.269547955119947,0.0,0.0,0.0,0.0
606,1.8921563891223059,0.21082284326615763,0.21082284326615763,3.9999280154903545,3.9999280154903545,3.9999280154903545
607,25.176863222148313,12.833025363796594,0.7452218086207267,2.0955548011258998,2.0955548011258998,2.0955548011258998
608,15.104360111487154,0.0,0.0,4.431853670708676,4.431853670708676,4.431853670708676
609,0.9668544824373271,2.999564831493899,0.0,2.7450272243643212,2.7450272243643212,2.7450272243643212
610,5.179626438787295,2.782452103536002,2.0906183878897195,1.4912073979359945,0.0,0.0
611,24.065975443666275,3.0958523203493087,19.489929172815835,20.545798311130795,20.545798311130795,20.545798311130795
612,18.811458078472413,23.805172191659665,22.44191632602019,12.437392043566376,12.437392043566376,12.437392043566376
613,17.5302201547658,9.165598293765072,10.073975625045875,24.796783621257305,24.796783621257305,24.796783621257305
614,2.6989190785117785,1.5597554547914,1.2878397671032644,0.06761733933046798,0.06761733933046798,0.06761733933046798
615,1.5564742050962082,1.0727783609962103,0.0,1.0370191990629678,1.0370191990629678,1.0370191990629678
616,17.780762925309034,15.179781891703556,29.652554571322867,17.516561533724655,17.516561533724655,17.516561533724655
617,1.8631088045940487,0.034217709671167995,0.0,3.555395410153835,3.555395410153835,3.555395410153835
618,14.517282280056293,0.7884978824068298,4.696360879421945,11.041237974347155,11.041237974347155,11.041237974347155
619,5.166134474945409,1.926142452044644,3.0553136029653274,4.844958947308555,4.844958947308555,4.844958947308555
620,4.972515906007288,0.0,0.0,8.565056482963087,8.565056482963087,8.565056482963087
621,33.515812038172896,30.253655885388355,38.529141955910404,41.482663375339484,41.482663375339484,41.482663375339484
622,1.9171014609492545,0.5798236565477168,0.5798236565477168,4.91205615006794,4.91205615006794,4.91205615006794
623,3.787698259027536,0.26748332694671717,4.291272705898336,6.018129711415611,6.018129711415611,6.018129711415611
624,18.620629144112286,12.865208343245229,44.072273067087195,46.736594308698216,46.736594308698216,46.736594308698216
625,41.98545926984764,19.9014438801384,31.525252768652763,21.1116251156177,21.1116251156177,21.1116251156177
626,6.722668095427707,0.6754176724379022,23.126746934762025,1.4098865049500091,1.4098865049500091,1.4098865049500091
627,2.29470406414913,0.0,0.0,8.332305919801001,8.332305919801001,8.332305919801001
628,10.368124133430001,7.1208075473907115,0.72283114524555,5.530901361410429,5.530901361410429,5.530901361410429
629,9.254013331860989,12.317812423185899,11.849169603122903,2.0394657720453893,2.0394657720453893,2.0394657720453893
630,0.46610533972895496,7.673489668512332,0.0,0.46610533972895496,0.46610533972895496,0.46610533972895496
631,20.115027104546357,1.2163103056797127,1.057991839101021,0.6385440333297652,0.6385440333297652,0.6385440333297652
632,2.436737527590026,0.0,10.406222047041297,2.686768054344782,2.686768054344782,2.686768054344782
633,15.464234936319514,0.0,17.243223240578914,21.061637305027233,21.061637305027233,21.061637305027233
634,14.244853771825603,0.355293644796177,32.57242304842529,27.003804054119485,27.003804054119485,27.003804054119485
635,3.629301565813421,5.872626791224604,3.5812384287752366,4.218709492981247,4.218709492981247,4.218709492981247
636,3.534804546815252,8.022482445859168,6.025940209525686,4.392257790461173,4.392257790461173,4.392257790461173
637,5.216183792836318,15.379296798405619,1.0842869939389175,2.0624860868334736,2.0624860868334736,2.0624860868334736
638,11.331926655309587,0.3526641917888469,7.895711552505304,8.033353911742893,8.033353911742893,8.033353911742893
639,7.55052506009028,2.489975880431871,6.027914713328016,4.133185669208899,4.133185669208899,4.133185669208899
640,19.16103497987251,16.8774375044419,17.740584270555416,18.288493450154874,18.288493450154874,18.288493450154874
641,3.866032954114985,0.6802265675486296,14.322451786188026,0.0,0.0,0.0
642,28.310631483089765,4.413824755525127,2.5920719819371243,5.707144075061819,5.707144075061819,5.707144075061819
643,3.332260932494137,8.329973693877037,8.964850675939886,2.637466830779033,2.637466830779033,2.637466830779033
644,1.3905170326954135,0.026364424113296536,59.25031110802303,24.63288794703584,24.63288794703584,24.63288794703584
645,10.727194957909603,0.9532808637567314,0.0,6.132193815913297,6.132193815913297,6.132193815913297
646,3.252041478197725,0.5743543751322591,2.368762806540417,9.990668983808348,9.990668983808348,9.990668983808348
647,19.74443793173475,8.974284755486849,1.5678977616239536,0.02897555524202744,0.02897555524202744,0.02897555524202744
648,2.416542104618202,2.0490092734617633,2.0490092734617633,1.6294437222122156,1.6294437222122156,1.6294437222122156
649,18.48801729997524,11.10909638038271,7.843524678727306,75.28517175165604,75.28517175165604,75.28517175165604
650,20.462117687075988,24.910694516934257,33.078752922676244,47.202362949406734,47.202362949406734,47.202362949406734
651,16.93823657566503,19.234218915626172,17.881194530922244,22.380392448554062,22.380392448554062,22.380392448554062
652,0.4708600006519532,0.6182911808065228,0.3806362848800404,1.4234730555637043,1.4234730555637043,1.4234730555637043
653,16.15394875181005,3.1229149680266914,13.100117172567991,26.851052190962946,26.851052190962946,26.851052190962946
654,4.971615783599134,1.2215991513189124,0.0,0.643577169349328,0.643577169349328,0.643577169349328
655,2.663855120346284,8.946939424706898,14.131856336960254,7.410607907234407,7.410607907234407,7.410607907234407
656,5.331181055326567,0.5237015456553422,7.754092401042442,4.506208608674342,4.506208608674342,4.506208608674342
657,9.706952491469167,0.0,0.08658134602075052,11.27760274106032,11.27760274106032,11.27760274106032
658,81.04865105373591,24.433614252722464,38.00858611249305,65.64525111100536,39.408573200819006,39.408573200819006
659,3.2122718456116672,0.0,0.0,2.038369141646001,2.038369141646001,2.038369141646001
660,3.960960564864479,1.998225692035703,1.998225692035703,7.081733077276397,7.081733077276397,7.081733077276397
661,3.4431486532638473,0.0,0.0,2.001903542582852,2.001903542582852,2.001903542582852
662,16.990319201634065,18.471322911038214,39.66927599591355,27.940390982593726,27.940390982593726,27.940390982593726
663,3.0838445528534635,0.0,0.0,5.371926479658555,5.371926479658555,5.371926479658555
664,1.8566154564117028,6.765624321263658,1.4756051739959162,0.0,0.0,0.0
665,14.303638212176054,1.2900443358063285,8.76113606735123,6.518480037734832,6.518480037734832,6.518480037734832
666,5.354204603920152,10.154799276647054,15.55628939272168,0.49829389207138775,0.49829389207138775,0.49829389207138775
667,2.5421663051122323,0.0350876193403451,0.0350876193403451,0.0,0.0,0.0
668,2.0964729349745994,2.5816443627560943,0.9334262769291115,2.499639930661999,2.499639930661999,2.499639930661999
669,0.0,0.0,0.0,2.5426024705406007,2.5426024705406007,2.5426024705406007
670,3.0716053437144524,6.875223394494014,15.362001370141286,0.0,0.0,0.0
671,3.459264110133006,0.989094543740805,8.11381980351581,11.832209676169953,11.832209676169953,11.832209676169953
672,0.6976856548412229,2.0297800514263713,0.5743101961195407,11.740042348129862,11.740042348129862,11.740042348129862
673,3.8138663482608877,0.0,0.0,7.245085776535689,7.245085776535689,7.245085776535689
674,0.0,1.318171125632091,0.0,3.623803086354883,3.623803086354883,3.623803086354883
675,4.3250492369338644,2.2093105572066634,0.0,1.3190940438627763,1.3190940438627763,1.3190940438627763
676,26.00073652526507,8.30106156061612,2.8834757974052536,15.78081096345744,15.78081096345744,15.78081096345744
677,6.355528423536271,6.780402521612416,12.319347399552953,14.956210912104098,14.956210912104098,14.956210912104098
678,23.38209099479235,21.055640348640395,8.170640028129355,32.382536139168906,32.382536139168906,32.382536139168906
679,15.062256542300418,17.98101075060356,3.942783965059732,9.85190176540982,9.85190176540982,9.85190176540982
680,5.944340449586321,8.669345642740439,12.42513263177625,4.035708640392386,4.035708640392386,4.035708640392386
681,3.8026991709387516,0.0,0.0,0.3854928453245634,0.3854928453245634,0.3854928453245634
682,7.247625632493225,0.0,1.5751537141097174,4.748475455175878,3.6264690282960714,3.6264690282960714
683,3.3365848818309587,2.431042661327467,1.5927364489581919,7.721363040816584,7.721363040816584,7.721363040816584
684,3.602936599684938,0.0,0.0,7.409777575496776,7.409777575496776,7.409777575496776
685,68.47665952689817,15.530784234166276,18.13664934235362,51.38371244028042,51.38371244028042,51.38371244028042
686,3.1030346092021546,0.0,0.0,0.40285728161296674,0.40285728161296674,0.40285728161296674
687,3.981917512614814,0.0,0.0,7.099902978146815,7.099902978146815,7.099902978146815
688,17.828904517792182,0.0,0.0,12.573710046232918,12.573710046232918,12.573710046232918
689,16.54578568360506,5.5697111247196744,6.374064221665719,0.0,0.0,0.0
690,0.03194435639829862,4.585349144669522,4.092216418085741,2.9093662314596713,2.9093662314596713,2.9093662314596713
691,0.6673468566655174,1.2170273933368208,1.3496204126384441,1.799525727212199,1.799525727212199,1.799525727212199
692,3.182401755782678,12.868212752793909,2.471281285650889,2.3916552347287734,2.3916552347287734,2.3916552347287734
693,4.074563290415426,8.002140731777843,3.0558109728468708,13.842439003791753,13.842439003791753,13.842439003791753
694,2.1923615963879683,0.0,0.0,3.4977148537265066,3.4977148537265066,3.4977148537265066
695,33.63854621997666,6.344798181442286,17.3832626434251,11.169990683988374,11.169990683988374,11.169990683988374
696,7.588048149718844,0.0,18.432487950746406,7.578463444379281,7.578463444379281,7.578463444379281
697,4.928413730047623,9.22754649889788,9.22754649889788,1.1284723245787518,1.1284723245787518,1.1284723245787518
698,8.884007080367951,15.046328320469115,9.733737730937207,0.48524401623785707,0.48524401623785707,0.48524401623785707
699,19.890346878743316,0.5102005391823354,15.54901330350225,14.833260286151301,14.833260286151301,14.833260286151301
700,32.635290225631366,13.748265508212853,12.316817693832235,27.30506353115473,27.30506353115473,27.30506353115473
701,2.950260287231117,0.0,23.395672575768742,13.263507829408752,13.263507829408752,13.263507829408752
702,9.778661734137756,0.0,0.0,2.904101283803925,2.904101283803925,2.904101283803925
703,4.132121077063857,0.3760748407553365,0.0,6.145716449887686,6.145716449887686,6.145716449887686
704,2.326951720408317,0.7179875171137837,0.7896845493235105,3.4596030479441424,3.4596030479441424,3.4596030479441424
705,3.6849247340832676,0.0,15.608196312325504,7.0769465055767,7.0769465055767,7.0769465055767
706,0.0,5.952678726402155,0.8684135176731616,8.038103476245112,8.038103476245112,8.038103476245112
707,27.96498180072109,1.311910136395511,2.8501739908743957,1.2559421082285098,1.2559421082285098,1.2559421082285098
708,11.672543404473856,1.5964723573111428,5.625040037252404,7.573250264347905,7.573250264347905,7.573250264347905
709,8.527579360674281,8.52786234050484,32.64981217563644,3.842365225823869,3.842365225823869,3.842365225823869
710,5.775789601116003,4.114330104129124,12.137514544630164,9.262268172366248,9.262268172366248,9.262268172366248
711,42.453798668682225,14.390809628697355,18.085475383775645,15.834036819245,15.834036819245,15.834036819245
712,0.0,0.0,11.487353025862262,1.9702591301984853,1.9702591301984853,1.9702591301984853
713,6.327468421173307,9.008018311342255,1.1704857169800107,0.7775457901345817,0.7775457901345817,0.7775457901345817
714,2.3808980686339964,6.641978977049973,21.841091730790367,2.3808980686339964,2.3808980686339964,2.3808980686339964
715,3.2622680013803915,0.0,0.0,2.3638463029280956,2.3638463029280956,2.3638463029280956
716,3.1079098161588377,0.0,0.0,0.905550434889733,0.905550434889733,0.905550434889733
717,1.4925260994493783,1.8526236638962814,3.8797749024757877,0.0,0.0,0.0
718,7.389345466882332,0.5887669616616904,0.5887669616616904,3.64683740780049,3.64683740780049,3.64683740780049
719,18.247910987401212,9.612302651449795,9.520148006662737,23.845322990808768,23.845322990808768,23.845322990808768
720,5.3870799186998966,5.131179073542285,0.5749639869187604,6.874754214968618,6.874754214968618,6.874754214968618
721,22.18601911029964,13.15454588019196,13.866392732591635,10.57140267595679,10.57140267595679,10.57140267595679
722,14.003354640105783,4.829199786043375,0.28461455393198776,6.786356508576944,6.786356508576944,6.786356508576944
723,18.99699014100247,0.0,20.02703185706241,1.9472710655187484,1.9472710655187484,1.9472710655187484
724,4.949331641155368,10.11614842002814,0.40310601233863963,3.9411174725340175,3.9411174725340175,3.9411174725340175
725,1.9670964928639023,0.0,0.0,2.9211331950316435,2.9211331950316435,2.9211331950316435
726,3.5483282014354245,3.7591930974181764,16.15298112233529,4.791908696538314,4.791908696538314,4.791908696538314
727,5.68797768785214,0.0,0.0,1.7951969536234742,1.7951969536234742,1.7951969536234742
728,16.28531033086412,0.0,1.9490877391717163,5.249361526179456,5.249361526179456,5.249361526179456
729,13.842113298385613,13.829048033919548,16.869734931376797,26.991717340157237,26.991717340157237,26.991717340157237
730,0.31235551784840254,0.22774137231846225,3.8073306485513854,1.5822044210636932,1.5822044210636932,1.5822044210636932
731,16.426689036927314,17.76291222802496,18.05667804987769,27.97674585499476,27.97674585499476,27.97674585499476
732,5.303521506383106,2.1266579447400886,1.373212045858736,8.166851803188933,8.166851803188933,8.166851803188933
733,22.467570370362182,1.3205406006471776,0.0,12.417915719029452,12.417915719029452,12.417915719029452
734,0.0,0.0,0.0,0.0,0.0,0.0
735,3.2728550288065605,4.380565747702633,10.800363916776803,21.416416644656067,21.416416644656067,21.416416644656067
736,1.6569288001268205,0.0,0.0,0.0,0.0,0.0
737,5.290617959721601,1.2374603371646344,8.997237896136198,8.52629985097309,8.52629985097309,8.52629985097309
738,19.131982002168286,13.325166917633794,23.601422734146865,17.72003242470521,17.72003242470521,17.72003242470521
739,2.552879713467405,0.0,9.346287436409057,9.092136082811919,9.092136082811919,9.092136082811919
740,4.6998119673441465,0.3873488412648385,1.0388526831492868,11.06397746424551,11.06397746424551,11.06397746424551
741,34.99390728727542,10.740258741393234,15.222726550502955,26.92123497965207,26.92123497965207,26.92123497965207
742,5.709069105248659,6.064713710995079,11.372034691539625,0.0,0.0,0.0
743,27.347029024885217,1.7271862549884531,12.925826315529605,17.43931316635974,17.43931316635974,17.43931316635974
744,13.520225636477193,13.219045295000456,23.46385178632474,15.437107455351907,15.437107455351907,15.437107455351907
745,3.8111518570433986,4.278104894482681,1.3478968822080333,5.680532866502347,5.680532866502347,5.680532866502347
746,2.277306649425384,3.3322074219773867,0.0,0.0,0.0,0.0
747,4.181244717169022,11.303857556673847,4.519216093924001,13.965508872281475,13.965508872281475,13.965508872281475
748,39.64747451466596,11.751376150459066,33.74086538589461,50.053184339592406,50.405057341146005,50.405057341146005
749,4.7952791407531095,0.0,0.0,1.1242338957932247,1.1242338957932247,1.1242338957932247
750,4.7160510282118935,0.0,1.272477753357407,2.1899529903452617,2.1899529903452617,2.1899529903452617
751,26.4001162567223,25.623479005928118,19.317962866548328,21.74059045544476,21.74059045544476,21.74059045544476
752,14.471369557622609,0.0,18.199434941598327,18.686536968859457,18.686536968859457,18.686536968859457
753,0.3148818316781785,6.300826481091235,0.0,6.495082283799661,6.495082283799661,6.495082283799661
754,0.0,0.6905173886262901,16.282034977961757,5.428707441155609,5.428707441155609,5.428707441155609
755,4.496580751829356,0.0,0.0,1.0679244118114184,1.0679244118114184,1.0679244118114184
756,17.294133745525073,4.836478434332037,13.491338288443814,5.110449554529481,5.110449554529481,5.110449554529481
757,10.945594208562767,13.676030891737923,18.206785215538957,8.246877127408709,8.246877127408709,8.246877127408709
758,12.133102377247099,9.100885414996924,9.100885414996924,2.0405505956766774,2.0405505956766774,2.0405505956766774
759,0.4222514130158288,6.835323826321542,8.047701541975016,0.37031549923824514,0.37031549923824514,0.37031549923824514
760,30.452612121280083,12.54802996505805,3.768438242797174,19.933212257501168,19.933212257501168,19.933212257501168
761,80.9583789957953,20.959458674823622,44.84116498171534,54.70264586036785,54.70264586036785,54.70264586036785
762,1.792173720312121,0.8054270375500892,0.8054270375500892,4.200235041218207,4.200235041218207,4.200235041218207
763,5.169411794751795,16.045621127142738,34.26429350218501,3.902259564181975,3.902259564181975,3.902259564181975
764,4.319890522432388,1.8168110249266078,0.71611032243095,9.823065926054653,9.823065926054653,9.823065926054653
765,4.197991500293938,2.8015939991245205,0.0,2.914045005419723,2.914045005419723,2.914045005419723
766,9.621327196042898,0.0,0.0,5.927161860259503,5.927161860259503,5.927161860259503
767,48.25473422714333,11.81554730271506,77.71058466375774,94.45508933622878,94.45508933622878,94.45508933622878
768,13.292859622707851,10.636306630915556,14.415033431668405,0.9965655291088069,0.9965655291088069,0.9965655291088069
769,11.9562980449615,0.0,0.0,3.486174756889227,3.486174756889227,3.486174756889227
770,5.710937971812939,0.0,19.36915663761232,5.4874690658182885,5.4874690658182885,5.4874690658182885
771,7.82683260011504,0.0,0.0,8.420368421564831,8.420368421564831,8.420368421564831
772,1.1578666080345101,0.0,0.0,0.0,0.0,0.0
773,0.0,0.0,1.0574475200181155,0.0,0.0,0.0
774,23.72699316073755,8.959585069722436,0.7759464111243801,1.5954869829594145,1.5954869829594145,1.5954869829594145
775,3.656153092124839,0.0,2.598928167837812,2.0839889882007014,2.0839889882007014,2.0839889882007014
776,1.1316987510086847,0.0,0.0,4.1939749457473,4.1939749457473,4.1939749457473
777,3.1062272333262513,7.568302509083878,0.0,2.844061436284335,2.844061436284335,2.844061436284335
778,20.944027936280918,0.0,10.50771182915554,10.00001530998793,10.00001530998793,10.00001530998793
779,11.197001073045442,20.639078919436713,5.88266460060197,8.951930188980896,8.951930188980896,8.951930188980896
780,6.951800872362071,0.0,0.0,5.995290093606798,5.995290093606798,5.995290093606798
781,12.810942790115007,0.6182914222894738,1.6135286815455743,6.998507639303909,6.998507639303909,6.998507639303909
782,11.450367016423854,1.8022372585177777,1.8022372585177777,8.537128298857056,8.537128298857056,8.537128298857056
783,4.287938215563656,0.0,6.050940568347357,18.476772073437814,18.476772073437814,18.476772073437814
784,11.6803027054695,9.822828178560655,3.3031496723634177,12.5172051054152,12.5172051054152,12.5172051054152
785,13.103087753504724,18.10644083696542,14.630911435826818,17.428032245515396,17.428032245515396,17.428032245515396
786,8.802062412834204,0.26076576034637355,22.99323632428073,16.08893430361161,9.292251196875043,9.292251196875043
787,28.91003281833173,2.830963534065461,4.040654689656833,16.07103168351037,16.07103168351037,16.07103168351037
788,5.012929792910427,0.11040910125433356,21.30048761998347,11.029046098162326,11.029046098162326,11.029046098162326
789,2.882275075371979,0.5994852974639571,6.4068837574400845,5.240596931823177,5.240596931823177,5.240596931823177
790,2.5425700966532645,0.11397286520559646,0.11397286520559646,3.9159441261652432,3.9159441261652432,3.9159441261652432
791,0.0,0.3525609826958771,0.25919555985871057,2.320222129392903,2.320222129392903,2.320222129392903
792,1.7400204761377722,0.0,5.233060497921485,28.68417913730002,28.68417913730002,28.68417913730002
793,1.4263067662850517,6.203673925232124,6.916852119650002,0.0,0.0,0.0
794,4.242079847600905,1.4921032501413265,5.354588827133057,2.01630463529807,2.01630463529807,2.01630463529807
795,6.487999765337634,0.0,0.0,2.886271584656413,2.886271584656413,2.886271584656413
796,5.2522018305922415,8.10041448090783,6.413947350782053,1.0330830005096914,1.0330830005096914,1.0330830005096914
797,0.21951306671036264,0.0,1.5766332108159986,3.887865806652144,3.887865806652144,3.887865806652144
798,29.94305142971507,24.07943321042842,42.84665844887326,31.719132149711072,31.719132149711072,31.719132149711072
799,4.706396131309987,7.88612383256492,7.88612383256492,1.0891936257113457,1.0891936257113457,1.0891936257113457
800,7.654033201640914,1.121101806581521,11.331117428813457,15.75874960393105,15.75874960393105,15.75874960393105
801,21.141813229222635,12.034057011558161,0.0,6.0857474645943626,6.0857474645943626,6.0857474645943626
802,15.498017639976467,11.47688470772556,11.47688470772556,14.92961638333486,14.92961638333486,14.92961638333486
803,1.3629734583970503,10.08727047990942,6.317394037132772,10.709365709681322,10.709365709681322,10.709365709681322
804,5.087960642437167,9.270238312805589,0.0,5.595807509535348,5.595807509535348,5.595807509535348
805,29.432488686127897,5.527156686159628,35.14508789947675,22.887584683394806,22.887584683394806,22.887584683394806
806,32.606462981834994,0.0,20.261441574621273,22.29141963188772,10.673513581618522,10.673513581618522
807,14.72239869146182,0.0,12.986204505780904,11.5297157360786,11.5297157360786,11.5297157360786
808,20.284463247013434,10.300434710961724,2.1371205445391865,3.1217280104106635,3.1217280104106635,3.1217280104106635
809,5.532981343973802,0.0,0.0,11.313406901619715,11.313406901619715,11.313406901619715
810,12.574150582964705,6.245843867756832,2.2297198472926993,11.311305743967523,11.311305743967523,11.311305743967523
811,21.754762901423334,0.0,19.40323833950083,12.361252397429098,12.361252397429098,12.361252397429098
812,11.037792037295986,0.6512885153814523,9.396503565611454,16.933117868715186,16.933117868715186,16.933117868715186
813,4.846492060443296,0.0,3.2204349903007596,5.517583879139096,5.517583879139096,5.517583879139096
814,32.047300767982506,5.509002186006171,11.205148852447962,17.129594116974317,17.129594116974317,17.129594116974317
815,37.1746499241446,33.35460870507643,43.073317635487854,49.17342611505694,49.17342611505694,49.17342611505694
816,5.571917953192155,16.739084042067077,0.0,4.300722313143126,4.300722313143126,4.300722313143126
817,3.791907007641157,9.030761494092417,36.636430919486884,32.09603877789226,32.09603877789226,32.09603877789226
818,11.138381421842212,3.303352325179219,1.8814870902149892,11.696114039643192,11.696114039643192,11.696114039643192
819,5.784230310352342,0.0,0.0,0.12850719507781605,0.12850719507781605,0.12850719507781605
820,25.361372407301303,0.18053202402813895,13.859041395658835,7.427460726874472,7.427460726874472,7.427460726874472
821,9.054212774742439,0.7881013308001457,8.83157162153583,0.22706925517445598,0.22706925517445598,0.22706925517445598
822,9.053580546679655,9.400924339752805,0.0,1.9175147080015904,1.9175147080015904,1.9175147080015904
823,14.56911253528554,24.297926835788076,47.403479547519396,19.527407962404,19.527407962404,19.527407962404
824,16.432949806739998,15.037507335949272,8.079065104508118,13.020859991053044,13.020859991053044,13.020859991053044
825,1.9540405456735925,0.0,1.2523005691679145,0.6610524945637621,0.6610524945637621,0.6610524945637621
826,3.509202296891999,1.7437376109676848,0.0,2.891119558091532,2.891119558091532,2.891119558091532
827,3.6113532642926316,10.855672896998442,0.7648923496411157,3.300003276133168,3.300003276133168,3.300003276133168
828,2.5350743947565775,0.0,0.5379170306507604,4.011292296047202,4.011292296047202,4.011292296047202
829,3.612196838652494,0.0,12.107553198982714,4.226724078552138,4.226724078552138,4.226724078552138
830,2.464142623822795,7.350986288762726,0.0,2.3497261694097915,2.3497261694097915,2.3497261694097915
831,42.48009045532541,30.226566345155106,36.59974478398527,37.3696513581541,37.3696513581541,37.3696513581541
832,2.3363045539636573,0.0,4.361328714467675,6.1039988805737835,6.1039988805737835,6.1039988805737835
833,16.895653755357444,9.905410452175033,17.098713475268596,11.704094988080726,11.704094988080726,11.704094988080726
834,10.791938262106044,0.0,0.0,10.589205998493924,10.589205998493924,10.589205998493924
835,6.695032323336562,11.257693737742045,11.754633723946597,11.283900511094743,11.283900511094743,11.283900511094743
836,11.776920483114225,3.101060996766421,10.11288419771455,12.739677581983358,12.739677581983358,12.739677581983358
837,8.115385022034843,0.0,0.0,3.622065465802393,3.622065465802393,3.622065465802393
838,14.042620362663115,5.677802929022334,3.907524681541304,12.349070999952971,12.349070999952971,12.349070999952971
839,0.5944527465486544,0.7801107389583422,1.1760792223743692,10.666697469985024,10.666697469985024,10.666697469985024
840,8.266755184746103,0.4141737376040169,0.0,6.320309187334942,6.320309187334942,6.320309187334942
841,0.0,1.5484835730268287,1.5194142717681984,6.102478143828137,6.102478143828137,6.102478143828137
842,0.0,0.0,0.0,0.0,0.0,0.0
843,0.8179749165551584,2.1687442391767036,5.891301034799085,5.962516154092896,5.962516154092896,5.962516154092896
844,1.817972359681164,2.4064239265367746,0.0,1.1242723431483341,1.1242723431483341,1.1242723431483341
845,27.041052518159802,12.41616376202495,9.998087497210918,21.10905036073251,21.10905036073251,21.10905036073251
846,25.853901757058736,1.7174658908474498,10.986521629199558,16.325692223985413,16.325692223985413,16.325692223985413
847,2.335291008848344,0.0,0.0,1.970777288104614,1.970777288104614,1.970777288104614
848,3.879219191232579,7.500237832627192,0.0,9.765273756813514,9.765273756813514,9.765273756813514
849,4.863504348059507,0.0,6.264947163001864,3.9738146553349907,3.9738146553349907,3.9738146553349907
850,1.4198999291669452,2.8652867262019868,0.0,7.191408167869724,7.191408167869724,7.191408167869724
851,8.449199482907261,1.4501653814907058,3.0654776509866224,3.3292715076363493,3.3292715076363493,3.3292715076363493
852,14.107161621471079,12.404569555860917,23.05682369692022,15.260607600032642,15.260607600032642,15.260607600032642
853,3.03733107505127,3.14923492900175,1.6987420298227676,1.1659867353767481,1.1659867353767481,1.1659867353767481
854,37.276452982468754,25.042843425252272,18.991960994973113,20.70170288502493,20.70170288502493,20.70170288502493
855,7.410383948544052,4.706360284774689,11.855664240183842,21.51227771576515,21.51227771576515,21.51227771576515
856,7.8687183984574744,7.9201412351380895,7.738592595258979,6.009768616050678,6.009768616050678,6.009768616050678
857,9.845107686189294,21.619162699043443,67.98934795652022,17.417139059642693,16.819625147851525,16.819625147851525
858,17.73432841116761,1.1850009612068106,2.8575282720310042,22.208060067508654,22.208060067508654,22.208060067508654
859,3.9466147988383398,0.0,0.923308135433814,4.293218867088427,4.293218867088427,4.293218867088427
860,4.79463475692188,9.998349867827756,20.48776327752472,10.77437616624826,10.77437616624826,10.77437616624826
861,2.1432842108555974,7.736130986132821,1.600289375222701,0.0,0.0,0.0
862,3.01468238108896,0.0,4.046308714086081,3.9922406473302203,3.9922406473302203,3.9922406473302203
863,4.248375467356539,0.7541304710568966,3.2941331585510625,9.67319298724857,9.67319298724857,9.67319298724857
864,23.423072468616567,1.5065848111374294,0.184973123209204,14.861418749288703,14.861418749288703,14.861418749288703
865,4.405907143751051,0.696377108766967,7.584827410710602,11.796607567480748,11.796607567480748,11.796607567480748
866,27.51041635430471,14.827106466117584,22.50059298045295,27.877143186283377,27.877143186283377,27.877143186283377
867,4.619880782170924,3.093854084001066,4.466041531075803,15.070689201530115,15.070689201530115,15.070689201530115
868,0.0,0.0,0.0,4.48969334932292,4.48969334932292,4.48969334932292
869,4.200030731259403,5.645104944052264,3.674687411117077,10.52897022803188,10.52897022803188,10.52897022803188
870,2.9870365930306093,0.0,0.0,3.5819392028049037,3.5819392028049037,3.5819392028049037
871,5.007163853906661,6.5931471794733625,13.66922998016355,6.510229151773046,6.510229151773046,6.510229151773046
872,31.958561495629453,6.066588222683947,31.829509519419076,32.814001588977135,32.814001588977135,32.814001588977135
873,13.887822160982523,12.147691563259968,17.360426768560558,12.382558382067543,12.382558382067543,12.382558382067543
874,16.18599839794618,3.5733430791352703,6.404816009541435,6.4423744564687695,6.4423744564687695,6.4423744564687695
875,5.9661832626923115,0.18182903054611188,29.026728897001618,10.352697935006745,10.352697935006745,10.352697935006745
876,18.90668607606949,9.496799475330306,19.206198735443536,23.89055733371299,23.89055733371299,23.89055733371299
877,6.97749763322895,0.0,13.435901408862662,2.843857695150291,2.843857695150291,2.843857695150291
878,0.0,0.3350312680119032,0.3350312680119032,1.9076438890618306,1.9076438890618306,1.9076438890618306
879,0.0,1.4648156586115988,0.9243109687561173,0.0,0.0,0.0
880,0.0,0.0,0.0,7.383582533306708,7.383582533306708,7.383582533306708
881,6.59458928314632,1.2470210398531094,37.1596404101403,9.666903202634558,9.666903202634558,9.666903202634558
882,13.738677703528936,6.504090583453262,8.206637930873342,5.267107395903963,5.267107395903963,5.267107395903963
883,1.9846524139842359,3.7243281978097684,32.79205901378967,12.977974415855385,12.977974415855385,12.977974415855385
884,1.021176566096642,5.67312620356978,6.124681806699982,5.31810571142131,5.31810571142131,5.31810571142131
885,17.13263638832933,2.9548745475634064,2.929156650494974,3.1924237912562603,3.1924237912562603,3.1924237912562603
886,2.9575806992160665,0.0,0.0,0.9785996427205532,0.9785996427205532,0.9785996427205532
887,8.821796979387614,0.0,0.0,10.478351507640525,10.478351507640525,10.478351507640525
888,2.232593125197752,0.0,0.0,3.6096986755005958,3.6096986755005958,3.6096986755005958
889,14.301804787097694,0.0,0.0,19.44831337954554,19.44831337954554,19.44831337954554
890,5.2056350234603315,0.0,2.142079385623049,4.509281856276573,4.509281856276573,4.509281856276573
891,5.506645106746134,4.929743760155134,1.0538427397718806,8.536739433569323,8.536739433569323,8.536739433569323
892,8.032404904841997,8.187351402622141,0.0,9.58046136361952,9.58046136361952,9.58046136361952
893,4.926295787605881,14.59214226857847,41.62853443980748,26.508057568854895,17.616637518711627,17.616637518711627
894,2.500808642044433,0.14193404410730182,0.14193404410730182,3.287702615692581,3.287702615692581,3.287702615692581
895,3.9873023344198373,8.277671845395957,0.5832296067137008,4.288522780042342,4.288522780042342,4.288522780042342
896,5.695339953378493,0.0,0.0,1.2649420793492823,1.2649420793492823,1.2649420793492823
897,8.898374740221556,7.936293765475227,9.085617036860924,2.588309350720408,2.588309350720408,2.588309350720408
898,4.541714745788681,0.0,7.291487099589119,18.213536926217728,18.213536926217728,18.213536926217728
899,7.303928625606943,1.542686261862798,5.70504033972577,8.501562748322499,8.501562748322499,8.501562748322499
900,1.8991626902235907,0.0,5.147511364474269,0.0,0.0,0.0
901,4.405760705669763,0.0,1.6363207913522047,5.981106228493331,5.981106228493331,5.981106228493331
902,8.813713057745304,17.14065612544283,0.0,11.693251936084152,11.693251936084152,11.693251936084152
903,0.25456164899770783,1.3061784685281737,0.0,0.0,0.0,0.0
904,5.339438201263988,0.029067609718310905,0.2586286190455098,3.061096190178489,3.061096190178489,3.061096190178489
905,0.7562723582763056,5.449601571252231,5.7786188053696605,6.747849305937507,6.747849305937507,6.747849305937507
906,9.065318461896425,6.5817313356064915,6.784001353438953,34.348056051137235,34.348056051137235,34.348056051137235
907,7.7803907418570475,12.684626259894003,23.824531391418844,3.28290074774344,3.28290074774344,3.28290074774344
908,11.411982339008603,4.392844269027023,3.5912438817001657,17.317337018718717,17.317337018718717,17.317337018718717
909,5.998309716635276,0.07988758575953625,6.474049917351124,2.647487263025994,2.647487263025994,2.647487263025994
910,6.685341550404473,4.0494036189012945,13.434364376240865,7.297335399268661,7.297335399268661,7.297335399268661
911,11.106305462801288,10.659291617093743,32.93832215766719,20.75176476752972,20.75176476752972,20.75176476752972
912,7.849862573273043,0.0,24.491651537930636,17.304290748733195,17.304290748733195,17.304290748733195
913,1.694481231659779,0.1422826571934479,0.1422826571934479,5.139950230998863,5.139950230998863,5.139950230998863
914,5.979022804993917,0.0,0.0,7.456025506267224,7.456025506267224,7.456025506267224
915,13.3724052911179,3.289428309639902,0.0,11.6234576516282,11.6234576516282,11.6234576516282
916,5.763912460214783,0.2621904325848732,2.4021636403379034,2.926406484565632,2.926406484565632,2.926406484565632
917,5.835513367531291,2.20758823957118,1.4951550209931384,10.827829833238752,10.827829833238752,10.827829833238752
918,36.06920985199514,1.8880568199189156,6.940446868565573,17.53940470116339,17.53940470116339,17.53940470116339
919,2.7243227351536916,0.0,0.0,0.7940865108350295,0.7940865108350295,0.7940865108350295
920,5.233775826967644,10.683463141925529,0.0,2.906488779146514,2.906488779146514,2.906488779146514
921,2.476151967299529,0.6320008324885862,1.7886777748610143,2.7049114783051778,2.7049114783051778,2.7049114783051778
922,3.982698264652754,27.89476398283665,11.776831239061664,2.2280871878004973,2.2280871878004973,2.2280871878004973
923,32.54018017413074,11.8717023213174,14.286650965027604,27.28263093242623,27.28263093242623,27.28263093242623
924,8.168103007640184,5.17408660225459,1.5466640302925043,7.421541740882162,7.421541740882162,7.421541740882162
925,32.17625388300826,8.083023164968324,6.375671430881198,22.186333297300564,22.186333297300564,22.186333297300564
926,3.513060697658659,0.0,0.0,2.5954550909167438,2.5954550909167438,2.5954550909167438
927,5.2099883373371085,0.0,0.0,7.127969659513269,7.127969659513269,7.127969659513269
928,3.0459469323408825,0.5638134390609935,0.0,0.0,0.0,0.0
929,25.911842319017808,3.346234284521472,1.2309376775480132,22.721325100248805,22.721325100248805,22.721325100248805
930,0.0,1.595877310913238,2.479307601621997,0.0887931328646232,0.0887931328646232,0.0887931328646232
931,16.525075328090452,0.6425261417595607,9.418169738813617,0.37348615070169444,0.37348615070169444,0.37348615070169444
932,8.015645968356012,4.603826198164086,2.201943017448798,8.4453995477445,8.4453995477445,8.4453995477445
933,2.98339713831308,0.6770815680289957,1.539726663418321,4.620289074817549,4.620289074817549,4.620289074817549
934,45.805370287919345,21.374146721051147,12.365034406259213,29.17048245926884,29.17048245926884,29.17048245926884
935,17.873208088135186,0.0,3.1348861756582664,16.733283146466533,16.733283146466533,16.733283146466533
936,0.0,1.82110678999112,1.82110678999112,0.0,0.0,0.0
937,59.655515640973704,31.46722754146117,34.29609842959729,35.536146784783114,35.536146784783114,35.536146784783114
938,7.574019557167219,5.070705764518721,0.0,14.048877681887006,14.048877681887006,14.048877681887006
939,3.1434888129999194,4.593005478075611,2.5496155204114643,5.70930060649448,5.70930060649448,5.70930060649448
940,3.368486838425156,0.0,15.810001174452964,1.1824278871661704,1.1824278871661704,1.1824278871661704
941,2.816799777749452,0.0,0.0,0.0,0.0,0.0
942,8.59108964869813,13.904096700106379,10.011437636578137,14.559671048048529,14.559671048048529,14.559671048048529
943,3.2502533595003342,0.0,9.213288410841926,3.739433097975109,3.739433097975109,3.739433097975109
944,1.1936542758202222,1.5733024101067485,1.5733024101067485,0.7710505329304169,0.7710505329304169,0.7710505329304169
945,7.999594535666802,0.0,0.6723294224589722,4.087284866408254,4.087284866408254,4.087284866408254
946,0.0,2.070258726937425,2.070258726937425,1.3687576669236705,1.3687576669236705,1.3687576669236705
947,11.826492805366115,0.0,0.0,4.990720100254123,4.990720100254123,4.990720100254123
948,2.462136272839473,0.00303708553889237,0.00303708553889237,0.6097503201141308,0.6097503201141308,0.6097503201141308
949,23.08610953133791,5.443478404162704,10.893421978638685,24.287596173557176,24.287596173557176,24.287596173557176
950,2.9654877579166055,0.0,0.0,3.4845914828681543,3.4845914828681543,3.4845914828681543
951,36.662563024775295,14.896226329985666,37.113588188701044,39.50969490271956,39.50969490271956,39.50969490271956
952,0.3201815968964752,1.4786364817200592,4.13758836729852,0.29205775682618196,0.29205775682618196,0.29205775682618196
953,1.455070501768887,0.0,0.0,3.4800946195117604,3.4800946195117604,3.4800946195117604
954,23.241824522358343,7.001586859242423,7.078323175515152,8.655661560833153,8.655661560833153,8.655661560833153
955,9.238181391559863,12.848700508763955,0.0,7.5110200755663925,7.5110200755663925,7.5110200755663925
956,1.5951684240413897,4.748615707448948,29.548073671475407,3.1645065470014515,3.1645065470014515,3.1645065470014515
957,6.773503578684938,13.244796146071394,3.3894942484195667,6.773503578684938,6.773503578684938,6.773503578684938
958,4.610370651706887,0.8798087645826058,3.35207782127452,3.7211202208873146,3.7211202208873146,3.7211202208873146
959,11.642514793631392,0.4798422958184574,21.38923685308538,29.38167237828179,29.38167237828179,29.38167237828179
960,3.8238994844338094,2.0147680705151174,2.408207115038948,3.283676990052072,3.283676990052072,3.283676990052072
961,13.89910118588989,2.434180972773788,10.132873587358006,1.2265323257518617,1.2265323257518617,1.2265323257518617
962,4.710919179424764,2.0407898883781854,2.7006105440664214,4.6002214350442046,4.6002214350442046,4.6002214350442046
963,7.166424577209398,1.7296149714170497,2.4395410507826227,5.57293911411216,5.57293911411216,5.57293911411216
964,36.94690124618688,29.864744206187538,23.728951110391733,24.49431997376678,24.49431997376678,24.49431997376678
965,7.473467939482987,1.253921916898662,5.818637223272958,18.2579282512761,18.2579282512761,18.2579282512761
966,13.963312868654612,5.513605403464396,9.427980928970328,0.48090598237433824,0.48090598237433824,0.48090598237433824
967,8.81776568187297,3.2549911138064545,11.41883258893688,11.70872293658067,11.70872293658067,11.70872293658067
968,1.740090765360435,0.3326488228187259,0.38460224312410674,4.806685679494592,4.806685679494592,4.806685679494592
969,0.0,0.27251108012836767,0.7582467784046685,1.3356063361698602,1.3356063361698602,1.3356063361698602
970,0.9016533114549361,0.07181374300699872,0.6531424651668658,1.4165789732812755,1.4165789732812755,1.4165789732812755
971,4.8912386418030565,10.815148052591212,7.221492289500816,15.57278845279717,15.57278845279717,15.57278845279717
972,6.457645643946194,5.968288094336799,5.968288094336799,1.7387734043023215,1.7387734043023215,1.7387734043023215
973,2.1492028591175654,0.0,0.0,0.0,0.0,0.0
974,79.74105215318951,28.34596718429384,39.927363699910984,57.61499887751012,57.61499887751012,57.61499887751012
975,3.15161219167436,0.0,0.0,6.646929971091538,6.646929971091538,6.646929971091538
976,8.891867849291373,0.0,0.0,2.6178983183904165,2.6178983183904165,2.6178983183904165
977,6.860419651774009,0.0,5.260348187800275,6.447953233188798,6.447953233188798,6.447953233188798
978,12.294275055623814,1.2011977362749917,11.672305871801655,10.875049668420104,10.875049668420104,10.875049668420104
979,4.989307705958424,0.0,13.091688463923504,1.7972081336472456,1.7972081336472456,1.7972081336472456
980,0.40076752344538136,0.0,0.0,4.095019766340272,4.095019766340272,4.095019766340272
981,4.269940405011937,3.765965558746302,1.9051302205998581,3.627073904033182,3.627073904033182,3.627073904033182
982,6.183342705001905,4.844153521871476,20.324955310199243,24.39643580349434,18.832685316010355,18.832685316010355
983,1.5727686987060565,0.0,14.672111624944534,6.49479057353733,6.49479057353733,6.49479057353733
984,31.95493241703616,18.815953547394088,18.522037814978546,39.893414602483006,39.893414602483006,39.893414602483006
985,5.750349566565205,2.9209505837035863,9.133439150959362,7.1423023340224745,7.1423023340224745,7.1423023340224745
986,0.0,0.0,0.0,3.5077773021263283,3.5077773021263283,3.5077773021263283
987,2.9596783291579527,1.4619248387268726,0.0,4.379915479672718,4.379915479672718,4.379915479672718
988,2.2997814626218656,0.49363286517336746,2.670894012566066,2.3151339687418613,2.3151339687418613,2.3151339687418613
989,3.4540899350027416,0.0,0.0,21.705957311175894,21.705957311175894,21.705957311175894
990,1.8340157974406566,0.38520230167750924,44.414053121797394,9.072132612335736,9.072132612335736,9.072132612335736
991,14.575830099721088,15.78567400308475,50.205119313786156,16.47369427680576,16.47369427680576,16.47369427680576
992,46.829840056932596,0.0,37.736966987285996,34.110559437489144,34.110559437489144,34.110559437489144
993,7.940445793532149,10.270787290030967,28.736794366615925,13.028917588193622,13.028917588193622,13.028917588193622
994,1.937375107071091,1.4967054477402257,4.696383020522603,4.738085271519765,4.738085271519765,4.738085271519765
995,13.942046464118476,0.0,11.443964017542442,21.837663291511575,21.837663291511575,21.837663291511575
996,8.942985395072185,1.2038503976844481,1.2038503976844481,5.026520135732028,5.026520135732028,5.026520135732028
997,1.4973907780887998,0.0,0.0,4.462721989616057,4.462721989616057,4.462721989616057
998,51.797211282796866,24.813616672896046,41.108806383386366,50.53127040311165,50.53127040311165,50.53127040311165
999,2.0376452340289575,0.1077424922617638,19.622783826002433,7.517894277791413,7.517894277791413,7.517894277791413
