scenario_id,eta_0p00__OR-Tools,eta_0p00__ALNS-Mean,eta_0p00__ALNS-CVaR,eta_0p35__OR-Tools,eta_0p35__ALNS-Mean,eta_0p35__ALNS-CVaR,eta_0p70__OR-Tools,eta_0p70__ALNS-Mean,eta_0p70__ALNS-CVaR
0,0.6925858105882412,0.0,0.0,3.588500761729904,0.0,0.0,0.4608608161272514,0.0,0.0
1,5.70201389365468,0.0,0.23396675412556078,8.210645341272311,4.606061357804492,0.0,56.514824964480255,4.733375865590233,4.733375865590233
2,0.0,0.0,0.0,2.6626072705674346,0.0,7.738973095003189,0.0,0.0,0.0
3,68.63636680586501,15.42071411069415,9.122322573115923,52.48141537004065,27.680672378918075,0.0,36.61554393376855,0.0,0.0
4,0.0,0.0,0.0,0.0,0.0,0.0,0.0,0.0,0.0
5,7.222782751260752,0.0,0.20168001568464433,47.735872141286364,0.0,0.0,7.343103586701176,0.0,0.0
6,0.0,0.0,0.43601311266041876,8.858846242294987,0.0,0.0,0.0,0.08028980065353153,0.08028980065353153
7,1.9957210510876848,0.0,0.13106574010294025,0.0,0.0,0.0,0.0,0.3200072046761875,0.3200072046761875
8,16.71413042133321,0.0,0.0,18.122398056974077,0.0,0.0,15.827676809992624,0.14606323153969925,0.14606323153969925
9,5.909517933137863,0.0,0.0,16.553123799155543,0.07150106704688142,0.0,19.83654215455053,0.0,0.0
10,55.54111788801134,0.0,1.8372104262338098,32.943748105152906,0.0,0.0,72.54572387793402,15.359972234718981,0.0
11,1.009979084911663,1.009979084911663,0.0,0.0,0.0,0.0,0.0,0.0,0.0
12,5.867844582379064,0.0,0.06632052472980376,0.0,2.4017135427987455,0.0,0.0,0.0,0.0
13,0.19522391962780716,0.19522391962780716,0.0,0.9826938694774583,0.0,0.0,1.6636087512412416,0.0,0.0
14,23.220151507751524,0.0,3.0527662234241006,6.82611068766775,0.0,0.0,8.542583428326225,0.0,0.0
15,3.018038111303099,0.0,1.7839825045965654,0.0,0.0,0.0,16.161564648443147,6.688377824878387,6.688377824878387
16,2.434433965180631,0.0,0.21594690983988585,4.187024734490279,0.0,8.23024071916987,5.15693614749199,13.437597881093097,8.769495674011722
17,0.0,0.0,0.24456194391666486,1.878793597152935,1.4253967890233525,0.0,15.387970046329144,0.0,0.0
18,0.0,0.0,0.0,0.0,0.0,0.0,0.0,0.0,0.0
19,14.609103675721315,0.0,0.45756025244008924,23.19092299480596,4.799852573885971,0.0,14.470815016371972,0.0,0.0
20,4.416923934234518,0.5343100887264143,1.2638456933099746,1.6457647041870302,0.5343100887264143,0.0,1.6457647041870302,0.0,0.0
21,3.267111108570248,0.0,0.0,3.097701628350592,0.0,0.0,9.711887681302017,0.0,0.0
22,15.577137894118692,3.6618334566264252,0.0,22.97011372287551,4.002017246948753,12.32017585381206,9.291145535813683,0.0,0.0
23,18.099405526175502,0.0,0.0,16.233754595958914,0.0,0.0,16.233754595958914,0.11050367508033787,0.11050367508033787
24,5.1248367215063695,0.0,0.0,5.123465844748409,0.0,0.0,18.401055244887857,0.0,0.0
25,2.7245853991945808,0.3927669973935224,0.0,10.946080117508131,0.789286780324403,7.053196641202362,2.4115275960179474,0.0,0.0
26,31.428522236820896,0.2906947355154159,0.0,9.771538877500262,0.0,0.1338518257040846,3.7655640570207254,0.0,0.0
27,3.9643119091152244,0.0,0.4311529320206091,9.837817623997978,0.0,0.0,2.369945185096242,0.0,0.0
28,1.376266704629785,0.0,0.0,0.0,0.0,0.0,0.0,0.7197350356873926,0.7197350356873926
29,5.20791040525458,0.0,0.0,4.787106916192471,0.0,0.0,4.787106916192471,0.0,0.0
30,21.331555501956956,9.166953302707839,6.060698888637205,12.637037808720038,0.0,0.0,11.35497698806347,0.0,0.0
31,0.0,0.0,0.0,0.0,0.0,0.0,9.611187365247218,0.0,0.0
32,14.910397675302221,9.952380133828768,3.02293480626048,0.09593619946275567,0.0,0.8728064504405495,15.081469057096683,8.260824832760875,8.260824832760875
33,1.6127221875452165,0.0,1.8901853809165914,40.52560634432331,0.0,0.0,9.776380714608734,0.0,0.0
34,9.382328270977268,9.382328270977268,2.71704343219605,9.660110461665369,6.121685751602939,0.0,5.91148236675042,0.3083388537181122,0.3083388537181122
35,48.35690912007408,35.320251386451105,17.93652086126707,60.908347376163704,56.107741812375366,8.091638512234596,11.646759023539119,4.753322066147916,4.753322066147916
36,0.31116695449100007,0.0,0.2837118398459211,6.866022998814998,0.0,0.0,0.31116695449100007,0.0,0.0
37,18.461424334490147,0.0,0.2335799545452346,24.801976425273182,0.0,8.615698442174391,5.900091554150151,0.0,0.0
38,0.8490538345193386,0.0,0.0,0.0,0.0,0.0,52.497122974487354,16.91519888403252,21.442587547307255
39,8.6704383050878,0.0,0.01896849871457107,15.61568224476548,0.5740041463238583,5.946651961483326,0.9604392688942198,0.0,0.0
40,22.30145762114907,13.596166523422227,5.826320478874379,4.078965301558412,0.0,1.9558304971025677,82.098824561925,6.164766654858084,0.5016357955421995
41,20.499918325997413,0.0,0.2897798558468594,29.505218363196633,0.0,0.0,37.83040803596438,0.0,0.0
42,19.635655156531044,0.0,0.0,16.625895746157823,8.343672681316718,0.0,0.4181500956569266,0.0,0.0
43,16.227913802603126,0.0,0.0,14.203348640940646,0.0,0.0,12.143716475329228,0.0,0.0
44,0.15444342385654863,0.0,0.0,0.0,0.0,0.0,10.440571146477765,0.0,0.0
45,16.44300295178644,0.0,0.0,11.950729343610249,0.0,0.0,12.012877296949426,13.765300878275525,13.765300878275525
46,4.9148253552793335,0.0,0.0,16.429261360228054,0.0,0.0,49.71006022974723,8.769714394713105,10.317329083475386
47,14.9129442097923,0.0,0.0,33.348192386817885,2.2636783179349322,2.7802689442813744,21.334976529192858,8.165289149369556,3.2677452101370363
48,27.662166686836684,0.0,0.0,20.04043635331672,0.0,0.0,20.04043635331672,0.0,0.0
49,25.211757501469975,0.0,0.4912870995428307,21.652071947948883,6.912922748213646,17.711246140721755,15.851092942182959,0.0,0.0
50,9.5688710154744,0.0,0.0780271855586534,12.854278771148984,0.0,0.0,8.510509461192783,0.0,0.0
51,48.500831634037894,48.500831634037894,16.597986138542808,42.49493218912053,26.619643354720182,0.0,23.11106756436817,0.0,0.0
52,5.486874949778837,0.0,3.599600102214538,1.1334674103144948,0.0,0.0,0.0,0.0,0.0
53,39.352018733863645,0.0,2.516558385382382,19.699679525339405,0.0,0.0,19.699679525339434,0.0,0.0
54,17.334767509379674,0.0,0.0,17.911296991982567,0.0,0.0,15.106099572878378,0.0,0.0
55,54.52925284227538,32.19569372084706,4.605386227476686,59.37123119794671,58.514064719206175,0.0,330.18874065536806,40.261107929515845,0.0
56,9.860573046381404,0.0,4.413861207408104,2.1853912536658413,0.0,0.0,2.1566411694171848,0.0,0.0
57,0.0,0.0,0.0,48.8562402067482,47.524100843859685,13.323000335729944,4.54356098579575,10.192319351364262,0.0
58,0.0,0.0,0.0,0.0,0.0,2.46433202319281,0.0,0.0,0.0
59,1.6500692260524943,0.0,2.178613331557159,1.0234081205240955,0.0,0.0,0.0,1.0539862621000111,1.0539862621000111
60,4.765290405367608,0.09937701002002086,0.0,1.9569390540139295,0.0,0.0,1.1906041822442432,0.0,0.0
61,58.48838741971096,0.0,2.5736588692113855,23.027364134289655,0.0,0.0,18.848017966033865,0.0,0.0
62,26.93938492982673,0.0,0.0,34.76852707049176,7.424154177402841,0.0,41.07982383639404,0.0,0.0
63,15.859882423535481,0.0,2.5062055904820113,17.464235076434477,2.9733201334793478,3.3744479731484205,34.23836984094754,0.7539997905777227,0.7539997905777227
64,18.753767133292996,18.753767133292996,12.04829824994863,5.0109620023222305,5.0109620023222305,4.7004837227584915,10.02948448399934,3.6034396300869957,3.6034396300869957
65,1.8166165051969472,0.0,0.9477046702027678,6.3034523691186735,4.65578762493638,0.0,65.20762203220875,6.085465406273471,0.0
66,0.0,0.0,0.21410403263342914,5.337068249921373,5.337068249921373,5.364849845611104,34.47454073661521,10.164553208431357,68.53000788859009
67,7.890868929113822,0.0,0.0,10.214651235627116,0.0,15.60492423240106,78.78039763229216,0.0,0.0
68,6.026556793522758,0.0,0.0,5.414997816333113,0.0,0.0,5.750752391982559,0.0,0.0
69,17.698308176361678,6.526156872595379,6.741116633593407,8.244871631696384,3.6135910230621846,4.646542163101685,34.47503319370642,0.0,0.0
70,20.902295152658326,18.72492117582371,5.499550025246293,15.389014903421867,13.21164092658725,0.0,15.389014903421867,0.0,0.0
71,3.467546125173442,0.0,0.0,3.464260922295722,9.66912097872364,0.0,38.230815597083364,6.922325325942239,6.858324690023267
72,0.0,0.0,0.0,23.454655553401665,9.363795347904755,0.0,38.27472159691547,0.0,0.0
73,12.112608362634035,0.0,3.9557696749581623,13.781626137003656,0.0,0.0,6.611105935603547,0.0,0.0
74,14.379120763627213,0.0,2.274506635138181,10.564666325655168,0.0,0.0,19.718839988332576,0.0,0.0
75,18.202965456601248,0.0,0.0,10.360888858738889,0.0,0.0,1.0487938237214394,0.0,0.0
76,12.68914176414873,0.0,0.0,5.597289880894493,0.0,0.0,5.597289880894493,0.0,0.0
77,0.5891757911090849,0.0,0.0,0.0,0.0,0.0,8.777755746700706,0.0,0.0
78,0.0,0.0,0.0,0.0,0.0,5.188270252196787,1.530499512952872,0.0,0.0
79,28.128713615430883,18.062133066097232,7.4219401197273385,4.804565339611912,2.7838375849585475,0.0,10.089696064232243,2.6399580195096632,3.912775683770491
80,9.893229492090342,6.726589626034638,2.8010215708798682,37.59154828546329,8.107053181939477,0.0,14.837552914054982,0.0,0.0
81,0.0,0.0,0.0,0.0,0.0,0.0,0.0,0.0,0.0
82,8.912207298340064,0.0,0.0,0.0,0.0,2.666990007017233,11.130905706229726,0.0,0.0
83,3.2653584640630697,0.0,0.0,1.6356470141789146,0.0,0.0,1.8010928479051245,0.0,0.0
84,37.39129143357272,8.065562437662152,1.5872775120520544,45.283806772537446,18.739434628113685,5.6140066280146925,72.83748996430029,4.707824486976818,10.704154484774165
85,2.5108013526714785,0.0,0.5264600316423866,1.9191936873722568,0.2679774523250842,0.0,1.6232710443931637,0.0,0.0
86,21.041292179080642,8.431445502874965,0.3026997931948472,45.79482455962176,2.1719451128661547,4.2548191288450425,118.05206610986147,0.0,0.0
87,3.456536689470056,0.0,0.0,3.4546435571643883,0.0,0.0,3.45441610407903,0.3975838811536505,0.0
88,18.842938399093015,0.0,0.0,17.95034223896252,0.0,1.4939252550004767,6.914335069461657,0.0,0.0
89,28.147073931703233,0.0,3.079803886200523,20.855504382248853,0.0,0.0,20.855504382248853,0.0,0.0
90,14.214374660225047,14.214374660225047,2.619301360820373,0.0,0.0,0.7260908617615769,4.359589391975703,0.29480362045256925,0.29480362045256925
91,19.833465693650083,0.0,0.0,5.579765701670851,1.2545189536659223,0.0,33.528143002158856,4.820533078624123,9.996915156551694
92,0.14352208145356826,0.0,1.8592259679606968,0.0,0.0,0.0,0.0,0.0,0.0
93,2.200365094161782,0.0,0.11446873204670283,2.833165542611596,0.0,0.12256896354500668,30.708001510281747,0.0,0.0
94,2.7128339881547276,0.0,2.072350337253397,21.866027314316398,3.2915996787502877,0.619479946377794,0.969651946073725,0.0,0.0
95,15.742521513087581,0.0,0.25051741542165473,14.1549522424433,0.0,0.0,16.20384187930756,0.0,0.0
96,0.0,0.0,0.0,0.0,0.0,0.0,16.14403011048239,0.5350827995841883,1.6123835211181188
97,10.32208432619501,0.0,0.0,2.9523162548495065,0.0,0.0,2.9523162548495065,0.0,0.0
98,7.352919021915341,0.0,1.2258634423012609,11.228125528907327,1.8230393406003316,1.8230393406003316,7.35118843969579,0.0,0.0
99,28.966098777270247,0.0,3.9711958397255103,27.989848974452826,0.0,0.0,24.947786235544214,0.0,0.0
100,14.237234296114849,0.0,0.5361570831872768,13.242125961034446,0.0,14.046077191746349,10.297661760050744,0.0,0.0
101,1.7271111898965614,0.0,0.0,0.0,0.0,1.427314979399597,0.0,0.0,0.0
102,6.951805482942007,0.0,0.15218731274933361,1.814303276106557,0.0,0.0,1.0579175737128708,0.0,0.0
103,6.50379356829464,0.0,0.0,4.231858571690822,0.0,0.0,3.980504288719402,0.0,0.0
104,17.678968938860095,7.118743313003762,0.2511892332058778,17.145061371949453,12.928307056153358,36.13950378926566,76.64780960177293,2.56295877487932,3.84442421026003
105,28.53234528579239,0.0,0.0,28.425157536136282,0.0,3.6631246288834802,20.0354367262737,7.07355849209813,7.07355849209813
106,6.188274307799361,0.0,0.0,16.957337105291856,4.3969044705422675,0.0,20.41455935235902,0.0,0.0
107,20.400881725301588,8.426205638433004,0.0,56.66600500929934,0.0,6.330476399413925,25.920824447776965,6.1330402066109855,6.1330402066109855
108,0.0,0.0,0.0,0.0,0.0,0.0,0.0,5.047976329141903,0.0
109,0.0,0.0,0.0,0.21959923501628964,0.21959923501628964,0.0,3.978068849194756,0.06710104058726074,0.06710104058726074
110,0.0,0.0,6.031626328088123,10.896551937595888,0.0,2.0953758908469524,21.10478300919098,5.1331533062800645,1.9661145584595658
111,0.9130775181702688,0.0,0.1324132327727625,2.0627534952195106,0.0,0.7612671773150907,0.0,0.0,0.0
112,25.274639874210806,0.0,0.0,18.39978672017341,0.0,0.0,20.448773837876246,0.0,0.0
113,3.86461771685984,0.0,0.0,0.02460347563697951,0.0,0.0,0.27530449126862777,0.0,0.0
114,22.44497267230696,8.723987017535194,3.3280188472015197,6.86193798008091,0.0,0.2640350441255066,23.915049971847054,0.0,0.0
115,5.018460700027106,0.0,0.0,6.274411701585905,0.0,0.0,0.09810922227410401,0.0,0.0
116,7.311767989080437,0.0,17.457129480286994,29.17446696928846,0.4949778103551239,0.0,21.726587248254162,0.0,0.0
117,71.04921474075229,11.964204773316936,13.082835380859052,28.577407465114078,4.119198785267912,0.0,21.36450378262586,0.0,0.0
118,0.14552379824911554,0.0,0.0,0.0,0.0,0.0,0.0,0.0,0.0
119,7.725457276317968,0.0,0.730909785639426,5.307945420397516,0.0,0.0,50.42488852106075,7.491983435731072,43.36345385072036
120,28.899527208654604,8.056187309950559,2.7208825074740446,19.788450999961384,4.298993982658885,5.575320578692441,87.62218151241711,10.033719212466622,10.033719212466622
121,6.094891679621497,0.0,0.0,3.738201665753337,0.0,0.0,61.508531817889065,0.0,0.0
122,0.0,2.975735790019314,0.36557149761577534,9.709469317523087,4.536459237110819,0.0,33.02988487486593,0.1262633180155035,0.1262633180155035
123,12.958038757608705,0.0,0.0,14.088595260322734,0.0,0.5278120987837269,6.970507354710975,0.0,0.0
124,9.674123499733952,4.923119196798041,7.132929317639196,5.113119949575406,0.9403264479778954,0.6393885469903466,4.354402355947144,0.11075674256164803,0.11075674256164803
125,3.7332186229878914,0.0,0.0,0.0,0.0,0.0,0.0,0.0,0.0
126,10.693873880403316,0.0,0.5035524372056557,18.322339854913082,0.0,0.0,7.954195714340358,0.0,0.0
127,2.5349013592515064,0.0,0.0,0.0,0.0,0.0,0.0,0.0,0.0
128,6.925222112036778,1.5132007774906526,1.1051700983743729,12.08729782497096,2.2190195234755947,1.0651820787305724,29.993876270101964,0.0,5.206557285955938
129,24.009497899642895,14.437329850297061,3.7074642358649044,31.310275526126475,2.781243642771045,1.46870127540015,10.465686315712816,0.0,0.0
130,0.369769286592998,0.0,0.0,6.6362205674630275,0.0,0.0,0.3473693062780683,0.0,0.0
131,13.543770751371284,4.363687027371611,5.719905931271654,21.750136974879865,5.727959627383882,0.0,9.933734786843786,0.0,0.0
132,11.727715301434841,0.0,0.2715173477375572,0.0,0.0,1.587440558854155,5.755067362551813,0.0,0.0
133,12.261152062900521,2.596372844941328,0.16092441777294653,10.307654084227408,0.0,0.0,27.434612495074276,0.0,0.0
134,0.0,0.0,0.6879139411487927,0.0,0.0,0.0,0.0,0.20899198377588846,0.20899198377588846
135,40.821767142686866,0.0,0.0,21.68775754094355,0.0,0.0,50.62433578493801,0.9410007629686277,8.119850683798518
136,2.4143883214393895,0.0,0.0,37.42900662156649,19.380167911868455,0.12097552709377624,72.80697571778796,13.151968737080892,5.485986047139903
137,6.248214652457818,0.0,0.0,2.9285818779242163,0.0,0.0,9.419632764624708,1.094326502639774,3.4445420871798262
138,10.678303917388888,9.497091580431714,3.1750420840812126,3.0220190388359924,3.0220190388359924,0.0,8.820982059539688,13.040745167968822,0.0
139,0.0,0.0,0.0,0.0,0.0,9.68650131531706,13.217915508048577,11.009105198781356,5.026479417525792
140,0.0,0.0,5.40644885566843,1.9514724963075878,1.9514724963075878,1.9177578367865635,0.0,0.0,0.0
141,2.978159467740767,0.0,1.398556755618074,2.4624010543631414,0.0,0.0,22.516038704416303,0.0,0.0
142,7.903021951122497,0.0,0.0,12.144625165707453,9.276269411356935,0.0,22.426206014218764,0.0,0.0
143,0.0,0.0,4.951207329779095,0.9187636627107736,0.9187636627107736,0.5043783806912359,15.46335889353466,0.0,0.0
144,20.135548304477766,0.0,4.119542667859548,26.781443752211572,0.0,0.0,27.646435073600912,0.0,8.122930910279479
145,52.14163588595821,0.0,1.4006943165812515,31.87730735608656,0.0,0.0,17.644822455547825,0.0,0.0
146,20.91386935653776,0.0,0.621130370668368,35.04581567080393,0.0,0.0,0.0,0.0,0.0
147,23.17722678339061,0.0,0.14044020848285754,32.60412995860597,0.0,0.0,22.84476758552563,0.0,0.0
148,6.105193582057609,0.0,0.0,0.7293818287589886,0.0,0.0,13.008290218918688,0.0,3.0692680127845335
149,8.568658655607038,0.0,0.0,6.154099502714104,0.0,0.8622570140819334,8.139043100326973,0.0,6.729151106016417
150,0.9917729723113098,0.9917729723113098,8.056103006558885,2.5628437136349476,0.0,1.5939895497284056,0.0,0.0,0.0
151,0.0,0.0,0.03320008422332421,0.0,0.0,0.0,1.4264773073226706,0.0,0.0
152,0.0,0.0,0.41998243774838784,0.0,0.0,0.0,0.0,0.0,0.0
153,11.767698005424535,0.0,0.0,6.599677187402989,0.0,0.0,5.039470703182843,0.0,0.0
154,7.063061926769166,0.0,0.0,6.391579876299147,0.0,0.0,6.4427771083805965,0.0,0.0
155,14.37078298114875,0.0,1.6519633016762896,26.674736518132164,0.0,0.0,14.524891625459475,0.0,0.0
156,1.630021169168856,1.630021169168856,0.04658812511513588,55.73778246882054,55.73778246882054,0.4934242513548668,9.447530712954915,0.0,0.0
157,1.660449230983886,0.39148771012673933,0.0,15.84877866676868,0.0,0.0,1.3826444761896255,0.0,0.0
158,28.307299725566452,24.281583978520587,29.42011683299569,9.496599490554019,2.5617501867326666,5.432282797395374,82.96704872237447,7.659452950702047,0.0
159,15.824665457108381,6.350447317519382,11.680574406822188,40.696407267017065,0.0,0.0,7.499000560910787,0.0,0.0
160,16.4102169195437,3.3888070630752054,0.7477850705253104,4.428295794861526,4.428295794861526,2.6660828610454246,14.501016768148304,0.0,12.515643205185427
161,19.54452502574935,0.0,0.014556147898190375,19.54452502574935,0.0,0.0,19.54452502574935,0.0,0.0
162,27.501101839906084,0.0,0.8592399307399319,25.49132056807838,0.0,0.0,23.50193872687902,0.0,0.0
163,1.9524147903390485,0.0,0.5637268585553556,0.0,0.0,0.0,0.0,0.0,0.0
164,13.516354590601821,0.0,0.13163455853066353,10.814873460650233,1.2289608243287944,0.0,15.328863489078657,0.0,0.0
165,3.408165859966772,0.9367867471509328,0.0,4.169444358641783,3.5875360237426435,4.195640484793159,0.0,0.07615561495771317,0.07615561495771317
166,8.604143850169919,8.321539528535823,4.685546732083168,7.977858408878916,6.826138735247952,0.0,5.6330030238933375,0.0,0.0
167,5.619635919958142,0.0,1.211891336184351,4.7811951252009806,0.0,0.0,0.4895299888298723,0.0,0.0
168,14.120845907430322,3.50227512101398,5.290648743320787,20.928464579156326,5.86036694739866,1.4589210426128716,15.883211025052532,0.22604549175798638,0.22604549175798638
169,0.0,0.0,0.0,4.0533207639577995,4.0533207639577995,9.102981455922787,1.0924943530308155,0.0,0.0
170,7.314036645175634,0.0,0.6626891118738172,44.77458603754522,0.0,0.0,5.517673380144373,0.0,0.0
171,32.11177584075878,25.38601630390164,15.1096039965378,4.098549103848256,1.6759353715685847,0.0,2.554015957184191,0.0,0.0
172,7.729073341144783,6.373648794229268,0.5642297964986085,10.816084602555947,1.4979734452178093,2.64026970678691,0.5510837868808949,1.7030918530711858,0.0
173,4.496379598140834,1.8429989928857822,0.0,4.959513642268689,4.852842381964365,0.0,162.7569347164935,0.0,0.0
174,17.89387075619544,0.0,0.0,11.646181273961446,0.0,0.0,93.89519879595613,0.0,0.0
175,10.951102201243742,0.0,2.460472929470427,11.39861089188119,0.0,0.0,8.507461399098617,0.0,12.410835653613844
176,17.791770040920852,9.746231212864984,5.69401765310468,4.772706124464037,0.0,0.0,41.045039834127095,0.0,0.0
177,0.3016465648186113,0.0,0.0,0.5902536410942218,0.0,1.200856761484829,0.3016465647841642,0.0,0.0
178,13.072850045680468,0.0,0.6643183626514997,23.593937476783907,0.20821009894706322,0.0,16.256920968353,0.0,0.0
179,0.3991464449850355,0.0,2.028711374593513,0.0,0.0,9.783673509957623,2.0961287161312043,0.0,0.0
180,9.165321606270993,5.808295730767185,1.5081271752457326,5.345875790066032,1.8500065085620747,0.0,23.876633746318475,0.0,0.0
181,7.369075396120081,0.5667102572800786,0.0,1.2090062304359321,0.0,0.0,1.1930234393843762,0.0,0.0
182,5.329233423654387,0.0,0.0,22.352658623098165,7.97476014742827,0.5746713683434166,9.955653019273853,0.0,0.0
183,24.804250610210232,0.0,0.0,12.71795191233997,0.0,0.0,61.97246409309375,0.0,60.846806396589386
184,2.6693753887298044,0.0,0.0,1.0079824535782222,0.0,0.23141567376987382,0.0,4.514364754489378,2.1344589058164445
185,0.3088761878307764,0.0,0.0,0.3088761878307764,0.0,0.0,0.3088761878307764,0.0,0.0
186,0.0,0.0,1.2520871414773183,0.0,0.0,0.0,0.0,12.45483426533383,2.1744475683422024
187,2.5875290198130756,0.0,0.5568467774344867,6.9683042673188424,0.0,0.0,6.28685318324878,0.0,0.0
188,0.7343386071868281,0.0,3.3812403418021404,1.7563863022132296,0.0,0.0,0.0,0.0,0.0
189,3.933815437108194,0.0,0.7972816959634201,0.2651344700262257,0.0,0.0,0.7846426527364656,0.0,0.0
190,1.3351188547232482,0.0,0.22390756796505684,3.340601648383199,3.340601648383199,0.0,21.727242379199936,1.152956330029184,0.0
191,7.94829452483512,0.0,0.5166774032626904,25.715743674296277,21.41786537868822,11.108751991622256,21.054389194459446,0.0,7.9902097065077555
192,0.0,0.0,0.0,3.869278136445274,0.0,0.0,0.0,0.0,0.0
193,41.51037747230751,11.152530399106467,3.3495989578676983,60.25594893207628,45.56402753999495,4.308926693945011,23.21855860606766,0.0,0.0
194,7.5574926389860195,2.8768403480548557,1.9977570947280583,11.673581384596105,1.8754216799516712,0.0,89.35546164165956,0.0,0.0
195,16.70782297928949,0.0,0.12479863795493884,9.026360920079611,0.0,0.0,18.452333331973023,0.0,0.0
196,11.305395762796621,0.0,0.0,4.4904970787969205,0.0,1.1583516493438424,4.4904970787969205,0.18482487633730216,0.18482487633730216
197,55.180785015803394,0.0,2.0800391160884146,25.754590083418293,0.0,0.0,19.775805015972196,0.0,0.0
198,74.40087295737044,1.446275865848662,7.022350464972533,21.536153873073772,2.8143172928322144,2.544963247923164,37.396988236194574,0.0,0.0
199,4.565698511084008,0.0,2.9668127732826974,17.868644463178555,16.640810740795814,0.6078140211066625,4.183747624524642,0.0,0.0
200,26.203889103020003,0.0,0.5836386017629991,17.851367498831337,0.0,0.0,15.928295613886547,0.0,0.0
201,10.921421259698008,1.5087617209018447,7.6307652191382545,10.023903377228237,2.35269998286617,0.0,1.2224843786472945,0.0,0.0
202,39.489431386645975,0.0,0.0,12.787728841888622,0.0,0.0,26.7327245409638,8.546254862587688,7.172984135072966
203,4.512677317777758,3.4342176986427546,0.0,2.2413788511713904,0.7517807917835455,0.0,1.078459292859634,0.0,0.0
204,26.085171742387217,12.072533635651581,3.283371827224869,42.268535283791266,0.0,0.0,13.714369356141788,0.5827695947363623,0.5827695947363623
205,13.18266647722848,0.0,0.09116474600983793,13.065748354754135,0.0,0.0,31.67330487482431,0.0,0.0
206,7.628838942834051,0.0,0.0,26.043871829104063,0.0,4.484927363988959,10.820077300282975,0.0,0.0
207,30.782789927506627,0.0,0.25656146762577237,10.420971399136448,0.0,0.0,3.9359766989721265,5.50698738753772,5.50698738753772
208,10.187229214267916,0.9529461972522881,0.11149422873666026,28.597094781505206,25.632044003738997,0.0,15.423258344786262,9.858743652104664,0.0
209,27.666413089220555,8.244114606289827,2.872140518689207,31.36680610825755,2.7965025835877952,0.0,15.489467497212843,0.0,0.0
210,28.14908552371267,6.380978117256859,4.80604201633011,22.207690716912538,0.0,0.0,51.044030189218574,0.16982144035671354,0.16982144035671354
211,3.905074037902267,0.0,0.0,18.49286281553941,0.0,0.0,25.100136307235175,0.0,6.28719494866931
212,12.896925238531907,0.0,0.0,10.046419279938846,0.0,0.0,4.82075047402472,0.0,0.0
213,0.0,0.0,0.5755667107538329,77.06491179732916,77.06491179732916,0.0,12.332454330829137,5.6318525378124775,0.0
214,10.18737068833903,0.0,0.0,0.0,0.0,0.0,103.67161772623982,19.742463122447447,3.5104044613651695
215,4.621276650618739,3.4407517543588995,0.0,16.306059777829233,11.722244521356288,12.359062968828596,6.510359758306947,0.0,0.0
216,17.937147869795552,0.0,0.0,31.188231343892568,0.0,0.0,59.925890563423366,1.4024297089687252,0.0
217,8.694305432990177,0.0,0.0,13.36275295991041,0.1922549655770922,10.794798315591379,22.66722935974954,0.0,0.0
218,18.036302366124858,2.2097823773953564,2.3595275490343113,15.87911127910425,0.0,0.0,3.623449727702109,0.0,0.0
219,4.337182813889314,0.0,0.0,4.329986621190557,0.0,0.0,4.329986621190557,0.0,0.0
220,4.22822196205891,0.0,0.0,4.609766288163684,0.0,0.24115069896032537,16.98042088030371,0.0,0.0
221,8.72194687740415,0.0,0.8225052295584874,7.175500240254024,0.0,0.515073232981905,7.134907496819665,0.0,0.0
222,12.3915345779848,0.0,0.6846456753076495,5.300938905025049,0.0,0.0,5.115016155766597,0.0,0.0
223,9.50084899804392,0.0,0.0,8.95444535705596,0.0,0.0,8.95444535705596,0.0,0.0
224,2.1178417916690933,0.0,1.5168953256481927,0.37926543398276635,0.0,8.017117874402572,3.712307552480013,0.0,0.0
225,0.0,0.0,3.8078765069690235,0.0,0.0,0.0,15.431598976196256,1.5338304799648483,5.770849973206708
226,24.959704213268424,6.513020860943385,0.0,14.436633573456561,3.696462602172147,0.0,14.657282221996468,0.0,0.0
227,31.462564858101075,12.823814822060228,6.219210208552283,30.471515054682754,7.809960871326069,0.0,39.78095165945615,5.924635377705442,5.924635377705442
228,15.85429446016488,12.816417726604271,12.587192658718351,1.7168604311837612,0.0,0.0,4.902835462538064,0.42907573695919154,0.42907573695919154
229,5.764616258516185,0.0,0.33501538553917953,25.325408171614214,0.0,0.0,36.94327521688598,0.0,0.0
230,9.41595066753976,0.0,0.0,17.730117646027367,0.0,0.0,65.80830869562655,0.0,0.0
231,9.308406116802814,0.0,0.0,2.5154018090608474,0.0,0.0,10.726770153304358,0.0,0.0
232,18.560871335653218,0.0,0.0,20.411410391817753,9.437432032790127,1.2629239427577943,13.089404868476919,0.0,0.0
233,0.0,8.449253498111432,0.0,0.0,0.0,0.0,0.0,0.0,0.0
234,10.980515132576784,0.0,0.1896659551183575,5.6812595008007065,0.0,0.0,5.6812595008007065,0.0,0.0
235,6.5135039392151555,0.0,0.07863272013526057,8.244211563149406,3.064659659099334,5.820093994950071,1.4007265309451213,0.0,0.0
236,19.275184718056437,0.9069059692816666,0.0,37.27185216823452,0.3468454514582504,0.0,18.440895131577207,0.6358122073763184,0.6358122073763184
237,51.4311153772245,0.0,2.502112747006038,29.190723382624213,0.0,2.9776833697858365,38.87210703203007,0.0,0.0
238,9.398005482518727,3.940782087187131,5.81180400869718,27.422086304544933,12.70838088375774,0.054805921364675214,70.25611774492464,0.0,0.0
239,1.197168741310179,1.197168741310179,2.360024545548697,0.0,0.0,0.0,0.42067849679483516,2.93685468740523,2.93685468740523
240,0.0,0.0,0.0,0.0,0.0,0.0,0.0,0.02317268543777118,0.02317268543777118
241,7.502036591551189,0.0,0.059621485489742554,12.167566503476593,0.0,0.0,6.322549719013864,0.0,0.0
242,31.344804271462635,7.956920405101471,1.9719750212219083,23.4271673655621,0.5463381664905853,0.0,15.078028455904501,0.0,0.0
243,29.149499313786777,1.321327427537426,0.0,6.837801291797746,0.7441902233730104,0.0,6.092398746991449,0.0,0.0
244,26.88715614298289,0.2953564727680771,0.0,0.0,0.0,0.0,0.0,0.0,0.0
245,5.661852654095412,0.0,0.24111678045400708,7.685488921747236,0.0,5.175219417014262,21.995004690193582,0.0,6.870468895710616
246,73.27644988592547,0.0,7.344379348517805,29.051599682660026,0.0,1.2066107580811831,72.55428584586508,0.0,0.0
247,1.3234570935885017,0.8413863045975916,0.07473904695791589,0.0,0.0,0.0,0.0,0.4483979778771072,0.4483979778771072
248,20.446026173678547,0.0,0.09702043952353279,14.83484355162642,0.0,3.3268268348815297,15.905885913709056,0.0,0.0
249,4.898115217472338,2.9364473249994205,0.079006128787114,11.250444510313514,0.0,5.069552346150033,0.26775055294356775,0.0,0.0
250,14.407093119509398,2.6080946880668705,0.0,16.208581853866605,2.9062966303003464,7.53300663469571,13.514251174791099,0.0,0.0
251,10.695772767377349,0.0,2.7485719479848,15.068789161494948,0.7084158618710319,0.7084158618710319,1.1040572236524895,0.0,0.0
252,5.799768773631342,1.845487843162914,0.0,39.41531525098631,0.0,0.0,5.802505965352822,0.0,0.0
253,7.500321113306626,0.0,0.0,6.049319596647564,0.0,0.0,6.048730213438233,0.0,0.0
254,37.08498680689689,8.632048536766035,7.035902080500904,19.41938654844361,0.0,0.0,13.157598916880914,0.0,0.0
255,40.68501975022656,1.3678112781423408,0.04829030039542204,21.030135708494328,3.799344849708831,0.0,12.404878766437832,0.0,0.0
256,7.766353604568849,2.3044933395884755,1.8726293109366168,9.62532522833439,0.0,0.0,4.850123537482688,0.027218670640536402,0.027218670640536402
257,19.41348157384232,0.0,0.21673847309068606,24.34634667989468,0.0,0.0,43.564687793913464,5.679095504643726,0.0
258,12.753454638554473,0.0,0.0,15.9024784282999,0.0,0.0,12.584043552911169,0.0,0.0
259,17.297364171041863,5.44594878832595,2.300118457151342,26.68372250460061,5.066668086715964,0.0,12.753120124188797,0.0,0.0
260,6.3386658715566,0.0,1.9528163703051291,28.394830080091282,16.76424225264998,5.43451330106339,40.441599773660755,2.5977544680111464,9.883968089457369
261,10.13819039559101,0.0,2.1840157368887674,52.366229212365795,0.0,0.0,2.831158135855901,0.0,0.0
262,17.818535389299512,0.0,0.0,1.8696403385046096,0.0,0.0,58.50444351331831,0.21254997267413955,0.21254997267413955
263,2.6837157674075343,2.553648483255472,5.527646350163877,0.0,0.0,0.0,0.0,0.0,0.0
264,0.3699251812888349,0.3699251812888349,0.028806214884639303,1.7663360468947644,1.7663360468947644,0.9196920797066923,3.803042556598399,0.18137272728239395,15.556383814338545
265,0.0,0.0,0.2846793106631367,0.0,0.0,0.5419811532242136,5.631659619689003,2.924543983167837,2.924543983167837
266,6.448667755517079,0.0,6.895183109148377,2.6543412524615064,0.0,0.0,9.658996002443558,0.0,0.0
267,45.17768132678816,0.0,0.0,35.47956723909738,0.0,0.0,59.33671999806606,0.0,2.861310353984976
268,4.530437228965241,0.0,0.0,3.602273896574104,0.0,0.0,1.8004865069684115,0.0,0.0
269,13.345615597054206,0.9356903540335963,1.2462922960502851,2.1088928354664347,0.34850406530378564,0.13960885748434748,80.23254168966821,0.10020349474388013,0.0
270,0.6696257974257946,0.0,0.0,10.17683690790713,0.0,0.0,0.0,0.0,0.0
271,4.694495519510838,0.0,0.0,14.86194823424779,6.193053662919056,0.0,22.367419430760776,0.0,0.0
272,9.345890772293643,0.0,0.0,13.052460145298454,0.0,1.375679729871706,5.087459002534274,0.0,0.0
273,4.278614517290123,0.0,0.0,11.342555001405799,0.0,0.0,41.540688308701505,0.0,0.0
274,0.0,0.0,2.0676458957235013,0.0,0.0,0.0,0.0,0.1879800651156529,0.1879800651156529
275,44.176300034842,7.546497634252518,3.3111558642754346,54.564038991885155,28.664541592336008,2.2904140924324565,25.502267782289096,0.0,0.0
276,1.9280045345963686,0.0,0.0,1.7982684100645088,0.0,0.0,0.6599173772548852,0.0,0.0
277,0.0,0.0,0.0,0.0,0.0,0.0,0.0,0.0,0.0
278,0.0,0.0,0.33672479287827173,0.0,0.0,0.0,10.491373553454423,0.0,7.402661093710776
279,6.432426687207482,0.0,5.8653428125984135,16.74358070126584,0.0,0.0,157.0472074866949,11.78743677691321,0.0
280,0.0,0.0,0.36380466407888434,0.0,0.0,0.0,0.0,0.0,0.0
281,7.257137021007054,1.7194308643742318,4.465612183498365,5.058241368211753,0.0,0.6589181676440319,48.15983076025819,0.0,0.0
282,2.533378063043699,0.0,0.19821324436298937,6.803477061430954,0.0,0.0,1.487190518566706,0.0,0.0
283,12.021225391021034,0.0,1.888586273385215,15.671305105117256,0.0,7.9435698130864125,11.669984270525305,0.0,0.0
284,3.5760710739609465,0.0,4.35388325625479,17.596394396239674,2.5361530428031642,6.339601132761345,17.35532570557791,0.0,0.0
285,12.569118224388973,9.665927097356786,2.939986696192534,0.746601000746324,0.0,0.10633766415662649,1.2791633379349037,1.0161995264389247,0.0
286,6.553591608592598,2.419592530360376,0.0,12.202006402218558,3.9851557354900535,0.0,18.77475433751519,0.0,0.0
287,0.0,0.0,2.086435466069446,0.0,0.0,0.0,3.208931250876958,0.0,0.0
288,39.955767498213504,39.955767498213504,31.340658988901566,5.323003440836118,4.173121327040036,0.0,3.632012213659891,0.5677757881692287,0.5677757881692287
289,29.96981379445117,0.0,0.04436227963776673,18.003908576510412,12.144825979110806,0.0,16.07549597669623,0.427351222119114,0.427351222119114
290,71.99085468252926,59.97287747297071,29.486770836969498,45.45362004802968,33.234371004513804,0.0,18.702059377347638,0.0,0.0
291,45.542288040572714,0.0,3.0489464024701647,48.98365921791307,2.0023299302178543,7.659317080178852,46.75822598690931,0.0,0.0
292,12.243545746779603,0.0,3.726162877902425,17.832854298071055,0.0,0.0,10.029226143774196,0.0,0.0
293,18.653672503801744,1.7970148636131853,6.296474544927236,37.77208249379106,9.304189199155473,0.0,34.92718814034146,4.7141341926227085,0.0
294,14.2197401900672,0.0,0.0,8.633966869629063,1.0808972265000136,2.7211102212710045,4.959984090269643,2.1192123362068855,0.0
295,11.495924141264908,0.0,0.021154942605619453,7.092650548661595,0.0,1.3192055315582252,1.936792191323093,0.0,0.0
296,0.0,0.0,0.0,0.0,4.8453995113411565,0.0,23.38424306419276,0.0,8.69427505360747
297,12.269781302399707,0.0,0.0,0.0,0.0,0.0,0.0,0.0,0.0
298,11.431241189175466,0.0,0.0077042970301590685,17.329851458955062,3.4332650035012193,5.715117641182189,9.614281451564551,0.0,0.0
299,6.211365383431996,2.733491369009954,0.0,6.223657509107255,6.104332579016614,0.0,2.843170341168559,0.0,0.0
300,7.953528843174155,0.0,0.9880141757112142,8.429990894587519,0.0,4.81699503755317,7.290750730673864,0.0,0.0
301,14.694454841403342,0.0,0.4544051005962615,17.1558172132315,0.0,0.0,14.694224560334021,0.0,0.0
302,20.37647471364926,1.0067744299159642,0.0,11.143829134227104,6.573376282001192,1.85112825797313,8.566473907873927,0.0,0.0
303,15.269793424412399,6.3495671661078745,0.027420862953078995,65.71426450692908,26.658132988619343,8.549362910755775,26.18648047284782,7.7149556302775295,6.943820294524045
304,29.35360201232305,0.0,0.0,86.8296380894378,0.0,0.0,24.027669180202906,5.241398396269233,4.9032540446766575
305,20.874415241937754,0.0,1.75417153826686,40.401221776254545,0.0,0.0,20.309306404947677,0.0,0.0
306,1.268807133758628,0.0,2.1446459153267483,0.0,0.0,0.0,0.0,0.0,0.0
307,29.178323575527543,3.696501290867957,4.6560180875638935,16.36094357361179,0.0,0.0,22.91201990755974,2.8432127883355065,7.764682935392528
308,1.1833650818142871,1.1515427564882827,2.7321006109969517,9.086022254007133,9.086022254007133,2.8595806588959647,0.8745347588849199,0.0,0.0
309,15.288928293126276,8.33173418102129,7.590337187963428,1.3588474978558338,0.0,0.0,12.989249976819792,4.265909714653503,3.2738276198524545
310,14.635686077465266,0.0,2.636802464806806,8.295472199229152,0.0,0.0,5.3311324920806555,0.0,0.0
311,14.156950159128911,0.0,0.02975021403591427,8.423311014985643,0.0,0.0,2.2395370016186007,0.25034867755061896,0.25034867755061896
312,0.0,0.0,0.0,8.797755443396284,5.068355211321403,9.881697994709242,0.0,0.0,0.0
313,53.81221931002014,44.048211136769226,22.96846150419151,30.97360597041697,0.6290189535585,0.0,18.536847443309853,6.307995262438453,6.307995262438453
314,7.977574307041522,5.589300082953486,1.3292407566388533,8.98807285982565,0.0,0.0,4.060703830493139,0.0,0.0
315,12.051593603910106,12.051593603910106,21.391458200564216,0.0,0.0,0.0,0.0,0.12167969706564463,0.12167969706564463
316,4.630444668114023,0.0,1.7795993468818097,1.5998120163561111,3.1532587845479725,0.0,0.8933787543426774,0.0,0.0
317,0.0,0.0,0.21452397347718488,0.0,0.0,3.5105994592970546,0.0,0.0,0.0
318,4.092342252464391,0.0,0.0,4.092342252115401,0.0,0.0,4.092342252038634,0.0,0.0
319,14.158099618411967,0.0,0.2788227344755114,9.955467970760964,0.0,0.5879680664983198,195.20299827766695,23.695222803302187,5.49861096994448
320,16.629644230761926,0.0,1.3549834264600804,14.789109777500897,0.0,0.0,14.729566805672306,0.0,0.0
321,14.175707060674341,0.0,0.0,0.7845228087338398,0.0,0.0,0.9379875307773489,0.0,0.0
322,8.566109448181237,0.0,0.0,0.0,0.0,0.0,11.503064756963767,0.0,1.8758853115932084
323,4.939540385146273,0.0,0.0,5.419209016529209,0.0,0.0,5.288009802049061,0.0,0.0
324,9.914912526849093,0.0,0.0,0.0,0.0,0.0,4.988781179628603,0.0,0.0
325,8.851482701307532,0.0,0.3705387348830982,16.69939483833187,0.0,0.0,12.762966596266807,0.0,0.0
326,2.2906327849535444,0.0,1.65434394299308,13.536958225717797,0.0,0.0,2.1152852209116304,0.0,0.0
327,7.053429433708175,0.0,0.17533352803582147,2.564184010075195,0.0,0.0,2.7052134038268605,23.205331806337597,21.426763594645536
328,0.0,0.0,2.278409788342799,4.030716642640044,1.1076537871106211,0.0,0.0,0.0,0.0
329,0.0,0.0,4.825349208424711,0.0,0.0,0.0,0.0,0.0,0.0
330,8.498509996523723,0.0,0.24908435071216672,8.122248622319006,0.0,0.0,8.122248622319006,0.0,0.0
331,9.686750084285052,0.0,0.6313733957948671,16.613931183118495,2.1703730117668556,0.0,23.436947755180796,0.0,0.0
332,0.0,0.0,0.2859049243293157,2.73594844239787,0.0,0.0,0.0,0.0,0.0
333,25.46046007504171,0.0,0.5687886171299965,43.9313326954142,0.7103312108034743,15.394580540951978,97.43009839490244,5.3374403942034405,7.902939126906546
334,14.40139185983827,12.709643019299335,0.0,14.34239904118968,6.229157893078195,3.966298137068577,25.898828011916265,4.271636805214428,4.271636805214428
335,41.0287783700598,23.240035409081827,22.096245616326627,25.351301421569076,6.777475969396335,0.0,38.598804935324466,4.115484419291818,11.764661003140645
336,90.76226183690429,70.37812044773705,74.01291018275472,9.287194302311718,3.9772233016029475,0.0,26.39796108285742,6.450080011633872,6.450080011633872
337,16.058675693850518,6.807764771581219,2.77171104912631,5.726370669223485,0.0,0.0,7.876962070097392,4.680226055190587,4.680226055190587
338,15.24663026033079,6.453342563951537,2.6904158870411834,22.760589089744826,5.614464943841114,0.0,13.17734047820511,0.34419179611353456,0.34419179611353456
339,9.631066600779093,9.631066600779093,6.233545960621171,16.02549461720605,0.0,0.6348903452363004,5.9100633406304155,4.899571942008606,4.899571942008606
340,6.839849101832868,0.0,0.19613145144100486,17.69772996985438,5.7103256863325385,0.0,84.69381746782622,0.0,0.0
341,17.730962474520823,0.0,0.0,15.65854817674554,0.0,0.0,137.31215354690002,0.0,0.0
342,72.16142011689493,0.0,17.251442639931952,17.450554182234868,3.505364415356695,0.0,65.10139344014621,12.89710081475613,6.853307684662042
343,7.5292643090872104,0.0,0.0,62.96574996005083,36.81476303780843,13.489988601151424,50.599958530201036,0.0,0.0
344,4.899103355879134,4.899103355879134,0.0,9.422686078382611,5.673818063314258,0.0,24.680356858938808,0.0,0.0
345,7.520673758935942,0.0,0.0,8.606617130897035,0.0,0.8214679931095645,2.695114922574021,0.0,0.0
346,18.21382968762606,0.0,0.4395599640273531,23.660178329357564,11.14239934522277,10.014735581355808,12.375587026438353,0.0,0.0
347,17.40384262796468,0.0,0.0,17.163220457422227,0.0,0.0,17.16323560879681,0.0,0.0
348,3.841346420454755,0.0,1.2273552287337282,11.377188353695914,0.0,6.906164616571431,9.881488914023748,3.78602338908388,0.8587860619604157
349,6.042834741556874,4.138945126264389,0.0,3.04094144637304,0.0,0.0,6.662795560011887,0.8505435604350282,0.8505435604350282
350,3.5377093174369634,0.0,0.19738174801670993,3.0800144230010744,0.542883233333697,0.0,16.221288290725283,7.031398218708347,9.207505753994695
351,1.8783493000513545,1.8783493000513545,0.0,1.401719849964337,1.401719849964337,0.0,1.401719849964337,0.0,0.0
352,3.2593256245170608,0.3336935055920378,2.8371539425716037,0.3336935055920378,0.3336935055920378,0.0,0.3336935055920378,0.0,0.0
353,23.06768293971399,12.722522408032233,5.310014308331688,26.641149746784123,10.684284346015431,6.304732265119014,219.2118791353948,24.834520958319104,6.358823908523874
354,19.992938578859423,0.0,0.5243982175591668,32.59069181557558,0.0,0.0,10.533736756122295,0.5129022198552775,0.5129022198552775
355,0.0,0.0,0.0,29.333749781964684,10.570402221300213,2.7786651199336063,11.942031031007389,0.22764507746268237,0.22764507746268237
356,0.0,0.0,0.0,0.0,0.0,1.515626365168913,0.0,0.0,0.0
357,12.472654055427654,0.0,1.5040071752833342,10.53323302473126,0.13939969175345368,8.894833779654675,10.528122914391304,0.0,0.0
358,1.8179212272668224,0.0,0.0,9.339059918565283,7.184056968598213,3.754675983058746,12.416654276941301,0.0,0.0
359,7.268184301281394,0.0,0.0,7.5005466224952215,0.0,0.0,6.541438342601907,0.0,0.0
360,44.39648692561741,1.8977862891736095,3.4337570785411344,22.52294432447343,0.28600991199829195,4.757293297079457,20.569070128503,4.961311620493092,2.2420500943772765
361,0.7133380022967799,0.0,1.5828221852807474,4.868683761382442,0.0,0.0,0.0,0.0,0.0
362,1.8745118993598453,0.0,0.4506381964200159,9.05070756270328,0.7286380988313681,1.7190682503195376,33.34483456046212,0.0,0.0
363,9.039992467661563,0.0,0.0,7.585407852737944,3.5958654289098035,0.0,2.168763790705839,7.486735739695206,5.904702649844637
364,9.674115883564923,0.0,4.26705875122326,9.391790802329496,0.0,0.0,0.3511768220639624,0.0,0.0
365,4.309180561803913,0.0,0.0,4.307797225233941,0.0,0.0,4.307797225233941,0.0,0.0
366,4.116336386568378,0.0,0.0,4.116336386568378,0.0,0.0,4.116336386568378,0.0,0.0
367,9.551933412238554,0.0,0.8329522055759071,13.404119936161692,0.0,0.0,13.120137518870024,16.042582079064374,10.342215074844404
368,2.7021995638914973,0.0,0.33162842751158905,2.303044570706902,0.0,0.0,72.2894806599366,0.0,0.0
369,16.482898776441203,0.0,4.103431271809143,16.347204383364044,0.0,0.0,16.341444074156016,1.8822839396596294,0.0
370,30.997589364672308,0.0,1.0196836733631471,33.45657446165404,0.0,0.0,30.85899994207989,0.0,18.007025812412678
371,3.516357632669923,0.0,4.347747152829754,3.721631611036372,0.693531618379069,0.693531618379069,2.5997190104336028,0.0,0.0
372,3.9812909583242515,0.7454207959571875,0.0,1.5028204010760078,1.5028204010760078,2.2943837547895782,15.584683235040046,1.4877790465773444,7.843231378304921
373,2.7542924964765803,0.0,3.065348354772084,0.0,0.0,0.0,2.8946409208964496,0.0,0.0
374,14.461834859609525,1.577176075106422,1.4282342901914262,22.629589245874314,1.7217670496932271,0.0,23.030962379650305,0.0,0.0
375,12.413768864899168,0.0,0.0,7.016534894797445,0.0,0.0,30.90147829405268,0.0,0.0
376,11.705762246108378,1.8793526038452626,0.2480825094119723,11.338750010356108,1.8793526038452626,0.0,11.338750010356108,0.3689138187284584,0.3689138187284584
377,8.54990524383129,0.0,1.3109765612070987,5.807196033357201,0.0,3.607135169512617,0.0,0.0,0.0
378,1.7461122500865827,0.0,0.04783865062518089,8.501342835839608,7.633468233736011,0.0,7.482121000208622,13.920240347272909,8.292592779630382
379,12.523591437226088,0.0,0.14983359750249292,11.35833535242864,0.0,0.0,9.668747811117555,0.2712140187015848,0.2712140187015848
380,0.0,0.0,0.0,0.0,0.0,0.0,0.0,0.3872453883572007,0.3872453883572007
381,16.576197715750112,0.0,0.0,63.73199874684053,0.0,0.0,6.334610863221059,0.0,0.0
382,16.563225115825333,4.903948835403071,0.7530750022409336,38.92064299619554,4.30795837517789,0.0,26.052752999447193,5.214830590981961,0.0
383,0.24018341832612577,0.0,0.0,2.87216187356708,1.5449666431600804,1.5449666431600804,0.0,0.0,0.0
384,0.0,0.0,0.07838290994595809,3.4552449212613396,3.4552449212613396,0.1829998035127005,127.23573267350847,11.524026706013785,0.0
385,3.8365311789324323,0.0,0.9856447042655532,0.0,0.0,0.0,5.702028733790797,0.0,0.0
386,4.402389420138917,0.0,7.019527997578223,8.443772199285945,0.0,0.0,7.302351815874175,0.8071759085531767,0.8071759085531767
387,45.05940908989322,42.922153513329704,32.93399119386123,0.5752477004276955,0.49677240886879304,0.0,18.36190890410421,0.0,0.0
388,7.5481886990129965,7.5481886990129965,1.4739860242287648,0.0,0.0,0.0,31.76634366226571,0.0,0.0
389,10.257887033323783,0.0,0.6388609738921787,3.6545416456217765,0.0,0.0,3.6541994590695595,0.0,0.0
390,5.133506118799858,0.0,0.3147887454223621,2.6405525439571704,0.0,0.0,24.242789085890166,0.0,9.932854186663917
391,14.003535974507571,0.0,0.37708966931040777,23.061405837745497,0.0,0.0,73.04366864374578,0.0,0.0
392,36.00786547872232,7.428582316198003,1.6521813083520556,14.009063466026475,0.0,0.0,22.24512508330031,0.0,0.0
393,34.55011454354741,0.0,0.0,21.935665004348976,0.0,0.0,21.620147294778462,0.0,12.272757793828703
394,14.391741307464486,0.0,0.0,3.7358498186633824,0.0,0.0,13.949238857824952,0.0,2.5388710760928745
395,16.582594117886117,0.0,0.16897835933207261,24.769179702306985,0.0,0.0,66.10476441070085,4.758558746295591,13.799952476104494
396,31.208240807787178,0.2087336092901637,0.5011189691141453,79.1603215646146,1.8699670011750413,0.0,28.971174895385957,0.0,0.0
397,7.569252301416469,0.0,0.0,0.0,0.0,10.513489523278622,0.7143335663281789,0.0,0.0
398,4.584953877096211,0.0,0.36361058221029907,3.9495378373289327,0.0,0.0,37.27512236295922,0.01176191951964256,0.01176191951964256
399,4.064987921261434,0.0,0.0,0.0,0.0,0.0,7.116700633795659,0.0,0.0
400,0.5524778268223542,0.0,0.0,0.552477828123557,0.0,0.0,6.80090168622948,0.0,0.0
401,1.7664198001618843,0.0,0.0,14.659094001599897,0.0,0.0,4.3202224198982435,0.0,0.0
402,2.9727493350428915,0.0,0.0,38.060961985502814,3.7974707109535473,0.0,86.32998161569839,6.249881733743138,0.0
403,19.923396996721294,0.0,0.46818205842509997,16.523646892275366,0.0,0.0,12.335389365345037,0.0,0.0
404,15.108304105620363,0.0,0.0,13.166438347309366,0.0,0.0,28.14676685838782,4.87102108384812,16.43231184972879
405,8.571408479060409,0.0,0.0,31.33945333745578,6.871663235909978,0.0,7.210344485342574,0.1384794881541893,0.1384794881541893
406,36.36651372965704,0.0,2.1387283262783967,21.513692055156753,0.0,0.7436122985820077,41.866428577759365,5.190004269196493,5.190004269196493
407,10.300769698593228,2.9478629946149795,0.0,12.911066174879124,6.6058076922264775,0.0,10.278870494112653,0.0,0.0
408,0.19721158005415873,0.19721158005415873,0.4495279086107189,0.0,0.0,0.0,0.0,0.0,0.0
409,1.7017382642993084,0.0,0.0,14.626027002162743,10.81301582706277,4.617102182059057,5.023161735173801,5.811877199471837,0.0
410,0.0,0.0,0.0,0.0,0.0,0.0,1.1271637780491517,0.0,0.0
411,3.10310921250408,0.0,0.0,21.735390666447444,0.0,0.0,23.691787282896115,12.490678433019553,14.024621988219167
412,20.15354264242154,15.25202826804454,6.690254989066858,41.64753739135941,35.80640575980985,4.487707013655211,4.501158188368834,0.0,0.0
413,2.332091466625343,0.0,0.0,2.024337026054866,0.0,0.0,1.9605724526539348,0.0,0.0
414,0.0,0.0,0.44838618224486027,16.999838366492497,0.0,0.0,8.71573978939,0.0,0.0
415,33.015855534240586,1.2961062090004702,0.8439492979414922,26.985386298134898,1.7453098346192633,0.5721546608363042,47.08417965444147,0.0,0.0
416,16.692413420321344,16.692413420321344,7.474695161501359,1.5742029164161409,1.5742029164161409,0.0,1.531170812482742,0.0,0.0
417,4.66093563862654,4.66093563862654,0.0,2.7533047375127353,2.7533047375127353,0.0,3.42745547309039,2.8254094593293075,2.8254094593293075
418,31.07680989666528,0.0,1.0799690316730448,21.811289490757957,0.0,0.0,226.272025634343,0.0,0.0
419,13.0141999908314,0.0,0.00015736514455966244,9.390376098392863,0.0,6.8036818860944095,21.612225529273417,1.5195561470521284,0.0
420,24.385337708936873,0.0,0.5809341768710965,30.584282040754175,0.0,0.0,60.36434144114125,0.0,0.0
421,18.497685241185707,10.293618930613036,2.977976059605112,14.675469961290247,4.615779288342225,0.0,8.429668158848955,0.0,0.0
422,29.1645428868986,1.9733982362727716,0.0,53.369966127592704,0.0,0.0,17.267289585215224,0.0,0.0
423,19.765285514021684,0.486911361985392,0.0,1.8952807690081954,1.8952807690081954,0.0,12.44622619341095,0.0,0.0
424,2.23983652738184,0.0,0.10205712339990214,2.0646053670673155,0.0,20.763059760690396,9.643590782193627,0.016319762064370025,0.016319762064370025
425,33.76518757438285,0.6666472893404318,0.0,41.73077398574836,2.4136887725144334,0.0,42.47251167454152,0.0,0.0
426,0.0,0.0,0.3036488828740289,0.0,0.0,0.0,0.0,0.665658786167171,0.665658786167171
427,6.842332327487668,0.0,4.68907332967575,5.319534509682626,0.0,0.0,5.4468621852293495,1.194564572386298,1.194564572386298
428,29.546063195554353,0.0,6.082423766845835,3.96715283733667,0.0,9.666338757132479,13.32857231589216,12.636295719957928,13.362009260434832
429,29.544527356723847,19.196514253701736,19.540914612923615,13.944532409436391,0.0,0.0,31.02616426055465,1.4213820435863909,4.11704028563139
430,14.09918186877536,0.09937803781511434,0.0,17.426895767897776,0.0,8.729514469255292,30.53789995912385,0.0,0.0
431,4.415141808304924,0.0,0.3554788377408613,0.0,0.0,6.673635427421715,1.171952767736741,0.0,6.043142466663454
432,20.313290588217512,0.0,4.568306071502263,21.68134121516107,0.0,0.0,18.34141745342265,0.0,0.0
433,5.949331469923862,0.0,5.563230567283938,0.0,0.0,0.0,0.0,0.0,0.0
434,16.292550862403573,0.0,2.0466123359626067,2.190610780227189,0.0,2.443783810966579,2.9129256291084857,9.989388643013115,1.3323111393067393
435,10.704957465615252,5.864470531639768,0.9920392925248791,29.4893481749109,16.849915911378417,27.20038212518901,24.878523454666265,2.0983999113815344,2.0983999113815344
436,11.76744021781434,0.0,0.0,11.348341058105348,10.961227970090562,0.0,20.38969452803306,0.0,8.094742216125809
437,6.320865772942341,6.320865772942341,3.598614117268511,5.182531749071785,5.182531749071785,0.0,66.54728175604248,9.602172806188776,0.4359110066325229
438,23.60366198489379,2.460344167608639,0.0,31.64683448802873,0.9164254959697473,0.0,35.30696544003513,5.838708192520727,9.288455845699957
439,0.0,0.0,0.0,0.0,0.0,0.0,0.0,0.0,0.0
440,0.0,0.0,1.635618155928853,0.0,0.0,0.06283004290816052,0.0,0.0,0.0
441,0.0,0.0,0.6253241178689564,11.892784281617367,0.0,0.0,0.0,0.0,0.0
442,3.792484920804185,0.0,0.0,0.0,0.0,0.0,0.0,0.0,0.0
443,6.873372465061294,0.0,0.24854316591751058,0.0,0.0,0.19855314931032808,0.0,0.0,0.0
444,3.5900807104256955,0.0,2.3198509866514883,14.246420082525077,0.0,0.0,3.6929583819418497,0.0,0.0
445,12.924471542668755,8.194613813246633,0.0,5.097628693551428,3.9098115066084915,0.0,4.007902293538621,0.0,0.0
446,10.345599554081218,2.975633119574553,0.7980363357897886,3.5035877877766097,0.0,0.0,68.73260658327666,5.771259029468013,5.771259029468013
447,2.1699786358238384,0.0,0.5467932584145387,5.001326870849567,0.0,5.626783795281028,2.1314411533147393,0.0,0.0
448,11.711841314704373,0.0,3.1370284583802004,12.233356382257625,0.0,0.0,1.2936076962933498,0.0,0.0
449,3.4037705196410855,3.4037705196410855,0.14876148170441184,32.10108645098387,3.0145961352190795,8.15708809388778,10.378825855017027,0.10022933339217843,0.10022933339217843
450,15.582965958739237,0.0,0.6381668818952733,15.07053117328499,0.0,0.709941528338419,34.782589845307086,0.0,0.0
451,0.3988379288202566,0.0,5.21384557408777,0.0,0.0,0.0,0.0,0.0,14.474027290293975
452,19.29388526111461,6.082110842889875,0.0,8.056510407742621,0.0,0.0,8.056510361615096,0.0,0.0
453,24.999127213994228,4.8865420117285225,1.9777034822393489,35.27904760017654,15.752195733033233,12.912101708598072,6.241556882128407,1.2252415617427062,0.0
454,0.0,0.0,0.603922560113233,0.0,0.0,0.0,4.297389605053638,0.27928037606977796,0.27928037606977796
455,15.40560203923306,10.094834475648952,9.331991628769686,40.851311808180554,18.963374210368556,5.433807617307821,19.824736097766248,0.6661834977245178,19.895432814291667
456,0.0,0.0,0.0,0.0,0.0,0.0,0.0,0.0,0.0
457,24.298064966221204,0.0,0.04108571528701077,10.91033219009853,0.0,0.0,10.91035970934982,0.0,0.0
458,33.85755666615401,0.0,1.6561016564325541,37.13444859523537,0.21621398035489392,12.690310646182127,26.78995622324547,0.0,0.0
459,18.831677707561596,0.0,0.0,28.249033395988477,1.891772873030277,3.974709719567045,16.076562523429516,0.0,0.0
460,18.944307843320843,5.771296129325066,1.0106759101151397,5.61867198943051,0.0,0.0,15.933160815597404,6.418935626682526,6.418935626682526
461,8.749965628407352,0.0,0.8010915025421355,5.9983910671270735,0.0,0.0,0.19970777441744758,0.0,0.9157644869686692
462,0.0,0.0,0.0,0.9094048590500279,0.9094048590500279,0.0,13.550925277857374,1.0000296576678238,1.0000296576678238
463,24.244605449794705,0.0,0.0,63.15519186170977,0.0,0.0,22.77743366348335,0.0,0.0
464,36.33231213439487,0.0,0.0,150.8731995970285,24.129047185891523,50.93270030831948,36.93866819600734,0.0,0.0
465,4.702396795879963,0.0,0.0,6.560135633913632,0.0,4.157345577972023,2.942970316015675,0.0,0.0
466,25.888836150935788,14.4600136940918,6.778346391291052,10.50482130026731,0.0,0.0,25.147064034652516,0.0,23.79967642571836
467,34.75755515598709,2.7481654587264472,0.9317411924477597,5.096197313033713,0.0,0.0,9.935680798765361,17.934903797587253,17.934903797587253
468,1.0042648106526997,0.0,0.15729957067915734,7.17628693248497,0.0,0.0,0.0,0.14102821978173097,0.14102821978173097
469,4.141021754867779,0.0,5.159756009782285,12.364903742740438,8.132845651845798,4.082990625240399,12.700686775949436,5.117941356216761,5.117941356216761
470,18.908981777277262,3.7499898930034874,0.14506431296641153,4.397543395309469,0.0,0.0,1.040436600610235,0.0,0.0
471,1.7140336332251138,1.7140336332251138,1.8889716863798185,6.163150213007043,0.0,2.420261447284531,0.6867746493434197,1.52898771023888,1.52898771023888
472,0.0,0.0,5.437107045218966,0.0,0.0,0.0,0.0,0.0,0.0
473,0.9429693343167287,0.0,0.0,5.761002013729723,1.7034149231020308,4.424922245126169,14.609323378661799,0.0,0.0
474,10.358863906948159,0.4839977495290668,0.0,22.789548929124578,4.932703219320842,9.800661541472266,90.1758577917048,0.0,11.729416248767649
475,0.3414851159468526,0.0,1.1796492463089407,0.341485066698084,0.0,0.0,8.60493594111,0.0,0.0
476,65.84505970207854,0.0,0.0,57.12986000090035,0.0,0.0,3.849421902047993,0.0,0.0
477,44.58232200837844,23.016609423072453,17.90312721812657,12.880943704879485,5.904128556395136,0.0,10.708763800241059,0.0,0.0
478,0.0,0.0,0.0,0.0,0.0,0.0,0.0,0.0,0.0
479,18.323336663331247,0.0,0.0,83.78889821974147,11.070281423168638,1.8860049286589344,23.991644390824035,0.0,0.0
480,13.95377349156999,0.0,0.5111998320055022,0.0,0.0,0.0,0.0,0.0,0.0
481,0.0,0.0,1.5849712136962921,3.888257862755438,0.0,0.0,0.0,0.0,0.0
482,0.0,0.0,0.013610148919440235,1.3787107382115664,0.0,0.0,4.575896212181419,2.7289521515062063,0.0
483,0.0,0.0,0.07657483671152931,1.2335188828960213,0.0,0.0,0.0,0.0,0.0
484,16.791405148453293,0.0,0.13102293502754492,15.109708809517628,0.0,0.0,13.40346884075305,0.0,0.0
485,13.347698205028308,4.517832406953289,0.06866246530546505,35.77365941956006,20.471397904416307,1.0734596288064893,11.2457555252887,0.0,0.0
486,1.259376842936092,0.0,0.0,0.0,0.2890808904820119,0.5526938866150886,0.0,0.0,0.0
487,19.445975334212648,0.0,0.0,9.34162443335515,0.6020974984559189,2.7361979938983154,50.47732519921979,40.76790957667737,47.218169173551644
488,19.29218749726971,12.72332206967053,11.436992026744292,8.710816572711138,0.0,0.0,1.1876883000550151,0.0,0.0
489,11.772008444837411,0.0,0.0,10.512341091337333,0.0,0.0,10.150903630820949,0.0,0.0
490,29.10190695109287,7.629195712333626,0.0,11.942362351585473,3.683033437992293,12.866878838848862,17.678403821816858,0.0,0.0
491,0.0,0.0,0.0,0.6871769183648553,0.0,0.0,5.143647717599379,0.0,0.0
492,13.846865792777777,0.34715144343556403,0.5551612152940493,38.874645958379205,0.0,0.010897722738491211,4.008748670691318,0.0,0.0
493,5.752847615805649,2.2177011249976886,4.63609120057157,14.09326438996439,4.736509463115311,0.0,4.48125996791984,0.0,0.0
494,25.91988838398163,19.327357706643966,13.099834097181741,5.255180867611642,2.821532498172047,0.0,7.716004451024077,0.0,0.0
495,6.919235832287768,0.0,2.8571655100874978,1.9513189728238558,0.0,0.0,1.9513189728238558,0.0,0.0
496,9.049492087535896,6.248987608106233,4.443096050302017,4.621838473942205,1.6844718771219505,0.0,4.697684888667254,0.0,0.0
497,13.598864797805192,0.0,0.0,13.598864797794874,0.0,0.0,30.704611716224832,3.7247172205363768,3.7247172205363768
498,2.5549768442689924,0.0,0.0,0.0,0.0,2.3158259880825653,0.0,0.0,0.0
499,2.018426536597417,0.0,0.0,10.06970835350458,0.0,0.0,11.155515698283864,0.0,0.0
500,16.397493369870915,0.0,0.0,16.014969708964202,0.0,0.0,16.01119242191004,0.0,0.0
501,3.8250773294938085,0.0,2.575880509344586,11.928419033534425,3.344069207984404,0.0,75.8261334254253,1.9017114493028942,0.0
502,12.076915031465603,5.583847616813443,1.0793328691359534,12.471487784212655,0.0,0.0,12.464522647695219,5.231276798425142,6.42164332818578
503,15.526606572583518,8.066873130015892,0.5677557671532156,62.20175381502787,45.28593529632744,0.0,28.72319265532977,0.0,0.0
504,7.477746128635147,0.0,1.9395080405096223,7.630364389072895,0.0,1.3329480808363883,19.80784862155764,5.777038402719086,4.968457455110752
505,11.94368413370583,0.0,3.9034990200436255,3.797576942395864,0.0,0.0,3.797576942395864,0.0,0.0
506,9.701303387613024,0.0,3.104124489034291,7.581977419054567,0.0,0.0,23.442983601801785,0.0,0.0
507,0.0,0.0,0.0,0.0,0.0,0.0,0.0,0.5660136736971708,0.5660136736971708
508,7.981811696134912,0.0,0.0,16.470404332228185,0.0,0.0,7.981811696114562,0.0,0.0
509,57.526024946479,57.526024946479,40.38255830701908,7.815558442674728,7.815558442674728,3.6702194912943185,8.446079134216404,4.853513846483963,0.0
510,14.754155397546583,8.411234701057225,3.48253404304819,51.50326943554052,0.0,0.0,17.552397785418748,1.8020340216227737,1.8020340216227737
511,0.0,0.0,0.0,0.0,0.0,0.0,0.0,0.4274807308247546,0.4274807308247546
512,2.604265905728596,2.745037613223303,0.0,1.4840588551818428,0.0,0.0,1.4840588549310496,0.0,0.0
513,4.305043931832046,0.0,0.028539658079751007,24.38357934895265,24.916010447874044,0.0,64.22927922938845,0.2197528813000531,3.279554521935495
514,7.509177756745515,1.4575403272223753,0.0,7.098969495801214,0.0,0.0,6.045293841323684,0.0,0.0
515,1.419073216107165,1.419073216107165,0.0,0.0,0.0,0.0,0.0,0.0,0.0
516,0.0,0.0,1.2875914728512043,0.0,0.0,0.0,0.0,0.0,0.0
517,8.673699705528293,3.745405419281269,3.013163968715844,4.93613592697784,0.0,0.0,4.9275834709576145,0.0,0.0
518,5.174101926428875,0.7167415595074544,2.8414850741122564,3.3525661670111617,0.0,0.0,10.105905589647534,0.0,0.0
519,20.1271674745538,0.4803754833618825,0.33374728179899193,11.084776065004036,11.084776065004036,10.80987182991143,38.79319135912371,0.0,0.0
520,11.969156602819197,0.0,0.0,7.66830039525712,0.0,0.0,10.357122414916887,0.0,0.0
521,5.14822702094537,4.267757885175882,0.0,5.784030887069775,5.784030887069775,3.4113423833369723,4.545745320021382,0.0,0.0
522,17.65382620145826,0.0,0.2531720445114729,17.65382620145826,0.0,0.0,17.65382620145826,0.0,0.0
523,1.5971389809884613,0.0,0.4355068695952582,0.7225982742452857,0.0,0.0,0.7225982742452857,0.0,0.0
524,4.341650002100778,0.0,3.9752650473938047,35.90509442922914,0.12453219492823564,0.0,4.266148815935281,0.0,0.0
525,20.418499424739878,0.0,0.0,20.418469825884955,0.0,0.0,20.418469825884955,0.0,0.0
526,2.1018208853760427,0.0,0.0,3.8991757936922227,3.106296551992841,0.0,15.410477895653088,0.0,0.0
527,70.2092102765782,4.474166850880749,7.721790416262905,12.796704292182909,0.49891934088603307,7.151729589288664,11.951142258097036,0.0,0.0
528,5.065444955072394,0.0,0.22623977360541403,5.065444955072394,0.0,0.0,5.065444955072394,0.0,0.0
529,0.0,0.0,0.0,0.0,0.0,0.0,0.0,0.0,0.0
530,0.0,0.0,0.0,1.9144841575424039,0.0,0.0,0.0,0.0,0.0
531,0.0,0.0,0.0,0.0,0.0,0.0,6.0001047104483405,0.0,0.0
532,25.933313003446784,3.6580811682706553,0.0002901095315905877,45.63564992786513,0.0,0.0,64.34402413680615,0.0,0.0
533,0.08944030452732932,0.0,4.987901932661089,0.09778076464766627,0.0,0.0,0.35395975450830974,0.0,0.0
534,66.05371226892942,7.43671078412811,6.098077288128678,34.425582314622886,8.973679712570657,0.0,96.85491681361069,0.7954045102767964,0.0
535,10.813662860652215,10.557358527531818,5.122876548612709,68.1766678863253,38.89303436073871,6.714990872477955,19.00448815759134,0.0,0.0
536,17.073613591887266,0.3451859341019201,0.9578066244054071,18.42466423794457,13.947196290197013,0.0,26.38822194776742,0.0,0.0
537,14.492136365868589,0.0,0.8191092514755951,32.567647926853,0.0,0.0,11.179672467322547,0.38402871305635244,0.38402871305635244
538,3.4471523586764192,0.0,0.15476986061861453,2.445925109878516,0.0,0.0,0.9649970164326476,0.0,0.0
539,0.0,0.0,0.037890113141543225,5.155851393035107,3.954713784823525,0.0,0.0,0.0,0.0
540,0.410322575311568,0.0,4.873875069575092,6.177519716998177,0.0,1.6006809974061298,0.0,0.0,0.0
541,3.69060689137018,0.0,0.0,0.0,0.0,0.0,0.0,0.0,0.0
542,52.51496409933148,0.0,2.52041990151929,22.52670032987598,1.064931031659853,0.0,16.83229544677559,0.0,0.0
543,11.043128546019886,0.0,0.3609989574882775,21.3989420512643,0.0,0.0,11.274744418997301,4.398552216547358,1.9601767822776424
544,0.0,0.0,0.0,0.0,0.0,0.0,0.0,0.0,0.0
545,17.494284053015775,0.0,0.0044884747877631526,8.906744720125602,0.0,0.0,0.0,0.0,0.0
546,4.556653834348168,0.0,0.0,16.694781754374873,5.844048981826944,2.6984145103892843,8.05994203233638,0.0,0.0
547,0.0,0.0,0.0,0.0,0.0,0.0,0.0,0.0,0.0
548,3.939420454738354,0.0,0.0,17.027946016025965,0.0,0.0,4.084885383501955,14.937388559995952,14.937388559995952
549,7.876474169071599,0.0,0.0,1.9221742192821978,0.0,4.394165234468289,0.5252221588812347,1.4943030648475144,0.07251989427993522
550,0.0,0.0,4.438070018486769,0.0,0.0,0.0,0.0,0.0,0.0
551,7.079220673836431,0.0,0.45008738740637,27.12228455090485,15.452872780752614,6.25503578299714,9.267098897764924,3.2595027104363226,20.743638980914852
552,25.68353587992638,0.0,2.0870117805813493,57.41975552091321,0.0,0.0,5.836265343578219,0.0,0.0
553,2.4742157018177977,0.0,0.0,0.41157311388235485,0.0,2.672748409532346,26.016914918966307,0.0,0.0
554,0.7654795959875855,0.0,0.0,0.7654674974062345,0.0,2.99019320970271,3.0608524661577974,0.0,0.0
555,4.923774473021723,0.3840934292125553,0.0,7.284217867462502,7.284217867462502,6.925845512266676,9.86461038971484,0.0,0.0
556,16.569974165562115,0.0,0.0,13.386389865011068,0.0,0.0,21.019429947711956,0.0,0.0
557,9.104284414095417,7.465668771258976,0.6428001788850395,7.865085465375699,7.465668771258976,0.0,7.865085465375699,0.0,0.0
558,4.397607042873176,0.0,0.0,4.397607022422079,0.0,0.0,7.4432567304064605,0.0,0.0
559,7.687317341135838,0.0,5.325991275996387,0.5080628834215872,0.0,1.6082060331060575,0.0,0.0,0.0
560,69.31640759714003,3.799863897985688,1.9856806070811786,42.70958865937061,22.839698417614187,9.673571841822309,12.773311624723902,0.11042675690521264,0.11042675690521264
561,15.655166138831419,1.8148431960295852,0.38766593771998714,15.448099620005593,2.0896259160393242,0.0,96.92700621834595,0.8974480186467702,0.0
562,0.0,0.0,0.0,5.6902528915563835,5.6902528915563835,6.25127584266491,1.703570491418759,0.0,0.0
563,8.694827245811382,0.0,0.2862635664691311,6.91709249929778,0.0,0.0,13.067840618277131,0.0,0.0
564,7.424453127317946,0.0,0.2144447662479365,3.5527727491032977,0.0,0.0,9.568214519033717,0.0642195577913185,0.0642195577913185
565,14.344668202208396,0.0,0.0,13.78497516672735,0.0,0.0,13.78427933364111,0.0,0.0
566,6.547388993777844,0.0,0.0,0.3863524058504595,0.0,0.0,1.6016084978653566,0.0,0.0
567,3.079221109717537,0.0,0.2940208567911782,0.0,0.0,0.0,0.0,0.0,0.0
568,11.731715345279866,5.915987341643472,0.08829116878831655,46.9862518566805,10.239772279996316,2.869691396158629,23.220895558845598,0.0,12.775736582950088
569,7.029092423218458,0.0,10.90783245460085,0.8405208220299585,0.0,0.0,0.8405121348962723,4.560060739213299,12.500265480988332
570,22.818408951349,0.0,0.0,22.424016505633233,0.0,0.0,22.424016505633233,0.0,0.0
571,38.297914154572624,0.0,0.40237428869539826,42.077769379219774,6.154513046679597,0.0,38.114865389304185,0.0,0.0
572,2.9825413348920904,1.4525595169656071,0.0,1.2636463830920377,0.0,0.0,21.806406099125894,0.7145206209347066,14.939127938126035
573,5.689790616386176,0.0,2.2145236697778614,0.5381996950326879,0.5381996950326879,0.5381996950326879,0.0,0.0,0.0
574,12.431249675859647,0.0,0.0,23.943719494524572,7.797909987984383,0.0,24.71480599074897,0.0,17.194124498792235
575,8.792356012081228,2.9967441042660994,3.6334318394833645,20.082834331018972,16.824449518342703,12.528792259612828,14.056840329871505,0.0,0.0
576,5.930218151107198,0.0,0.3883175379831414,7.022494909194791,1.9597029028409452,0.0,0.6637870002250565,0.0,0.0
577,5.638312831179832,0.0,0.0,0.0,0.0,0.0,0.0,0.21083209848882234,0.21083209848882234
578,0.0,0.0,0.2730848407251756,0.0,0.0,0.0,0.0,0.0,0.0
579,13.225677596542567,0.0,0.0,10.318366444272982,0.0,0.0,10.318366444272982,0.0,0.0
580,13.283078591832464,0.0,2.670169526520681,3.5457432800752144,0.0,0.0,3.5457432800752144,0.0,0.0
581,7.992644460286499,0.0,0.49806533867882763,4.150756411505881,0.0,0.0,1.7945088256143436,0.0,0.0
582,22.051866509344677,0.0,1.4267402084612968,16.888281850693943,0.0,0.0,19.86024961079667,0.0,0.0
583,12.698823436371583,8.29544354115734,3.897543036887356,7.6700316525390235,7.6700316525390235,0.0,23.645686845434028,0.0,0.0
584,7.842591832125976,0.0,0.0,0.9520401375897904,0.0,0.0,17.171521838915226,0.0,0.0
585,11.614225316078517,0.0,4.04806292799185,12.601350461924,0.0,5.364033956278433,11.181506558655968,0.0,0.0
586,8.158235794373894,0.0,0.0,5.016335177035245,0.0,13.687364632323806,4.136076416767821,0.0,0.0
587,0.9266214575876575,0.9266214575876575,0.0,8.371258376104635,8.21622425058493,0.0,4.104853986185333,0.6830667693241708,0.0
588,3.2083722553620646,0.49505583982670487,3.6170636800420652,14.54898872637159,8.147425873932548,0.0,1.5205531669579386,0.0,5.441079621899519
589,13.819288831059737,0.0,0.031327306696766755,25.753123535857128,0.022043532746124583,0.0,11.53556088283591,13.20136402603103,5.684725090599898
590,7.512254522717598,0.0,3.513352135596932,44.61465403750489,37.26347175704734,0.789777341222134,7.181814886100739,3.5262056595143747,12.382859015258589
591,31.367457531401925,4.624414864517604,1.8046994596866455,48.560529738323595,8.641047036127333,0.0,12.947713140659857,0.0,0.0
592,12.142626733630408,0.0,0.0,8.838045272069479,0.0,0.0,8.547163879208114,0.0,0.0
593,14.284290744861408,0.0,4.197702610685212,14.284290744861408,0.0,0.0,14.284290744861408,0.4242574660266314,0.4242574660266314
594,0.0,0.0,0.34352045639940343,0.0,0.0,0.0,0.0,0.005924737828479465,0.005924737828479465
595,23.483067155393456,22.260906745112578,15.165296198945953,2.95555386950565,0.0,1.837929928425126,2.4417734326082723,5.0895098397689935,5.0895098397689935
596,0.2111477520288645,0.0,0.2737839177160595,0.2111477520288645,0.0,0.0,16.218234258505163,0.0,16.37149478236128
597,13.884693296021368,5.647622209208748,0.2767979018283597,0.5743584403278987,0.0,0.0,31.452668915902365,0.0,0.0
598,0.0,0.0,0.0,0.0,0.0,0.0,0.0,0.0,0.0
599,23.736249445477853,10.04758881255023,5.274507937565687,12.19541744050909,3.0609604581768224,0.0,3.796172574522558,0.0214745153072613,0.0214745153072613
600,16.42853999100234,0.19365560531363712,0.0,11.330206285631448,4.818163253196019,4.482768199315871,11.204818380363918,0.0,0.0
601,28.98500678248527,19.90225429128384,27.193186778012404,14.920616190459072,1.5955837587075052,0.0,2.04706695950091,0.0,0.0
602,32.08880088645142,0.0,0.10099778583253283,35.275592008298645,0.0,0.0,40.1815234805573,6.338746038433044,1.5276921365123712
603,15.311224477106151,0.0,0.0,12.590212424571945,0.0,0.0,12.526934873346391,0.0,0.0
604,10.3771691172293,0.0,0.0,21.59408560134358,0.0,0.0,0.0,0.0,0.0
605,30.826663733887642,3.3715196381275803,1.584161731370557,25.80727128120631,2.5581477379994624,0.0,22.89707130344567,0.0,0.0
606,9.405515242936474,0.0,9.978941514007118,8.938106576503543,5.513995582866926,0.0,4.4488031043215415,0.0,0.0
607,28.46477361257456,12.100724214522216,3.8924374260628554,65.46230948963463,57.40122318397371,8.924804482897713,104.95676049085904,7.668916528950859,0.0
608,18.263832129722147,6.676968303593156,0.0,19.078666756749016,10.576698892810896,6.511912061959947,22.93304769771575,0.0,0.0
609,57.26114676455964,1.4330710365236712,2.6744141682496263,52.15723978077426,6.476762527060089,0.4953944665845711,22.511203665541075,0.0,0.0
610,1.1978813992042205,0.0,0.0,33.87207917306759,9.872796767796956,0.0,0.10953186808308146,0.6316195429695313,0.6316195429695313
611,5.864301688615967,0.0,0.30638685368040797,15.444593810755578,0.0,4.69010572562911,36.90252859353697,0.0,0.0
612,24.51641101089203,9.739906476752708,4.781266857856366,94.09984115835542,4.685430159820584,3.6574577381780955,80.79947932181506,1.6867526483372899,0.0
613,0.0,0.0,2.5098174202852874,10.918844781793297,0.0,3.259970857988094,1.5970274960206439,0.0,0.0
614,49.416047721311855,0.0,1.2017993419156596,14.171102994155461,0.0,0.0,5.786247080705863,0.0,0.0
615,0.0,0.0,0.0,0.0,0.0,0.0,0.0,0.0,0.0
616,1.1779487766771695,0.0,0.007994984600316002,0.0,0.0,0.0,0.0,0.0,0.0
617,0.13389883206338027,0.0,0.0,0.0,0.0,0.0,0.0,0.0,0.0
618,15.661705024014623,0.0,0.0,15.216551504766073,3.4296956497205997,0.0,61.45297297115917,0.0,0.0
619,17.560498439667754,0.0,4.509884093078966,31.537203258502416,7.601840362556629,0.44852711239866494,112.48077172357335,0.0,2.644174512855443
620,24.668602452240236,0.0,0.0,21.828448362616797,0.0,0.0,24.602329879500616,0.3647575662877216,0.3647575662877216
621,0.7753496825820321,0.0,0.1921990590809628,0.717310501664258,0.0,0.0,0.717310501664258,0.0,0.0
622,5.3817099040146275,1.7965635342459052,0.19758268322493677,9.830998651253338,0.0,16.063585017505062,3.5851463697687223,0.0,0.0
623,4.926583300809995,0.0,0.0,9.470101663075525,0.0,0.0,3.1940624395203088,0.0,0.0
624,16.737239264738463,0.0,0.0,10.06162245117352,0.0,0.0,14.369042105882443,0.0,0.0
625,0.0,0.0,0.0,0.0,0.0,0.0,0.0,0.0,0.0
626,57.57978470224543,24.533527262706997,13.654824057088774,20.343406804225282,18.46649135168738,0.581197492296269,12.913591482700042,0.0,0.0
627,62.86375908442017,3.0500811919434625,0.0,58.444766668414786,2.3463860193069763,9.067463983486562,40.739222781076194,0.0,0.0
628,31.42929164924783,0.0,0.0,23.524245443839135,0.0,0.0,23.931067889250727,0.0,0.0
629,39.9622639184044,0.0,0.0,22.398893442274527,0.0,0.0,13.99733160298345,0.0,0.0
630,0.0,0.0,0.6442028985868262,0.0,0.0,0.0,3.611743964048685,0.33877604259464533,0.33877604259464533
631,27.920574602209427,7.884119579622734,0.2631772284023839,22.2208385734981,9.365756348774681,4.137152176756217,13.665482984955418,0.0,0.0
632,16.44545659783421,10.643972341216482,8.653108006933167,20.42454800581433,5.615597928041694,0.4140779030819317,85.6222125515379,5.6911932780990355,0.0
633,23.585722485320986,0.0,0.4273894730478105,29.997809522050375,14.723215213883407,6.305355981416511,41.179969858917616,6.300830661833544,16.33653388647565
634,3.767334752723258,0.0,0.6596100178385313,0.0,0.0,0.0,0.0,0.9504195663390078,0.9504195663390078
635,8.684247292228463,0.0,0.0,8.682777320064758,0.0,0.0,8.682777320064758,0.0,0.0
636,11.013277219876983,0.0,3.392463951609159,24.020318608430188,0.0,0.0,9.056275869803045,0.34870481783167406,0.34870481783167406
637,1.218136922965357,0.0,0.0,0.0,0.0,0.0,0.0,0.0,0.0
638,33.721560776378226,24.738825530624865,6.584618826736971,54.235846639381094,8.924031319081678,0.0,84.25728351330247,0.7331760331083217,6.285913543003659
639,1.5115580114916725,0.0,0.0,0.6283946398648368,0.0,0.0,0.0,0.0,0.0
640,18.475006380281457,0.0,0.0,21.299027170795085,0.0,1.7663991186557269,44.46264305275713,0.0,0.0
641,0.0,0.0,0.2590623467427804,0.0,0.0,0.0,0.0,0.0,0.0
642,1.028735001720463,1.028735001720463,1.159622233270511,4.774249286102759,4.774249286102759,0.0,11.967271898691536,0.0,0.0
643,46.192835948655244,39.706198330732946,27.73127241368917,16.883970315623344,3.7284667422384814,0.0,71.4916816795876,0.0,0.0
644,0.0,0.0,0.4589610774766584,0.0,0.0,0.0,0.0,0.0,0.0
645,2.4180547278837707,0.0,0.0,3.05511590638946,0.0,0.0,13.050847640169195,0.0,0.0
646,19.78397401719974,1.1742574934957304,0.010658315490218229,5.777893727794179,0.0,0.0,0.6365845379646657,0.0,0.0
647,8.713591366714411,0.0,0.0,0.0,0.0,0.0,0.0,0.0,16.838712876888508
648,7.417346831606096,2.472246179133947,0.4361689837215863,11.289706843280726,10.813913358154707,0.05030143697825906,9.026249062343084,0.0,0.0
649,3.612093220966301,0.0446598617310201,0.0,2.5998380630877023,0.0,0.0,18.057926596224576,0.0,0.0
650,1.1642147086070338,0.0,0.0,3.2607914163526175,0.0,0.0,0.0,0.8413652909363236,0.8413652909363236
651,0.29538032273393355,0.0,4.611382784225668,0.29538032273393355,0.0,0.0,0.29538032273393355,0.0,0.0
652,34.229635163087124,0.008903316463545252,0.7613220860264391,34.795078253413664,0.0,0.0,26.916664293844775,0.0,0.0
653,0.010104666981646915,0.0,0.20444281797767871,0.0,0.0,0.0,0.0,0.0,0.0
654,9.60111942462271,0.0,0.3200612499734916,2.7312219089721452,0.0,0.0,0.006012145268812219,0.0,0.0
655,6.882331926195775,1.8940051014252504,1.8375018341922669,11.163746004525365,9.391519210477213,0.0,8.891831949893628,0.0,0.0
656,0.6416831914656882,0.0,0.0,3.7649863131996426,3.7649863131996426,8.812007472553347,3.083420621206244,0.0,0.0
657,0.0,0.0,0.0,0.0,0.0,0.0,7.1587275783677455,0.6271811028216803,0.6271811028216803
658,0.0,0.0,0.0,0.0,0.0,0.0,0.0,0.0,0.0
659,0.0,0.0,0.16685071214942582,0.24306644162024327,0.24306644162024327,0.0,0.08617041007266835,0.0,0.0
660,0.7692544235973742,0.0,0.786373475236644,0.0,0.0,0.0,12.138885989748559,0.0,4.540889603811792
661,2.025868738703082,0.0,1.0409940087201903,5.199893163944921,0.0,0.0,0.0,7.157442188725668,0.0
662,0.0,0.0,0.0,0.0,0.0,0.0,8.60078258497171,0.0,0.0
663,9.761352596592133,0.0,4.263448867754619,16.284751939496715,0.0,0.0,56.75248178054812,4.711612141780478,0.6571936712377919
664,12.053754846881901,0.0,0.0,8.78334335631368,0.0,0.0,8.851750212359121,12.393532643673893,12.393532643673893
665,4.738947673751284,0.0,0.10692922135058325,1.1210573282660903,0.0,0.0,1.0006539643520114,0.0,0.0
666,21.633794439768167,0.0,1.0482021588845214,21.624438179151326,0.0,0.0,60.669034757897066,0.30116747326246696,0.30116747326246696
667,0.6805630353839263,0.0,0.9369632086300612,14.114535274451356,0.0,0.0,68.50524350385135,0.0,0.0
668,64.42590888724453,53.870884663348306,49.53682037403729,25.888227152099745,0.9709825722246421,0.0,32.08704321096096,10.141366104787096,10.141366104787096
669,0.0,0.0,0.43806663704407356,0.0,0.0,0.0,0.0,0.0,0.0
670,6.631103986502069,0.6459192782811556,0.0,19.164411577673093,0.0,0.0,5.985180652962498,0.0,0.0
671,22.947921087393127,0.0,0.5915470551907447,97.46058315117861,0.7865766289855287,0.7865766289855287,21.323316141711047,0.0,0.0
672,0.0,0.0,0.0,4.348339650482558,4.348339650482558,0.0,0.0,6.974881996149378,3.124280542930137
673,18.942176510044533,0.0,0.39469201094021855,18.08108527992289,0.0,0.0,21.42422075574794,0.0,0.0
674,10.692779536131127,0.0,5.166673800117906,17.262235896851138,0.0,0.0,18.23380930839224,0.0,0.0
675,6.3271456617264334,0.0,0.14720488425820122,10.209440079560267,0.0,0.8424113498026884,13.441172101339873,0.3327805227049794,0.3327805227049794
676,2.8736569623814603,2.2393830198553246,0.0,0.6342739337886201,0.0,0.0,0.6342739337886201,0.0,0.0
677,0.919819177784774,0.0,0.0,0.0,0.0,0.0,0.0,0.0,0.0
678,11.975302684558613,0.0,0.0,6.90877520095367,0.0,0.0,6.574019334474656,0.0,0.0
679,4.78085752587549,4.517563691866997,2.0193999804413068,9.536015567820328,9.536015567820328,3.9999789854245194,98.04217403920549,9.626403813911082,0.0
680,15.375060785562141,0.0,0.09702548789249477,40.039382961766336,0.0,0.0,68.82336561936259,0.425006067252923,0.425006067252923
681,1.071778655263529,0.0,0.0,0.914675129896267,0.0,0.0,1.553230664190778,0.0,0.0
682,5.632473914345269,3.950571254461181,3.312241372484891,0.8481735619212145,0.0,0.0,7.514798965158803,0.0,0.0
683,0.0,0.0,2.211825671965528,0.0,0.0,0.0,0.0,0.0,0.0
684,5.981942701614855,0.0,0.37847450937670146,4.056948558721842,0.0,0.0,2.7229861279519127,0.341329584898574,0.341329584898574
685,1.014107509028122,1.014107509028122,0.0,10.639522998709737,0.0,8.807958122948719,0.0,0.1481889865463586,0.1481889865463586
686,0.0,0.0,0.0,0.0,0.0,0.0,3.576878030070816,0.0,0.0
687,2.8001079859754157,0.8123612372640707,2.4916965745633775,0.7178033036154261,0.0,0.0,89.77606242401404,0.4478226558645133,0.0
688,0.0,0.0,0.0,0.0,0.0,2.5620240964474306,0.2557636151089753,0.2413724495276881,0.0
689,112.1516685884423,26.961963618113998,34.133435529968466,40.87210654636465,20.593443623003708,5.172181580465946,73.36450456815868,0.4355177377859434,0.0
690,0.0,0.0,0.0,0.0,0.0,0.27488145431738076,0.0,0.557775744190792,0.557775744190792
691,19.672364442410043,0.27629173018971187,1.5128918738795676,29.794135247728747,0.0,0.0,63.68307092833683,0.0,0.0
692,7.299867754493846,0.0,0.004343522003580347,7.283815630749103,0.0,0.0,19.922870465712208,0.0,0.0
693,4.728253503823055,0.0,0.0,3.5929287847098976,0.0,0.0,7.054118041574611,0.8091028148866144,0.8091028148866144
694,40.24171436399743,18.581648100070282,7.117675168928258,6.83980705698761,4.427026551863236,0.0,34.00681665634792,20.626943989350934,29.611244746324473
695,2.7241276894694693,0.0,0.3235008522876228,10.527667497768903,0.0,0.0,2.7244303339022906,0.0,0.0
696,16.432773520884524,2.0837945040010766,4.7640212017020644,8.647094951389533,0.0,0.0,61.85377618196313,0.0,0.0
697,0.0,0.0,1.790581711480968,0.0,0.0,0.0,0.0,0.0,0.0
698,11.60077445223655,0.0,0.0,4.97580344792712,0.0,9.155106958992576,15.562295515231114,0.0,3.434222673080484
699,6.261668255915112,0.0,0.0,6.261668255915112,0.0,0.0,6.261908322666017,0.0,0.0
700,5.835522517938216,0.0,0.10777670095745862,6.171093687514485,0.0,0.0,30.89385581146726,0.0,0.0
701,6.734355360552257,0.0,0.0,13.955584012581,6.767101140473727,12.611276210900144,5.7978605273672486,0.0,0.0
702,22.628508665878314,10.756615555035609,9.584596080098464,27.560115920471247,5.313567137083226,0.0,4.426964713668696,0.0,0.0
703,15.259892423366324,0.0,0.09923804876689246,2.46571719534856,1.936699878877647,0.0,20.435088571732933,5.08847798968128,5.08847798968128
704,13.000149256230685,0.0,0.0,8.470472319592062,0.0,0.0,8.470472319592062,0.0,0.0
705,6.125347471774944,0.0,2.405632944462184,5.181724267581046,0.0,0.0,5.855842923956288,0.0,0.0
706,30.67694669650095,0.0,0.30837610331570886,12.197868467242529,0.0,2.101848691723802,12.144763477340746,0.0,4.421533675847911
707,5.960237369731658,0.0,1.9722640845809565,14.23112128803183,0.0,0.0,0.0,0.0,0.0
708,0.0,0.3499893773800977,0.0,0.0,0.0,0.0,0.0,0.0,0.0
709,26.465840715804745,26.465840715804745,5.769805159326296,8.570839988628308,8.570839988628308,0.0,1.0796270587180743,0.0,0.0
710,15.406478501921185,0.0,0.0,21.037917646833506,0.0,0.0,3.6388426925494457,0.0,0.0
711,0.0,1.5647797302201525,0.0,0.0,0.0,0.0,0.0,0.0,0.0
712,20.950503396396755,6.985658899008229,3.5917799688863,1.1372844742748498,0.0,3.4826708301897042,0.0,0.0,0.0
713,16.938953826719654,0.0,0.0,1.1588038308460114,0.0,0.0,1.147505512698018,0.6014611624081567,0.6014611624081567
714,13.830359457880775,2.5792976487347516,5.659170910363969,14.649395373284364,1.557418454407383,0.0,23.321598997360667,0.0,0.0
715,0.0,0.0,0.0577770920031071,31.716542736805735,31.716542736805735,2.6050969553917014,2.5881475616435523,0.0,0.0
716,54.17593088334107,52.67852262472488,45.07169498354014,26.180558934130232,26.180558934130232,0.0,7.012983677355493,0.0,0.0
717,20.15366958767396,19.198502606734138,33.66989112184007,5.3263639499851365,4.379269252093621,0.0,6.574732440140082,2.192962396325555,0.0
718,71.43593738468763,0.0,3.5518145386236597,30.544300374914684,0.0,0.6074183138703688,19.674837162549096,0.0,0.0
719,25.735943235122164,0.0,0.7735601236462344,19.90739058251816,1.8193730338637693,22.547365408292194,21.316798861678222,0.0,0.0
720,10.57538223572385,0.0,0.0,10.019898015365698,0.028454301999829568,0.0,9.989292193857494,0.0,0.0
721,7.5390608102669034,0.0,0.0,0.0,0.0,1.3644602930964709,0.0,0.0,0.0
722,28.149336659743057,0.4772013300830622,0.0,31.177352026786224,3.140814573069349,0.0,28.62568229277224,0.0,0.0
723,13.099372065616677,0.7022202176710266,0.0,9.352685568072786,0.9319135712540856,2.474373118296228,12.460584757937,0.0,0.0
724,0.0,0.0,0.0,16.87885514481738,10.79060490557248,6.22046009745975,54.161003813037354,0.0,0.0
725,0.0,0.0,0.0,0.0,0.0,0.0,0.0,0.0,0.0
726,8.364244599592922,0.0,0.3147423004018606,12.744967600926344,0.0,0.0,12.923196488153849,0.0,0.0
727,19.96592081319352,0.0,0.0,12.092150515781924,0.0,0.0,12.992361322748138,5.417890097137558,5.417890097137558
728,12.201756430800629,0.0,0.1442790038805697,2.3667904338425956,0.0,0.25116440460487865,0.7956026658912947,0.0,0.0
729,11.892823493129725,6.345705354250413,0.0,6.341181751542592,1.0083823498403888,0.0,9.961808718142379,0.0,0.0
730,24.846195987978007,0.0,0.0,4.6019008743122924,0.0,0.0,57.07673034202887,0.0,0.0
731,5.808991646944747,0.0,0.0,5.164808211633755,0.0,0.0,5.164808211633755,0.0,0.0
732,22.400392601087418,0.0,0.0,15.678344720946171,0.0,0.0,14.323840798402415,0.0,0.0
733,11.001441988848512,0.0,0.0,4.07926619900644,0.0,0.0,4.073612585858029,0.0,0.0
734,8.191296562114559,0.0,0.0,15.917428100816636,0.0,4.166679391302608,21.517153872255477,1.7865366340070636,1.7865366340070636
735,11.179654219274397,7.974940325208877,3.3559840608532454,7.143178646971336,0.0,0.0,16.368411789283073,0.0,0.0
736,0.0,0.0,0.0296858909795219,1.4499236672489246,0.0,0.0,0.0,0.0,0.0
737,40.61661692280123,8.043328394964163,1.3223132674823432,42.171667974257446,6.093846977269067,0.0,52.93754179426432,10.3577796129197,6.463699934585293
738,36.009236167968965,0.49958595412857676,0.5810487838266454,32.14201516567343,0.0,0.0,20.77528901441724,0.0,0.0
739,7.243875079583745,0.0,1.02625012991615,15.496734785743513,1.113487759007512,0.0,0.20205663466492751,0.0,0.0
740,0.0,0.0,0.0,10.780018452569806,0.0,0.0,2.3670787329235736,0.0,0.0
741,0.0,0.0,1.401403695973272,0.0,9.487928766977689,0.0,0.0,0.0,0.0
742,35.3593980102585,0.0,3.79582170164295,33.68873176664468,0.0,0.0,30.677577688453,0.0,0.0
743,7.867091383455062,0.0,2.7168820630188577,13.651590392725609,0.7374739852412233,0.7374739852412233,7.729631529050522,0.0,0.0
744,0.0,0.0,0.0,0.855977549008287,0.855977549008287,0.0,3.0479326592731866,0.0,0.5788416408453259
745,15.890270679805752,1.953058170131328,0.8190778320305299,10.273090643035914,0.0,0.0,19.031243956454205,0.0,0.0
746,3.2417124569063276,0.0,0.07801471724616249,2.6308472905816984,0.0,0.0,8.805558702459109,3.413187978179849,0.0
747,5.5914476542116915,0.0,0.0,7.6255003267853,0.0,0.0,5.590569512625592,0.0,0.0
748,6.418390985611694,0.0,0.0,11.874279880148833,0.0,0.0,3.9447106429429084,0.0,0.0
749,17.22980483141356,8.071645711776426,0.5077650079385307,6.958119574406851,0.45338509209895506,0.0,3.9604415854769286,0.0,0.0
750,20.272390490209602,0.0,0.389558813556107,15.77401941692662,0.0,23.912178415110816,18.361279493141666,0.0,0.0
751,3.821702678661211,2.231594898616976,0.42357947994196365,2.2662408143742425,0.676513838978849,0.0,2.266242511336344,0.0,0.0
752,4.223384108995731,7.185848028059468,0.0,6.038256381879222,0.0,0.0,33.061249598762174,0.0,0.0
753,23.42701252296979,11.147287172732092,0.0,6.019366860338323,0.0,0.0,5.469812254992291,0.0,0.0
754,25.027660164169305,21.603750416022336,9.42907227619179,2.8598806619963,1.5547482695442056,0.4519489928012774,4.496502264612133,0.0,0.0
755,13.633716711509436,0.0,3.976222412773211,18.252529100659643,0.0,0.0,20.378744300751038,14.869867219318337,0.0
756,29.32084454290606,0.0,0.0,21.262446630994162,0.0,2.831521910679811,24.59947881479809,0.0,0.0
757,17.285322680161443,0.0,0.0,21.52761442939007,0.0,0.0,9.589378166127574,0.0,0.0
758,4.9853173396479065,0.0,0.0,4.819862742141595,0.0,5.573262435591062,28.97243998299018,5.44243503749334,5.44243503749334
759,44.187806289997866,1.8748158771809074,0.0,12.905910275277932,0.0,2.603216341590894,27.03174166909568,0.0,0.0
760,1.310993013919358,0.0,4.4508627615473415,0.0,0.0,7.639357409296338,39.11011526395757,32.02165768982144,32.02165768982144
761,0.0,0.0,3.5476213488561825,0.0,1.416825992110148,0.0,0.0,0.0,0.0
762,6.316244685266611,1.5708615049192076,0.0,5.346369896311728,0.0,12.182674544185716,20.424789202092114,0.0,0.0
763,18.768099713270146,0.0,0.0,9.361719009733093,0.0,0.0,11.083112423986364,0.40522214281895685,1.0239805648409401
764,7.76484863712551,0.0,0.081700799452193,7.045795996704783,0.0,3.0721025784695257,6.895200514809858,0.0,0.0
765,5.729125411170372,1.8651574065227408,0.0,0.6060878947102424,0.0,0.7404444809191375,37.40494468743975,0.0,0.0
766,15.992568848792843,0.0,0.2616443683165244,17.40075622081369,0.0,0.0,14.575646076000822,5.85317532733967,19.113039811203294
767,12.108727977160584,0.0,0.8538013077354663,6.77647660740098,0.0,13.868932608814077,25.47364588177581,0.0,0.0
768,25.666674944802395,0.0,0.0,25.63141542641509,0.0,0.0,57.59072011396077,0.0,0.0
769,46.19871289340611,16.87817538718471,3.2735210045933627,22.01533506419625,4.748414988289795,1.5598179776696952,10.293682240764184,0.018878660989969376,0.018878660989969376
770,13.9111084447986,4.456930482831098,5.479003380710367,5.420587618565463,0.0,1.31067400083964,28.29535580285139,0.0,0.0
771,0.0,0.0,0.0,4.698954508438874,0.0,1.5037017310982037,0.0,0.0,0.0
772,8.888281635769943,1.2336972778035715,0.4097089481231819,29.004568527748603,0.0,0.0,6.640056161327408,0.28188553557208706,0.28188553557208706
773,21.69801024876017,0.0,0.11183793857338742,19.33574429051052,0.0,0.0,19.33574429051052,0.0,0.0
774,0.0,0.0,0.0,8.199811323003019,0.0,5.43901277739144,0.0,0.0,0.0
775,33.02479657108671,0.0,1.815862201093239,33.8385150429373,4.600287091027155,0.0,21.41516971187005,0.0,0.0
776,21.964401931122524,0.0,0.0,0.9618420331322568,0.0,0.0,0.0,0.9554932398835376,0.9554932398835376
777,22.095500022349313,0.0,0.0,13.691625468385325,0.0,4.79063964035862,16.4018973859599,0.0,0.0
778,14.062224772032408,0.0,0.0,8.238123199258126,0.0,0.0,107.00665267963106,7.831923449797159,0.0
779,0.5120155150242738,0.0,1.9004521573859279,3.1521302593293967,2.553755941960077,15.630538308842802,0.5564568787303301,14.286910875421086,1.2765181217222334
780,6.9477746996685426,0.0,0.0,14.89350970867389,0.6068928750418081,8.200254260121653,0.5050328638022847,36.82709955705991,36.82709955705991
781,0.0,0.0,0.0,0.0,0.0,0.0,2.361959276002409,0.0,0.0
782,12.813913232588817,5.547194021097795,6.253267152281239,3.296478780073727,0.0,0.0,2.231988320688629,0.9208276252260816,0.9208276252260816
783,34.84879759211137,0.0,2.13143079505312,25.38154174327488,0.0,2.0766406804562507,18.087290822885734,0.0,0.0
784,33.81752549612946,6.61297322645126,5.739532959979414,22.64878689238313,4.798753197232344,5.475592628689441,13.200593789155818,0.0,0.0
785,3.671169728533215,0.0,0.24012381095099045,10.170076831220314,9.499437827487753,3.898785442946547,3.1207624092035644,1.921940824794035,1.921940824794035
786,0.0,0.0,0.31193532409645286,0.2637042417786972,0.2637042417786972,0.0,0.0,0.0,0.0
787,10.04588448462303,0.0,0.0,7.2140587683617525,0.0,0.0,20.132183195259643,0.0,0.0
788,7.107542780408494,0.0,0.017268864957657115,16.450314920527887,12.747980154662741,0.0,3.477190315632299,0.0,0.0
789,12.707895768755606,12.512695959031731,3.60125052276382,48.706553602530136,48.706553602530136,0.0,28.687824482213983,1.436559451123145,16.64542281952089
790,3.700075752200206,1.0712145452492337,3.124599862130083,10.489906185017787,0.0,0.0,5.37081715899086,0.0,0.0
791,20.08398392252397,2.591768559493289,0.37296021674274016,15.449703417683736,10.252331632624504,0.0,15.378380608521525,0.0,0.0
792,1.272398843226398,1.272398843226398,0.0,9.295922983826244,0.0,0.0,59.044986807983804,0.0,0.0
793,35.086584716703015,0.23711746690574387,0.0,22.295554608617152,6.236034987674259,0.0,82.3947153881416,0.0,0.0
794,21.085633577163634,0.0,0.9587217289452212,18.254559827378017,3.2543601130639956,3.8876340073728954,12.899043416503389,0.0,0.0
795,0.0,0.0,0.0,0.0,0.0,5.2097487241467775,0.0,0.0,0.0
796,20.42786944777609,0.0,0.0,43.6408193093591,0.0,0.0,10.4910170625065,0.0,0.0
797,0.0,0.0,0.0,7.244576777978125,0.0,4.0249094881514225,0.0,0.3177711702857664,10.122905259640532
798,8.605443170280438,0.0,0.0,22.78557644763663,0.0,0.0,6.758768799166035,0.0,0.0
799,5.895864473573425,0.0,6.305272175102459,12.485747927064011,9.521435990700382,0.0,2.964311894157049,1.3396729093688577,0.08555130234907438
800,4.262227724743525,0.0,0.0,11.868083029857786,7.663952229982243,0.7157982418962945,14.514978385206263,0.0,0.0
801,0.43562559428835357,0.0,3.6813647306373127,7.137506247789048,6.99640702386003,7.942045303394423,0.0,0.31787225022219445,0.31787225022219445
802,11.632028922782638,0.0,0.48426292859653586,10.42380096988083,0.0,0.0,10.42380096987472,0.0,0.0
803,8.121446357136762,2.601526396207305,0.21987036092139078,7.42711204263,2.601526396207305,0.0,7.42711204263,0.0,0.0
804,11.869736176223114,1.1792683499838859,0.0,6.092517937801119,5.002519492292208,11.352013531638363,0.0,0.0,0.0
805,1.3824226321308402,0.0,0.234451560508262,0.7193955336624924,0.0,0.0,9.268392196249636,3.3961682424036326,7.182730204605548
806,6.177667526640647,2.182170763194989,1.278978789692843,11.35570894097853,7.7050593464309145,1.9401586661702481,0.0,0.0,0.0
807,13.638533065474945,0.0,0.6596763139090172,67.3225289414795,0.0,0.0,12.634616794972118,0.0,0.0
808,18.60831075809068,0.0,6.970531398692913,6.28716023092494,0.0,1.0203596860784216,19.151798819626947,5.284217699228577,0.0
809,9.658673280675117,0.0,1.9117104416104667,0.23507988151817472,0.0,0.0,0.0,0.0,0.0
810,0.0,0.0,1.34352180625973,0.0,0.0,0.0,0.0,0.0,0.0
811,26.50541416230027,4.826429544008079,1.596562462525469,20.22359516730458,0.0,0.0,33.15065244660431,0.7086408257987671,3.9356693146200996
812,70.48837372412456,57.32730234035179,56.36386442353046,43.589393984504596,23.522687982290392,0.0,11.249078596363915,0.0,0.0
813,11.56492286653318,0.0,0.29677567380144865,5.62283011034296,0.0,0.0,6.777866610150056,0.8316461036442604,13.76030142391079
814,15.34703415762013,0.0,0.0,13.195510616913367,5.1174197197740625,2.1152521813958174,24.38573334408946,6.515136005045008,14.602337546436331
815,17.698089551172274,8.018299951094576,3.2650243618973604,26.56329901830489,26.933899760541095,5.137833841881189,5.71578869092059,0.15168683921172033,0.15168683921172033
816,15.999577418392505,0.0,0.11357723671665099,0.0,0.0,0.0,0.0,0.0,0.0
817,49.46219808634274,1.7343313236495135,0.0,5.235680310932281,0.0,0.0,3.632549179780142,0.01290344438041302,0.01290344438041302
818,18.244400467350516,0.9153687689031926,0.0,92.76046430995277,49.146435869213406,3.5606096316339517,36.618299011119234,0.0,18.108360080435233
819,51.34767533739159,44.71525408204255,41.83014853699399,7.836505851404127,1.2040845960553952,0.0,8.118737341093748,0.0,0.0
820,0.0,0.0,0.12424044436590975,11.579018939319724,5.768515938873804,4.937459129077695,5.325213355223013,0.3586539408415206,12.487926753131092
821,11.352655879895565,0.0,0.0,25.394408105840796,0.0,0.0,4.616751321312108,0.6930167611557181,0.6930167611557181
822,24.154836581228636,0.0,0.0,26.250640818183825,0.0,0.0,22.890435901566605,0.0,0.0
823,9.793063209611745,0.0,1.4273643803282425,4.682219723029647,4.099447607837959,0.0,15.259375134740992,0.0,0.0
824,7.645784535822543,0.0,0.35921513326229615,11.956699213838618,0.0,12.332810717574006,77.50730494460865,0.0,9.906450216365243
825,34.821566903794576,0.0,0.0,14.125364004953525,0.0,0.0,12.702571304177894,0.0,0.0
826,7.461848086178492,0.0,0.0,6.523933837990711,0.0,0.0,11.647037949305883,0.0,0.0
827,18.32680815720181,12.178028915048685,6.816596658331974,13.301916159537285,7.153134895446243,0.0,192.33548121955553,23.419035363907255,4.05955920809248
828,0.0,0.0,0.0,0.0,0.0,0.0,0.0,0.0,0.0
829,3.5682542032903655,0.0,0.0,2.6634522867679493,2.6634522867679493,0.0,0.0,9.08742879331183,16.743245878986784
830,7.720829440905447,0.0,0.0,7.720829440905447,0.0,0.0,7.720829440905447,0.0,0.0
831,15.010739320996692,0.0,0.494754792481217,7.293602754882386,3.3509565834331454,0.0,5.522599233810524,8.100906545170602,5.796173679901926
832,0.0,0.0,0.0,1.0776952743132426,1.0776952743132426,0.0,4.066298133234227,0.0,0.0
833,18.356846150622715,0.0,0.0,31.752671678848145,0.0,0.0,21.532012385251335,0.0,0.0
834,4.165598541684915,0.0,0.0,6.52890912414972,0.0,0.0,14.45222762119269,0.0,0.0
835,7.2680590348147405,7.2680590348147405,2.6140071292252287,0.0,0.0,0.0,0.0,6.210513079324585,6.210513079324585
836,33.42406109720619,3.7572749350056256,0.0012839790407497276,38.4387881744141,0.9868794764584266,0.0,29.417606155594854,0.0,0.0
837,0.0,0.0,0.0,0.0,0.0,0.0,33.28067634703399,0.6345704939809025,0.0
838,51.65540338420152,20.277245796989092,10.800368266917843,57.6477162522377,33.38676982476301,6.006310900243051,43.39732454235977,0.0,0.0
839,11.991841821460326,2.739615251999254,0.8834709571767121,36.909615488390045,0.0,5.304036720325058,31.185740288795586,0.0,0.0
840,0.0,0.0,0.0,0.0,0.0,0.0,4.089976754951579,0.0,0.0
841,13.104254321290995,0.0,0.0,22.243759833856217,0.0,0.0,5.512403361506983,0.0,0.0
842,24.834931060157004,0.0,0.2841251013010151,27.841979190118565,0.0,0.0,17.331887418273567,0.0,0.0
843,10.786426449712025,0.0,0.7648465659413546,10.785187302704543,0.0,0.0,74.53674381273379,3.6832356825499346,0.0
844,4.3352706389610205,0.0,0.0,6.841766669511088,0.0,0.0,1.6639716549330217,0.0,0.0
845,0.051556910741510364,0.0,0.0,0.0,0.0,0.0,0.0,0.0,0.0
846,6.351142578733885,0.0,0.9278268305850474,4.042462599833868,0.0,0.5147661626374429,1.402097910124894,0.0,0.0
847,19.107116325346283,2.4506674165501465,0.0,20.313436738422382,5.845613182876065,0.0,31.91170150443844,0.0,0.0
848,7.939595928158724,0.0,0.015903078763926715,6.5996718887755605,0.0,0.0,6.5996718887755605,0.0,0.0
849,3.0923152680662156,0.0,2.4670772827777796,46.614603338532845,0.0,1.1481652604314831,0.2063510398620565,0.0,0.0
850,26.04489836028938,0.0,0.2874146589347788,0.0,0.0,0.0,3.7987595354889265,0.03596656100154405,0.03596656100154405
851,1.5007647172196812,0.0,0.0,0.9228488192117084,0.0,0.0,0.9228488192117084,0.0,0.0
852,5.765889649025667,0.0,3.9707493921806076,2.5055557284223084,0.0,0.0,0.0,0.0,0.0
853,7.538018170634189,2.8209519125164206,1.3830047647971355,14.479016225996872,7.951284287846022,1.4730803790079108,7.158888005738845,0.0,0.0
854,0.0,0.0,0.0017779444659140609,5.340017956133522,0.0,0.5875503906153767,8.9331750498431,0.0,0.0
855,14.162117264252714,0.0,0.3516390021335951,1.27958251270735,0.0,0.0,49.87301085856842,63.31850871927605,38.068335658910826
856,17.322163317728098,12.695267217404876,4.342785765633863,4.817854388611863,0.0,11.303774968699628,33.38280841682638,20.093517304627483,32.14906617829672
857,13.65260272429154,0.0,2.6522354799696757,15.681530424064334,0.0,0.0,56.26527168769118,0.0,7.06826152765089
858,12.66016853925538,0.0,0.6524259386248161,11.462503983942554,0.0,0.0,11.462503983942554,0.0,0.0
859,13.255070753596868,0.0,0.0,22.09731124345356,0.0,0.0,31.206788112960197,20.163669728560365,17.71889524199611
860,45.7944073532054,35.974882931847446,18.343132377123908,15.378748942906725,5.163145063952925,4.715324886465112,0.7069157991057864,0.0,0.0
861,20.560083786722913,4.887759065047703,4.715337339506249,8.182813505245946,0.0,0.0,8.182813105887476,0.0,0.0
862,8.791760900295543,0.0,0.47557863753650054,19.06749697688076,0.0,0.0,5.24311094803474,0.0,0.0
863,7.036095710411303,0.0,0.30759341131658857,8.490017176542835,0.0,1.9905514317014763,5.749323663690461,0.0,0.0
864,1.1913643297062322,0.0,2.2344880405024696,1.0921918064516376,0.0,0.0,0.655349520269624,0.0,0.0
865,28.500158554093474,5.019160130391299,0.0,15.155649154704776,0.0,0.0,7.5067602680111065,0.0,0.0
866,5.303127445084101,0.0,1.7000987810474726,5.833576273360336,0.0,6.27097482960383,9.322238836855718,0.0,10.744415249756116
867,21.926019866494357,0.0,5.175274395985554,20.610514267266126,0.0,0.0,11.269627822540116,0.0,0.0
868,6.975890811142534,0.0,0.0,16.591196318404144,0.0,0.0,78.94657507472562,0.5698077883509995,0.5698077883509995
869,22.60088814617106,8.109656475524929,4.221145824985371,31.07090850362181,14.598772916250596,4.419856432211475,37.47868907630854,3.7474933672449993,3.7474933672449993
870,1.3249024004961711,0.0,1.9268000521507815,7.911561496606055,5.074787894679503,54.82767860733938,29.403007652847748,0.0,0.0
871,22.069764212470602,15.265743455357722,2.7486542640682785,7.6652740129233905,6.174884026682065,0.0,93.38760475950642,7.937849594769716,0.001256596617622563
872,20.984382288455294,20.984382288455294,8.394561854842237,1.8990700588830691,1.8990700588830691,0.0,7.032868342426042,0.0,0.0
873,10.412483314770697,0.0,0.3134073953977463,16.45438453307679,0.0,0.0,0.5039117662405488,0.0,0.0
874,3.2061260588861558,3.2061260588861558,0.0,6.7224256882769,6.7224256882769,5.038355497956701,0.0,0.0,0.0
875,8.670060832842296,0.0,0.0,0.6350408982809199,0.6350408982809199,0.0,0.0,0.0,0.0
876,0.58429726591487,0.0,0.1848608278077677,0.8121137207144784,0.0,0.0,3.6477563108837785,0.0,0.0
877,0.0,0.0,4.543453782195343,0.0,0.0,0.0,0.0,0.0,0.0
878,0.0,0.0,0.0,0.2616611079720883,0.0,2.145798775798596,0.0,0.0,0.0
879,38.81019347380757,12.076443817506288,12.311616464095351,46.851613611700685,25.821410252597815,0.0,67.46397272151714,5.748136122343908,5.748136122343908
880,15.4972314996742,2.570373959165323,0.0,63.221756637101095,0.5895424134061216,0.06346068637799362,24.14324315952365,1.2298134224911053,0.0
881,9.514264071668094,0.0,0.0,9.514264071668094,0.0,0.0,9.514264071668094,0.0,0.0
882,94.04169664201316,0.5111802607758307,11.681007424081145,26.805840025433497,2.2149962483371723,2.2964861656092523,51.0934602204143,0.0,8.454434158830566
883,3.7898117355144336,3.7898117355144336,0.0,0.0,0.0,0.0,0.0,0.0,0.0
884,46.68853262001653,0.0,0.4293370586798346,30.945204136236214,0.0,0.0,69.0170173579908,0.0,0.0
885,0.0,0.0,0.0,0.0,0.0,0.0,0.0,0.0,0.0
886,0.0,0.0,0.0,0.0,0.0,0.0,0.0,0.0,0.0
887,0.0,0.0,0.0,0.0,0.0,0.0,0.0,0.0,0.0
888,15.422235433463356,0.0,0.0,36.70741433503565,10.838457095268723,3.1618866724525674,10.581523674265014,0.0,0.0
889,0.0,0.0,0.0,0.0,0.0,0.0,0.0,0.0,0.0
890,0.0,0.0,0.0,0.0,4.998145788558077,0.0,0.0,0.0,0.0
891,28.177343498211542,0.0,1.3002706227973135,91.19901369997399,53.66269150146567,4.669876256472747,22.211059976974383,0.0,0.0
892,0.7737994540069337,0.0,0.0,0.0,0.0,0.0,2.811250621315736,8.553178733703959,15.070011840775976
893,11.00174294078812,0.0,0.06316254144900313,10.55186044856299,0.0,0.0,0.0,0.0,0.0
894,32.231754990999605,9.231166810625894,9.148790096188094,48.14931388609469,0.0,0.0,33.02609419086707,4.529926642910425,4.529926642910425
895,29.6914481142517,14.095102310472328,2.718679085941204,14.499858229042985,1.1596494584331367,0.0,14.11514346681156,0.0,3.4986407435255558
896,11.216491404981355,0.18951874202551267,0.0,20.348705411186273,0.0,0.0,17.37338645775108,0.0,0.0
897,0.31048981606977577,0.0,0.1335512431155621,0.31048981606977577,0.0,0.0,0.31048981606977577,0.0,0.0
898,24.100480040351073,5.3387787815428,0.0,8.108082278822991,5.3387787815428,2.9452715363097184,8.108082278822991,0.5570017791128521,0.5570017791128521
899,13.890927130498142,2.6220031169434037,0.12746584514346182,6.145560365313116,0.0,0.0,2.873393472789701,0.0,0.0
900,1.08928974835257,0.0,0.0,0.0,0.0,0.0,0.0,6.354543907805436,9.119656559187689
901,35.12210331777001,7.219912575789408,0.0,19.09598648875371,0.0,0.0,20.22604430350242,0.2835027947736819,0.0
902,18.918823947040863,18.918823947040863,21.950242694921968,3.899072983284583,3.899072983284583,11.578073946837435,1.5752839878796294,0.0,0.0
903,13.490364147541754,6.667625270063155,0.37647155163460866,3.8989794925323054,0.6700240666986019,0.0,10.946526749848317,0.0,0.0
904,13.755788608192773,0.0,1.7473333861191236,19.014636391080018,0.0,12.712077853450467,12.172751166759127,0.0,0.0
905,14.207726564039177,0.0,0.07514232982902058,12.028701887066887,0.0,0.0,8.357062640394844,0.0,0.0
906,11.467509894989803,4.803975634153403,3.88208892029121,6.273843401057405,0.0,0.0,0.6469776577391713,0.0,0.0
907,2.706535528767347,0.0,0.09282376975215811,0.0,0.0,1.3850955865443666,26.91666468510587,0.0,6.9215262597229525
908,20.46995068614396,0.0,0.0,0.0,0.0,0.0,0.3429949800213876,0.0,0.0
909,15.65924232221468,0.033364547569078695,0.0,28.740422574976066,0.0,1.3588059097211556,41.18706412548292,3.2783017626381934,3.128081307121022
910,0.0,0.0,0.0,0.0,0.0,0.0,0.0,0.0,0.0
911,7.109643279374637,1.8483491900427964,1.8369791578422223,0.7694628761483955,0.0,0.0,0.7641160132175173,0.0,0.0
912,0.04350168610287142,0.04350168610287142,0.0,0.6136246683676916,0.6136246683676916,0.0,0.0,0.7640587150277725,0.7640587150277725
913,0.0,0.0,1.065397176370766,0.0,0.0,0.0,0.0,0.0,0.0
914,0.0,0.0,0.4119106082310964,0.0,0.0,0.0,0.0,0.0,0.0
915,71.24387858420607,0.0,1.6141609592173154,54.76480371404088,44.816628935690545,2.158259404620793,17.58309578468578,0.0,0.0
916,0.0,0.0,4.301957905143411,0.0,0.0,0.0,68.61176054582396,0.0,0.0
917,27.114205691370728,0.0,0.0,11.826170609477487,0.0,0.0,30.790873579808675,0.5791441997357651,0.5791441997357651
918,34.980498661401896,34.980498661401896,16.87658175620726,3.817806975712813,0.911676022900366,4.645464309128272,0.0,0.0,0.0
919,38.280329396500946,0.9015576726334302,1.5934217796531414,13.656116439142068,2.7876542586052437,8.41885163038674,84.77064842823214,0.07970030109993331,6.23592804935214
920,5.619046348019538,4.99391710603453,0.8561700149423928,80.32953389349643,80.32953389349643,1.553968646988153,9.592376938117297,0.0,10.150660164921533
921,6.70633507017817,0.0,0.0,6.70633507017817,0.0,0.0,6.70633507017817,0.0,0.0
922,0.0,0.019729132732436483,0.0,0.0,0.0,0.0,0.0,0.0,0.0
923,13.452165424028095,5.120665687820264,9.546032519771586,10.490100610291961,7.452926088551976,0.0,20.528688944442536,0.0,0.0
924,0.0,0.0,0.0,0.0,0.0,0.0,0.0,0.0,0.0
925,10.766249871023831,0.0,0.49481762703044296,16.34669629924221,0.08283409289694532,0.0,20.23546363961907,0.0,0.0
926,12.102407647774754,0.0,0.0883968625071816,11.450527139330632,0.0,0.0,11.271541428472403,0.0,0.0
927,2.7994214142249234,0.0,0.19046110797148685,25.858984653399517,0.0,0.0,1.8008021737533113,0.0,0.0
928,32.34876434085467,0.0,2.8421006223404675,33.44676997403596,10.740639499707243,0.693592339276222,48.79172104266445,5.000048579537207,3.6853700249271526
929,18.717199622014192,4.631703058959545,0.18420758648414903,4.226737150237739,0.0,0.0,16.977113799136816,10.40138856447959,14.780649880203867
930,1.3005961819645222,0.0,0.0,0.8685410720527784,5.425182346080305,0.0,5.891807740393688,0.0,0.0
931,20.226256075812074,14.402994378011158,7.45993495337882,19.172707191267307,12.167030220537129,0.0,21.126118383663055,0.0,0.0
932,27.490518011339077,1.2257357695125393,0.0,24.191856258846997,0.0,0.0,22.886543511511263,0.20775847436669892,0.20775847436669892
933,1.2095752563421343,0.0,0.08737204377007401,1.119828942934248,0.0,0.0,1.119828942934248,0.0,0.0
934,6.193919733518328,3.7414026838167445,2.4764323790113565,7.593626243902293,0.0,0.0,0.4643601813727969,0.1590376120492465,0.1590376120492465
935,10.14957089489016,5.441379134713344,1.4304506620789539,8.337676317094036,4.20173889492915,2.056632868319582,54.76098751357222,0.0,0.0
936,41.444686219842,3.151044267448299,0.0,32.477566402734766,2.380432768399345,2.2309610298785287,21.932838714288494,0.0,0.0
937,15.252078150011585,4.776128548751785,1.9206612790758015,51.61350230129145,9.519339702545636,0.0,3.2996886479361365,0.5108271393781934,0.5108271393781934
938,4.761078665029061,0.42039815842059625,0.28502989102224774,1.8162506501116127,0.0,0.0,14.36057033168305,0.0,0.0
939,5.871484369559084,0.0,0.0,3.028582352563376,0.0,0.0,2.3489503793044832,0.0,0.0
940,18.59750900307523,26.416753835164798,11.937469214856662,0.0,0.0,0.0,0.0,0.0,0.0
941,12.515310577398935,0.0,0.2788659572676693,12.51562583714022,0.0,0.0,43.17933614860763,0.0,0.0
942,51.64583002880033,51.64583002880033,53.135175290157605,1.7046019753076393,1.7046019753076393,0.0,26.53696345800728,0.0,0.0
943,29.501384680583413,8.615164362138955,3.1703294193799536,13.441336952754767,4.775874744365893,0.32026819930842976,40.43720793372054,0.0,0.0
944,4.69628690352215,2.6837821997572178,0.0,10.43002337101359,10.43002337101359,17.4601810813638,3.4916367603863705,0.0,0.0
945,48.03179797848466,0.0,8.633456119521782,21.109235380264323,0.0,0.0,35.68806820099488,0.0180566518151295,0.0180566518151295
946,7.094351769600536,0.0,0.05617300600312092,8.855702833340871,4.816958576577406,0.0,7.165886452647385,5.200079602149714,0.5328377844285228
947,7.20771262781102,0.0,0.0,8.82329439261784,0.0,0.0,7.128206407260279,0.0,0.0
948,0.5376283798071029,0.0,0.13389392988270288,12.349141890518553,2.2373184321451447,3.1662453383574416,6.61894270806161,1.7292477953578214,1.7292477953578214
949,38.26898309259599,0.0,4.4864041217919635,18.37104128344447,0.0,0.0,14.49415689261673,0.0,0.0
950,22.57448809252506,0.0,0.17926328209125586,17.079775256877667,0.0,0.0,27.648671420190425,0.0,0.0
951,6.297129845418766,0.0,0.0,14.603457870954173,0.0,0.0,18.005732024065935,0.0,0.0
952,15.97787036173844,1.998726539599602,1.9873542401743975,15.037169547983694,1.5484102970333709,0.0,16.564493612993232,10.173614104186527,10.584469380574603
953,0.0,0.0,0.0,2.7970418315034635,2.4666979508555755,3.4321023319829465,136.86295161219127,0.0,0.0
954,1.2151360465959442,0.0,4.443445822458727,0.3900363510550733,0.2535644914448767,0.0,4.452668991921655,10.625986226295822,10.625986226295822
955,3.1761318570541164,3.1761318570541164,0.0,0.5949142084845391,0.5949142084845391,0.5949142084845391,0.0,0.0,0.0
956,10.054426047009429,0.0,0.0,7.422181698266655,0.0,2.5738609322062302,7.422181698266655,0.30630226957168816,0.30630226957168816
957,28.967282307521458,6.347169147065898,2.6114327539661986,6.9660877547692905,6.9660877547692905,0.0,12.385477379846805,2.8391034724076576,0.0
958,0.0,0.0,0.6348332925850855,6.257152377103523,6.257152377103523,18.99953229966664,0.0,0.8148042064036645,0.8148042064036645
959,5.125756459943062,0.0,0.6540690176028647,4.590637269122482,0.0,0.0,4.590637269122482,0.0,0.0
960,3.098816278860511,0.0,0.3236296660356288,0.0,0.0,0.0,6.612924164447065,0.0,0.0
961,0.0,0.0,0.48941364054269343,0.0,0.0,0.0,0.0,0.0,0.0
962,15.109411419793418,0.0,1.5130311625720765,20.68527430396165,0.0,0.0,17.973249353664386,0.0,0.0
963,19.087683860897698,1.893574851280306,1.962284704964361,9.70055544310759,4.547253501521027,0.0,0.4003604543148356,0.0,0.0
964,0.0,0.0,0.0,0.0,0.0,0.0,24.161489881258035,0.004511995628377008,4.877741843017759
965,3.103878621002792,0.0,0.6227979521989084,0.0,0.0,0.0,0.0,0.0,0.0
966,0.0,0.0,0.017887376425221646,0.7396728011391929,0.7396728011391929,0.7396728011391929,0.0,0.0,0.0
967,50.595635508462806,0.0,12.40793473341165,42.91868738344368,0.0,0.0,32.90270953400031,0.0,0.0
968,8.133085844168448,1.2168350331478166,2.7477991561636372,5.055907279485098,0.0,2.6455664097434237,4.128239471862287,0.0,0.0
969,5.916392057922451,0.0,0.0,5.919291188466616,0.0,0.0,9.005515161805704,0.05021517769057482,0.05021517769057482
970,20.76638632908842,13.151564988994778,6.022372224805451,1.8569212418390748,0.0,0.0,31.545541658218184,0.0,0.0
971,15.697361965081058,0.0,0.0,16.576880482310486,13.643604570584216,0.0,10.621129209151633,0.0,0.0
972,0.0,0.0,0.0,0.0,0.0,0.0,0.0,0.0,0.0
973,0.9404599381404068,0.0,0.0,0.0,0.0,6.429196232619574,0.0,0.0,0.0
974,60.368058136277796,0.0,3.255516746836406,16.347323602123254,0.0,0.0,16.348022685329823,0.0,0.0
975,4.396687158514965,0.0,0.28722458367144554,7.257631975830122,7.4088901933202465,0.0,35.24138890454685,0.0,0.0
976,14.896858823911998,8.839300283918021,8.298431359722258,6.302336472883951,2.875720812824568,0.0,0.16557486728049753,0.0,8.673671811809157
977,16.095732533545316,0.0,0.9259317233771753,15.144374794478864,0.0,0.0,36.19890950700497,0.0,0.0
978,25.979916747519667,0.0,0.0,23.2444421247329,0.0,0.0,9.372109421799934,21.940695144160372,21.940695144160372
979,25.244912997295046,0.0,1.6167542005426299,8.781394333736074,8.781394333736074,1.0811370815705743,4.329453059131481,3.067928790386418,3.067928790386418
980,2.213569509169389,0.7336817985044775,0.0,7.536307466909989,2.3164897880907347,0.0,9.198651845982852,0.1330717320569761,0.1330717320569761
981,6.346102325901313,0.8119348601192371,0.0,14.828725720771587,0.0,0.0,0.0,0.0,0.0
982,1.6181888347115603,0.4068431876432044,0.0,0.0,0.0,0.18312165845452455,0.0,0.0,0.0
983,6.329195131943209,4.902972426892632,0.0,3.569871265023181,3.569871265023181,0.0,28.374490803425033,9.79337176182571,9.79337176182571
984,20.37802330015103,20.37802330015103,14.51808901882444,10.941132122460061,10.941132122460061,0.0,0.0,0.0,0.0
985,15.656178397620636,0.0,0.0,15.849257275346986,0.0,4.86191814396625,7.731688100061632,0.6990029323173985,0.6990029323173985
986,0.0,0.0,0.0,0.0,0.0,0.0,0.0,0.0,0.0
987,14.029884647861365,0.0,0.17048690921473053,24.585313077942175,5.792175978278408,0.0,12.045946160342567,0.0,0.0
988,85.40365111207225,77.43271418171813,55.92705603072889,112.24986540592474,106.6722720253513,6.65482165116083,37.00396780745561,0.0,0.0
989,11.751787497020814,0.0,0.0,8.417946351748554,0.5155741794883966,0.0,8.810676601260923,0.0,0.0
990,18.55903738371947,1.6646863899339621,0.0,11.828775989287067,0.0,0.0,5.819038529203567,0.0,0.0
991,1.9936751894422855,0.0,0.0,28.94856225629104,6.367922524563085,14.606058495532011,82.8297634601027,3.7110165146325187,0.0
992,39.05629702149173,0.0,0.8358636611897623,23.827563383797298,0.0,0.0,32.93094395650286,0.0,0.0
993,0.0,0.0,5.316347825653338,0.0,0.0,0.0,4.314141676364272,3.643558540297022,3.643558540297022
994,1.9432072048068676,0.0,0.0,1.9432072046541293,0.0,0.0,1.9432072046541293,0.0,0.0
995,7.990469742512829,0.0,0.0,91.19370813667257,0.0,5.402950145067081,5.824032564295976,0.0,0.0
996,19.07312782375803,0.0,0.9257870706454128,12.298022385616065,0.0,0.0,23.901514427752062,24.4061472861122,28.704138899508166
997,7.123457819860249,0.0,0.0,7.821488230581963,0.0,0.05804213470395325,6.3711387429781325,0.0,0.0
998,11.695754547441936,0.0,5.057759260316288,10.15555389567001,0.0,0.0,11.498386529907606,0.0,0.0
999,3.750375016824762,0.0,3.6559892655355952,3.0191119623138434,0.0,0.0,3.0191119623138434,0.0,0.0
