scenario_id,eta_0p00__OR-Tools,eta_0p00__ALNS-Mean,eta_0p00__ALNS-CVaR,eta_0p35__OR-Tools,eta_0p35__ALNS-Mean,eta_0p35__ALNS-CVaR,eta_0p70__OR-Tools,eta_0p70__ALNS-Mean,eta_0p70__ALNS-CVaR
0,18.390958130604048,0.0,0.0,10.347354930692461,0.0,0.0,14.569387812608085,0.0,0.0
1,6.9841257810351465,0.0,0.0,2.312909362408618,0.32063933544515066,0.32063933544515066,5.59844120802569,0.33198818011817366,3.535998107581122
2,27.611387368252906,0.0,0.0,23.93612576177128,0.0,0.0,21.35286585289407,0.0,0.0
3,15.62080012156585,0.0,0.0,16.907237455655945,0.0,0.0,10.663216242378354,4.320675146946542,0.0
4,11.034044815857499,0.0,3.4418463449256365,21.91691192382163,0.0,13.81026273613196,11.034043205453088,0.0,0.0
5,6.568918222555681,0.0,0.0,1.9269068125455533,0.0,0.0,3.2131209565635004,0.17801882843787098,0.0
6,5.4049382821866345,0.11623107592112092,0.11623107592112092,11.727207974761427,1.7222377991204212,0.0,14.912240504316003,0.0,3.494196846837383
7,57.98376313397881,0.0,0.0,19.823480845536523,0.0,0.0,13.374279264614557,0.0,0.0
8,0.0,0.0,0.0,0.0,0.0,0.0,0.0,1.7716150709504745,0.0
9,0.0,0.0,0.0,24.126634838672175,1.8629681453243734,27.941238216768255,0.0,0.0,0.0
10,2.49701336977256,0.0,0.0,2.8000280651087905,0.0,0.0,0.19971661852662237,0.44834616610819467,0.0
11,20.568532667185565,0.0,0.0,24.579818104334663,0.0,0.0,32.94818959104987,0.15487046530705584,0.0
12,5.143534884350686,0.0,0.0,0.5253124247549295,0.0,0.0,0.5253124247549295,0.522336274914494,0.0
13,16.345488461559285,0.0,0.0,48.70494803715778,0.0,0.0,15.256626964346879,0.0,3.345817114151316
14,2.07699688033793,0.0,0.0,2.07699688033793,0.0,0.0,2.07699688033793,0.0,0.0
15,7.641752892920437,0.0,0.0,0.8805221793465989,0.0,0.0,23.186485403204784,0.0,2.510459547210189
16,0.0,0.0,0.0,0.0,0.0,0.4773016930209337,38.15927757106405,0.28611239551469225,2.6144750848664557
17,5.410076211698538,0.0,0.0,5.395133410676408,0.0,0.0,5.395133410676408,0.10866449352795371,0.0
18,2.386479152525169,0.03852013825468248,0.03852013825468248,13.783357663801723,0.03852013825468248,0.0,20.597672285009708,0.0,0.03852013825468248
19,11.12941452733881,0.0,0.0,21.998803827906187,0.0,0.0,12.74844823247821,0.0,0.0
20,28.26016344364797,0.0,0.0,9.983020041453216,0.0,0.0,8.356042856059446,0.0,0.0
21,9.489337404319343,1.5716799439363172,1.5716799439363172,12.939625940121942,0.0,0.0,10.302189870606952,0.6838153145667434,0.0
22,36.92126710349038,0.0,0.0,36.897988290744735,0.0,5.99880195281213,7.880693856078011,0.0,2.3502703758189796
23,3.2182721200468904,0.0,0.0,11.969339657572789,0.0,0.0,14.981221211832661,0.0,0.0
24,17.492873910967404,0.6147032960240608,0.6147032960240608,0.0,0.614703470116126,0.0,9.011521402373347,8.507903813512911,12.008140610243714
25,30.442761776907332,0.0,0.0,39.457064939429785,0.0,0.0,47.55940429402307,2.72484578074409,10.840756306035018
26,34.28953764933368,0.0,0.0,5.080121260034446,0.0,0.0,29.409386666241886,3.7679635362199804,0.0
27,15.540203471974792,0.7556710291763125,0.7556710291763125,19.819800205948866,0.0,0.0,17.5485119761627,0.003259103567643251,0.0
28,20.25166500517642,0.0,0.0,4.695379010087663,0.0,0.0,3.288653445481202,0.17625291191865244,0.0
29,4.402172855037634,0.0,0.0,23.410364229634155,0.0,0.0,0.0,0.7343793644469088,2.095204284573839
30,1.69279760039052,0.5160703629343857,0.5160703629343857,0.8649228680158103,0.5160703629343857,0.0,0.8649228680158103,0.0,0.5160703629343857
31,0.0,0.5696880848030332,0.5696880848030332,0.0,0.5696880848030332,0.0,1.7800540165586085,0.0,0.5696880848030332
32,32.007302288350445,0.0,0.0,14.880021393337984,0.0,0.0,98.13865736515606,57.03741356380755,0.0
33,16.193942537682233,0.0,0.0,17.077761520264886,0.0,0.0,12.851667787312095,0.0,0.0
34,2.2332092183157783,0.0,0.0,9.730251081549596,4.378401803064662,4.378401803064662,1.7782641716077023,0.4681800464460366,0.0
35,0.0,1.0829113878836552,1.0829113878836552,1.393986014963673,4.39629742044599,0.0,15.857979966842066,3.701514480919144,0.0
36,4.08492128953327,0.0,0.0,2.8598585288834215,1.7074471660948802,0.0,0.7711939000867005,0.48027657057843953,0.0
37,6.659197943697393,0.0,0.0,8.859383438356161,0.0,0.0,5.809918013068,0.7514571611970382,4.54972531552886
38,0.783651893290255,0.0,0.0,0.0,0.0,0.0,0.0,15.010845819581277,26.513874621415823
39,9.862771490277709,0.0,0.0,3.092510273745802,1.660209082325423,0.0,0.44873698344528634,0.09197181886815997,0.0
40,3.1821182740302163,0.6021525132057945,0.6021525132057945,7.7587116661706546,0.6021525132057945,0.0,9.241574761483463,1.686956072786586,0.6021525132057945
41,17.59898503471024,0.0,0.0,22.682992076206062,0.0,0.6451789083857875,27.087595196721992,4.538605283745994,3.5882878704391885
42,16.375038440283532,0.0,0.0,16.237500408569247,0.0,0.0,16.237500408569247,0.0,0.0
43,17.2562659732302,0.0,0.0,12.060142130684284,0.0,3.4380017284337328,9.287241074310003,0.0,22.436774526155716
44,32.717605590501734,0.0,0.0,25.541016783299966,3.133418979349017,0.0,21.858934151325542,1.4116203832575138,4.259963616954963
45,14.533133009991332,0.042171785227822056,1.1789591759526274,40.24369700733277,0.04217178522475251,0.0,9.587225186573505,0.5505840470934231,0.04217178522475251
46,39.63009645254863,0.14371883231348193,0.0,29.848692366747485,0.0,0.0,28.90515264670975,1.1727644573362568,0.0
47,8.148714740181674,0.0,0.0,3.0126006137113563,0.0,0.0,7.797070081815235,0.0,0.0
48,0.0,1.7122697388890629,1.7122697388890629,0.039945311477367795,2.6843217781141675,0.0,3.559981545887524,0.0,0.0
49,0.0,0.3916286089519758,0.3916286089519758,3.7294147454712743,0.3916285446975962,0.0,0.0,0.13176065457844288,0.39162854469003605
50,0.0,0.0,0.0,1.0812562615030288,1.3487051070780467,0.0,0.0,0.0,0.0
51,12.220051681343449,0.4213779739108645,0.4213779739108645,12.278399420089983,0.4213778066988425,0.0,19.97515292884836,9.214756172749901,7.085517188722122
52,7.025519912891838,0.0,0.0,8.723186649385383,0.0,0.0,13.47656324037601,0.20795028990153241,0.0
53,26.312342139450976,0.0,0.0,8.67149590538105,0.0,27.752498580520978,3.959388193262015,4.989575034058987,0.0
54,0.9505541535900193,0.0,0.0,0.0,0.0,0.0,0.0,0.0,0.0
55,0.0,0.07157391699331583,0.07157391699331583,0.9876243650889194,0.06573268454292247,4.737248164002949,0.0,0.0,0.06573268454292247
56,24.74223929794053,0.0,0.0,21.666057330112665,0.0,0.0,6.970566645305325,0.47689255699805244,0.0
57,1.4096864731245091,0.0,0.0,0.661817661562452,0.0,0.0,0.0,1.0810492822377284,0.0
58,27.939846936524987,0.0,0.0,11.216074414663154,0.0,0.0,7.292093263854014,0.0,0.0
59,8.77854918179571,0.0,1.720119745818863,29.629984748763945,0.0,0.0,4.087289270945973,12.049834178280264,7.841495435533318
60,8.156358779723007,0.0,0.0,0.0,0.0,0.0,0.0,0.0,0.0
61,0.0,0.0,0.0,0.0,0.0,0.0,0.0,0.0,0.0
62,40.083031828637814,0.0,0.0,18.057064218233705,0.0,0.0,18.00518136938453,0.04869050194184865,0.0
63,20.23763275118776,0.0,0.0,18.317891689588862,0.0,0.0,20.30281353052601,0.06426108408749087,0.0
64,22.439463109910548,0.0,0.0,4.268054362038697,1.1862000380575637,0.0,0.0,0.0,0.0
65,136.81494946290343,0.0,0.0,36.06496426954786,0.0,0.0,32.43020215177242,2.8941286176728624,0.0
66,117.9740188293967,1.4878553347389243,0.0,41.10901578977405,0.0,0.0,54.46339531926998,7.708652611653463,6.6732049513314
67,8.966428360740935,0.0,0.0,6.7987204648402155,0.0,0.0,18.45086572107195,1.241287917325053,11.345993197212238
68,0.0,0.0,0.0,0.0,0.0,0.0,0.0,0.34623854969782997,0.0
69,2.01409809524057,2.9904811638359092,0.8477010340055813,16.909508729890064,0.0,0.0,14.837286227294072,0.0,0.0
70,20.526778215959837,0.0,0.0,9.691730692587441,0.0,0.0,14.851280741403372,11.123251114634627,3.0021297319188136
71,8.713923176204304,0.0,0.0,8.713923176204304,0.0,0.0,8.713923176204304,0.38383870688835486,0.0
72,9.81890197404573,0.0,0.0,39.010593365088425,0.0,0.0,7.854712935240116,12.443726664522444,12.51563661068883
73,8.106979796879557,0.0,0.0,15.16413032914187,1.8696414950642293,0.0,10.371625450868777,0.0,0.0
74,36.3515778931185,0.0,0.0,73.83150480688258,0.8723164376475552,0.6498122466946938,20.583599028837597,0.42149749244271106,7.563529725130934
75,35.3009060501212,0.0,0.0,34.91581417685518,0.0,5.036914599076056,48.54864234074063,9.276971519530036,7.828573767731029
76,10.11633706077285,0.0,0.0,12.449771750521194,0.0,0.0,10.117420925481412,0.0,0.0
77,52.856938955149076,3.204068122467845,0.0,10.883126378445922,0.0,0.0,11.480622331840152,0.3523396175302196,3.3550923439505596
78,5.440636167316683,0.39522670000121707,0.39522670000121707,1.1733879913568899,0.5249938033044828,0.0,3.007593240211463,0.0,0.6497086701668877
79,12.492340636773235,0.4651217720418117,0.4651217720418117,13.179880569175907,0.0,0.0,16.40193070425721,0.5733758911188716,0.0
80,11.962628331315386,2.539252646120417,2.539252646120417,0.0,0.0,4.229567996719766,0.0,0.0,0.0
81,9.183231944898694,0.0,0.0,5.024973446012439,0.0,0.0,21.97945363881692,4.29031690913834,0.0
82,5.361016200310445,0.0,0.0,17.758061175270285,0.0,0.0,5.326349708559491,0.0,0.0
83,14.738618542043923,0.0,0.0,2.4254819417097337,0.0,0.0,0.0,0.0,0.0
84,0.0,0.0,0.0,6.817185068567682,0.0,4.834178107271214,0.8558795934184218,0.9604207388316013,0.0
85,2.9321079225726976,0.0,0.0,2.9424288823601614,0.0,0.0,9.87071212775615,29.50194912125164,29.007001170524745
86,17.552655425028917,0.0,0.0,55.87704920136727,0.0,1.9635206752450358,14.272994215620912,0.5392931011663222,0.0
87,1.3832992233607797,0.0,0.0,25.73489034610074,0.0,1.8677209165669524,0.0,11.924416179100149,8.648225382118028
88,0.0,2.20333083797658,2.20333083797658,0.0,6.56934253590498,4.632691857073723,0.0,0.24630425418143886,0.0
89,3.820205695806635,0.10173748746979072,0.10173748746979072,0.8946684224713977,0.10173748746979072,0.0,0.869946369095544,0.0,0.10173748746979072
90,3.7810252983378803,0.0,0.0,22.30819843928694,0.0,0.0,0.039365528257945925,0.062451778693400684,0.24172665650883118
91,36.136770542399205,0.0,0.0,110.50313260420907,0.0,0.0,57.777351109673134,5.678755764724087,18.800875448081683
92,11.232914617221297,0.0,0.0,11.125986361833782,0.0,0.0,11.125986361833782,0.0,0.0
93,15.061901344371677,0.0,0.0,13.356993713369434,0.0,0.0,11.813008467982712,3.5968220994792546,0.0
94,5.567525122079672,0.07486547367579988,0.07486547367579988,15.015627034163515,0.0,2.4933329088727305,0.0,0.0,0.0
95,0.0,0.0,0.0,9.137848605658718,0.0,0.0,0.0,0.541412977929383,2.193483657775829
96,0.0,0.0,0.0,8.64613676384468,0.0,2.005488242235515,0.0,0.035692654129832135,0.0
97,33.86232184576943,0.0,0.0,61.553204352086965,0.0,15.926511144548527,29.023287500176195,39.577638219875325,5.546991667834902
98,11.71500680526836,0.0,0.0,15.274479904532,0.0,0.0,10.123237509203193,0.18155798615481444,0.0
99,14.860675940123798,0.0,0.0,15.284570062171952,0.0,0.0,23.723830841196957,0.0,0.0
100,26.619068403724043,1.0332511131757087,1.0332511131757087,27.672940069777923,1.0332511131755382,0.0,13.358191528206902,0.0,1.0332511131755382
101,8.001186564570673,0.0,0.0,7.672007646115873,0.0,0.0,7.670914288250003,0.0,0.0
102,12.418626796494891,0.0,0.0,10.567779919144641,0.0,0.0,6.356975842952181,0.1896065833944931,0.0
103,14.47582590609531,0.0,0.0,9.954101113182503,0.0,0.0,9.913766817993064,0.4074813021783825,0.0
104,9.233142713747952,1.0482490556973403,1.0482490556973403,5.502445143116262,0.0,0.0,4.36150244096055,0.01203766836658815,9.37189229918161
105,17.788445754513788,0.1777794779986266,0.1777794779986266,12.611001133065628,0.1777794779986266,0.0,98.56176291579635,25.379853780251125,12.078875625973097
106,4.8966587746751316,0.24913591257444523,0.24913591257444523,24.306487387241674,1.2222956379929428,2.1605470633753043,3.195607338794872,7.076277238444703,0.24913591257393364
107,6.148062010741029,0.9680481417673832,0.9680481417673832,5.529724408971418,0.5243914890294263,0.0,14.103439958960024,0.08975896645506509,0.5147214404902343
108,21.244609685185083,0.0,0.0,18.268823617646547,0.0,0.0,18.268823617646547,0.13322999539258262,0.0
109,8.452809126569576,0.0,0.0,8.53568176193727,0.0,0.0,33.12452365535222,6.497480835429627,0.0
110,26.07256215652049,0.0,0.0,39.008197665398626,0.0,0.8457186273603838,19.983078422268363,4.853890210041357,0.0
111,8.555521065545548,0.0,0.0,6.856545345099704,0.0,0.0,6.856545345099704,0.3164399844117156,0.0
112,2.160786849417434,0.0,0.0,3.9389275723972332,0.0,0.0,0.7884782464915929,0.12205967772996473,0.0
113,1.9229166286853001,3.259113361230561,2.0402413468422083,10.385834928136546,0.0,0.0,25.040008881798798,25.071366130298145,5.963132405006945
114,0.0,0.0,0.0,0.9011890826229205,0.0,0.0,0.0,0.0,0.0
115,31.362395917042647,0.0,0.0,95.56562572840721,0.0,0.6070395573073029,15.542885434818174,0.0,3.6121476363517218
116,6.946456112345487,0.0,0.0,5.5638068901167514,4.096381527815652,0.0,2.820719766524604,0.0,0.0
117,19.344583917950104,0.0,0.0,17.60793982794857,0.0,0.0,176.43042503919347,102.2365166545122,4.998090658573545
118,16.104924284061298,0.06335853643560085,0.06335853643560085,28.435728498501874,0.028786828823399446,7.635174873441713,8.814437024669076,0.0,0.23800631286900398
119,7.891878939824863,0.0,0.0,5.901453849220928,0.0,0.0,2.3874870881279264,12.758457682785405,4.0311336117846395
120,44.20908569246626,0.7024779893412756,0.7024779893412756,17.289792164301502,0.534072098255308,0.0,16.85037949961614,0.0272029127209521,0.534072098255308
121,19.96641706716011,1.0571986673663787,1.0571986673663787,16.53306063024789,0.0,0.0,15.190411808302343,0.0,0.0
122,18.83755071078886,0.0,0.0,19.40207796441544,0.0,0.0,19.471133611494224,0.0,0.0
123,0.0,0.0,0.0,0.0,0.0,4.707645937764994,0.0,0.327594658689236,0.0
124,7.857492098500671,0.0,0.0,4.709520284167127,0.0,0.0,3.343342439737796,0.13643474158527624,0.0
125,3.126083372377849,0.403155361479719,0.403155361479719,1.024910560847104,0.899483576206876,0.0,0.0,0.0,0.40315536139968344
126,1.4278112470082078,0.0,0.0,3.4259894720255204,0.0,8.82887772858777,13.4099660385952,0.4254027526165487,8.8897195015453
127,7.215560992450776,0.0,0.0,7.361754053419162,0.0,0.0,0.0,0.0,0.0
128,10.673267253562585,0.0,0.0,9.233015793834738,0.0,0.0,9.060278445267727,0.0,0.0
129,0.0,5.363979209449042,0.0,0.0,0.0,0.0,0.0,0.25040068130635973,0.0
130,39.95546643925735,0.0,0.0,54.89849509974013,0.0,0.0,23.544273815393325,11.558418590532654,4.730646948558899
131,1.135607403457243,0.0,0.0,0.0,0.0,0.0,0.0,3.847179307097008,0.0
132,16.57061883134179,0.0,0.0,16.5536735635244,0.0,0.0,16.5536735635244,0.9087133196202899,0.0
133,10.269562219071247,0.0,0.0,10.667959650458187,0.0,0.0,0.5821600099622515,0.0,0.0
134,6.724745766597351,0.0,0.0,14.601050622622864,0.0,0.0,5.397013016249758,0.0,0.0
135,1.074553690598293,2.8190570278574683,0.0,3.4986920810652578,1.6200801501357773,2.7396232847581246,0.0,0.0,0.0
136,7.574301811761728,0.0,0.0,2.054367235221804,0.0,0.0,22.71630767740041,0.0,0.0
137,13.906732385571985,0.0,0.0,13.906724515682015,0.0,0.0,15.36832225659802,0.0,0.0
138,4.6454036708244075,0.0,0.0,29.880642662416733,0.0,0.0,10.805656373324666,9.84202050958919,5.0439534866063696
139,20.086007207546203,0.09413375473894803,0.09413375473894803,13.306474558782043,0.0,7.259441366876217,19.488401433612637,0.0,0.0
140,6.461877781583297,0.0,0.0,6.942989502768967,4.65432194909954,4.65432194909954,23.107172771852674,0.26911477593409927,0.0
141,25.6610239916657,0.0,0.0,39.12462192367002,2.938498364167174,12.719784620998325,19.880437620061343,0.0,0.0
142,4.187780124493742,0.0,0.0,7.428836365318261,0.0,0.0,1.972233231913549,0.0,0.0
143,12.233736316609736,0.0,0.0,6.55664954792411,0.0,0.19088262241763232,34.04434519297854,0.0,9.257098392409318
144,12.271842523410186,0.0,0.0,16.77514695683945,0.0,0.0,109.48502535085265,48.60585528463764,0.0
145,2.004702974905456,0.0,0.0,1.646857735111496,0.0,1.0473516782941488,1.605786810853914,0.0,0.0
146,24.529768414992418,0.0,0.0,24.156612855846447,0.0,0.0,15.018174854413644,0.0,0.0
147,20.205317779720076,0.0,0.0,60.365119066789845,0.0,0.0,20.159253296944087,0.9269967865444642,0.0
148,12.448151617123386,0.0,0.0,17.722568298996975,0.0,0.0,10.701692801923286,0.05947702933440269,0.0
149,7.387262265192646,0.0,0.0,32.73219994945566,0.0,0.2595482011999479,16.773997929952117,10.025690482631688,10.648518191273098
150,18.153516404887142,0.0,0.0,4.344704783895679,0.0,0.0,69.97035302826242,0.0,17.74262307183048
151,4.82097557208337,0.0,0.0,4.558653332988456,0.0,0.0,3.1911069842760185,0.0,0.0
152,12.584070539826655,0.0,0.0,20.383461242752247,0.0,2.3979880132129097,20.44266924171845,3.9346905323622536,0.0
153,12.373596828460563,0.0,0.0,25.965031007488903,0.0,5.706272637639358,3.029053178822892,0.0,10.136923776226638
154,13.729214531424986,0.5555067220294632,0.5555067220294632,13.797860225281084,0.0,0.0,12.129905481257481,14.355673500068747,0.0
155,13.86225678656902,0.0,0.0,29.995623903181865,0.0,0.0,16.86111620118848,13.462931446286177,0.0
156,0.0,0.0,0.0,0.0,0.0,0.0,0.0,0.0,0.0
157,2.9233933534241032,0.0,0.0,12.628278088004322,0.0,0.0,2.70915103338001,0.0,0.0
158,10.667794046307478,0.0,0.0,0.0,0.0,0.0,13.158054025510495,0.0,5.535131397420514
159,13.682048403374893,0.0,1.0885182227206087,6.582071853060569,0.0,0.0,2.5658803043179432,0.3239542404174358,0.0
160,6.688525402003336,0.48596861858220564,0.48596861858220564,2.387332432841987,0.0,0.0,13.027425034184688,0.2870067209786953,0.0
161,15.988547149705425,0.0,0.0,7.296233452088927,0.0,0.0,7.296233452088927,0.06986705572143137,0.0
162,5.616172495897359,0.0,0.0,15.993085462832653,0.0,0.0,188.78290407459724,44.74131163292435,3.129745454900757
163,18.114578112909555,0.0,0.0,6.566302066379393,0.0,0.0,1.3731318745466012,0.0,0.0
164,110.39200086735855,0.20171075659931148,0.20171075659931148,37.99834340580267,0.20171075659931148,0.0,32.46717263849672,4.048026087181768,17.01064872877234
165,11.69381540035181,0.0,0.0,20.5923460381689,0.0,1.5675546458927556,8.558975251189025,0.0,0.0
166,0.0,0.0,0.0,20.79230555644179,0.0,15.265299653634145,15.24005990666626,8.381850298693507,16.767224082739858
167,15.627618073066031,0.0,0.0,16.637951746049026,1.7803321123276419,0.0,11.382113734726119,0.0,0.0
168,6.717214218584331,0.29724980881195506,0.29724980881195506,5.3187731061535715,0.08500982916331168,0.0,26.867072838532692,13.410244064904305,12.128982360797607
169,102.28189276746554,8.59751418781596,10.107429172615213,15.14532231284204,0.0,0.0,17.58968094553316,0.5870266160177948,8.20426633424168
170,42.16597230590935,0.0,0.0,67.09633144652904,0.0,0.0,9.41886790851595,6.949438053559447,2.9704808657743342
171,0.0,0.0,0.0,1.2482177136947712,0.0,0.0,1.2039818354903673,11.281609234381506,11.099909868674672
172,10.38185617490251,0.0,0.0,16.764222006978656,0.0,3.543199044453104,10.364021173828661,0.0,0.0
173,0.0,0.0,0.0,1.114120025896284,0.0,7.513031287762885,6.7047024166409415,4.301905794527386,22.111024750408603
174,14.986260551030824,0.0,0.0,13.24650836889154,0.0,0.0,8.24379871839389,0.0,0.0
175,3.9151790323359705,0.0,0.0,0.0,2.9437837890631045,0.0,0.0,0.4949807981647609,0.0
176,29.634989909704785,0.0,0.0,30.60374496793432,0.0,10.946004058154529,290.54315047015945,0.1429936063964874,6.262353232016096
177,0.0,0.0,0.0,0.0,0.0,0.0,0.0,0.0,0.0
178,2.351459507808613,1.0976927048156426,1.0976927048156426,47.68166490555626,1.097691552685717,0.0,4.498260661732843,0.11889413683240946,9.671131354071349
179,12.822411554788005,1.1192821993793132,0.0,25.3189338048316,0.0,0.0,12.779110017070934,11.145227253961991,8.426269564875156
180,38.50586586869173,0.0,0.0,45.65772326893435,0.0,0.0,26.390548775423667,0.0,0.0
181,10.200578611791485,0.0,0.0,1.8859117170876516,0.0,0.0,1.3021799692495506,0.0,0.0
182,2.063642187139635,0.8602228160681307,0.8602228160681307,6.211264181144173,0.12481592640847339,0.0,1.6115759091707673,0.11955488977491768,0.1248159264204105
183,9.25198643959547,0.0,0.0,1.434328860222422,1.4044130814651794,0.0,0.0,0.0,0.0
184,12.73294470762852,0.0,2.9261511270771052,2.739630153766768,0.0,1.4672725879357813,0.0,0.44641359407148684,0.0
185,45.42850366476691,0.22976855104514016,0.22976855104514016,24.232695936820193,0.22976855104514016,0.0,19.071644065951944,0.26912179503494826,3.796339148057541
186,10.031875575109922,0.7864368415649778,0.7864368415649778,2.835639306704195,0.4337095691732884,0.0,2.835639306704195,0.0,0.4337095691732884
187,6.924870847826895,0.017521004649324823,0.017521004649324823,52.51412216325855,0.014517962233242088,3.6112640946053034,8.450506597885777,0.19722578326917528,0.014517962233242088
188,3.8798000061283346,0.0,0.0,0.07709499189849112,0.9763060842125242,0.0,0.0,0.0,0.0
189,17.21932633211165,0.0,0.0,11.921278023076155,0.0,0.0,23.062373479639234,0.25113993753979,8.214720747695083
190,26.13197700017949,2.0545208263201857,4.28652109530185,11.25509350164279,0.0,0.0,2.0220578918625165,0.47404791782582834,0.0
191,5.804318995614125,0.0,0.0,2.6268279891579027,0.0,0.0,2.596495696072026,0.426445553088854,0.0
192,12.91570153287347,2.294828792450403,2.294828792450403,11.182763898892034,12.374533307166075,0.9964233086962508,4.474318206452011,0.15840873577900538,0.28981922004948046
193,45.47787646459497,0.9885406500105773,3.571569344086811,39.30633764378885,0.007023508876329743,1.55501218726846,25.907353304305246,0.0,0.006963389612849369
194,0.0,0.0,0.0,2.673626251645288,0.0,0.0,18.455938308905786,2.578417096640237,13.304667802215874
195,24.778505350166256,0.0,0.0,21.931529812917745,0.0,0.0,35.271174119340515,10.959128093255572,11.855607460833681
196,63.3437449089848,0.3450660601815798,0.3450660601815798,34.90324817014678,0.0,0.29251626377538287,15.466339070218481,0.0,0.0
197,16.956853665806335,0.0,0.0,15.641473797003783,0.0,0.0,15.641473797003783,0.0,0.0
198,1.1590101344421555,0.0,0.0,0.07293904564255627,0.0,1.4632123257269996,0.07293904564255627,0.08857728784954588,0.0
199,2.449398185381284,0.0,0.0,0.6674139319354992,0.0,2.666927550787392,20.00493755853597,0.0,0.0
200,4.8941194765994,0.0,0.0,9.591684712576694,0.0,0.0,1.2203819281694166,0.0,0.0
201,0.24232575131264866,0.0,0.0,0.0,0.0,0.0,0.0,0.0,0.0
202,0.0,0.17593629744993677,0.17593629744993677,0.0,0.09917019031985319,0.0,0.0,0.2893170341047835,0.09916765451509946
203,10.871503734264309,0.05894985269640074,0.05894985269640074,12.16769296863552,0.0,0.0,54.079967032219685,55.518976004038905,54.972082777034586
204,0.8692113293898558,0.0,0.0,1.2515851949981993,0.0,0.0,0.0,0.2213535423025519,0.0
205,2.610732925567845,0.0,0.0,4.291040163821577,0.0,0.0,2.6001220848261823,0.0,0.0
206,37.15614929145761,1.6577871117980294,0.9375734919899514,24.66042768973611,0.9374966221175782,0.0,12.002226409165615,0.0,0.9374966213002267
207,26.890519215542895,0.0,0.0,81.01384449606809,0.0,0.0,28.09746601458025,7.405239749106443,2.4967208921710835
208,11.399354248363238,0.5485330145103262,0.5485330145103262,17.349179194968684,0.0,5.80853420970621,10.72966584266959,10.312086137671997,12.790535503570368
209,6.580609396944823,0.0,0.0,6.616606157355363,0.0,0.0,6.580594377697253,0.7010768821322131,0.0
210,3.2261316545713044,0.0,0.0,14.348428270273303,0.0,0.0,60.60543034743486,14.884840665059158,0.0
211,15.454406163219886,0.0,0.0,13.601061064315815,0.0,0.0,22.167045568086678,0.0,0.0
212,12.178092284984444,0.0,0.0,9.959560774710297,0.0,0.0,30.9582174564639,8.761386462088694,1.7294095491755002
213,30.751811650525724,2.7034743991197274,2.7034743991197274,15.726367310404754,0.6980300181584198,0.8366316840279069,8.295961138725545,0.0,0.6980282771875181
214,39.40918935812152,0.0,0.0,18.100008504815662,0.0,0.0,13.529190847879931,0.27540164115237076,0.0
215,38.66814494556644,0.0,0.0,35.798732643780625,0.0,0.0,26.48901852863696,0.0,0.0
216,29.09464275407089,0.0,0.0,26.0829876761901,0.0,0.0,15.499227876439562,0.0,0.0
217,6.679053987998515,0.0,0.0,10.81097891750872,4.897683463486999,0.0,6.305549712711041,0.0,0.0
218,0.0,1.0903443253764635,1.0903443253764635,0.0,1.1134827187898395,0.0,0.0,0.0,1.090344246504742
219,20.48614447651144,0.0,0.0,10.215567743193276,0.1525728919459084,7.540621558727167,15.256358728478688,13.958234013494604,15.843709339458712
220,33.134966334531185,0.0,0.0,16.099593609281584,0.0,0.0,0.0,0.0,0.0
221,36.596186157645576,0.6570269110437152,0.6570269110437152,5.352560259260514,0.6570269110437152,0.0,5.352560259260514,0.21096476036649392,0.6570269110437152
222,12.690921347598135,0.0,0.0,6.644507186571644,0.0,0.0,6.662128718722386,0.4876174835416123,0.0
223,13.509051520286164,0.0,0.0,17.581623890050054,0.0,0.0,10.635641048874533,0.0,0.0
224,21.505760710690538,0.0,0.0,0.11539164580258898,0.0,0.0,0.0,0.0,0.0
225,1.1363244819592637,0.0,0.0,16.405595864136387,0.0,0.0,0.0,0.19610900965142264,22.20949062875127
226,12.058954571969167,0.15007993689323484,0.15007993689323484,0.0,0.1500799314318897,0.0,12.952682328673603,0.09062814406479447,0.1500799314318897
227,12.03262374178837,0.9116233659619866,0.9116233659619866,11.965171155566651,0.9116233659572686,0.0,11.965171155566651,0.5065768204044616,0.9116233659572686
228,2.288635441944791,0.0,0.0,13.993185675826936,0.0,0.0,54.96965185208336,20.03017169171838,2.7213042721551233
229,16.075191986025175,0.0,0.0,16.060977285437673,0.0,0.0,16.093307943584477,5.816788281017352,0.0
230,4.257012797298671,0.0,0.0,35.908965932430675,0.0,0.0,2.5275983208877904,0.0,39.69000737699267
231,3.7092909062541537,0.0,0.0,11.553313626263588,0.0,0.0,3.422006656023484,0.0,26.87455155736228
232,5.141170886816241,0.0,0.0,0.0,0.0,1.4725815626902659,2.291383155143137,0.0,1.4848443842922165
233,0.0,1.2606936934167834,0.0,4.968014748200574,0.272423939923101,0.0,0.0,0.0,0.0
234,40.34736260586115,0.0,0.0,6.6751216462394325,0.0,0.0,96.43285415466005,0.0,0.0
235,7.208945826862106,0.0,0.0,2.06154330184404,0.0,0.0,4.593380702264483,0.0,0.0
236,0.0,0.0,0.0,0.0,0.0,0.0,0.0,0.6283717304750667,5.064060777929257
237,18.762573018746707,0.0,0.0,23.86962623957038,0.0,0.0,13.77532625431752,0.0,0.0
238,12.27238475618907,0.0,0.0,12.271841748688672,0.0,0.0,12.2717117382482,0.011313752246564945,0.0
239,0.0,0.0,0.0,0.0,0.0,0.0,0.0,0.2495145260538152,0.0
240,56.2551885581332,0.0,0.0,16.433982814008743,0.0,0.0,8.99565327361276,0.0,0.0
241,19.598724766881446,0.0,0.0,1.8086143516283926,0.0,0.0,16.978151529460035,0.0,0.0
242,2.342418636186636,2.086681866039271,2.086681866039271,0.0,0.0,0.0,0.0,0.0,0.0
243,10.30971157899424,1.2554242465387233,0.0,14.98602175473053,0.0,0.0,81.86866633446849,0.0,0.0
244,22.444615481632184,4.252089751765709,4.252089751765709,9.964166032578476,11.370715874989514,10.226983689524559,4.126951983405036,0.0,0.0
245,61.457149877150954,0.0,3.9163443724033016,73.18372942139072,0.0,0.0,66.91295677449293,21.96170312885357,0.0
246,7.720207245242307,0.6558365039455794,0.6558365039455794,10.634272322156477,0.44731082583791704,0.0,0.0,7.777042888441827,3.6794129666127446
247,15.225604242028226,0.6804638102337321,0.6804638102337321,8.095226558739256,0.0,1.028034450070919,12.833163836493071,0.0,2.190640656089613
248,3.035718274212428,0.7262448802631525,0.7262448802631525,13.418088447425475,0.7262448802631525,0.0,28.12969085949922,14.038366581771612,8.400775476770207
249,2.385194099493617,0.10316368703803391,0.10316368703803391,0.17404443869406805,0.10315192950378105,0.0,0.0,0.0,0.10315192950378105
250,22.025350575606353,0.0,9.93897573767677,17.784180407239262,0.0,3.1183633115758767,10.114487328087648,0.0,9.22209798079561
251,0.0,0.0,0.0,5.8093223518174,0.0,0.0,0.0,0.0,0.0
252,24.601820944516533,0.0,0.0,30.48003288575495,0.0,0.0,0.28233950682891873,2.3898719444867993,0.0
253,12.742297651572756,0.44470324803887706,0.44470324803887706,9.08918306123789,0.0,0.0,9.00011664002102,0.0,0.0
254,13.672662302779628,0.0,0.0,62.85930279265611,0.0,0.04041285904457936,10.967072876147114,0.1404229384230007,0.0
255,23.169059054328443,0.0,0.0,15.65958999944607,10.027983318425356,14.455643694608966,205.38904934432293,108.77451947180515,10.380584341781002
256,18.645994948786836,0.0,0.0,7.33400673984346,0.0,0.0,7.33400673984346,0.0,0.0
257,6.74045112565986,0.0,0.0,0.4391494588235787,0.0,0.0,0.33238268745895994,0.0,0.0
258,1.717353205306324,0.0,0.0,1.6617771841468993,1.6175342326647524,0.0,1.985705129088558,0.0,2.5391593299549697
259,24.984182680884885,0.0,0.0,98.5341987212606,3.778460359760544,0.40378030269320675,52.704863206161576,30.683031211820747,10.779270703491079
260,0.7190975603070626,0.0,0.0,2.4088540280324082,0.0,0.0,4.398788554538015,4.62148118341571,0.0
261,4.564242766127052,0.0,0.0,2.221459990099845,0.0,0.0,2.084671541899297,11.24702610276978,4.330669182680992
262,25.922957720369197,0.0,0.0,14.466852152126876,0.0,0.0,5.253457807688989,0.0,0.0
263,10.376573438522286,0.0,0.0,10.131922245107177,0.0,0.0,9.39832990825687,0.0,0.0
264,11.990394464109158,0.0,0.0,1.0109718301731334,0.0,0.0,0.0,0.0,0.0
265,8.083888010910442,0.0,0.0,3.6272091195859844,0.0,2.6456030475671923,3.6272091195859844,0.0,0.0
266,5.225444907950191,0.06682121090074133,0.06682121090074133,8.504109686502574,2.409961100501164,2.343132301226376,13.568698878502971,0.0,154.61823500863096
267,1.3280174263561264,0.3021233312915683,0.3021233312915683,1.4750189995706364,0.0,0.0,16.892030364524373,0.0,0.0
268,3.7259403807342437,0.0,0.0,1.3616618686627646,0.0,0.0,116.50521143257345,0.10640805325022029,3.4712178000396534
269,4.991853940866463,0.0,0.0,2.458862610629069,0.4328462346628612,0.14097808489373165,3.4163141387550127,0.0,0.0
270,11.699307464054442,0.7791263584455237,0.0,4.154965241008711,2.6034149140790532,0.0,1.8281536899465323,0.0,0.7791263584455237
271,29.958675541247942,2.051918080415078,0.0,35.001197738213904,0.0,9.711889552200716,17.886374672198713,0.0,0.0
272,10.10772709970999,0.0,0.0,10.10772709970999,0.0,0.0,10.10772709970999,0.0,0.0
273,5.426053932051161,0.0,0.0,4.503104204248757,0.0,0.0,6.445169902589043,0.0,0.0
274,11.18135135329726,0.0,0.0,17.713333504938902,0.0,0.0,110.72829098851429,0.08775139994207848,45.9399098481085
275,16.749878168216753,0.0,0.0,12.966202796568439,0.0,4.0591257098405435,7.88127410711877,0.0,0.31695280846943774
276,28.8391754561286,0.0,0.044926865886509404,19.443343087356823,0.0,0.0,18.987731489519348,0.9784983334149615,18.11846387014438
277,1.8431876293880123,2.2305562932276644,2.2305562932276644,5.378463664406667,0.0,0.0,0.2995037489235699,17.65453985619095,0.0
278,13.242709186136153,0.0,0.0,5.104205333977944,2.820300909119169,0.0,16.6012135436859,0.0,0.0
279,1.2733267333487106,0.17118633081491907,0.17118633081491907,1.2672466254396682,0.17118632389986033,0.0,31.202794529350882,52.427982340203386,20.82137600141644
280,10.760554305981856,0.0,0.0,43.5960721163562,0.0,0.0,42.372534904330024,9.386796617659002,0.0
281,1.9265588523577435,0.43188207050855,0.43188207050855,4.142783033943061,0.0,0.0,1.4691820911836544,0.18421324075183065,0.0
282,6.8300322876623625,0.0,0.0,7.224579754397297,0.0,0.0,2.329601628343738,0.0,0.0
283,0.0,0.0,0.0,4.678508330186759,0.0,0.0,2.038057358501476,0.0,0.0
284,29.008033072391754,0.0,0.0,33.29909915630492,0.0,5.071528876856348,70.23291480110055,51.98066783055924,16.303582827491397
285,8.498963656898468,0.0,0.0,7.352701179552213,0.0,0.0,6.481007288593247,0.0,0.0
286,14.52980673830703,0.21175377964448217,7.307255723102173,2.287615998013564,0.2117537796437432,0.0,4.230620592788256,3.129502076255079,0.21175377964345898
287,22.771180425677386,0.0,0.0,26.083862257775053,0.0,0.0,48.15447260671351,0.9868459516339385,1.3394043797970312
288,25.511390925279727,0.0,0.0,25.431626472470725,0.0,0.0,25.431626472470725,0.0,0.0
289,73.11392010600699,0.0,1.4702839117707924,14.75077927694258,0.0,0.0,14.748878537703149,0.19958819606750922,0.0
290,14.677831437737808,1.2702889918476785,0.0,7.98401831597991,0.0,0.9389011396374656,78.0793732135729,0.0,9.396323606866417
291,10.47463219638874,7.2804711570975655,0.0,7.280483439514029,0.0,0.0,7.280483439514029,0.0,0.0
292,6.5864911569846925,0.0,0.0,10.696850255237052,0.0,0.0,6.5864911569846925,0.4672324448019367,0.0
293,0.7150141565028321,0.0,0.0,17.61057171927797,3.277302923837908,7.306244904274308,0.0,0.0,21.112871318058893
294,4.724432968275295,0.0,0.0,11.417828804229345,0.0,0.0,4.6613619646456925,0.0011464226951147793,0.0
295,17.958934000492633,0.0,0.0,9.566152267719701,0.0,0.0,46.248934606112186,0.0,0.0
296,32.51916457277102,0.668416013040428,0.0,42.6553467664032,0.0,6.593110289982235,16.8699816945998,0.11953663946701454,0.0
297,5.195280556673453,0.0,0.0,3.66654474217205,0.0,0.0,3.66654474217205,0.0,0.0
298,28.794028594006733,0.0,2.477431901894306,18.759229441324777,0.0,0.0,9.21208666562319,0.0,0.0
299,15.897615461100656,0.0,0.0,8.931232993694977,0.0,0.0,3.248548415760297,22.39131271103753,63.283490814963926
300,20.858699326587328,0.0,0.0,14.764966537614214,0.0,0.0,94.49598248694932,37.62751174433541,0.0
301,5.406850994506328,0.0,0.0,42.535621231507776,0.0,5.137300295890043,5.381973286210211,2.2927897621086117,0.0
302,84.57380720647527,1.74134156884179,1.74134156884179,36.46260369876265,4.096651787039605,0.0,32.77764450212413,4.8740108618862905,2.7323084366703085
303,21.37483941004973,0.700026161255721,0.700026161255721,10.955667377770311,0.7000261613585508,2.714886795921757,6.126674066006984,0.04942017595743664,0.700026161255721
304,11.02430189426309,0.0,0.0,21.19888445681559,0.0,0.8594611001238945,59.51074599559675,5.592849311824182,0.49518105683381464
305,42.97193772031471,0.0,0.0,60.85308645590629,2.900891925940982,3.759201446257407,36.687598958622914,12.540668284702662,0.0
306,0.8290209738695182,0.4834086760935179,0.4834086760935179,2.8327712394662115,0.4834086760935179,0.0,0.0,0.0,0.4834086760935179
307,12.745942675704725,0.0,0.0,12.741574402012759,0.0,0.0,12.741574402012759,0.0,0.0
308,49.65324988459514,0.36956749481754514,0.0,17.79070352357496,0.0,0.8092856183405388,23.863539680137535,0.12558661248851877,0.027532495672005552
309,2.581047421911478,0.0,0.0,3.8914819424348934,0.0,0.0,0.0,0.061702793404322165,0.0
310,10.479548925379163,0.0,0.0,10.418281275445452,0.0,0.0,10.418281275445452,0.0,0.0
311,10.434369994099995,0.0,0.0,4.491716328514514,0.3412325664177729,0.0,27.037835327093745,6.437658472317679,0.0
312,0.08249647163654572,0.0,0.0,4.231595578720089,2.4488069751922694,0.0,0.0,0.0,0.0
313,10.449090385578643,2.604859637026948,2.604859637026948,2.51177535665272,0.0,0.0,5.590937085992806,0.3160571135734358,66.78083840646417
314,17.047101254841778,0.0,0.0,19.70816267844475,2.894363085280702,3.630623494320673,15.314660889605477,0.7897312376917398,0.0
315,20.142603698198286,0.0,0.0,20.130844836672964,0.0,0.0,20.1306036728852,0.0,0.0
316,6.77346248269393,0.0,0.0,0.0,0.0,0.0,0.0,0.0453087054843877,0.0
317,0.0,0.0,0.0,7.2738504977324965,0.0,0.4559672543675788,17.674974505849917,0.6967650794746305,0.0
318,2.6508033169629357,0.0,0.0,33.860581763311046,0.0,0.0,1.0757287022280764,3.3685770098554713,0.0
319,0.0,0.0,0.0,0.0,0.0,0.0,0.0,0.0,0.0
320,20.26010438739084,0.0,0.0,34.35438579505416,0.0,4.47715149098633,7.841075377669796,0.0,0.0
321,11.334753679345198,0.16260910561675246,0.16260910561675246,11.100513086765233,0.14966826976478842,0.0,38.08957765356166,0.0,40.59633601962784
322,12.388722006872285,0.0,0.0,3.990156801589734,0.0,0.0,3.2862269357722766,13.222177062214882,30.45743766267418
323,9.636516546527645,0.0,0.0,4.511026495519445,2.8943317459597893,0.0,0.6090811164644379,0.0,0.0
324,1.489405589618002,0.0,0.0,0.1492010607512384,0.0,0.0,30.712973819353408,2.3142919309738943,0.0
325,12.702760115893653,0.0,0.0,7.491858182075589,0.0,0.0,11.217419845021794,1.0376620793663847,0.0
326,8.990080192661111,11.041526518572027,7.92578447000551,15.95266072705661,1.375113881583104,0.0,115.28997218881526,22.209376126164017,1.3748696681282695
327,12.033414586097166,0.0,0.0,5.2948118623854725,2.993100149101167,2.993100149101167,5.133598662475038,0.0,0.0
328,11.606840160175267,0.0,0.0,27.234427873789826,0.0,0.0,1.8119680898167303,0.0,0.0
329,28.723514791902147,0.0,0.0,42.857436209990794,3.6738774516245485,0.0,26.227967349973028,2.317450807377469,0.0
330,5.012147429737439,0.0,0.0,0.8948437572922217,0.0,0.0,1.3219264274412694,0.0,0.0
331,0.0,0.0,0.0,0.0,0.0,0.0,0.0,0.34772494804701637,0.0
332,0.0,3.4114834136103696,0.0,2.7458421527524024,0.0,0.0,11.34988052296788,3.127965938392606,0.15596373793800922
333,14.890254824085957,0.0,0.0,6.711130204906823,0.0,0.0,126.90354904323468,79.86738042622002,3.630972296661156
334,0.0,0.0,0.0,0.0,0.0,0.0,0.0,0.0,0.0
335,22.51099449181021,0.0,0.0,13.051970954725022,0.0,0.0,13.056448491044847,0.2223698711761699,0.0
336,12.956361765063036,0.0,0.0,10.754289280380533,0.0,3.921886060548161,7.732424629361873,0.0,0.0
337,1.3611767039372182,0.0,0.0,0.0,0.0,0.0,0.0,0.0,0.0
338,13.099099800961454,0.0,0.0,11.82922642907323,0.0,0.0,20.40905702732414,0.0,0.0
339,37.871656110505825,0.0,0.0,22.19431467328272,0.0,0.0,52.51703274267717,24.39126369934087,3.659583158196938
340,1.5135640050510801,0.0,0.0,0.0,0.0,0.0,0.0,0.0,0.0
341,6.525417925135514,1.7795720243668711,1.7795720243668711,7.5265311877890895,0.0,0.5192973853002059,0.15379130199113433,0.0,0.0
342,0.038190198709799006,0.30051517952028917,0.30051517952028917,0.9450072464222785,1.184126933047537,0.0,6.3653618456623065,0.0,13.500337930643099
343,15.621142873346571,0.0,0.0,43.777775061689084,0.0,0.0,9.714449156482061,0.0,0.5891725900956715
344,11.18132753292764,0.0,0.0,5.022580126725188,0.0,0.0,39.23927173233713,0.029186694280610936,0.0
345,13.611486443829648,0.0,0.0,17.217779040896545,0.0,0.0,10.376890874560956,0.0,0.0
346,3.124591312684572,0.0,0.0,19.05494740381829,0.0,3.0744630864470537,4.730339066729954,0.0,2.1099273019289626
347,6.0378976986322925,0.0,0.0,2.10733934191785,0.0,0.7335801267443003,0.5475434513286359,0.8102002056282345,0.0
348,7.226738612054049,0.0,0.0,4.172707479494477,0.0,0.0,19.388675081731208,0.5978020285935486,0.0
349,11.050929138090368,0.0,0.0,1.4410845423971637,0.0,0.0,13.321140806325218,0.2579958064524135,0.0
350,0.0,0.0,0.0,1.9678973969485583,0.0,0.0,0.0,0.009645040873522248,0.0
351,35.8991065275502,0.0,0.0,37.725782170473906,0.0,0.0,27.96562941531397,1.1872004203202664,0.0
352,2.0932455268811623,0.8765243617388592,1.4588778106594873,1.7768621333465262,3.890418738392384,3.895737162663977,1.7768621333465262,0.0,0.8765243617373812
353,5.03382951030693,0.0,0.0,0.0,0.0,0.0,2.3462259789004065,0.04593126902329914,0.0
354,0.440090130940348,0.0,0.0,5.306675683349795,0.7767980421563152,0.0,0.0,0.0,0.0
355,0.8930825240659601,0.0,0.0,8.36948651261767,0.0,0.0,4.446152413358476,14.127852574343791,0.7423011335537524
356,7.376117379047059,0.0,0.0,0.5801745011179094,0.0,0.0,0.0,0.0,0.0
357,4.161704150965164,0.0,0.0,1.9218148546084137,0.0,0.0,15.83435510591221,0.0,0.0
358,10.829681685030607,1.9518834102847222,1.9518834102847222,19.176898750335994,0.0,0.0,25.516835127331007,0.1951788047844616,0.0
359,2.9249011607692808,0.0,0.0,1.0637558761992523,0.0,0.0,1.0637558761992523,0.005905429392100814,0.0
360,5.016291890970166,0.0,0.0,5.015285575782087,0.0,0.0,5.015285575782087,0.0,0.0
361,3.050625344245873,0.0,0.0,6.166428230285476,0.0,0.0,16.341294024434518,0.0,0.0
362,15.399534166258576,2.9247543278366948,2.9247543278366948,15.128474871344423,0.10658235844317687,9.124255014902019,8.569251864205881,0.0,0.10658235844317687
363,25.097000527470954,0.0,0.0,11.764812055646303,0.0,0.0,2.2728580689341698,0.4224466122244621,0.0
364,6.365879037142491,0.0,0.0,0.0,0.0,0.0,4.652381656358671,0.0,3.8780941533001396
365,19.241152475749942,0.0,0.0,5.49824459049762,1.1595739938500742,0.0,4.056228404630815,0.0,0.0
366,36.011711078041486,0.06436456105814159,0.06436456105814159,13.14532569026295,0.0,0.0,5.185316846676699,0.28539172156717996,0.0
367,7.588165887806355,2.454263890076618,2.454263890076618,7.644018051505185,0.0,3.3659508721002567,8.447304853528067,19.229426273205092,4.7747955309082215
368,4.057587818112211,0.0,0.0,0.9533877832228086,0.0,0.0,22.187245081934634,0.0551314865437007,0.9368768847626257
369,6.352979408420481,0.0,0.0,7.485838119880498,0.0,0.0,5.329558056985803,0.2555682438302256,0.0
370,11.780762097023938,0.0,0.0,10.643803251190263,0.0,0.0,24.270014873720157,0.0,0.0
371,24.947496324272578,0.0,0.0,13.296382026332452,1.035153360735137,0.0,25.787131618775135,0.0,0.0
372,3.5462473718168894,0.0,0.0,36.75177485101125,0.0,9.882013150047158,3.541002862305561,3.015114186647452,0.0
373,30.85748784880738,0.0,0.0,13.10502643567159,0.0,0.0,13.190280345080112,4.482495870249863,0.0
374,1.566059292886706,0.0,0.0,5.293133872030722,0.0,0.0,1.555028652947584,0.0,0.0
375,13.78946194085347,3.201184045809157,3.201184045809157,39.54096109451106,0.06832553897186244,5.113736628413449,18.630086435219596,0.0,1.0497529709632545
376,24.69500675515576,0.0,0.0,19.091198551143577,0.0,0.0,11.862821237647921,0.0,0.0
377,4.273727741519849,0.0,0.0,1.886788627478552,0.0,0.0,1.8867950042712778,0.0,2.8460821514975976
378,17.808904950790463,0.0,0.0,16.22190199629162,0.0,0.0,19.56398636644738,2.683110646522948,0.0
379,3.66302265588709,0.0,0.0,3.676565229106245,0.0,0.0,13.46348117476819,2.377121990934995,0.0
380,16.266247973343496,0.0,0.0,12.088183492724028,0.0,0.0,85.20132783341876,28.725123078178314,3.826030747017313
381,0.0,0.0,0.0,0.0,0.0,0.0,0.0,0.0,0.0
382,4.859691290613512,0.21468738085485484,0.21468738085485484,16.774216036218235,0.21468738092897865,0.0,20.370099479011742,0.034008578175416915,0.21468738085485484
383,21.746437606841226,0.0,0.0,55.50113083971962,0.0,1.6996753752067661,33.103106576065414,0.0,0.0
384,74.98244250579802,0.0,0.0,24.307918815415945,0.0,0.0,158.4918758248784,0.0,9.84840085880893
385,0.0,0.4959770724468626,0.4959770724468626,2.0939789837631224,2.5667778363879847,0.0,8.232390403693103,0.0,1.3960970774461998
386,18.23593899120371,0.29295559958558215,0.0,12.145254912191632,0.0,0.0,12.145241410078171,0.0,0.0
387,5.788716036314781,0.0,0.0,13.179731200453716,0.0,0.0,11.372062012038356,0.1594016155695499,0.0
388,0.8227594268880694,0.0,0.0,0.0,0.0,0.0,0.0,0.0,0.0
389,16.63016041425942,0.0,0.0,5.203256282994829,0.0,0.0,3.137487300695824,0.0,0.0
390,19.19648835374082,0.040701650864377825,0.040701650864377825,6.448784203580544,0.04070165086426414,0.0,14.45359146782559,0.0,0.04070165086426414
391,0.0,0.0,0.0,0.529466994995289,0.0,0.0,0.0,0.0,0.0
392,3.1284482320391476,0.6551091749878992,0.6551091749878992,0.0,0.0,0.0,0.0,0.0,0.0
393,24.109269961181127,0.0,0.0,20.800770000509914,0.0,0.0,49.779504643126614,2.7974325355774567,0.0
394,6.317035965786999,0.0,0.0,4.729508311855852,0.0,0.0,4.729508311855852,0.5494450407589966,0.0
395,4.345877558755717,0.1529201672731233,19.7193964776028,0.0,0.15291848539328612,0.0,0.0,0.07297200585065866,0.15291848539328612
396,13.249007184437431,0.0,0.0,13.63846401016633,0.0,0.0,9.863331114869283,0.0,0.0
397,6.898391296937007,0.0,0.0,0.0,0.0,0.0,0.0,0.0,0.0
398,13.783079310810763,2.0766588748928143,2.0766588748928143,3.736417301229551,0.0,0.0,3.736417301229551,0.0,0.0
399,19.234926155938098,0.0,0.0,7.6858130567242995,0.0,0.0,7.6858130567242995,0.12245248070399839,0.0
400,24.63354870706837,0.07662428687075362,0.07662428687075362,0.0,0.07662428687075362,0.0,4.984732068427093,0.34319946171154925,1.8115186954710794
401,15.980700112775395,0.0,0.0,21.602424044116162,0.0,0.0,16.380233960999192,0.0,0.0
402,2.7420121164718125,0.4184241078682476,0.4184241078682476,12.80721699013381,0.0,0.0,2.494764382346375,0.6896253463845028,0.0
403,39.00531839018558,0.0,0.0,2.8968317452826398,0.0,0.0,22.42414215032585,0.6641624572491196,0.0
404,0.0,0.5990888429718666,0.5990888429718666,0.0,0.5990888429718666,0.0,0.0,0.052588006512849006,0.5990888429718666
405,22.80181860002665,1.8476724402370337,1.8476724402370337,8.771217471549818,0.0,0.0,19.085254805286553,0.0,0.0
406,10.032166933009592,2.9432532833727123,2.9432532833727123,7.217255787882436,0.0365426454833937,0.0,97.23068197804875,25.32975179434436,79.30189634608723
407,2.0893208326585295,0.0,0.0,0.0,0.0,0.0,0.0,11.703814404402578,5.719890984858921
408,10.414521429174073,0.12543115283347106,0.12543115283347106,9.341491618510474,0.12525391719879053,0.0,32.87890535092302,13.735312905387957,5.197729388164589
409,0.0,0.0,0.0,0.0,0.0,0.0,2.4819418186937128,0.0,0.0
410,15.78752433018056,0.0,0.0,19.859246527285194,0.0,0.0,36.354924202276464,6.328428626260205,0.0
411,9.323296730621252,0.0,0.0,2.812953779005369,0.0,0.0,2.812953779005369,1.163945390137485,0.0
412,1.2351311136593495,0.0,0.0,25.65354457855929,0.0,0.0,0.0,0.0,0.0
413,2.1861027705656397,0.0,0.0,2.0525667429571968,0.0,0.0,2.0525667429571968,0.0,0.0
414,17.598390676168208,0.0,0.0,87.61357743799897,0.0,0.0,18.240875858909334,1.3242253992629571,0.0
415,12.022025933738917,0.0,0.0,2.821658371503986,0.0,2.0162292988208605,1.1851601999229047,0.0,0.0
416,3.9546566623336616,0.0,0.0,2.5346068638179418,0.0,0.0,2.52717857116545,0.2019546896000861,0.0
417,23.408655307569774,0.0,1.6798543599522873,23.76176059362328,0.0,0.0,12.877132114378782,0.03494628810898348,10.345109735459715
418,0.2172999343370634,0.4234198156628963,0.4234198156628963,0.0,0.0,0.0,0.0,0.0,0.0
419,11.981896070434686,0.0,0.0,12.04450087301376,0.0,0.0,11.981771640588022,0.0,0.0
420,0.9988523523922197,0.0,0.0,8.154423108567642,0.0,0.0,19.31557429446346,0.6106500427478068,1.7514750009815998
421,18.43466768645834,0.35689013185077556,0.35689013185077556,6.399806973569554,0.35686618437932793,0.0,3.584900611655655,0.0,0.35686618437932793
422,50.39965601898285,0.0,0.0,41.634080689815306,1.9659785517015393,0.0,10.777200438154637,0.0,0.0
423,20.13126700218288,0.0,0.0,13.641260849785311,2.20195117285607,3.7632271550878045,9.427409359171946,73.5035676784866,71.36071584323173
424,2.6379491244641713,0.0,0.0,6.733614956386646,0.0,3.64220947597488,0.0,3.67203265688795,0.0
425,79.94292871312337,5.870102324254219,11.021058445509965,24.01592552187347,5.126365541346786,0.0,4.258729938384107,0.47521238492259954,0.28846221373424896
426,0.535342172079794,0.0,0.0,4.433489798339764,4.543100092136513,5.415824447278993,12.053619907346501,0.0,0.0
427,34.897638739467425,0.0,0.0,6.979076556922678,0.0,0.0,23.913434430772668,2.8419777357902944,0.0
428,24.139251084896216,0.0,0.0,5.548876040149366,0.0,0.0,155.96575784938312,67.3157745389338,7.686188904400126
429,4.26127538412635,0.0,0.0,7.160515249272578,0.0,0.0,0.2548040795270481,0.029504524919957476,0.0
430,13.068258024561288,0.0,0.0,10.884348363447344,0.0,0.0,8.24277298980067,0.17074253356457803,0.0
431,18.258797907800925,0.17975125918718504,1.1151794877949897,23.630326739590146,0.0,0.0,6.878311232969111,0.0,0.0
432,6.52412333283263,0.0,0.0,17.088696585354114,0.0,0.0,18.55623017772234,24.252977048457637,0.0
433,0.0,0.0,0.0,7.980918250838329,0.0,0.0,0.0,0.0,0.0
434,12.280060899528166,0.0,0.0,10.254468400858542,0.0,0.0,46.236422487110104,28.759928874964345,0.0
435,12.437889360141241,0.4606002567260248,0.4606002567260248,0.0,0.4606002567260248,0.0,0.0,0.21165193494914547,0.4673529291437717
436,28.18382892317311,0.0,0.0,2.92820245864624,0.0,1.4674898997352557,2.3473507431326652,3.09834148083894,0.0
437,0.0,0.0,0.0,0.0,0.0,0.0,0.3963409710189012,0.0,0.0
438,5.648273101123266,0.0,0.0,10.262511063047839,3.5558480981612774,5.4867613358659355,2.282578407406163,0.43242337575725287,11.633552739650497
439,14.818510960548338,0.0,0.0,47.8684836658409,0.0,0.0,110.02791689481822,27.134873504904476,0.0
440,1.0787861222741242,0.0,0.0,12.761853446521172,0.0,0.0,0.0,0.0,0.0
441,0.8988046072375084,0.8031560490197478,0.8031560490197478,0.4221002373577676,0.0,0.0,0.0,0.0,0.23491395851755215
442,31.63808305585937,0.3860352441208761,0.3860352441208761,26.19383029337527,0.3860352441208761,0.0,24.964790120421668,0.0,0.3860352441208761
443,63.09365448618274,0.0,0.0,21.086512486630255,0.0,0.0,19.481666741185535,0.0,0.0
444,8.26920029683086,0.0,0.0,4.978401570272098,0.0,0.0,11.375268673736088,0.0,2.211668863397364
445,42.098672541483836,0.4329987836748046,0.4329987836748046,71.62884396091528,0.0,10.178158600182286,248.89974764523225,184.18161559233056,5.180286987935716
446,23.493751780259828,0.0,0.0,14.934983358534083,0.0,0.0,24.20981363115473,1.0453741284146076,0.0
447,2.772735241372459,0.0,0.0,6.8783320833532855,0.0,0.0,2.772735241372459,0.3582453572328177,0.0
448,30.310933005029568,0.04066626744304358,0.04066626744304358,11.065861536081286,0.0,0.0,9.573463796132955,0.0,0.28850322287280505
449,6.687721684482,0.0,0.0,92.5882988199356,0.0,2.3320402383627084,9.890179848547689,0.0,0.0
450,0.0,3.9662024659021426,0.8415320767031744,2.3153471067456053,0.8415320783353195,0.0,1.2862898079644367,0.0,5.9029825164844
451,0.0,0.0,0.0,2.9708459353947774,1.1204882710166544,3.8985342119132156,9.459453027761867,10.976830971352797,6.002326365127487
452,7.152567774109144,0.0,0.0,38.41801143537046,0.0,0.0,3.4060542960477562,0.0,0.0
453,13.830539958822044,0.0,0.0,23.301042868558568,0.0,0.0,17.617055326421024,0.3337538013185508,0.0
454,32.33852821378716,0.0,0.0,49.11149370018413,0.0,0.0,113.32772385339206,14.63853009957765,60.11889326775716
455,6.339283865003381,0.0,0.0,10.387605909749311,0.0,0.0,9.34821352683133,0.0,0.0
456,0.0,0.0,0.0,0.0,0.0,0.0,11.71865779933421,0.0,0.0
457,13.574567617552333,0.0,0.0,6.150534398074399,0.0,0.0,13.049526884641892,0.0,0.6030611629911391
458,45.26635662542304,0.0,0.0,29.82807981326266,0.0,0.0,18.8347183484793,0.0,0.0
459,28.52163497037145,1.0883334995347695,1.0883334995347695,1.8747240368104485,0.0,0.0,7.338995373314447,0.2783876745781413,0.6756262709263865
460,0.8854039709640915,0.0,0.0,0.0,0.0,0.0,0.0,0.0,0.0
461,1.211001623997106,0.0,0.0,0.5306454391678699,0.0,0.0,2.2883857198390842,0.590515196159771,0.0
462,30.476631956428093,0.0,0.0,35.413870795250546,0.0,0.0,5.458198588324478,0.0,0.0
463,0.0,0.0,0.0,0.0,0.0,0.0,0.0,0.1996770691299048,0.0
464,0.0,0.0,0.0,0.0,0.0,0.0,0.0,0.0,5.356076262289577
465,15.825775206730867,0.0,0.0,13.525492444812954,0.49132493107026676,0.0,10.836073414207391,0.15390179825328687,0.0
466,17.359996360303768,0.0,0.0,22.880002126175242,0.0,4.828896805779294,175.19883594790065,15.256717322288353,14.698609154094527
467,5.779372556534611,0.0,0.0,5.985925338837802,0.0,0.0,0.8985717471736621,0.2332685696696899,0.0
468,10.103220469569209,0.0,0.0,14.891532715812758,0.0,1.2985614985591383,24.401603573626943,0.0,0.0
469,16.64267751223815,0.0,0.0,14.67344087100659,0.0,0.0,14.136567577285348,0.5394015411539499,0.0
470,2.005024519135418,0.0,0.0,6.113184863718885,0.0,0.0,2.0050010122201627,0.0,0.0
471,21.722515254230046,0.0,0.0,24.17625160624081,0.0,0.0,19.955379805413457,0.0,0.0
472,6.385079588988276,0.0,0.0,96.6361631611336,0.0,30.04561836002847,5.409845884231146,0.0,0.0
473,6.063808884008978,0.5036859147732002,0.5036859147732002,2.400583407547117,0.5036725954637404,0.0,1.199209594846593,0.0,0.5036725954637404
474,0.0,0.0,0.0,0.0,0.0,0.0,90.00340212431726,0.0,0.0
475,1.0516184927917607,0.0,0.0,0.4766197002476247,0.0,0.0,0.4766197002476247,0.0,0.0
476,12.008624475102664,1.2543448191713367,1.2449596827533753,13.319712048480767,0.0,1.0545993062157493,5.86758584638855,0.0,0.0
477,0.0,0.0,0.0,21.295886610423565,1.51641977303359,0.0,5.523050802299366,0.3439656752512974,6.227329715704286
478,103.55930022610423,0.4626813867977262,0.7945359853328569,27.41104669739923,0.46268138674815873,0.0,26.544035905403717,0.5420506842932014,0.46268138674815873
479,34.728260589726375,3.561807120161575,7.867038502967972,0.2649993799703907,0.0,0.0,5.147025002238763,0.1613596699730806,0.0
480,39.02676105627634,0.0,0.0,32.82138609155538,0.0,0.0,25.77783400281612,0.7942923641402331,0.0
481,0.17504706584028895,0.0,0.0,12.139201082454662,0.0,2.381750887696626,1.6905340736555559,5.775518510577683,0.0
482,15.49743339077716,0.0,0.0,70.20602489049733,0.0,0.0,24.52287957186624,0.0,0.0
483,8.51253592546638,0.0,0.0,0.0,0.0,0.0,0.0,0.0,0.0
484,14.215004249329724,0.0,0.0,0.42470768163394723,0.0,0.0,0.0,0.47092073168721527,0.0
485,0.0,0.0,0.0,1.6688156678393398,2.338394959110758,0.0,0.0,0.0,0.0
486,10.510095836747013,0.0,0.0,23.756211442771445,0.8301969986749214,0.0,10.87092956335789,0.0,12.238205894302439
487,3.9667325577136126,5.573319415518654,5.573319415518654,11.661124418155964,1.264867391876578,0.0,1.3247695296597328,0.0,1.2647991983728843
488,16.557590682561965,0.2578898333241,0.2578898333241,21.321081211681303,0.0,0.0,141.51785041836493,64.40339147650263,13.254728846852515
489,0.0,0.0,0.0,9.66333284287299,0.0,4.409507479946171,17.23249134540933,0.10527942314485017,10.168095964419535
490,8.595826344980225,0.0,0.0,16.27655178545905,0.0,0.0,6.617944766598924,11.480336012118073,3.9952231948948906
491,24.269326454240996,0.0,0.0,35.37307801462339,4.571870728410943,2.3617279247536658,40.96463191903905,20.80157097483132,50.14461780859395
492,16.95415019362642,0.0,0.0,28.28363827794462,0.0,0.0,12.848789587466626,1.1247498786701726,0.0
493,3.722392061455764,0.0,0.0,7.541313399714454,0.36384618093609333,0.0,4.781712548131736,0.0,0.0
494,4.665497319528583,0.673264853782257,0.673264853782257,4.665497319528583,0.673264853782257,0.0,4.665497319528583,0.0,0.673264853782257
495,0.0,0.0,0.0,1.7242287363156095,0.0,0.0,7.484826483425536,0.9004286488223272,0.0
496,1.4087290510010462,0.0,0.0,0.0,0.0,0.0,4.033786604065767,0.0,7.639124540090165
497,23.206969800000337,0.10437613853139283,0.05418295641896975,22.92250694580136,0.054182956095644386,0.0,25.062613373227236,0.0,4.304530370255378
498,0.0,0.0,0.0,0.0,0.0,0.0,22.22213471672771,0.0,5.096177716399552
499,3.7346922859897234,0.0,0.0,7.248698062621543,3.495083492273409,0.0,1.941767560781841,0.12358524886246869,0.0
500,3.690421554581377,0.7041803470664831,0.0,8.501700959882527,0.0,0.0,3.688152041781791,0.0,0.0
501,23.822664369808876,0.0,0.0,9.116246339457973,0.0,0.0,44.30142832250189,0.49832213620629773,33.71448139829573
502,7.996101065929423,0.0,0.0,5.165367406278818,0.0,0.0,59.80681300394107,7.051848767074091,2.7368312676686912
503,22.40994619007043,0.0,0.0,17.244470050181576,0.0,0.0,16.15972752170029,0.0,0.0
504,2.066576093897595,0.0,0.0,0.08427349697439013,0.0,0.0,0.0,0.0,0.0
505,0.0,0.0,0.0,9.954202841959301,0.0,0.0,0.0,7.075231548600243,0.0
506,63.69196226061882,7.35103438102405,14.574192875438143,29.42802429020503,4.274979790521456,4.274979790521456,16.729052282680414,0.0,25.42735810972573
507,19.746313738652958,0.0,0.0,34.14585361866426,4.129988512023829,0.0,15.216590734339206,1.580680797400646,7.66000127072374
508,15.558672942000754,3.907558061257987,0.0,13.348992350597712,0.6081077126589776,0.0,15.754341341617902,0.4446003661296345,0.0
509,7.813637894295283,0.0,0.0,8.633035111070114,0.0,1.688558061993092,7.533416294724532,0.07640085726177404,0.0
510,24.837641710082067,1.096766479470432,0.0,16.923827825541792,0.0,0.0,9.340932443266183,0.0,0.0
511,12.091578056692981,0.0,0.0,0.0,0.0,0.0,83.77879957381313,0.0,0.16438206782152065
512,15.10226561828506,0.0,0.0,25.87650017014363,0.0,0.0,17.343291929386027,18.77291247514063,0.0
513,1.9753775377378702,0.0,0.0,6.991579315477992,0.0,0.0,1.3557059379402858,0.0,0.0
514,52.14050754721501,0.0,0.0,13.023203667841983,0.0,31.89653602009247,23.818816917355093,13.23394161152413,13.23394161152413
515,15.300437326533228,0.0,0.0,9.207422809382905,0.0,0.6106565699327575,4.261533077210373,0.0,0.0
516,0.0,0.0,0.0,4.233332364710122,0.0,0.0,87.78799156325516,22.494990620710183,0.0
517,0.0,0.0,0.0,0.0,0.0,0.0,0.26720085613948186,0.2831202763669012,0.0
518,10.882301630725607,0.0,0.0,10.143099044731542,0.0,0.0,10.143099044731542,0.0,0.0
519,1.0433294154194073,0.0,0.0,3.908196675898324,0.4210713717978365,10.618657400125585,1.576338060728176,7.949042371438281,7.949042371438281
520,12.670142619090086,0.0,0.0,25.295063689198003,0.0,0.0,26.10002739629681,1.4923864874279218,0.0
521,27.379213176486104,0.0,0.0,120.95965899716654,4.378136931781,0.0,5.964571611865296,0.0,0.0
522,30.69315356135712,0.0,0.0,28.315466970076614,9.634768183410358,0.0,25.098970508591094,2.471840483850599,0.0
523,0.0,0.0,0.0,1.5734191519750595,0.0,0.0,32.227758112699576,6.530236890611121,0.0
524,6.345423491004851,0.0,0.0,5.121832713658108,0.0,0.0,4.866179957076014,0.0,0.0
525,16.75560261172612,0.0,0.0,21.67298004105453,0.0,0.0,13.391150535873408,0.6113671321265315,0.0
526,0.0,0.0,0.0,2.507678152619974,0.0669978623191696,0.0,0.0,9.919714784375572,3.7793717903103357
527,2.243596362855783,2.538111393496422,2.538111393496422,0.7008392183055889,2.0579563888175585,2.0579563888175585,7.901666083442137,0.0,16.268458565996298
528,12.786285509169687,0.0,0.0,11.813956834244635,0.0,4.74095373094238,6.565536424499157,0.0,0.0
529,3.1304475351955716,0.0,0.0,27.327472412789973,0.0,0.0,60.27481251575088,19.822578570838147,6.704539175512792
530,18.269754954424968,0.0,0.0,18.259120806536117,0.0,0.0,18.259173899274487,0.0,0.0
531,13.24438163559168,0.0,0.0,0.0,0.0,0.0,0.0,0.049592071544964256,2.903710261166168
532,47.230945102468155,0.0,0.0,22.05586291883148,0.0,0.0,18.596506983690205,1.9297048375794361,1.718919385558081
533,16.36398729244172,1.7113222262637464,0.0,15.119488846509398,0.0,0.0,18.424490829234088,0.0,0.0
534,0.0,0.28729751503232137,0.28729751503232137,2.028920492777843,0.4440383395136678,0.6638950900768918,0.0,0.0,0.28729751503232137
535,12.345565391773107,0.0,0.0,8.214761996102766,1.0688696294038778,0.0,7.81527805059568,0.2667164328692593,0.0
536,3.8795108240680634,0.0,0.0,3.8745051308318352,0.0,0.0,3.8745051308318352,0.4008872090872728,0.0
537,56.41905978210812,0.0,0.0,21.44361459849989,0.0,0.0,36.29383595969142,0.0,25.534232089847563
538,0.0,0.0,0.0,9.874148551919234,2.5728254418091296,1.6962622985813596,3.2343130259175723,0.012790632644168909,0.0
539,28.847571435926397,0.0,0.0,15.091037909155915,0.0,0.0,9.21097830907317,0.0,0.0
540,14.968640009335786,0.0,0.0,24.839797996466217,0.0,0.0,13.730933082884007,2.1860437715468493,6.206215024546054
541,13.554500990590611,0.0,0.0,21.976755830786203,0.0,17.05916520770191,24.57077805157718,0.0,0.0
542,30.215231770369627,0.0,0.0,18.386556506666523,0.0,0.0,16.24975138948122,0.0,38.85570395540657
543,5.434921215482717,0.0,0.0,0.04494680259415418,0.0,0.0,18.975452608168723,0.5264272406507757,18.990618790229632
544,9.300093438180966,0.0,0.0,26.687635449476147,0.0,2.940449807370669,42.9159930188211,1.365446083800805,4.8681067958576705
545,29.233606272422747,0.0,0.0,22.433883630554732,0.0,0.0,62.24706694243096,16.521784129538446,9.642200308480028
546,9.095109653215161,0.0,0.0,12.472411446583692,8.024485126677575,10.306579800152122,7.303377944390434,0.0,0.0
547,46.15973978151467,0.0,0.0,21.52363534224861,0.0,0.0,14.759042726592241,0.27399686491017405,0.0
548,25.008632728967086,0.0,0.0,24.990152578264542,0.0,0.0,16.324751805104228,0.0,0.0
549,21.234788713241954,0.0,0.0,21.8303515921163,0.0,0.0,5.929785932784,11.356848364112068,4.442585034180013
550,2.7727664488632513,0.0,0.0,3.0929174446364414,2.5717749004098778,0.0,0.0,0.28671665200829466,0.0
551,11.55661812629836,0.0,0.0,58.25124441201834,0.0,5.382605927010218,8.720332810354819,11.403167148490923,45.941233920431216
552,23.89055062314398,0.0,0.0,16.685234420660038,0.0,0.0,15.731468099049835,0.0,0.0
553,0.0,0.0,0.0,0.0,0.0,0.0,0.0,0.0,0.0
554,12.932868037493364,0.0,0.0,18.60643910173215,0.0,0.0,20.564460118420754,0.0,1.577247919254205
555,0.0,1.4202006647989265,0.010738622717155977,1.255604643458696,0.0,0.0,0.0,0.0,0.0
556,4.033554432755892,0.0,0.0,43.363137679785325,0.0,0.0,4.032163250940187,1.6836543148527312,0.0
557,20.99415284338241,0.0,0.0,11.717235064655597,0.0,2.5660314789436143,6.163938746066265,0.0,0.0
558,5.636415218425526,0.0,0.0,36.056958101431945,0.0,1.8569798130430968,0.0,0.0,0.0
559,15.300274502353062,0.0,0.0,12.035446349061061,0.0,0.0,0.4845879698660269,0.506036578154351,0.506036578154351
560,0.0,0.0,0.0,0.0,0.0,0.0,0.0,0.0,8.835279782871908
561,33.09903597576951,1.1584906613662156,1.1584906613662156,22.10427664644959,0.0,0.0,21.0531274236979,20.20274823049985,0.0
562,3.9261184350756366,0.0,0.0,9.60509127062278,5.782140057004824,4.99922573702014,0.0,11.770794445683919,11.47206381552644
563,21.666233126436623,0.0,0.0,50.8173696887514,0.0,0.0,16.90438532014622,0.0,0.0
564,0.12334382893283191,0.0,0.0,1.9278756883418282,0.0,0.0,0.13210141609647508,0.0,0.14296956965563368
565,8.265684002910035,0.0,0.0,5.018905946166939,0.0,3.406894756903,14.881987986257286,11.541813734068114,6.213292515550222
566,3.0068674047427635,0.0,0.0,12.171804814210702,0.26114762597899244,0.0,4.6631628574957915,4.7671176695181146,0.0
567,30.116895828823857,0.0,0.0,25.81360978357162,0.0,3.3385826520212163,27.413878969211794,8.98647442179066,6.111645886189876
568,23.079075539336145,0.0,0.0,3.1912896734396554,0.0,0.0,1.9437754025415757,0.05962291885771265,0.0
569,12.922965147220452,0.0,0.0,2.9657342367461865,0.0,1.7632390967262381,0.9016119964171594,0.339489922335531,0.0
570,3.8949405376947652,0.0,0.0,0.0,0.0,0.0,0.0,0.13735557810082355,0.0
571,34.8525965085538,0.0,0.0,42.27542261210368,0.0,0.0,25.993539679352722,0.0,0.1490907909142436
572,19.466458169560525,0.0,0.0,9.59563368126092,0.0,0.0,14.739941022163322,0.0,1.6754894733780077
573,0.0,0.0,0.0,0.0,0.0,0.0,0.0,0.0,0.0
574,13.236115798634074,0.0,0.0,21.138687638084264,2.230783933312921,7.409262989124159,3.8210454307637747,0.11524732378012459,0.0
575,5.028202050244374,0.0,0.0,2.704228803698726,0.0,0.0,0.0,3.9722175966642226,0.0
576,5.02992077326482,0.0,4.1359289165965265,9.251064306267466,1.8190809285767386,0.8138288725946836,21.075618724604823,24.18229376906541,18.825270330093304
577,1.4803201618416324,0.0,0.0,7.56528296607101,0.0,0.0,10.151845608621443,0.0,0.0
578,2.739209160926066,0.0,0.0,0.0,0.0,0.0,0.0,0.0,0.0
579,10.545943609271092,1.2787894717789072,0.0,25.103974694104608,0.0,0.0,0.0,3.9922522211061278,0.0
580,33.169062386754916,0.0,0.0,21.979248568014697,0.0,0.0,21.979248568014697,0.0,0.0
581,0.0,0.0,0.0,9.10928663587697,0.0,0.0,5.174758598695462,0.12524231426908727,0.0
582,5.381519403048117,0.4724460850433161,0.4724460850433161,5.3790228933847,0.4724460758491773,0.0,31.41825781977414,6.54121744187654,0.4724460758491773
583,22.307187075102746,0.0,0.0,25.310773933200608,0.0,0.0,33.05081920736893,0.0,0.0
584,22.04565561679169,0.0,0.0,5.305552422262451,0.0,0.0,17.959569866147405,1.903136358430288,0.0
585,22.86050203301275,0.0,0.0,25.92692624927824,0.0,0.12730365860710435,18.887479842162037,0.0,1.2167645802358322
586,48.51181236575758,3.0967312325586818,3.462599170555336,10.659148256882531,0.0,0.0,10.126001191789783,0.24088345953089174,0.0
587,11.336099311423368,0.0,0.0,25.688007943018164,0.0,0.0,11.197557909208257,0.5342850678715081,0.0
588,10.85506628887967,0.0,0.0,13.65864320205921,0.0,0.0,8.227364180224157,7.619579255699364,0.0
589,33.30742600629125,0.0,0.0,21.90974240361456,0.0,0.0,28.822480530041076,0.0,0.0
590,10.717256389921914,0.0,0.0,18.256630791927222,1.8644392726145043,2.1065339609109515,22.591254040736203,0.5829615307560516,5.861023338819393
591,2.470517583340609,0.0,0.0,1.0426346325338045,0.0,0.0,3.294413637693822,0.10209564692246431,4.595701691031593
592,10.068512894786238,0.0,0.0,2.530902163673261,0.0,0.0,2.530902163673261,0.09047956262395473,0.0
593,12.249726061836782,0.4614339380285628,0.4614339380285628,9.802317104423594,2.49338530003223,0.0,0.0,0.6200649214208624,0.0
594,19.88162551937498,0.0,0.0,13.15093215588783,0.0,0.0,22.06265982043587,12.458236337616881,17.864401630079442
595,59.52076365264648,0.0,0.0,91.52801724467818,10.920027029717119,7.021162087195364,28.013858040660978,3.8932191077461766,0.0
596,12.115211514898675,0.0,0.0,12.115211514898675,0.0,0.0,12.115211514898675,0.0,0.0
597,11.010326168165193,0.0,0.0,9.877032032645445,0.0,0.0,9.877032032645445,0.0,0.0
598,1.6597703668763586,0.0,0.0,0.0,0.0,0.0,0.0,0.0,0.0
599,3.306125024579046,1.3004979137728583,0.0,0.0,0.0,0.0,0.0,0.0,0.0
600,6.235697698926572,0.0,0.0,0.14665853909502857,0.0,0.0,0.0,0.0,0.0
601,8.610504213301027,0.0,0.0,13.820904416908604,0.0,0.0,8.610504213280421,0.0,0.0
602,9.859849160227924,0.08450289000933253,0.08450289000933253,20.987623859910315,0.08450289000967359,0.0,114.10499753833875,8.617424894811563,10.448639675665447
603,13.74814588952492,0.0,0.0,12.14910974723125,0.0,0.0,19.177975268398228,0.0,136.1950797352319
604,25.013939030086135,0.0,0.0,2.8900746494982457,0.0,0.0,120.29434713404464,0.0,0.0
605,0.0,0.0,2.272257770788997,0.28451848395081925,0.0,0.0,3.4793411532746177,0.30795148297841024,0.0
606,8.13211202506261,0.0,0.0,52.67808714360328,1.4345461502593366,0.8387558373914885,11.881305401823596,4.123723080618902,0.0
607,12.90008034626257,0.19765965198791946,0.19765965198791946,10.061949928886975,5.028002222700593,0.0,6.316909790327514,4.164989335743826,4.362649031353271
608,23.19185609459865,0.0,0.0,13.779324014681151,0.0,0.0,14.267125238538199,0.0446567351245335,0.0
609,0.0,0.0,0.0,0.0,0.0,0.0,0.0,0.22489705955774753,0.0
610,8.72706133066481,0.16411037620304114,0.16411037620304114,2.8541152986439897,0.16411037620383695,0.0,2.7048408393062857,0.0,0.16411037620304114
611,104.31653947533616,0.0,0.0,61.24917063821866,0.13435904455951686,13.66892629572294,11.526549117505084,0.0,0.0
612,0.0,0.0,0.0,0.0,0.0,0.0,0.0,0.0,0.0
613,9.775158601880946,0.8962238836832626,0.0,6.38750119232256,0.0,0.0,5.857904566267138,0.14536268149561238,0.0
614,0.7399128279088814,0.0,0.0,6.946561070527338,0.0,0.0,5.156707770534268,0.0,0.0
615,25.515773740193993,0.0,0.0,12.618176844268362,0.0,0.0,6.90479540299188,0.0,14.426703116522333
616,3.0492482565516923,0.0,0.0,1.601920028613904,0.0,0.0,1.601920028613904,0.0,0.0
617,62.49683380989319,0.0,0.0,19.96152432643015,0.0,0.0,11.64611882235468,0.0,0.0
618,0.5816290376686482,0.0,0.0,4.536525983384735,0.0,0.0,0.4398128702882502,0.0,0.0
619,0.9852067958967723,0.0,0.0,1.003224862112802,0.0,0.0,0.9852068384170138,0.0,0.0
620,8.353585368813867,0.0,1.3241440678716572,11.787841196760525,0.46203176364008414,5.629217463084615,5.400838581317998,0.11560261387126047,32.645538113128026
621,0.0,0.0,0.0,0.0,0.0,0.0,0.0,0.0,6.471986105876539
622,8.88523221280471,2.2563342524176164,2.2563342524176164,8.94332386049794,0.0,0.0,3.1881944160703313,0.0,0.0
623,51.587503975606666,0.05514613502640486,0.0,30.226747364016404,0.0,0.0,35.498548533940436,0.0,0.0
624,6.989892001773086,0.0,0.0,33.58147387341151,1.442284083939569,0.0,6.972157682001381,8.576518299593545,1.948085561911853
625,20.694838069306883,0.0,0.0,15.684148125412236,0.0,0.0,76.36553028679597,0.0,0.0
626,6.927358576214971,0.0,0.0,4.542013564468931,0.0,0.0,0.5272859105609768,0.0,0.0
627,10.285508374602045,0.0,0.0,33.41515086929323,0.0,0.0,3.5027484503133905,0.34428187785584896,0.0
628,0.0,0.0,0.0,5.282980111832387,8.218801115361373,5.09576797629984,0.0,0.0,4.599596222532284
629,3.3139591135696946,0.0,0.0,7.712365440699529,0.0,3.034081505872848,0.28153529554805345,0.0,0.0
630,15.264414836279826,0.0,0.0,38.641160731662666,0.0,0.0,126.84156684164691,69.50259992758129,10.969670253778872
631,20.361077926005436,0.0,0.0,15.67320780049053,0.0,0.0,1.9893507531113528,0.0,0.0
632,0.0,0.0,0.0,0.0,0.0,0.0,5.462251590480662,0.0,0.0
633,35.41698518493689,0.0,0.0,3.2264694874102133,0.0,0.0,63.449799502025655,0.0,0.0
634,18.228135768953393,0.0,0.0,41.2236538688,0.0,0.0,94.87484621712233,4.64674490779737,15.105395515088219
635,51.014068558808674,0.0,6.350276341450694,1.5589789227918232,8.53955408617054,1.3700111092220482,1.5468462770396059,0.0,0.0
636,15.706388381289571,0.0,0.0,22.46218786146295,0.0,0.0,17.526934388906994,12.437039132190165,0.0
637,12.341787051422926,0.0,0.0,12.199906850592328,0.0,0.0,12.199906850592328,0.0,0.0
638,20.131533894942862,0.0,0.0,10.630150158181863,0.0,0.0,16.93150362492321,0.045527114943524793,0.0
639,19.85648830993435,0.0,0.0,14.810835281664623,0.0,0.0,33.12049662319919,13.426005351821402,2.5829271083019307
640,12.706264386978006,0.9204084922080256,0.0,31.759425769158895,0.0,0.0,8.273448315158163,0.0,0.0
641,11.65759661220605,0.0,2.881631446665324,12.874022489575196,0.0,0.0,6.485754591005076,0.0,8.201711939017457
642,21.55377356073808,2.0619993585806924,2.0619993585806924,40.954233310003616,0.0,9.086094475708222,9.342951311935678,9.888296358200023,7.047991622609857
643,24.841648532782045,0.0,0.0,1.8807102084253984,0.0,0.0,1.8675208885782126,0.0,0.0
644,8.763006702148289,0.0,0.0,14.696574307435498,0.0,0.0,5.299521009298729,0.0,0.0
645,22.88601261732964,0.0,0.0,12.15531127216778,0.0,0.0,12.22307905544858,0.4994782652053118,0.0
646,20.807509532774304,0.0,0.0,18.721473216352166,0.0,0.0,13.930554975178978,0.0,0.0
647,6.648234055935291,0.0,0.0,6.659500217175548,0.0,0.0,6.635677494584286,0.0,0.0
648,20.53285018630862,0.0,0.0,19.285565996425902,0.0,0.0,15.660994038811992,0.0,0.0
649,20.37897145913294,0.0,0.0,13.69980167338366,0.0,1.1861734438542157,9.015933387476025,0.0,0.0
650,2.973137568402535,0.13742894914327053,0.13742894914327053,4.230994140918227,0.1374289491434979,0.0,2.9785963548179666,2.307857385171019,0.13742894914327053
651,0.33487318492049667,0.0,0.0,0.0,0.0,0.0,0.0,0.0,0.0
652,0.5312979844174492,0.0,0.0,0.0,0.0,0.0,6.30993538452708,0.23256948404161903,0.0
653,19.84103589631752,0.45064803959979827,0.45064803959979827,42.153210002182135,0.5509799396111248,0.0,17.628773204419787,0.1181017844888288,0.45064803959979827
654,14.824341815848584,0.6989134576846823,0.6989134576846823,18.488954905148006,0.6989134579688425,0.0,21.453586295373242,0.0,0.6989134576846823
655,5.318989366213884,0.0,0.0,20.587134213085875,7.061772511649394,0.4692090271877589,5.203656547183215,12.23575586854588,4.7322285527788495
656,13.580246613232276,0.0,0.0,13.46762547863085,0.0,0.0,13.71057932587729,0.19678675861229067,0.0
657,19.55979249397825,0.0,0.0,9.273742314440199,0.0,1.9356819841746074,8.35468847085869,0.0,0.0
658,30.582639234983816,0.0,0.0,38.60078927629917,0.0,0.0,18.921956439159572,0.05773974951159744,0.0
659,0.0,0.0,0.0,0.0,0.0,7.36151022536302,6.700764223831413,12.147715818248628,4.613608382034101
660,13.53303305151664,1.8136431996126703,1.8136431996126703,16.97583875545405,0.0,1.5029040897759671,5.475251220475172,15.720659171887604,8.511630967523331
661,0.0,0.0,0.0,5.361439935241322,3.8616217080219144,22.933910675117602,14.132550592098625,0.0,13.349914322331756
662,55.4123509911079,0.83703753260761,0.83703753260761,21.17648996256304,0.0,0.0,17.555388132165973,0.1359451413085253,0.0
663,0.0,0.0,0.0,0.0,0.0,0.0,0.0,0.0,0.0
664,0.0,0.0,0.0,0.0,0.0,0.0,1.273500555976625,0.0,6.280830576140659
665,11.433469867545682,0.7920419072061691,0.7920419072061691,3.85665852939718,0.0,0.0,80.88421512775358,24.43601778474627,0.0
666,30.23147595079945,0.0,0.0,36.33132298434177,0.0,0.0,37.66102858061345,0.4064048978586925,0.0
667,0.0,0.12384564837378775,0.12384564837378775,0.0,1.3162890305114274,0.0,9.475481904536991,0.0,3.702627041364508
668,23.067653235877287,0.0,0.0,24.15564857470929,8.028898480236649,0.0,15.263261804821752,0.23087309782937382,0.0
669,3.668307034222238,0.0,0.0,3.672905808448945,0.0,0.0,3.6208378273091455,0.10887822557629079,0.0
670,62.11677950910712,0.0,2.1380507563489743,20.169745024311823,0.0,0.0,71.22928649925493,12.866866125151802,76.3788519821874
671,15.112231454287638,0.0,0.0,23.618303245763826,0.0,0.0,15.112231454287638,0.0,0.0
672,20.133037978775803,0.0,0.0,2.364530598253623,0.0,0.0,2.3640672457422056,0.0,0.0
673,31.474597780521833,0.0,0.0,6.301043315601646,0.0,0.0,6.301043314746181,0.0,0.0
674,69.58706454787975,0.0,14.059248867491078,25.509974877135136,0.0,1.390358486277762,16.924503302251225,0.0,0.0
675,0.4263580066513555,0.0,0.0,11.540709191893086,3.2998084447491465,1.349320145656236,0.0,4.8900159047167335,4.427210862961147
676,6.786672544553767,0.3221726905932769,0.3221726905932769,2.6047755051131674,0.3221726905932769,0.0,1.6817182352327222,0.1057086991472147,0.3221726905932769
677,9.580449424890759,1.3596968895918735,1.3596968895918735,5.981920586670469,0.0,0.0,4.094857102668811,0.08245563643117748,0.0
678,6.148707438993199,0.0,0.0,4.337048513788659,0.0,2.0053644309977017,19.13655317952515,17.595069636090926,0.0
679,11.637925072208503,0.0,0.0,10.354422484349413,0.0,1.9299278572777325,7.763622995901329,0.0,0.0
680,7.63561409891841,0.0,0.0,10.53165970839504,0.0,0.0,23.777806963965162,22.953673936759287,0.0
681,6.244625115539492,0.0,0.0,17.698259267796885,0.0,3.1310986651346866,5.8858866209972405,0.0,0.0
682,10.392274875140146,0.0,0.0,2.1439589641893235,0.0,0.0,18.674489257136372,18.496849410755374,8.594941489634152
683,2.6226578225090975,0.0,0.0,9.200148974005515,0.0,0.0,12.382864291719784,0.0,0.0
684,37.571156991194556,0.5451246244672916,0.9826756428455496,14.642900009813246,0.0,0.0,12.87946153829975,39.47376943978293,71.79654717463754
685,12.498915870262351,0.0,0.0,0.1271930055785333,0.0,0.0,0.1271930055785333,0.0,0.0
686,0.0,0.0,0.0,0.0,0.0,0.05918104006389058,0.0,0.9214299805689734,0.0
687,0.0,0.0,0.0,0.0,0.0,0.0,0.0,0.0,0.0
688,15.324212613547331,0.0,0.0,6.449351631070272,0.7415052747868458,0.0,3.31989194324575,0.0,0.0
689,33.194224962773205,0.5834839571669477,0.5834839571669477,1.765596646508385,0.5035512389568453,0.0,1.7648720732937022,0.0,1.4140976268580516
690,21.777196702675468,0.0,0.0,4.979884675526762,0.0,0.0,0.5766818749119125,0.025313280511738867,0.0
691,33.2240078455479,0.340765773012663,0.340765773012663,18.837907004322602,0.340765773012663,0.0,114.30362920572401,0.0,14.685013726351428
692,12.02497674304226,0.0,0.0,5.995841546349681,0.0,0.0,6.1854441269751135,0.0,0.0
693,25.927023073077436,2.0629326275866333,2.0629326275866333,17.77918594148977,0.3786323025979641,0.0,10.79409608711805,0.38515584790621915,0.37840132884480226
694,10.521128431166204,0.0,0.0,22.26615792949727,0.0,0.71598616793068,4.638660976667609,0.4175934253635205,0.0
695,1.5931028844442778,1.5307650333514289,1.5307650333514289,24.716500726897465,0.1946823392429451,4.515194378002832,14.264442194317553,2.014449215607897,0.1943650186724426
696,4.730699498053809,0.0,0.0,4.730699498053809,0.0,0.0,4.730699498053809,0.0,0.0
697,5.837001383169138,0.0,0.0,22.491838524940135,0.0,7.362036909527035,3.388999678701339,0.37831099692084535,0.0
698,1.1982145148586483,0.0,0.0,2.453646744185278,0.0,0.0,0.0,0.0,1.4916007654869645
699,0.0,1.1011096652823653,1.1011096652823653,0.0,1.1011096652823653,1.147501761335434,1.9262827997824843,0.0,1.688006018330384
700,5.163517754518182,0.0,0.0,0.0,0.0,0.0,0.0,0.0,0.0
701,22.284626252842344,0.0,0.0,115.99360346186927,1.7761851893149583,0.0,60.30862011244554,10.411864363558891,9.515999907489572
702,1.546187181824223,0.0,0.0,0.0,0.0,0.0,0.0,0.0,0.0
703,0.0,0.0,0.0,59.9311286016183,0.0,2.2820548984234392,1.6887698702268779,0.0,0.0
704,8.50197227702742,0.0,0.0,10.298401643834154,0.0,0.0,8.470397719386142,0.0,0.0
705,1.7398913570299896,0.0,0.0,1.7398913570299896,0.0,0.0,1.7398913570299896,0.0,0.0
706,16.244422002200082,0.8503657742799646,0.8503657742799646,8.014875766809865,0.0,0.0,3.873267527659408,0.0,0.0
707,0.0,0.0,0.0,0.0,0.0,0.0,21.731514217646122,0.3206211725960202,0.0
708,1.0740850168505176,0.0,0.0,4.767783862842805,0.0,0.0,0.0,0.0,0.2599211815371234
709,13.184464985123043,0.20705954661428905,0.20705954661428905,11.149614295354922,5.907568293097711,0.0,3.9075999000658896,0.41488698507657773,0.0
710,0.0,0.0,0.0,14.263853406039544,0.0,0.0,0.0,0.17240142264000724,0.0
711,7.171329605545253,0.0,0.0,3.325788413442268,0.0,0.0,1.3493853025427711,0.04709722056884402,0.0
712,11.308187441105389,0.0,0.0,2.892645327163848,0.0,0.0,6.846367648240147,0.14810149476755896,0.0
713,18.223866217908807,0.022370009754354214,0.022370009754354214,19.18404861167022,0.0,0.0,8.715804062552195,0.0,1.4479714578625646
714,4.319070673483964,0.0,0.0,4.316913347234475,0.0,0.0,88.03848283847901,40.771549329848256,0.0
715,7.1315094982695655,0.0,0.0,7.1315094982695655,0.0,0.0,7.1315094982695655,0.24028808196737828,0.0
716,0.3467219040367695,0.0,0.0,0.0,0.0,3.968769164972855,0.0,0.49358769203445263,0.0
717,0.0,0.0,0.0,3.2197581259791264,0.0,0.0,0.0,0.16321478240087117,0.0
718,0.0,0.0,0.0,0.0,0.0,0.0,9.337159706101858,4.89566857787986,0.34116686791540474
719,9.666598362818718,0.49682308038740075,0.49682308038740075,12.226249081667532,0.497325636520884,0.0,52.305988587050194,12.409842743917295,19.05301672338959
720,0.8128008602155319,0.0,0.0,4.086339455902021,1.1243387111051106,0.0,2.9225937770279984,0.01244176121269902,0.0
721,0.3430647815484349,0.0,0.0,2.0074123993566673,0.45684014685673446,0.0,0.22681850257743008,0.0,0.0
722,1.006782328267036,0.0,0.0,5.765968860485998,0.0,0.0,0.8772777481150911,0.0,0.0
723,6.341236931398271,0.0,0.0,57.91999420519073,0.0,0.0,29.187848430676326,9.772065894118384,73.25955282687633
724,3.4874465558202132,0.0,0.0,14.31789596818004,0.0,2.372377022496437,3.3469675069216294,0.0,0.0
725,8.705748314462255,0.0,0.0,0.0,0.0,0.0,4.514937997502784,0.0,1.8633405578754605
726,10.02971760883915,0.0,6.911396079607158,16.29271606238501,0.0,0.0,9.809880918905321,1.2446732388999067,1.085422014233984
727,3.4791694318962243,0.0,0.0,3.386392825552292,0.0,0.0,3.386392825552292,0.3436767908626166,0.0
728,6.162340180670668,0.0,0.0,1.606555333508652,0.0,0.0,5.497080082305388,0.057486078478746094,4.374719014777554
729,12.854181342404871,0.0,0.0,23.576685963998955,0.0,0.0,6.827889023482072,0.05132947969127599,0.0
730,13.028603221239734,0.0,0.0,30.066475092392693,0.0,0.0,75.17077194810858,30.527646145203875,14.163705313088315
731,31.01018731066702,1.2042526779090394,4.203800655452341,12.565056728420473,0.0,0.0,7.326066662972551,0.0,0.0
732,6.893529763521485,0.0,0.0,6.850123284442816,0.0,0.0,6.850123284442816,0.0,0.0
733,19.77596799146491,0.0,0.0,19.02750961173504,0.0,0.0,7.153629605607648,0.20113391276868242,0.0
734,0.0,0.0,0.0,3.4110601921037755,0.0,0.0,0.0,13.768634469361416,5.6458202597241325
735,42.79177279224632,0.0,0.0,10.163984589381357,0.0,1.2606406983543934,41.502790075058215,17.71491870528547,72.54568839501823
736,10.938099171199724,0.0,0.0,19.080230173143917,0.0,0.0,43.698827267544374,0.0,22.63877413526737
737,36.18476944519898,0.0,0.0,19.898600239641326,0.0,0.0,19.550196372994236,0.0,0.0
738,10.888389117695453,0.0,0.0,12.055629462385753,2.755169461121966,1.2426123768387924,7.968686431506683,4.142218990870731,0.0
739,5.843047901112186,0.0,0.0,4.72507402377633,0.0,0.0,4.716505330378652,0.18619539136676622,0.0
740,11.210226240200058,0.0,0.0,15.643579717734156,0.0,0.0,10.762205274042003,0.0,0.0
741,26.43681906799273,0.0,0.0,89.62843538798813,0.0,0.0,28.25519649781836,0.0,1.4961244894825825
742,2.0970332902438713,0.0,0.0,7.757412268839573,0.0,0.0,22.060117407174715,0.0,0.0
743,0.0,0.0,0.0,7.739597067114062,0.0,0.0,0.0,0.3461839853705442,0.0
744,11.931875226554979,0.0,0.0,12.141289710596226,0.0,0.0,113.27605207678013,52.82967118484859,0.0
745,3.1961087552874687,0.0,1.9374982414999522,15.903927374230676,0.0,0.0,19.048056396725883,0.4554266840987111,0.0
746,0.0,0.0,0.0,2.508438620284494,0.19095492117645563,0.0,0.0,0.0,0.0
747,9.406572288261657,0.09473843249770653,0.0,29.8200832873259,0.0,0.0,1.215267398297101,0.0,0.0
748,53.49102530998431,0.0,0.0,31.266825113237616,0.0,0.0,24.13088931411869,8.667831663575612,5.1890129890837215
749,9.978546380767114,0.0,6.527088283967714,10.150209596190422,0.0,0.0,38.384829784101925,0.0,15.417552978709324
750,6.231696597240102,0.0,0.0,22.254897003090406,0.0,0.0,10.045974282488004,0.0,0.0
751,0.0,0.0,0.0,13.571296500193625,0.0,0.0,7.900683054757508,9.081159895671647,9.081159895671647
752,40.12045629966667,0.0,0.0,30.555977357689812,0.0,0.0,23.323957237647846,0.5911455299935255,0.0
753,5.334160454778157,0.0,0.0,0.48264148619699654,0.0,0.0,0.004283611732603276,0.0,0.0
754,14.537952574873145,0.0,0.0,4.698418999611874,6.655973418954886,6.496614345207092,4.829223050043737,0.0,25.020430111395513
755,13.433227946721843,10.040427253225232,9.931944591089916,12.191665470625537,0.0,0.0,26.632259319529993,0.0,0.0
756,1.6648234970197677,0.0,0.0,5.931616825890671,0.0,0.39015761685260486,12.726445647800716,0.12800286664253235,0.0
757,3.1491065854002045,0.0,0.0,2.3890858089551443,0.3612984599287188,0.3612984599287188,24.133082901790573,0.4662042172909082,0.0
758,13.226420551596021,0.0,0.0,18.078417744542207,0.0,0.0,12.511591041503493,0.0,0.0
759,4.519038677540266,0.0,0.0,4.519038677540266,0.0,0.0,4.519038677540266,0.0,0.0
760,6.142111665654852,0.0,0.0,5.309325005613488,0.0,0.0,0.0,0.0,0.0
761,8.973203832543334,0.0,0.0,15.079079362114442,0.0,0.0,0.0,0.15380166272944962,5.617199893448088
762,6.481899020020791,0.0,1.1287402542913014,1.9298752828144643,0.0,0.0,1.783753805346123,0.0,0.0
763,0.0,0.0,0.0,0.0,0.0,0.0,0.0,0.0,0.0
764,8.823589967507957,0.0,0.0,4.469522066213472,0.0,0.0,4.469522066213472,0.03712438107510252,0.0
765,6.094476496298142,1.925735399275652,1.925735399275652,17.33603481004249,1.7732821096587372,28.519655673423557,11.756003430162053,18.112582577623158,12.535484990824187
766,30.62539986874492,0.0,0.0,18.835679145369653,0.0,0.0,35.211907129756526,2.2984344174139437,0.0
767,44.865904393542536,0.7874649265101539,0.7874649265101539,21.74558356918513,0.0,0.0,131.78572398327063,80.49414007752009,6.8857349281768165
768,8.356862973759547,1.2655459266211437,1.2655459266211437,5.276014807361747,0.0,0.0,5.291244276465449,0.0,19.132054516403684
769,9.619199755021498,1.2814522988612111,1.2814522988612111,6.408586659650638,0.0,0.0,0.0,11.828383603386271,5.27333955334143
770,20.034751031367648,0.0,0.0,69.32294383475048,0.0,0.0,20.889626217748372,0.13440773449877952,0.0
771,12.658234336262694,0.0,0.0,13.727131332751725,0.0,0.0,9.506419939550682,0.0,0.0
772,7.993668059474999,0.0,0.0,6.297254185661274,0.0,0.0,12.295831378910577,0.0,8.14311776719947
773,16.95791242083382,0.0,0.0,107.84577856769445,0.0,0.0,16.848130938282452,0.0,0.0
774,17.527100435164414,2.3973434824250717,0.0,100.92923936832764,0.0,0.0,126.26053740680547,99.03682834576861,1.7122616929655692
775,36.95588427008627,0.0,0.0,12.803643261854603,0.0,0.0,9.763458665258895,0.0,0.0
776,0.0,0.1363911337878676,0.1363911337878676,0.0,0.1363911337878676,0.0,5.553258923361454,2.8870189830473123,0.1363911337878676
777,15.878715865340524,0.0,0.0,12.415871220116657,0.0,0.0,10.347385475644217,0.49126274393711356,0.0
778,4.71466616066769,0.0,0.0,30.25185638416633,0.0,3.189437525747337,7.777014031595002,0.0,0.0
779,0.0,0.0,0.0,0.0,0.0,0.0,0.0,0.0,0.0
780,25.350633523642983,0.7248487105237587,0.7248487105237587,26.79437727443272,0.726588589922244,0.0,24.999261180428647,0.056546268402030364,0.7248487097746192
781,17.5514366578183,0.0,0.0,4.9707108480768625,0.0,0.0,4.916551637346942,0.033406844318847106,0.0
782,35.16631363781141,0.0,0.0,20.676400625293383,0.0,0.0,31.416885454497447,4.93277735209989,4.175842390938101
783,19.157778556633303,0.0,0.0,0.0,0.0,0.0,4.45442110931333,1.0075947204621798,0.0
784,20.87514971594007,0.19662415984407744,0.19662415984407744,16.354533958978806,0.19662415984407744,0.0,68.70289211289489,6.167101695984854,9.739882140968007
785,26.955916305828595,0.0,0.0,3.814411076774661,0.0,10.968188624718465,15.160095163736798,0.5467591065216197,0.0
786,4.360921823802926,0.0,0.0,10.303627085725026,0.0,0.0,0.0,0.0,0.0
787,34.89478786016326,0.0,0.0,35.05013776086119,0.0,0.09575772510186198,43.51654331037807,18.001123135505424,7.182563119452595
788,9.633639740046533,0.0,0.0,3.532386887416294,0.0,2.696169236257049,0.5506879543999617,0.0,0.0
789,2.7398435654525883,0.0,0.0,4.144582821867601,0.0,3.7120222536326537,19.215925444308056,0.0,0.0
790,12.982799029595867,0.7857708825075065,3.802678135608801,5.520692148293108,0.1745205279964921,0.0,25.147706408055797,0.0,0.7524357502532268
791,70.12656326024535,0.0,0.0,120.7115346239311,0.0,0.0,29.827975850221037,0.0,0.0
792,9.956593263218707,2.927601416465052,0.4604772432990103,5.764255839230572,0.4604772347349808,0.0,0.11081251033539274,0.0,0.4604772374080426
793,4.572570762812234,0.0,0.0,10.311356367958837,3.4898869538371287,3.4898869538371287,2.3144787415412793,0.0,0.0
794,0.14386039231499126,0.0,0.0,5.592024952732203,0.0,3.122643131575103,11.376834288971537,0.0,6.902601872891296
795,0.0,0.0,0.0,0.0,0.0,0.0,0.0,0.0,0.0
796,11.23515420428302,0.0,0.0,41.51429037227081,0.0,0.0,0.0,0.0,0.0
797,7.219069268874108,0.0,0.0,14.256877393590742,0.0,0.0,6.99436513173859,0.0,0.0
798,7.798094263616775,0.0,0.0,8.309449754542442,0.0,0.0,0.0,10.90595436497864,1.7088800366421992
799,4.053643068732015,0.0,0.0,13.56165884838748,1.6918527160077588,17.761088593398995,4.047070030711552,0.0,0.0
800,0.15367987363407565,0.0,0.0,0.04112096113505004,0.0,0.4151141422292426,0.41444229712129754,0.0,0.0
801,8.459684246980174,0.0,0.0,45.506228802504666,0.489083382104468,0.0,0.36985881812873345,0.040320273940494644,0.0
802,6.085538469083218,0.0,0.0,45.58597833320627,0.0,0.0,5.79742584158123,0.3867846486480744,0.0
803,21.688942674950226,1.8175813915108847,1.8175813915108847,17.211223529679586,0.0,0.0,31.585760570797532,11.012270824964844,6.562479658383722
804,0.0,0.0,0.0,1.5715720598873872,0.0,0.0,0.0,0.0,0.0
805,7.863533424667821,0.0,0.0,5.709510747821895,1.0863181271383837,0.0,3.2708716719633344,3.7601008276507173,0.0
806,15.358723037054546,0.0,0.0,20.049278251517848,0.0,0.0,32.64971195285483,0.12305678177631307,0.0
807,24.128709670461916,2.143455611700915,0.0,30.789113474216663,0.0,0.0,23.856818398795582,0.0,10.191705596907497
808,17.59846341778882,0.0,0.0,13.486538076335705,0.0,0.0,21.591264718943535,0.0,0.0
809,24.440871533025614,0.0,0.0,33.5235051504643,0.0,2.030839034367375,1.8948712271663624,0.34467132764774533,0.0
810,4.551885271624258,0.9671165787278824,0.9671165787278824,2.425206062760367,0.0,0.6397838901560533,9.648364305170048,0.0,0.0
811,0.0,0.3617010306380166,0.3617010306380166,11.449772558654445,0.3617010306380166,0.0,0.0,0.0,0.6429608067432468
812,3.5673327909859722,0.0,0.0,3.5615454064750622,0.0,0.0,3.5615454064750622,0.0,2.162859514451327
813,12.310417373410445,0.0,0.0,13.651899323076492,0.0,0.3558991673260721,5.348805858763967,0.0,0.0
814,3.3686872737904423,0.0,0.0,4.91859677737429,0.0,0.0,81.29491133769787,0.0,0.0
815,22.188026822153972,0.0,0.0,20.799212949053498,0.0,0.16414066273307526,18.592531058736625,0.0,0.0
816,35.8983405629599,0.0,0.0,36.373604595279005,0.0,0.0,293.1536580410776,267.74631543928615,0.0
817,9.250437831731631,0.0,0.0,9.299530386899647,0.0,0.0,13.368170443559762,0.12811938275376633,0.0
818,32.281204499324105,0.0,0.0,28.900871772692483,0.5294618560965318,0.8516785885243507,21.860830073071895,0.06909772022032712,0.0
819,46.26791804312873,0.0,0.0,24.363436871496532,0.0,1.0533624753259687,13.73693301517244,0.0,0.0
820,1.8887953191402858,0.0,0.0,3.00186280075377,0.0,1.7218029024348311,1.78984048858797,0.0,0.0
821,0.6567307591232066,0.0,0.0,0.0,0.0,0.0,0.0,0.0,0.0
822,12.07195149722898,0.0,0.0,10.294303108500259,0.0,0.0,2.8712252147671506,0.005446197953233423,0.0
823,16.60525813081452,4.0381698289079395,4.0381698289079395,15.756165462414828,1.6313382130196032,0.0,30.917396694258514,0.0,8.155737930010815
824,23.584601689895237,0.0,0.0,17.154905074854838,0.0,2.5342846586473797,17.154905074854838,0.0,0.0
825,21.445218913218838,0.33709064189383753,0.33709064189383753,41.93464040369605,0.3370906419063431,0.0,27.621153544694693,6.541541077275156,0.33709064189383753
826,4.972382135928939,0.0,0.0,0.0,0.0,0.0,7.522354790908906,0.0,0.0
827,15.338144150842282,0.0,0.0,10.374950987042695,0.0,0.0,0.6982741264370134,0.0,0.0
828,0.0,0.0,0.0,0.0,0.0,3.88774124109716,5.9660109609417304,8.35745132963092,17.99872807822163
829,33.76789833121117,0.0,0.0,167.99006561132495,0.0,0.0,91.38167606339223,68.74098645678484,34.63959946403105
830,10.511751926856704,1.7429856548364455,0.0,3.052427817406027,0.0,0.0,0.809495969868891,0.4902374427749123,0.0
831,0.0,0.0,0.0,1.9708774042731534,0.0,0.0,0.0,0.0,0.0
832,27.424602344619103,0.0,0.0,5.12128502185675,0.0,0.0,5.119465663029985,0.0,0.0
833,16.215124797448,0.0,5.0242791029422165,12.499396528520123,0.0,0.0,6.104276172746694,0.0,0.0
834,12.675153640993415,0.0,0.0,6.141311449874763,0.0,0.0,16.181887335539045,0.0,0.18268589157617043
835,9.220494396467387,0.0,0.0,6.4041610658362345,0.0,0.0,6.291603168757661,0.1768293251706723,0.0
836,11.179557366194274,0.3183109842779004,0.3183109842779004,5.193836095376923,1.9148006598828147,0.0,4.635593560316892,0.0,0.3183109842779004
837,6.833726776993728,0.0,0.0,4.706286036441895,1.9031083709527934,0.0,0.6436941544914703,0.37607571345728275,0.0
838,6.980536321593917,0.0,0.0,1.7965513501265775,0.0,0.0,1.7965513501265775,0.0,0.0
839,20.732886278108396,0.0,0.0,24.046277288793675,0.0,0.0,28.161871268496213,0.0,0.0
840,5.972479692228035,0.0,0.0,1.4130882048249873,0.0,7.337467826856482,1.3552158869183017,0.10644434320056462,0.0
841,20.711140403519693,1.0024013137274324,1.0024013137274324,30.157061350158273,0.0,0.0,13.508532187601247,0.9722253417035631,0.0
842,7.204678752189466,0.0,0.0,6.800508366061052,0.0,0.0,6.689139648315177,0.0,0.0
843,11.161287534443773,0.35119390337303,0.35119390337303,0.27860319158895663,0.3511939033728595,0.0,2.5855135753756144,5.7427935255402645,6.093991286187531
844,3.167705045594573,0.0,0.0,5.205291205518023,0.0,0.0,18.6117987734346,0.17797083438813388,0.0
845,20.744800415738496,3.121973399398996,0.0,20.839787826841643,0.9772838113173634,0.9772838113173634,20.049879804830567,0.08197265697890543,0.0
846,28.216026216947398,0.10718168952882934,0.10718168952882934,38.72301541103741,18.07136079905922,11.649811552993583,7.994385629952404,0.0,0.10718168952882934
847,6.3205153270826315,0.0,0.0,5.746904171496993,0.0,0.0,5.746904171496993,0.0,0.0
848,22.083122625445128,1.4335147695818478,1.4335147695818478,24.176890919420316,0.0,0.0,61.65355041237905,61.69791943110437,61.68714120370015
849,0.6154707812935953,0.0,0.0,0.6197108269960268,0.0,0.0,0.6154707274062616,0.0,0.0
850,9.801786319807206,0.0,0.0,5.925891437427197,0.0,3.754344042736136,5.925891437427197,9.325129811991758,8.264975961779214
851,20.264316401101894,0.0,0.0,5.884062084054875,0.0,0.0,4.9624190879864045,0.0,0.0
852,2.8104022083882967,0.0,0.0,2.845423741406563,0.0,0.0,9.110301730456456,0.0,4.767062232745275
853,123.4708205160544,6.692705863931792,12.27570937108419,53.986546885336566,1.5553039611385202,9.248696093155132,73.7746348784157,17.661884637963595,28.110762764334197
854,15.119809636742872,0.0,0.0,16.24831580863517,0.6444765652349247,0.7023575451949569,7.301666775355983,0.0,0.0
855,0.0,0.0,0.0,6.0547684193279,0.0,0.0,9.74485527994517,0.0,72.14464336848718
856,79.98298802984596,0.0,0.0,17.98238966482819,0.0,0.0,30.663725288412593,0.0,0.0
857,9.650671063744994,0.09678032235672163,0.09678032235672163,9.489654751095884,0.0,0.0,15.668177826435453,0.0,1.7424387765304346
858,8.732238512997327,0.0,0.0,20.31113267129328,0.0,0.0,7.201962447537369,0.0,0.0
859,2.756739622162968,0.0,0.0,18.70221997655844,0.0,0.0,2.6138088459481708,3.0386089157038896,0.0
860,42.83601795587742,0.0,0.0,0.0,0.0,0.0,4.483520865662285,0.0,0.0
861,22.05083257988207,0.0,0.0,57.68560659194759,0.0,0.0,22.029267110685197,0.0,0.0
862,16.79050067458735,0.0,0.0,2.394983297134047,0.0,0.0,9.235995907215028,0.06482571478886712,2.4587516536012117
863,9.45963169598059,0.0,0.0,2.8902849400671187,0.0,0.0,7.894994581306719,5.4686152459188975,2.4943508262963405
864,10.562720567339653,0.0,0.0,10.5514125291609,0.0,0.0,11.280731513281609,0.0,0.0
865,5.063787777962347,0.0,0.0,2.4162926756514196,0.0,0.0,2.4162926756514196,0.0,0.0
866,42.388865582584856,1.1721566731490043,1.1093274001156317,10.464646938564812,0.0,0.0,5.996475529775552,5.8533588111276345,2.9747643373322035
867,19.646573424344666,0.0,0.0,13.976244280883662,0.0,0.0,13.976244280883662,0.0,0.0
868,5.524517247902793,0.0,0.0,4.817243730626956,0.0,0.0,4.784106508680168,0.16128130809590857,0.0
869,7.251411264588967,0.0,0.0,15.54030828036693,0.0,0.0,7.251391901751703,9.768001943273816,10.438652422576922
870,3.7955888404652853,0.0,0.0,0.8706473702374353,0.0,0.0,0.14444402474117624,0.24377950770599455,0.0
871,20.913134804499293,0.0,0.0,96.23685228131777,1.532970567801101,4.028440856044824,50.12750561260265,11.668757056931412,5.625169989449034
872,3.0311732259672226,0.0,0.0,4.87847426846082,0.0,0.0,1.2364360777261254,0.1758057267125821,0.0
873,14.254928409411917,2.8426554567263906,2.8426554567263906,17.31804052095856,0.0,0.0,9.16995058522437,2.552974452428657,0.0
874,9.21316113382295,0.4977494187671141,0.4977494187671141,78.38419525673274,0.4977477341189456,0.0,8.486859623221335,9.871442813438023,6.417181877981818
875,0.07607518207669273,0.0,0.0,1.6257865223651322,0.0,0.0,0.07605815653309378,1.053386543231909,0.0
876,9.592839875317878,0.0,0.0,9.270532340114329,0.0,0.0,11.11261155665818,5.139324151234462,0.0
877,0.0,0.0,0.0,6.887961045464067,0.0,0.0,8.739941543264763,0.02146051142790384,0.0
878,3.9955607743509063,0.0,0.0,4.932682738454588,0.0,0.9972634850292934,13.656923804048972,0.801759658390722,0.0
879,12.460643640327817,0.0,0.0,12.459618750598878,0.0,0.0,12.459618750598878,0.0,0.0
880,15.297737582064912,0.0,0.0,89.49315066732234,0.0,0.0,34.25159863821571,5.358113331322556,4.5696633603075725
881,1.6264367811824627,0.9005357651749364,2.507756835514442,5.12728621268883,0.0,0.0,0.0,0.0,0.0
882,19.22492720091992,0.0,0.0,16.217636571607954,0.0,0.0,16.217636571607954,0.1895960214525303,0.0
883,13.108452170618136,0.0,0.0,1.777518641997176,0.7603739634266731,0.7603739634266731,1.2356919457998288,0.0,0.0
884,5.804076865629838,0.0,0.0,16.208797713337702,0.0,1.4136516518340727,9.179284553574405,0.0,4.862820296470716
885,8.298843071257977,0.0,0.0,1.78875986379731,0.0,0.0,3.976161201305672,0.0,3.9154499907539275
886,0.0,0.09922491989198079,0.09922491989198079,0.0,0.09922491989198079,0.0,0.0,0.0,0.7165409719504794
887,0.0,0.0,0.0,5.124838092864479,0.0,6.979019968436035,0.0,0.0,10.7085610826868
888,0.0,0.0,0.0,5.006358597948207,0.0,1.5278122547932185,1.5693824657500954,0.0,0.0
889,158.79817804110994,0.0,9.322506035782737,95.65892701985783,0.0,0.8731110507254698,96.10510428224435,48.83248322103785,0.0
890,18.75462163759039,0.6072688006474323,0.6072688006474323,20.232074045570243,0.0,0.0,24.42983329696756,0.2689307268796597,11.888018696631804
891,8.926010027046345,0.0,0.0,0.0,0.0,0.0,7.073742570905154,2.327496850710702,9.529312701261034
892,20.1951115730958,0.494698139599393,0.494698139599393,19.303451157729654,0.494698139599393,0.0,15.98843131558445,0.0,0.494698139599393
893,2.0285065520976673,0.0,0.0,0.0,0.0,0.0,5.2784460207525115,0.0,0.0
894,44.62816115664563,0.0,0.7465680997864297,1.4611838595231461,0.0,0.0,11.040692110817446,0.0,6.045779534025257
895,0.0,0.0,0.0,0.0,0.0,0.0,0.0,0.0,0.1192207439272579
896,23.223428099482675,0.0,0.0,10.023009978661463,0.0,0.0,97.41748632375493,46.52660653248478,5.066018640207119
897,8.027413313717972,0.0,0.0,16.865682796457833,0.0,0.0,23.249076234231637,0.0,0.0
898,1.602979469757031,0.0,0.0,13.692205391870345,0.0,2.6174802738867413,13.604670847557173,0.3915006121105762,33.20311196047061
899,11.63325818630085,0.0,0.0,17.215001077155733,0.0,1.0381445513951348,43.89564748724021,0.0,10.766750981501787
900,3.325763782226744,0.0,0.0,3.325763782226744,0.0,0.0,3.325763782226744,0.0,0.0
901,3.675413781137479,0.0,0.0,3.5252133157966625,0.0,0.0,2.146504874917696,0.0,0.0
902,26.20275192341842,0.11624390064014278,0.11624390064014278,20.515826093194335,0.11585197609264242,0.0,29.3766166248852,3.722865730509511,0.11585197609281295
903,8.132888103273729,0.0,0.0,13.53448235299183,0.0,0.0,8.128305951098213,0.3370231117311846,7.4208665844994925
904,0.0,0.0,0.0,0.0,0.0,0.0,7.738525424807563,0.26064401214864574,4.041233768471557
905,1.3674629085873562,0.0,0.0,3.8471447000075614,0.0,0.0,77.18975978398515,0.22474474491440333,6.3343846905306975
906,6.851907730458834,4.751815134420212,4.751815134420212,3.375919982725833,0.7673951235451,0.0,3.3451708392431954,2.0147075731536574,0.7673949924987369
907,20.96570684207245,0.0,0.0,22.82984050433933,0.0,0.0,12.302009677430704,0.0,0.0
908,10.643361931918378,0.0,0.0,10.315668082434513,0.0,0.0,9.302348599364166,0.0,0.0
909,0.0,0.0,0.0,9.77553839200715,0.0,0.0,3.120139299206869,5.651237150462578,0.0
910,4.456297036636698,2.9755613421648945,0.0,12.491796866208801,0.0,0.0,3.014001253056705,6.792681373786422,8.147239621016354
911,15.525243997159919,0.5141379985452659,1.769312598456736,32.477736181724254,0.6751054679739354,24.273792041378584,5.692325850138332,0.10040938770777075,0.0
912,1.0371135222793555,0.0,0.0,0.0,0.0,0.0,0.0,0.0,0.0
913,0.0,0.0,0.0,0.0,0.0,0.0,0.0,0.5356613095739249,4.040258419782248
914,4.350679874677951,1.2791550527838353,1.2791550527838353,10.958068012995739,3.3299837552662552,27.480699842005237,2.5938863647924677,0.3186786450086174,0.0
915,0.43596376502955536,0.0,0.0,3.8531948897034454,0.0,0.0,0.0,0.0,53.32362555978614
916,4.92194933985499,0.0,0.0,5.483443197129617,0.0,0.0,3.3012049404292156,0.0,4.787850132479207
917,10.755703528668164,3.0078899989201773,3.0078899989201773,0.0981688487553356,0.0,0.0,0.0981688487553356,0.0,0.0
918,6.574542619676919,0.0,0.0,8.48197952743709,0.0,0.0,20.9364386804277,0.0,4.620182506216423
919,19.084304290749344,0.0,0.0,9.14062156915162,0.0,0.0,88.63261886849523,0.0,0.0
920,4.314587780837428,6.060441441061755,6.060441441061755,3.429007067615828,0.08881421637448739,0.0,1.5603337973321914,0.0,0.08881421637448739
921,15.60810753554415,0.0,0.0,11.807107283097565,0.0,5.191654359651693,11.807107283171803,0.0,0.0
922,13.93610560332391,0.0,0.0,13.063646271371852,0.0,0.0,6.173354491124087,0.0,0.0
923,8.66532327045644,0.0,0.0,4.345129062293978,0.0,0.0,33.15365292267356,5.752258523409523,0.0
924,4.1626000121527795,0.0,0.0,3.998299665755326,0.0,2.482460105368773,13.32012350431529,2.0715830527386174,0.0
925,51.977007889642294,0.0,0.0,42.09280555319799,0.0,0.0,23.225546223909305,0.0,0.0
926,11.056074661938595,1.0839944839043483,1.0839944839043483,54.48931362256886,4.087926106154896,4.087926106154896,8.701207613951254,0.0,0.0
927,13.077770087692329,0.0,0.0,11.442170953663805,0.0,0.0,11.438822003909308,0.0,11.427906048351502
928,7.198164777499585,0.0,0.0,7.013523365581875,0.0,0.0,7.0126483658933125,0.0,0.0
929,9.35824748317222,0.0,0.0,7.159102143792211,0.0,0.0,5.001656607531459,0.0,0.0
930,7.857769333982247,0.0,0.0,11.66199924899459,0.0,0.0,7.857681979992691,0.0,0.0
931,5.003025728651238,0.0,0.0,93.47593699715088,17.502448937605607,0.0,16.023650966284123,0.0,0.1899300696688897
932,31.216702421618436,8.159467607839645,14.216616413337988,18.901794633029255,0.4227373414505564,8.833166595535488,15.998384863990509,0.0,3.584491681053237
933,16.123350443222137,0.0,0.0,19.90146042574392,0.0,0.0,110.96389043854919,81.89872795326627,0.0
934,17.58838482638231,0.0,0.0,7.519294665825811,0.0,0.0,7.519171930011169,0.0,0.0
935,17.25515228376858,0.0,0.0,14.45569049678349,0.0,0.0,16.33794698199995,0.0,0.0
936,1.712701405267353,0.0,0.0,0.0,0.0,0.0,0.0,0.0,0.0
937,25.207500485268497,1.0995463579536704,1.0995463579536704,96.12950541478355,1.055123550587325,0.0,10.779788489292883,0.1990353708286534,1.055123550580845
938,21.458377506964496,0.0,0.0,25.32644027512501,0.0,0.0,21.359135845265598,0.0,0.0
939,8.950851066909735,0.4862609793561319,0.4862609793561319,8.561926958276246,1.3805057920683907,0.8942447689021833,12.910184470394228,0.0,7.399296211854335
940,21.439841627245585,0.0,0.0,16.870588723119056,0.0,0.0,16.870588723119056,0.0,0.0
941,0.0,0.0,0.0,19.14093279061626,0.0,4.595056376747152,3.823945405798213,3.9402073892566705,0.7105709621657752
942,0.51288469994455,0.0,0.0,6.786572651518469,2.743283914140193,0.0,0.0,1.8798647251481952,0.0
943,40.93526873711886,0.0,0.0,55.971482812269244,0.684434847049431,0.0,189.77776368887953,98.08380795421712,28.289193408040916
944,7.140292325613558,0.0,0.0,14.569675865990064,0.0,0.0,16.071569169548468,1.4394787615396467,0.0
945,11.011172324666717,0.0,0.0,10.838311202949626,0.0,0.0,16.317918276748543,0.0,0.0
946,18.810127307554893,0.0,0.0,15.291413776168554,0.0,0.0,7.941174443130791,0.0,0.0
947,21.221055978604284,0.0,0.0,0.0,0.0,0.0,0.9022646827625067,6.693383329310734,7.193921336028836
948,23.178961632350905,3.938226737619459,3.938226737619459,8.855498884020221,0.7250282034129896,7.6900680878235335,41.126642528379904,0.10242260371779821,0.0
949,5.5492770844111305,0.8729790152803503,0.8729790152803503,7.928993371989463,0.0,0.0,0.0,1.5457524780762242,0.0
950,0.0,0.0,0.0,0.0,0.0,0.0,0.0,0.0,0.0
951,11.862147465897522,0.0,0.0,7.1274064625125675,0.0,0.0,7.54618903192079,0.0,0.0
952,29.37093811528638,0.0,0.0,35.7743382573785,0.0,0.0,23.20298788267877,0.0,17.41712152446749
953,6.3549223784213495,0.0,0.0,52.38544099630241,0.0,0.0,13.603027080282402,0.0,6.845848109906285
954,10.520882477789712,0.0,0.0,6.549298836697091,0.0,0.0,21.943347541222494,0.34823307339536314,54.504741899264275
955,59.62014708356949,0.0,0.0,51.07094805502234,0.0,0.0,45.48811906265237,0.0,0.0
956,0.0,0.0,0.0,0.0,0.0,4.9520742379696685,2.688417940199713,8.406059532354021,33.478839752983845
957,0.22069010977725156,0.0,0.0,0.22069010977725156,0.0,0.0,0.22069010977725156,0.0,1.7568991274718826
958,22.78873168355298,0.0,0.0,7.202115637600826,0.0,0.0,18.246242299020878,1.0702854331333072,0.0
959,0.0,0.0,0.0,0.0,0.0,0.0,0.0,0.0,0.0
960,0.0,0.0,0.0,0.0,0.0,0.0,3.573649123414043,0.0,0.0
961,0.0,0.0,0.0,0.0,0.0,0.0,0.0,0.0,0.0
962,32.233963774902094,0.0,0.0,8.216774963805364,0.0,0.0,5.848896071632822,0.0,0.0
963,10.629468151596313,0.0,0.0,10.56592643202174,0.0,0.0,10.56592643202174,0.0,0.0
964,34.45155654564405,0.0,0.0,47.358768540989956,0.0,12.881518339505305,49.90527081728541,2.4639282658255013,5.858119523050391
965,22.729719239475315,0.028472237386267807,0.028472237386267807,25.741001751143244,0.028472237386267807,0.0,17.430923170845602,0.1489396260808462,0.028472237386267807
966,11.590081443620761,0.08368661935418231,0.08368661935418231,5.979272044553454,0.08341575560223191,0.0,6.88256964147169,0.0,0.08341575560223191
967,27.645190297333073,0.0,0.0,33.33936704179689,0.0,0.0,26.238544203702645,8.36748286417307,0.0
968,8.123655313371074,0.0,0.0,6.933818161723593,0.0,0.0,6.667805258843572,0.0,0.0
969,24.999296043174837,0.0,0.0,32.87326206698768,0.0,0.0,27.389035737767813,0.4255978236194551,2.7570522284959225
970,74.39390531246465,2.2876864657563942,9.793923662585286,25.639154288548156,0.0,0.0,20.382169723814968,0.0,5.347504428835009
971,34.2085747952884,4.111834838643858,4.111834838643858,29.923090285039393,0.5117601422336975,4.083034741000148,66.21517375698076,28.20594369412001,0.5117601422336975
972,1.7772250487981864,0.0,0.0,1.7693690362668235,0.0,0.0,1.7693690362668235,0.0,0.0
973,12.131157142803573,0.0,0.0,3.7562864979636004,0.0,1.7014786149219674,14.91668422391973,6.342602584815438,13.663064543436747
974,9.689708743440491,0.0,5.305065808188033,2.4528040671075075,0.0,0.0,63.73641803430442,0.0,2.540492414966536
975,6.729007859796383,0.0,0.0,7.10653829042343,0.0,0.0,6.728202812695912,0.0,0.0
976,47.019538009965515,0.0,3.6848493491624197,193.1412759632121,17.82265513307314,5.040168377070557,60.21618625408357,0.0,0.0
977,13.00246445487673,2.155159536257486,0.0,3.5848913827539093,0.0,0.0,0.34918445449520163,0.0,0.0
978,4.752008739196384,1.1135167885567512,0.0,4.889196180615102,0.0,0.0,0.3681791236392087,0.0,0.0
979,6.2291279998253515,0.0,0.0,3.3155943091755944,0.0,0.0,3.8092389350841813,2.8199483091153184,17.145351095077956
980,16.02720430283111,0.0,0.0,32.09334163616978,0.0,0.0,11.507470638773299,0.0,0.0
981,34.99485901844915,0.0,0.0,55.14081863057672,0.0,0.0,25.181642503324525,13.649302977008404,13.2840093869643
982,2.142920855668649,0.0,0.0,0.0,0.0,0.0,0.0,0.0,0.0
983,18.253137034519312,0.0,0.0,91.27327665572963,0.0,11.92324534828299,64.08099599302139,13.378912741448687,4.000435522645432
984,15.636671231358633,1.324207926683016,1.324207926683016,63.268003324024846,0.0,4.469420479570061,30.795571977193248,0.016435562111610125,0.22407571513005564
985,3.6494630682159936,0.0,0.0,0.0,0.0,0.0,0.0,0.26576799436486453,0.0
986,65.68923959214393,0.7578539244565263,0.7578539244565263,24.67589975484836,0.0,0.0,14.755363310086693,2.381442053997887,3.6395208483260433
987,5.064532088790372,2.741812220587633,2.741812220587633,1.994074144515423,0.0,0.0,1.994074144515423,0.13171880455615792,5.464439716962147
988,16.58584493208778,9.897944105375643,9.897944105375643,107.76563413336973,7.065288459990256,18.051322497451253,92.06669231335056,3.6809247978902704,35.73004063973795
989,36.70015201664634,0.0,0.0,60.472538067170575,0.0,1.6314538813120407,25.838437965001475,2.479796513936833,0.0
990,36.33104851540878,0.0,0.0,25.714487198504145,0.0,1.1128609803662926,21.432851981062015,0.0195699495885151,0.0
991,8.936117256056662,0.0,0.0,9.276707960228379,0.0,0.0,92.88518736210091,47.82362331474303,2.1091819207352955
992,10.744456530516345,2.0357482129049345,9.267285712176317,10.508008939550706,0.06169264474033298,1.8133193523456725,12.082541052918884,0.0,7.498865118880246
993,20.525900142939605,0.0,0.0,17.764526555200746,0.0,0.0,78.69310646988549,0.19130868094345033,0.0
994,10.89773354599376,0.0,0.0,17.935127115877066,0.0,0.0,10.50824532041375,13.060816766763253,9.97161442913125
995,10.596034714240233,0.0,0.0,1.33576489251476,0.0,0.6885117874513753,22.406843047659066,16.86231612895577,61.53535391178548
996,0.0,0.0,0.0,0.0,0.0,4.253483434113775,0.0,0.0,0.0
997,2.7158320262305153,0.0,0.0,2.7158320262305153,0.0,0.0,2.7158320262305438,0.0,0.0
998,8.717228456771494,0.0,0.0,2.4264014663262117,4.101912565505131,8.392050574799384,2.4264014701383587,0.0,0.0
999,7.055358627617267,0.0,0.0,0.0,0.0,0.0,3.517692948418926,19.06215680089798,21.171045383146463
