"relative_path","size_bytes"
"frozen_outputs/R3_REWARDFIX_VAL5_OUTPUT/replicate_01/R3_FAST_SMOKE_REPORT.json",2911
"frozen_outputs/R3_REWARDFIX_VAL5_OUTPUT/replicate_01/budget_audit.csv",689
"frozen_outputs/R3_REWARDFIX_VAL5_OUTPUT/replicate_01/logs/ALNS-CVaR.csv",31137
"frozen_outputs/R3_REWARDFIX_VAL5_OUTPUT/replicate_01/logs/ALNS-Mean.csv",33208
"frozen_outputs/R3_REWARDFIX_VAL5_OUTPUT/replicate_01/logs/ALNS-Nominal.csv",15469
"frozen_outputs/R3_REWARDFIX_VAL5_OUTPUT/replicate_01/logs/RL-FF-CVaR_search.csv",19194
"frozen_outputs/R3_REWARDFIX_VAL5_OUTPUT/replicate_01/logs/RL-FF-CVaR_training.csv",3350
"frozen_outputs/R3_REWARDFIX_VAL5_OUTPUT/replicate_01/logs/RL-FF-Mean_search.csv",22044
"frozen_outputs/R3_REWARDFIX_VAL5_OUTPUT/replicate_01/logs/RL-FF-Mean_training.csv",3307
"frozen_outputs/R3_REWARDFIX_VAL5_OUTPUT/replicate_01/logs/RL-GRU-CVaR_search.csv",19339
"frozen_outputs/R3_REWARDFIX_VAL5_OUTPUT/replicate_01/logs/RL-GRU-CVaR_training.csv",3311
"frozen_outputs/R3_REWARDFIX_VAL5_OUTPUT/replicate_01/logs/RL-GRU-Mean_search.csv",19416
"frozen_outputs/R3_REWARDFIX_VAL5_OUTPUT/replicate_01/logs/RL-GRU-Mean_training.csv",3324
"frozen_outputs/R3_REWARDFIX_VAL5_OUTPUT/replicate_01/metadata/scenario_banks.json",208
"frozen_outputs/R3_REWARDFIX_VAL5_OUTPUT/replicate_01/models/RL-FF-CVaR.pt",5480
"frozen_outputs/R3_REWARDFIX_VAL5_OUTPUT/replicate_01/models/RL-FF-Mean.pt",5480
"frozen_outputs/R3_REWARDFIX_VAL5_OUTPUT/replicate_01/models/RL-GRU-CVaR.pt",60976
"frozen_outputs/R3_REWARDFIX_VAL5_OUTPUT/replicate_01/models/RL-GRU-Mean.pt",60976
"frozen_outputs/R3_REWARDFIX_VAL5_OUTPUT/replicate_01/paired/paired_comparisons.csv",1399
"frozen_outputs/R3_REWARDFIX_VAL5_OUTPUT/replicate_01/paired/per_scenario_tardiness.csv",198228
"frozen_outputs/R3_REWARDFIX_VAL5_OUTPUT/replicate_01/routes/ALNS-CVaR.json",749
"frozen_outputs/R3_REWARDFIX_VAL5_OUTPUT/replicate_01/routes/ALNS-Mean.json",749
"frozen_outputs/R3_REWARDFIX_VAL5_OUTPUT/replicate_01/routes/ALNS-Nominal.json",749
"frozen_outputs/R3_REWARDFIX_VAL5_OUTPUT/replicate_01/routes/OR-Tools.json",749
"frozen_outputs/R3_REWARDFIX_VAL5_OUTPUT/replicate_01/routes/RL-FF-CVaR.json",749
"frozen_outputs/R3_REWARDFIX_VAL5_OUTPUT/replicate_01/routes/RL-FF-Mean.json",749
"frozen_outputs/R3_REWARDFIX_VAL5_OUTPUT/replicate_01/routes/RL-GRU-CVaR.json",749
"frozen_outputs/R3_REWARDFIX_VAL5_OUTPUT/replicate_01/routes/RL-GRU-Mean.json",749
"frozen_outputs/R3_REWARDFIX_VAL5_OUTPUT/replicate_01/seed_manifest.json",464
"frozen_outputs/R3_REWARDFIX_VAL5_OUTPUT/replicate_01/summary.csv",2776
"frozen_outputs/R3_REWARDFIX_VAL5_OUTPUT/replicate_02/R3_FAST_SMOKE_REPORT.json",2919
"frozen_outputs/R3_REWARDFIX_VAL5_OUTPUT/replicate_02/budget_audit.csv",690
"frozen_outputs/R3_REWARDFIX_VAL5_OUTPUT/replicate_02/logs/ALNS-CVaR.csv",32253
"frozen_outputs/R3_REWARDFIX_VAL5_OUTPUT/replicate_02/logs/ALNS-Mean.csv",33262
"frozen_outputs/R3_REWARDFIX_VAL5_OUTPUT/replicate_02/logs/ALNS-Nominal.csv",15755
"frozen_outputs/R3_REWARDFIX_VAL5_OUTPUT/replicate_02/logs/RL-FF-CVaR_search.csv",18883
"frozen_outputs/R3_REWARDFIX_VAL5_OUTPUT/replicate_02/logs/RL-FF-CVaR_training.csv",3368
"frozen_outputs/R3_REWARDFIX_VAL5_OUTPUT/replicate_02/logs/RL-FF-Mean_search.csv",21929
"frozen_outputs/R3_REWARDFIX_VAL5_OUTPUT/replicate_02/logs/RL-FF-Mean_training.csv",3365
"frozen_outputs/R3_REWARDFIX_VAL5_OUTPUT/replicate_02/logs/RL-GRU-CVaR_search.csv",18512
"frozen_outputs/R3_REWARDFIX_VAL5_OUTPUT/replicate_02/logs/RL-GRU-CVaR_training.csv",3338
"frozen_outputs/R3_REWARDFIX_VAL5_OUTPUT/replicate_02/logs/RL-GRU-Mean_search.csv",22193
"frozen_outputs/R3_REWARDFIX_VAL5_OUTPUT/replicate_02/logs/RL-GRU-Mean_training.csv",3332
"frozen_outputs/R3_REWARDFIX_VAL5_OUTPUT/replicate_02/metadata/scenario_banks.json",208
"frozen_outputs/R3_REWARDFIX_VAL5_OUTPUT/replicate_02/models/RL-FF-CVaR.pt",5480
"frozen_outputs/R3_REWARDFIX_VAL5_OUTPUT/replicate_02/models/RL-FF-Mean.pt",5480
"frozen_outputs/R3_REWARDFIX_VAL5_OUTPUT/replicate_02/models/RL-GRU-CVaR.pt",60976
"frozen_outputs/R3_REWARDFIX_VAL5_OUTPUT/replicate_02/models/RL-GRU-Mean.pt",60976
"frozen_outputs/R3_REWARDFIX_VAL5_OUTPUT/replicate_02/paired/paired_comparisons.csv",1446
"frozen_outputs/R3_REWARDFIX_VAL5_OUTPUT/replicate_02/paired/per_scenario_tardiness.csv",199219
"frozen_outputs/R3_REWARDFIX_VAL5_OUTPUT/replicate_02/routes/ALNS-CVaR.json",749
"frozen_outputs/R3_REWARDFIX_VAL5_OUTPUT/replicate_02/routes/ALNS-Mean.json",749
"frozen_outputs/R3_REWARDFIX_VAL5_OUTPUT/replicate_02/routes/ALNS-Nominal.json",749
"frozen_outputs/R3_REWARDFIX_VAL5_OUTPUT/replicate_02/routes/OR-Tools.json",749
"frozen_outputs/R3_REWARDFIX_VAL5_OUTPUT/replicate_02/routes/RL-FF-CVaR.json",749
"frozen_outputs/R3_REWARDFIX_VAL5_OUTPUT/replicate_02/routes/RL-FF-Mean.json",749
"frozen_outputs/R3_REWARDFIX_VAL5_OUTPUT/replicate_02/routes/RL-GRU-CVaR.json",749
"frozen_outputs/R3_REWARDFIX_VAL5_OUTPUT/replicate_02/routes/RL-GRU-Mean.json",749
"frozen_outputs/R3_REWARDFIX_VAL5_OUTPUT/replicate_02/seed_manifest.json",473
"frozen_outputs/R3_REWARDFIX_VAL5_OUTPUT/replicate_02/summary.csv",2785
"frozen_outputs/R3_REWARDFIX_VAL5_OUTPUT/replicate_03/R3_FAST_SMOKE_REPORT.json",2919
"frozen_outputs/R3_REWARDFIX_VAL5_OUTPUT/replicate_03/budget_audit.csv",688
"frozen_outputs/R3_REWARDFIX_VAL5_OUTPUT/replicate_03/logs/ALNS-CVaR.csv",30627
"frozen_outputs/R3_REWARDFIX_VAL5_OUTPUT/replicate_03/logs/ALNS-Mean.csv",35647
"frozen_outputs/R3_REWARDFIX_VAL5_OUTPUT/replicate_03/logs/ALNS-Nominal.csv",15947
"frozen_outputs/R3_REWARDFIX_VAL5_OUTPUT/replicate_03/logs/RL-FF-CVaR_search.csv",19633
"frozen_outputs/R3_REWARDFIX_VAL5_OUTPUT/replicate_03/logs/RL-FF-CVaR_training.csv",3349
"frozen_outputs/R3_REWARDFIX_VAL5_OUTPUT/replicate_03/logs/RL-FF-Mean_search.csv",20896
"frozen_outputs/R3_REWARDFIX_VAL5_OUTPUT/replicate_03/logs/RL-FF-Mean_training.csv",3318
"frozen_outputs/R3_REWARDFIX_VAL5_OUTPUT/replicate_03/logs/RL-GRU-CVaR_search.csv",21694
"frozen_outputs/R3_REWARDFIX_VAL5_OUTPUT/replicate_03/logs/RL-GRU-CVaR_training.csv",3325
"frozen_outputs/R3_REWARDFIX_VAL5_OUTPUT/replicate_03/logs/RL-GRU-Mean_search.csv",19754
"frozen_outputs/R3_REWARDFIX_VAL5_OUTPUT/replicate_03/logs/RL-GRU-Mean_training.csv",3304
"frozen_outputs/R3_REWARDFIX_VAL5_OUTPUT/replicate_03/metadata/scenario_banks.json",208
"frozen_outputs/R3_REWARDFIX_VAL5_OUTPUT/replicate_03/models/RL-FF-CVaR.pt",5480
"frozen_outputs/R3_REWARDFIX_VAL5_OUTPUT/replicate_03/models/RL-FF-Mean.pt",5480
"frozen_outputs/R3_REWARDFIX_VAL5_OUTPUT/replicate_03/models/RL-GRU-CVaR.pt",60976
"frozen_outputs/R3_REWARDFIX_VAL5_OUTPUT/replicate_03/models/RL-GRU-Mean.pt",60976
"frozen_outputs/R3_REWARDFIX_VAL5_OUTPUT/replicate_03/paired/paired_comparisons.csv",1389
"frozen_outputs/R3_REWARDFIX_VAL5_OUTPUT/replicate_03/paired/per_scenario_tardiness.csv",197063
"frozen_outputs/R3_REWARDFIX_VAL5_OUTPUT/replicate_03/routes/ALNS-CVaR.json",749
"frozen_outputs/R3_REWARDFIX_VAL5_OUTPUT/replicate_03/routes/ALNS-Mean.json",749
"frozen_outputs/R3_REWARDFIX_VAL5_OUTPUT/replicate_03/routes/ALNS-Nominal.json",749
"frozen_outputs/R3_REWARDFIX_VAL5_OUTPUT/replicate_03/routes/OR-Tools.json",749
"frozen_outputs/R3_REWARDFIX_VAL5_OUTPUT/replicate_03/routes/RL-FF-CVaR.json",749
"frozen_outputs/R3_REWARDFIX_VAL5_OUTPUT/replicate_03/routes/RL-FF-Mean.json",749
"frozen_outputs/R3_REWARDFIX_VAL5_OUTPUT/replicate_03/routes/RL-GRU-CVaR.json",749
"frozen_outputs/R3_REWARDFIX_VAL5_OUTPUT/replicate_03/routes/RL-GRU-Mean.json",749
"frozen_outputs/R3_REWARDFIX_VAL5_OUTPUT/replicate_03/seed_manifest.json",473
"frozen_outputs/R3_REWARDFIX_VAL5_OUTPUT/replicate_03/summary.csv",2766
"frozen_outputs/R3_REWARDFIX_VAL5_OUTPUT/replicate_04/R3_FAST_SMOKE_REPORT.json",2919
"frozen_outputs/R3_REWARDFIX_VAL5_OUTPUT/replicate_04/budget_audit.csv",694
"frozen_outputs/R3_REWARDFIX_VAL5_OUTPUT/replicate_04/logs/ALNS-CVaR.csv",34037
"frozen_outputs/R3_REWARDFIX_VAL5_OUTPUT/replicate_04/logs/ALNS-Mean.csv",33279
"frozen_outputs/R3_REWARDFIX_VAL5_OUTPUT/replicate_04/logs/ALNS-Nominal.csv",16577
"frozen_outputs/R3_REWARDFIX_VAL5_OUTPUT/replicate_04/logs/RL-FF-CVaR_search.csv",18304
"frozen_outputs/R3_REWARDFIX_VAL5_OUTPUT/replicate_04/logs/RL-FF-CVaR_training.csv",3356
"frozen_outputs/R3_REWARDFIX_VAL5_OUTPUT/replicate_04/logs/RL-FF-Mean_search.csv",19159
"frozen_outputs/R3_REWARDFIX_VAL5_OUTPUT/replicate_04/logs/RL-FF-Mean_training.csv",3358
"frozen_outputs/R3_REWARDFIX_VAL5_OUTPUT/replicate_04/logs/RL-GRU-CVaR_search.csv",24491
"frozen_outputs/R3_REWARDFIX_VAL5_OUTPUT/replicate_04/logs/RL-GRU-CVaR_training.csv",3338
"frozen_outputs/R3_REWARDFIX_VAL5_OUTPUT/replicate_04/logs/RL-GRU-Mean_search.csv",20333
"frozen_outputs/R3_REWARDFIX_VAL5_OUTPUT/replicate_04/logs/RL-GRU-Mean_training.csv",3322
"frozen_outputs/R3_REWARDFIX_VAL5_OUTPUT/replicate_04/metadata/scenario_banks.json",208
"frozen_outputs/R3_REWARDFIX_VAL5_OUTPUT/replicate_04/models/RL-FF-CVaR.pt",5480
"frozen_outputs/R3_REWARDFIX_VAL5_OUTPUT/replicate_04/models/RL-FF-Mean.pt",5480
"frozen_outputs/R3_REWARDFIX_VAL5_OUTPUT/replicate_04/models/RL-GRU-CVaR.pt",60976
"frozen_outputs/R3_REWARDFIX_VAL5_OUTPUT/replicate_04/models/RL-GRU-Mean.pt",60976
"frozen_outputs/R3_REWARDFIX_VAL5_OUTPUT/replicate_04/paired/paired_comparisons.csv",1391
"frozen_outputs/R3_REWARDFIX_VAL5_OUTPUT/replicate_04/paired/per_scenario_tardiness.csv",198449
"frozen_outputs/R3_REWARDFIX_VAL5_OUTPUT/replicate_04/routes/ALNS-CVaR.json",749
"frozen_outputs/R3_REWARDFIX_VAL5_OUTPUT/replicate_04/routes/ALNS-Mean.json",749
"frozen_outputs/R3_REWARDFIX_VAL5_OUTPUT/replicate_04/routes/ALNS-Nominal.json",749
"frozen_outputs/R3_REWARDFIX_VAL5_OUTPUT/replicate_04/routes/OR-Tools.json",749
"frozen_outputs/R3_REWARDFIX_VAL5_OUTPUT/replicate_04/routes/RL-FF-CVaR.json",749
"frozen_outputs/R3_REWARDFIX_VAL5_OUTPUT/replicate_04/routes/RL-FF-Mean.json",749
"frozen_outputs/R3_REWARDFIX_VAL5_OUTPUT/replicate_04/routes/RL-GRU-CVaR.json",749
"frozen_outputs/R3_REWARDFIX_VAL5_OUTPUT/replicate_04/routes/RL-GRU-Mean.json",749
"frozen_outputs/R3_REWARDFIX_VAL5_OUTPUT/replicate_04/seed_manifest.json",473
"frozen_outputs/R3_REWARDFIX_VAL5_OUTPUT/replicate_04/summary.csv",2802
"frozen_outputs/R3_REWARDFIX_VAL5_OUTPUT/replicate_05/R3_FAST_SMOKE_REPORT.json",2919
"frozen_outputs/R3_REWARDFIX_VAL5_OUTPUT/replicate_05/budget_audit.csv",690
"frozen_outputs/R3_REWARDFIX_VAL5_OUTPUT/replicate_05/logs/ALNS-CVaR.csv",32000
"frozen_outputs/R3_REWARDFIX_VAL5_OUTPUT/replicate_05/logs/ALNS-Mean.csv",33471
"frozen_outputs/R3_REWARDFIX_VAL5_OUTPUT/replicate_05/logs/ALNS-Nominal.csv",16330
"frozen_outputs/R3_REWARDFIX_VAL5_OUTPUT/replicate_05/logs/RL-FF-CVaR_search.csv",18454
"frozen_outputs/R3_REWARDFIX_VAL5_OUTPUT/replicate_05/logs/RL-FF-CVaR_training.csv",3353
"frozen_outputs/R3_REWARDFIX_VAL5_OUTPUT/replicate_05/logs/RL-FF-Mean_search.csv",20109
"frozen_outputs/R3_REWARDFIX_VAL5_OUTPUT/replicate_05/logs/RL-FF-Mean_training.csv",3329
"frozen_outputs/R3_REWARDFIX_VAL5_OUTPUT/replicate_05/logs/RL-GRU-CVaR_search.csv",18745
"frozen_outputs/R3_REWARDFIX_VAL5_OUTPUT/replicate_05/logs/RL-GRU-CVaR_training.csv",3355
"frozen_outputs/R3_REWARDFIX_VAL5_OUTPUT/replicate_05/logs/RL-GRU-Mean_search.csv",19486
"frozen_outputs/R3_REWARDFIX_VAL5_OUTPUT/replicate_05/logs/RL-GRU-Mean_training.csv",3365
"frozen_outputs/R3_REWARDFIX_VAL5_OUTPUT/replicate_05/metadata/scenario_banks.json",208
"frozen_outputs/R3_REWARDFIX_VAL5_OUTPUT/replicate_05/models/RL-FF-CVaR.pt",5480
"frozen_outputs/R3_REWARDFIX_VAL5_OUTPUT/replicate_05/models/RL-FF-Mean.pt",5480
"frozen_outputs/R3_REWARDFIX_VAL5_OUTPUT/replicate_05/models/RL-GRU-CVaR.pt",60976
"frozen_outputs/R3_REWARDFIX_VAL5_OUTPUT/replicate_05/models/RL-GRU-Mean.pt",60976
"frozen_outputs/R3_REWARDFIX_VAL5_OUTPUT/replicate_05/paired/paired_comparisons.csv",1411
"frozen_outputs/R3_REWARDFIX_VAL5_OUTPUT/replicate_05/paired/per_scenario_tardiness.csv",199883
"frozen_outputs/R3_REWARDFIX_VAL5_OUTPUT/replicate_05/routes/ALNS-CVaR.json",749
"frozen_outputs/R3_REWARDFIX_VAL5_OUTPUT/replicate_05/routes/ALNS-Mean.json",749
"frozen_outputs/R3_REWARDFIX_VAL5_OUTPUT/replicate_05/routes/ALNS-Nominal.json",749
"frozen_outputs/R3_REWARDFIX_VAL5_OUTPUT/replicate_05/routes/OR-Tools.json",749
"frozen_outputs/R3_REWARDFIX_VAL5_OUTPUT/replicate_05/routes/RL-FF-CVaR.json",749
"frozen_outputs/R3_REWARDFIX_VAL5_OUTPUT/replicate_05/routes/RL-FF-Mean.json",749
"frozen_outputs/R3_REWARDFIX_VAL5_OUTPUT/replicate_05/routes/RL-GRU-CVaR.json",749
"frozen_outputs/R3_REWARDFIX_VAL5_OUTPUT/replicate_05/routes/RL-GRU-Mean.json",749
"frozen_outputs/R3_REWARDFIX_VAL5_OUTPUT/replicate_05/seed_manifest.json",473
"frozen_outputs/R3_REWARDFIX_VAL5_OUTPUT/replicate_05/summary.csv",2794
"frozen_outputs/R3_REWARDFIX_VAL5_OUTPUT/replicate_06/R3_FAST_SMOKE_REPORT.json",2917
"frozen_outputs/R3_REWARDFIX_VAL5_OUTPUT/replicate_06/budget_audit.csv",691
"frozen_outputs/R3_REWARDFIX_VAL5_OUTPUT/replicate_06/logs/ALNS-CVaR.csv",31749
"frozen_outputs/R3_REWARDFIX_VAL5_OUTPUT/replicate_06/logs/ALNS-Mean.csv",32318
"frozen_outputs/R3_REWARDFIX_VAL5_OUTPUT/replicate_06/logs/ALNS-Nominal.csv",15160
"frozen_outputs/R3_REWARDFIX_VAL5_OUTPUT/replicate_06/logs/RL-FF-CVaR_search.csv",20024
"frozen_outputs/R3_REWARDFIX_VAL5_OUTPUT/replicate_06/logs/RL-FF-CVaR_training.csv",3360
"frozen_outputs/R3_REWARDFIX_VAL5_OUTPUT/replicate_06/logs/RL-FF-Mean_search.csv",19464
"frozen_outputs/R3_REWARDFIX_VAL5_OUTPUT/replicate_06/logs/RL-FF-Mean_training.csv",3298
"frozen_outputs/R3_REWARDFIX_VAL5_OUTPUT/replicate_06/logs/RL-GRU-CVaR_search.csv",18901
"frozen_outputs/R3_REWARDFIX_VAL5_OUTPUT/replicate_06/logs/RL-GRU-CVaR_training.csv",3358
"frozen_outputs/R3_REWARDFIX_VAL5_OUTPUT/replicate_06/logs/RL-GRU-Mean_search.csv",20504
"frozen_outputs/R3_REWARDFIX_VAL5_OUTPUT/replicate_06/logs/RL-GRU-Mean_training.csv",3314
"frozen_outputs/R3_REWARDFIX_VAL5_OUTPUT/replicate_06/metadata/scenario_banks.json",208
"frozen_outputs/R3_REWARDFIX_VAL5_OUTPUT/replicate_06/models/RL-FF-CVaR.pt",5480
"frozen_outputs/R3_REWARDFIX_VAL5_OUTPUT/replicate_06/models/RL-FF-Mean.pt",5480
"frozen_outputs/R3_REWARDFIX_VAL5_OUTPUT/replicate_06/models/RL-GRU-CVaR.pt",60976
"frozen_outputs/R3_REWARDFIX_VAL5_OUTPUT/replicate_06/models/RL-GRU-Mean.pt",60976
"frozen_outputs/R3_REWARDFIX_VAL5_OUTPUT/replicate_06/paired/paired_comparisons.csv",1404
"frozen_outputs/R3_REWARDFIX_VAL5_OUTPUT/replicate_06/paired/per_scenario_tardiness.csv",195989
"frozen_outputs/R3_REWARDFIX_VAL5_OUTPUT/replicate_06/routes/ALNS-CVaR.json",749
"frozen_outputs/R3_REWARDFIX_VAL5_OUTPUT/replicate_06/routes/ALNS-Mean.json",749
"frozen_outputs/R3_REWARDFIX_VAL5_OUTPUT/replicate_06/routes/ALNS-Nominal.json",749
"frozen_outputs/R3_REWARDFIX_VAL5_OUTPUT/replicate_06/routes/OR-Tools.json",749
"frozen_outputs/R3_REWARDFIX_VAL5_OUTPUT/replicate_06/routes/RL-FF-CVaR.json",749
"frozen_outputs/R3_REWARDFIX_VAL5_OUTPUT/replicate_06/routes/RL-FF-Mean.json",749
"frozen_outputs/R3_REWARDFIX_VAL5_OUTPUT/replicate_06/routes/RL-GRU-CVaR.json",749
"frozen_outputs/R3_REWARDFIX_VAL5_OUTPUT/replicate_06/routes/RL-GRU-Mean.json",749
"frozen_outputs/R3_REWARDFIX_VAL5_OUTPUT/replicate_06/seed_manifest.json",473
"frozen_outputs/R3_REWARDFIX_VAL5_OUTPUT/replicate_06/summary.csv",2795
"frozen_outputs/R3_REWARDFIX_VAL5_OUTPUT/replicate_07/R3_FAST_SMOKE_REPORT.json",2919
"frozen_outputs/R3_REWARDFIX_VAL5_OUTPUT/replicate_07/budget_audit.csv",690
"frozen_outputs/R3_REWARDFIX_VAL5_OUTPUT/replicate_07/logs/ALNS-CVaR.csv",33348
"frozen_outputs/R3_REWARDFIX_VAL5_OUTPUT/replicate_07/logs/ALNS-Mean.csv",32501
"frozen_outputs/R3_REWARDFIX_VAL5_OUTPUT/replicate_07/logs/ALNS-Nominal.csv",16991
"frozen_outputs/R3_REWARDFIX_VAL5_OUTPUT/replicate_07/logs/RL-FF-CVaR_search.csv",20291
"frozen_outputs/R3_REWARDFIX_VAL5_OUTPUT/replicate_07/logs/RL-FF-CVaR_training.csv",3329
"frozen_outputs/R3_REWARDFIX_VAL5_OUTPUT/replicate_07/logs/RL-FF-Mean_search.csv",20304
"frozen_outputs/R3_REWARDFIX_VAL5_OUTPUT/replicate_07/logs/RL-FF-Mean_training.csv",3341
"frozen_outputs/R3_REWARDFIX_VAL5_OUTPUT/replicate_07/logs/RL-GRU-CVaR_search.csv",19955
"frozen_outputs/R3_REWARDFIX_VAL5_OUTPUT/replicate_07/logs/RL-GRU-CVaR_training.csv",3370
"frozen_outputs/R3_REWARDFIX_VAL5_OUTPUT/replicate_07/logs/RL-GRU-Mean_search.csv",19554
"frozen_outputs/R3_REWARDFIX_VAL5_OUTPUT/replicate_07/logs/RL-GRU-Mean_training.csv",3346
"frozen_outputs/R3_REWARDFIX_VAL5_OUTPUT/replicate_07/metadata/scenario_banks.json",208
"frozen_outputs/R3_REWARDFIX_VAL5_OUTPUT/replicate_07/models/RL-FF-CVaR.pt",5480
"frozen_outputs/R3_REWARDFIX_VAL5_OUTPUT/replicate_07/models/RL-FF-Mean.pt",5480
"frozen_outputs/R3_REWARDFIX_VAL5_OUTPUT/replicate_07/models/RL-GRU-CVaR.pt",60976
"frozen_outputs/R3_REWARDFIX_VAL5_OUTPUT/replicate_07/models/RL-GRU-Mean.pt",60976
"frozen_outputs/R3_REWARDFIX_VAL5_OUTPUT/replicate_07/paired/paired_comparisons.csv",1431
"frozen_outputs/R3_REWARDFIX_VAL5_OUTPUT/replicate_07/paired/per_scenario_tardiness.csv",199782
"frozen_outputs/R3_REWARDFIX_VAL5_OUTPUT/replicate_07/routes/ALNS-CVaR.json",749
"frozen_outputs/R3_REWARDFIX_VAL5_OUTPUT/replicate_07/routes/ALNS-Mean.json",749
"frozen_outputs/R3_REWARDFIX_VAL5_OUTPUT/replicate_07/routes/ALNS-Nominal.json",749
"frozen_outputs/R3_REWARDFIX_VAL5_OUTPUT/replicate_07/routes/OR-Tools.json",749
"frozen_outputs/R3_REWARDFIX_VAL5_OUTPUT/replicate_07/routes/RL-FF-CVaR.json",749
"frozen_outputs/R3_REWARDFIX_VAL5_OUTPUT/replicate_07/routes/RL-FF-Mean.json",749
"frozen_outputs/R3_REWARDFIX_VAL5_OUTPUT/replicate_07/routes/RL-GRU-CVaR.json",749
"frozen_outputs/R3_REWARDFIX_VAL5_OUTPUT/replicate_07/routes/RL-GRU-Mean.json",749
"frozen_outputs/R3_REWARDFIX_VAL5_OUTPUT/replicate_07/seed_manifest.json",473
"frozen_outputs/R3_REWARDFIX_VAL5_OUTPUT/replicate_07/summary.csv",2798
"frozen_outputs/R3_REWARDFIX_VAL5_OUTPUT/replicate_08/R3_FAST_SMOKE_REPORT.json",2919
"frozen_outputs/R3_REWARDFIX_VAL5_OUTPUT/replicate_08/budget_audit.csv",688
"frozen_outputs/R3_REWARDFIX_VAL5_OUTPUT/replicate_08/logs/ALNS-CVaR.csv",32049
"frozen_outputs/R3_REWARDFIX_VAL5_OUTPUT/replicate_08/logs/ALNS-Mean.csv",34414
"frozen_outputs/R3_REWARDFIX_VAL5_OUTPUT/replicate_08/logs/ALNS-Nominal.csv",16229
"frozen_outputs/R3_REWARDFIX_VAL5_OUTPUT/replicate_08/logs/RL-FF-CVaR_search.csv",19706
"frozen_outputs/R3_REWARDFIX_VAL5_OUTPUT/replicate_08/logs/RL-FF-CVaR_training.csv",3314
"frozen_outputs/R3_REWARDFIX_VAL5_OUTPUT/replicate_08/logs/RL-FF-Mean_search.csv",20675
"frozen_outputs/R3_REWARDFIX_VAL5_OUTPUT/replicate_08/logs/RL-FF-Mean_training.csv",3345
"frozen_outputs/R3_REWARDFIX_VAL5_OUTPUT/replicate_08/logs/RL-GRU-CVaR_search.csv",18676
"frozen_outputs/R3_REWARDFIX_VAL5_OUTPUT/replicate_08/logs/RL-GRU-CVaR_training.csv",3330
"frozen_outputs/R3_REWARDFIX_VAL5_OUTPUT/replicate_08/logs/RL-GRU-Mean_search.csv",20523
"frozen_outputs/R3_REWARDFIX_VAL5_OUTPUT/replicate_08/logs/RL-GRU-Mean_training.csv",3334
"frozen_outputs/R3_REWARDFIX_VAL5_OUTPUT/replicate_08/metadata/scenario_banks.json",208
"frozen_outputs/R3_REWARDFIX_VAL5_OUTPUT/replicate_08/models/RL-FF-CVaR.pt",5480
"frozen_outputs/R3_REWARDFIX_VAL5_OUTPUT/replicate_08/models/RL-FF-Mean.pt",5480
"frozen_outputs/R3_REWARDFIX_VAL5_OUTPUT/replicate_08/models/RL-GRU-CVaR.pt",60976
"frozen_outputs/R3_REWARDFIX_VAL5_OUTPUT/replicate_08/models/RL-GRU-Mean.pt",60976
"frozen_outputs/R3_REWARDFIX_VAL5_OUTPUT/replicate_08/paired/paired_comparisons.csv",1399
"frozen_outputs/R3_REWARDFIX_VAL5_OUTPUT/replicate_08/paired/per_scenario_tardiness.csv",194157
"frozen_outputs/R3_REWARDFIX_VAL5_OUTPUT/replicate_08/routes/ALNS-CVaR.json",749
"frozen_outputs/R3_REWARDFIX_VAL5_OUTPUT/replicate_08/routes/ALNS-Mean.json",749
"frozen_outputs/R3_REWARDFIX_VAL5_OUTPUT/replicate_08/routes/ALNS-Nominal.json",749
"frozen_outputs/R3_REWARDFIX_VAL5_OUTPUT/replicate_08/routes/OR-Tools.json",749
"frozen_outputs/R3_REWARDFIX_VAL5_OUTPUT/replicate_08/routes/RL-FF-CVaR.json",749
"frozen_outputs/R3_REWARDFIX_VAL5_OUTPUT/replicate_08/routes/RL-FF-Mean.json",749
"frozen_outputs/R3_REWARDFIX_VAL5_OUTPUT/replicate_08/routes/RL-GRU-CVaR.json",749
"frozen_outputs/R3_REWARDFIX_VAL5_OUTPUT/replicate_08/routes/RL-GRU-Mean.json",749
"frozen_outputs/R3_REWARDFIX_VAL5_OUTPUT/replicate_08/seed_manifest.json",473
"frozen_outputs/R3_REWARDFIX_VAL5_OUTPUT/replicate_08/summary.csv",2778
"frozen_outputs/R3_REWARDFIX_VAL5_OUTPUT/replicate_09/R3_FAST_SMOKE_REPORT.json",2919
"frozen_outputs/R3_REWARDFIX_VAL5_OUTPUT/replicate_09/budget_audit.csv",694
"frozen_outputs/R3_REWARDFIX_VAL5_OUTPUT/replicate_09/logs/ALNS-CVaR.csv",31694
"frozen_outputs/R3_REWARDFIX_VAL5_OUTPUT/replicate_09/logs/ALNS-Mean.csv",35779
"frozen_outputs/R3_REWARDFIX_VAL5_OUTPUT/replicate_09/logs/ALNS-Nominal.csv",16800
"frozen_outputs/R3_REWARDFIX_VAL5_OUTPUT/replicate_09/logs/RL-FF-CVaR_search.csv",19075
"frozen_outputs/R3_REWARDFIX_VAL5_OUTPUT/replicate_09/logs/RL-FF-CVaR_training.csv",3300
"frozen_outputs/R3_REWARDFIX_VAL5_OUTPUT/replicate_09/logs/RL-FF-Mean_search.csv",21087
"frozen_outputs/R3_REWARDFIX_VAL5_OUTPUT/replicate_09/logs/RL-FF-Mean_training.csv",3304
"frozen_outputs/R3_REWARDFIX_VAL5_OUTPUT/replicate_09/logs/RL-GRU-CVaR_search.csv",19671
"frozen_outputs/R3_REWARDFIX_VAL5_OUTPUT/replicate_09/logs/RL-GRU-CVaR_training.csv",3364
"frozen_outputs/R3_REWARDFIX_VAL5_OUTPUT/replicate_09/logs/RL-GRU-Mean_search.csv",19805
"frozen_outputs/R3_REWARDFIX_VAL5_OUTPUT/replicate_09/logs/RL-GRU-Mean_training.csv",3322
"frozen_outputs/R3_REWARDFIX_VAL5_OUTPUT/replicate_09/metadata/scenario_banks.json",208
"frozen_outputs/R3_REWARDFIX_VAL5_OUTPUT/replicate_09/models/RL-FF-CVaR.pt",5480
"frozen_outputs/R3_REWARDFIX_VAL5_OUTPUT/replicate_09/models/RL-FF-Mean.pt",5480
"frozen_outputs/R3_REWARDFIX_VAL5_OUTPUT/replicate_09/models/RL-GRU-CVaR.pt",60976
"frozen_outputs/R3_REWARDFIX_VAL5_OUTPUT/replicate_09/models/RL-GRU-Mean.pt",60976
"frozen_outputs/R3_REWARDFIX_VAL5_OUTPUT/replicate_09/paired/paired_comparisons.csv",1373
"frozen_outputs/R3_REWARDFIX_VAL5_OUTPUT/replicate_09/paired/per_scenario_tardiness.csv",192120
"frozen_outputs/R3_REWARDFIX_VAL5_OUTPUT/replicate_09/routes/ALNS-CVaR.json",749
"frozen_outputs/R3_REWARDFIX_VAL5_OUTPUT/replicate_09/routes/ALNS-Mean.json",749
"frozen_outputs/R3_REWARDFIX_VAL5_OUTPUT/replicate_09/routes/ALNS-Nominal.json",749
"frozen_outputs/R3_REWARDFIX_VAL5_OUTPUT/replicate_09/routes/OR-Tools.json",749
"frozen_outputs/R3_REWARDFIX_VAL5_OUTPUT/replicate_09/routes/RL-FF-CVaR.json",749
"frozen_outputs/R3_REWARDFIX_VAL5_OUTPUT/replicate_09/routes/RL-FF-Mean.json",749
"frozen_outputs/R3_REWARDFIX_VAL5_OUTPUT/replicate_09/routes/RL-GRU-CVaR.json",749
"frozen_outputs/R3_REWARDFIX_VAL5_OUTPUT/replicate_09/routes/RL-GRU-Mean.json",749
"frozen_outputs/R3_REWARDFIX_VAL5_OUTPUT/replicate_09/seed_manifest.json",473
"frozen_outputs/R3_REWARDFIX_VAL5_OUTPUT/replicate_09/summary.csv",2815
"frozen_outputs/R3_REWARDFIX_VAL5_OUTPUT/replicate_10/R3_FAST_SMOKE_REPORT.json",2921
"frozen_outputs/R3_REWARDFIX_VAL5_OUTPUT/replicate_10/budget_audit.csv",693
"frozen_outputs/R3_REWARDFIX_VAL5_OUTPUT/replicate_10/logs/ALNS-CVaR.csv",32760
"frozen_outputs/R3_REWARDFIX_VAL5_OUTPUT/replicate_10/logs/ALNS-Mean.csv",34146
"frozen_outputs/R3_REWARDFIX_VAL5_OUTPUT/replicate_10/logs/ALNS-Nominal.csv",16479
"frozen_outputs/R3_REWARDFIX_VAL5_OUTPUT/replicate_10/logs/RL-FF-CVaR_search.csv",20115
"frozen_outputs/R3_REWARDFIX_VAL5_OUTPUT/replicate_10/logs/RL-FF-CVaR_training.csv",3338
"frozen_outputs/R3_REWARDFIX_VAL5_OUTPUT/replicate_10/logs/RL-FF-Mean_search.csv",18502
"frozen_outputs/R3_REWARDFIX_VAL5_OUTPUT/replicate_10/logs/RL-FF-Mean_training.csv",3317
"frozen_outputs/R3_REWARDFIX_VAL5_OUTPUT/replicate_10/logs/RL-GRU-CVaR_search.csv",22303
"frozen_outputs/R3_REWARDFIX_VAL5_OUTPUT/replicate_10/logs/RL-GRU-CVaR_training.csv",3326
"frozen_outputs/R3_REWARDFIX_VAL5_OUTPUT/replicate_10/logs/RL-GRU-Mean_search.csv",19546
"frozen_outputs/R3_REWARDFIX_VAL5_OUTPUT/replicate_10/logs/RL-GRU-Mean_training.csv",3340
"frozen_outputs/R3_REWARDFIX_VAL5_OUTPUT/replicate_10/metadata/scenario_banks.json",208
"frozen_outputs/R3_REWARDFIX_VAL5_OUTPUT/replicate_10/models/RL-FF-CVaR.pt",5480
"frozen_outputs/R3_REWARDFIX_VAL5_OUTPUT/replicate_10/models/RL-FF-Mean.pt",5480
"frozen_outputs/R3_REWARDFIX_VAL5_OUTPUT/replicate_10/models/RL-GRU-CVaR.pt",60976
"frozen_outputs/R3_REWARDFIX_VAL5_OUTPUT/replicate_10/models/RL-GRU-Mean.pt",60976
"frozen_outputs/R3_REWARDFIX_VAL5_OUTPUT/replicate_10/paired/paired_comparisons.csv",1399
"frozen_outputs/R3_REWARDFIX_VAL5_OUTPUT/replicate_10/paired/per_scenario_tardiness.csv",196268
"frozen_outputs/R3_REWARDFIX_VAL5_OUTPUT/replicate_10/routes/ALNS-CVaR.json",749
"frozen_outputs/R3_REWARDFIX_VAL5_OUTPUT/replicate_10/routes/ALNS-Mean.json",749
"frozen_outputs/R3_REWARDFIX_VAL5_OUTPUT/replicate_10/routes/ALNS-Nominal.json",749
"frozen_outputs/R3_REWARDFIX_VAL5_OUTPUT/replicate_10/routes/OR-Tools.json",749
"frozen_outputs/R3_REWARDFIX_VAL5_OUTPUT/replicate_10/routes/RL-FF-CVaR.json",749
"frozen_outputs/R3_REWARDFIX_VAL5_OUTPUT/replicate_10/routes/RL-FF-Mean.json",749
"frozen_outputs/R3_REWARDFIX_VAL5_OUTPUT/replicate_10/routes/RL-GRU-CVaR.json",749
"frozen_outputs/R3_REWARDFIX_VAL5_OUTPUT/replicate_10/routes/RL-GRU-Mean.json",749
"frozen_outputs/R3_REWARDFIX_VAL5_OUTPUT/replicate_10/seed_manifest.json",474
"frozen_outputs/R3_REWARDFIX_VAL5_OUTPUT/replicate_10/summary.csv",2795
"frozen_outputs/R3_UNIFORM_CONTROL_OUTPUT/replicate_01/R3_FAST_SMOKE_REPORT.json",1993
"frozen_outputs/R3_UNIFORM_CONTROL_OUTPUT/replicate_01/UNIFORM_CONTROL_METADATA.json",895
"frozen_outputs/R3_UNIFORM_CONTROL_OUTPUT/replicate_01/budget_audit.csv",712
"frozen_outputs/R3_UNIFORM_CONTROL_OUTPUT/replicate_01/logs/ALNS-CVaR.csv",31137
"frozen_outputs/R3_UNIFORM_CONTROL_OUTPUT/replicate_01/logs/ALNS-Mean.csv",33208
"frozen_outputs/R3_UNIFORM_CONTROL_OUTPUT/replicate_01/logs/ALNS-Nominal.csv",15469
"frozen_outputs/R3_UNIFORM_CONTROL_OUTPUT/replicate_01/logs/Uniform-CVaR-FFseed_search.csv",18592
"frozen_outputs/R3_UNIFORM_CONTROL_OUTPUT/replicate_01/logs/Uniform-CVaR-FFseed_training.csv",237
"frozen_outputs/R3_UNIFORM_CONTROL_OUTPUT/replicate_01/logs/Uniform-CVaR-GRUseed_search.csv",18803
"frozen_outputs/R3_UNIFORM_CONTROL_OUTPUT/replicate_01/logs/Uniform-CVaR-GRUseed_training.csv",237
"frozen_outputs/R3_UNIFORM_CONTROL_OUTPUT/replicate_01/logs/Uniform-Mean-FFseed_search.csv",20336
"frozen_outputs/R3_UNIFORM_CONTROL_OUTPUT/replicate_01/logs/Uniform-Mean-FFseed_training.csv",237
"frozen_outputs/R3_UNIFORM_CONTROL_OUTPUT/replicate_01/logs/Uniform-Mean-GRUseed_search.csv",23496
"frozen_outputs/R3_UNIFORM_CONTROL_OUTPUT/replicate_01/logs/Uniform-Mean-GRUseed_training.csv",237
"frozen_outputs/R3_UNIFORM_CONTROL_OUTPUT/replicate_01/metadata/scenario_banks.json",208
"frozen_outputs/R3_UNIFORM_CONTROL_OUTPUT/replicate_01/models/Uniform-CVaR-FFseed.pt",940
"frozen_outputs/R3_UNIFORM_CONTROL_OUTPUT/replicate_01/models/Uniform-CVaR-GRUseed.pt",944
"frozen_outputs/R3_UNIFORM_CONTROL_OUTPUT/replicate_01/models/Uniform-Mean-FFseed.pt",940
"frozen_outputs/R3_UNIFORM_CONTROL_OUTPUT/replicate_01/models/Uniform-Mean-GRUseed.pt",944
"frozen_outputs/R3_UNIFORM_CONTROL_OUTPUT/replicate_01/paired/paired_comparisons.csv",1500
"frozen_outputs/R3_UNIFORM_CONTROL_OUTPUT/replicate_01/paired/per_scenario_tardiness.csv",233394
"frozen_outputs/R3_UNIFORM_CONTROL_OUTPUT/replicate_01/routes/ALNS-CVaR.json",749
"frozen_outputs/R3_UNIFORM_CONTROL_OUTPUT/replicate_01/routes/ALNS-Mean.json",749
"frozen_outputs/R3_UNIFORM_CONTROL_OUTPUT/replicate_01/routes/ALNS-Nominal.json",749
"frozen_outputs/R3_UNIFORM_CONTROL_OUTPUT/replicate_01/routes/OR-Tools.json",749
"frozen_outputs/R3_UNIFORM_CONTROL_OUTPUT/replicate_01/routes/Uniform-CVaR-FFseed.json",749
"frozen_outputs/R3_UNIFORM_CONTROL_OUTPUT/replicate_01/routes/Uniform-CVaR-GRUseed.json",749
"frozen_outputs/R3_UNIFORM_CONTROL_OUTPUT/replicate_01/routes/Uniform-Mean-FFseed.json",749
"frozen_outputs/R3_UNIFORM_CONTROL_OUTPUT/replicate_01/routes/Uniform-Mean-GRUseed.json",749
"frozen_outputs/R3_UNIFORM_CONTROL_OUTPUT/replicate_01/summary.csv",2796
"frozen_outputs/R3_UNIFORM_CONTROL_OUTPUT/replicate_02/R3_FAST_SMOKE_REPORT.json",1993
"frozen_outputs/R3_UNIFORM_CONTROL_OUTPUT/replicate_02/UNIFORM_CONTROL_METADATA.json",899
"frozen_outputs/R3_UNIFORM_CONTROL_OUTPUT/replicate_02/budget_audit.csv",709
"frozen_outputs/R3_UNIFORM_CONTROL_OUTPUT/replicate_02/logs/ALNS-CVaR.csv",32253
"frozen_outputs/R3_UNIFORM_CONTROL_OUTPUT/replicate_02/logs/ALNS-Mean.csv",33262
"frozen_outputs/R3_UNIFORM_CONTROL_OUTPUT/replicate_02/logs/ALNS-Nominal.csv",15755
"frozen_outputs/R3_UNIFORM_CONTROL_OUTPUT/replicate_02/logs/Uniform-CVaR-FFseed_search.csv",23872
"frozen_outputs/R3_UNIFORM_CONTROL_OUTPUT/replicate_02/logs/Uniform-CVaR-FFseed_training.csv",237
"frozen_outputs/R3_UNIFORM_CONTROL_OUTPUT/replicate_02/logs/Uniform-CVaR-GRUseed_search.csv",20375
"frozen_outputs/R3_UNIFORM_CONTROL_OUTPUT/replicate_02/logs/Uniform-CVaR-GRUseed_training.csv",237
"frozen_outputs/R3_UNIFORM_CONTROL_OUTPUT/replicate_02/logs/Uniform-Mean-FFseed_search.csv",21071
"frozen_outputs/R3_UNIFORM_CONTROL_OUTPUT/replicate_02/logs/Uniform-Mean-FFseed_training.csv",237
"frozen_outputs/R3_UNIFORM_CONTROL_OUTPUT/replicate_02/logs/Uniform-Mean-GRUseed_search.csv",19582
"frozen_outputs/R3_UNIFORM_CONTROL_OUTPUT/replicate_02/logs/Uniform-Mean-GRUseed_training.csv",237
"frozen_outputs/R3_UNIFORM_CONTROL_OUTPUT/replicate_02/metadata/scenario_banks.json",208
"frozen_outputs/R3_UNIFORM_CONTROL_OUTPUT/replicate_02/models/Uniform-CVaR-FFseed.pt",940
"frozen_outputs/R3_UNIFORM_CONTROL_OUTPUT/replicate_02/models/Uniform-CVaR-GRUseed.pt",944
"frozen_outputs/R3_UNIFORM_CONTROL_OUTPUT/replicate_02/models/Uniform-Mean-FFseed.pt",940
"frozen_outputs/R3_UNIFORM_CONTROL_OUTPUT/replicate_02/models/Uniform-Mean-GRUseed.pt",944
"frozen_outputs/R3_UNIFORM_CONTROL_OUTPUT/replicate_02/paired/paired_comparisons.csv",1530
"frozen_outputs/R3_UNIFORM_CONTROL_OUTPUT/replicate_02/paired/per_scenario_tardiness.csv",231995
"frozen_outputs/R3_UNIFORM_CONTROL_OUTPUT/replicate_02/routes/ALNS-CVaR.json",749
"frozen_outputs/R3_UNIFORM_CONTROL_OUTPUT/replicate_02/routes/ALNS-Mean.json",749
"frozen_outputs/R3_UNIFORM_CONTROL_OUTPUT/replicate_02/routes/ALNS-Nominal.json",749
"frozen_outputs/R3_UNIFORM_CONTROL_OUTPUT/replicate_02/routes/OR-Tools.json",749
"frozen_outputs/R3_UNIFORM_CONTROL_OUTPUT/replicate_02/routes/Uniform-CVaR-FFseed.json",749
"frozen_outputs/R3_UNIFORM_CONTROL_OUTPUT/replicate_02/routes/Uniform-CVaR-GRUseed.json",749
"frozen_outputs/R3_UNIFORM_CONTROL_OUTPUT/replicate_02/routes/Uniform-Mean-FFseed.json",749
"frozen_outputs/R3_UNIFORM_CONTROL_OUTPUT/replicate_02/routes/Uniform-Mean-GRUseed.json",749
"frozen_outputs/R3_UNIFORM_CONTROL_OUTPUT/replicate_02/summary.csv",2817
"frozen_outputs/R3_UNIFORM_CONTROL_OUTPUT/replicate_03/R3_FAST_SMOKE_REPORT.json",1993
"frozen_outputs/R3_UNIFORM_CONTROL_OUTPUT/replicate_03/UNIFORM_CONTROL_METADATA.json",899
"frozen_outputs/R3_UNIFORM_CONTROL_OUTPUT/replicate_03/budget_audit.csv",711
"frozen_outputs/R3_UNIFORM_CONTROL_OUTPUT/replicate_03/logs/ALNS-CVaR.csv",30627
"frozen_outputs/R3_UNIFORM_CONTROL_OUTPUT/replicate_03/logs/ALNS-Mean.csv",35647
"frozen_outputs/R3_UNIFORM_CONTROL_OUTPUT/replicate_03/logs/ALNS-Nominal.csv",15947
"frozen_outputs/R3_UNIFORM_CONTROL_OUTPUT/replicate_03/logs/Uniform-CVaR-FFseed_search.csv",18297
"frozen_outputs/R3_UNIFORM_CONTROL_OUTPUT/replicate_03/logs/Uniform-CVaR-FFseed_training.csv",237
"frozen_outputs/R3_UNIFORM_CONTROL_OUTPUT/replicate_03/logs/Uniform-CVaR-GRUseed_search.csv",19113
"frozen_outputs/R3_UNIFORM_CONTROL_OUTPUT/replicate_03/logs/Uniform-CVaR-GRUseed_training.csv",237
"frozen_outputs/R3_UNIFORM_CONTROL_OUTPUT/replicate_03/logs/Uniform-Mean-FFseed_search.csv",23499
"frozen_outputs/R3_UNIFORM_CONTROL_OUTPUT/replicate_03/logs/Uniform-Mean-FFseed_training.csv",237
"frozen_outputs/R3_UNIFORM_CONTROL_OUTPUT/replicate_03/logs/Uniform-Mean-GRUseed_search.csv",21400
"frozen_outputs/R3_UNIFORM_CONTROL_OUTPUT/replicate_03/logs/Uniform-Mean-GRUseed_training.csv",237
"frozen_outputs/R3_UNIFORM_CONTROL_OUTPUT/replicate_03/metadata/scenario_banks.json",208
"frozen_outputs/R3_UNIFORM_CONTROL_OUTPUT/replicate_03/models/Uniform-CVaR-FFseed.pt",940
"frozen_outputs/R3_UNIFORM_CONTROL_OUTPUT/replicate_03/models/Uniform-CVaR-GRUseed.pt",944
"frozen_outputs/R3_UNIFORM_CONTROL_OUTPUT/replicate_03/models/Uniform-Mean-FFseed.pt",940
"frozen_outputs/R3_UNIFORM_CONTROL_OUTPUT/replicate_03/models/Uniform-Mean-GRUseed.pt",944
"frozen_outputs/R3_UNIFORM_CONTROL_OUTPUT/replicate_03/paired/paired_comparisons.csv",1495
"frozen_outputs/R3_UNIFORM_CONTROL_OUTPUT/replicate_03/paired/per_scenario_tardiness.csv",229391
"frozen_outputs/R3_UNIFORM_CONTROL_OUTPUT/replicate_03/routes/ALNS-CVaR.json",749
"frozen_outputs/R3_UNIFORM_CONTROL_OUTPUT/replicate_03/routes/ALNS-Mean.json",749
"frozen_outputs/R3_UNIFORM_CONTROL_OUTPUT/replicate_03/routes/ALNS-Nominal.json",749
"frozen_outputs/R3_UNIFORM_CONTROL_OUTPUT/replicate_03/routes/OR-Tools.json",749
"frozen_outputs/R3_UNIFORM_CONTROL_OUTPUT/replicate_03/routes/Uniform-CVaR-FFseed.json",749
"frozen_outputs/R3_UNIFORM_CONTROL_OUTPUT/replicate_03/routes/Uniform-CVaR-GRUseed.json",749
"frozen_outputs/R3_UNIFORM_CONTROL_OUTPUT/replicate_03/routes/Uniform-Mean-FFseed.json",749
"frozen_outputs/R3_UNIFORM_CONTROL_OUTPUT/replicate_03/routes/Uniform-Mean-GRUseed.json",749
"frozen_outputs/R3_UNIFORM_CONTROL_OUTPUT/replicate_03/summary.csv",2799
"frozen_outputs/R3_UNIFORM_CONTROL_OUTPUT/replicate_04/R3_FAST_SMOKE_REPORT.json",1993
"frozen_outputs/R3_UNIFORM_CONTROL_OUTPUT/replicate_04/UNIFORM_CONTROL_METADATA.json",899
"frozen_outputs/R3_UNIFORM_CONTROL_OUTPUT/replicate_04/budget_audit.csv",707
"frozen_outputs/R3_UNIFORM_CONTROL_OUTPUT/replicate_04/logs/ALNS-CVaR.csv",34037
"frozen_outputs/R3_UNIFORM_CONTROL_OUTPUT/replicate_04/logs/ALNS-Mean.csv",33279
"frozen_outputs/R3_UNIFORM_CONTROL_OUTPUT/replicate_04/logs/ALNS-Nominal.csv",16577
"frozen_outputs/R3_UNIFORM_CONTROL_OUTPUT/replicate_04/logs/Uniform-CVaR-FFseed_search.csv",18419
"frozen_outputs/R3_UNIFORM_CONTROL_OUTPUT/replicate_04/logs/Uniform-CVaR-FFseed_training.csv",237
"frozen_outputs/R3_UNIFORM_CONTROL_OUTPUT/replicate_04/logs/Uniform-CVaR-GRUseed_search.csv",18723
"frozen_outputs/R3_UNIFORM_CONTROL_OUTPUT/replicate_04/logs/Uniform-CVaR-GRUseed_training.csv",237
"frozen_outputs/R3_UNIFORM_CONTROL_OUTPUT/replicate_04/logs/Uniform-Mean-FFseed_search.csv",19676
"frozen_outputs/R3_UNIFORM_CONTROL_OUTPUT/replicate_04/logs/Uniform-Mean-FFseed_training.csv",237
"frozen_outputs/R3_UNIFORM_CONTROL_OUTPUT/replicate_04/logs/Uniform-Mean-GRUseed_search.csv",19230
"frozen_outputs/R3_UNIFORM_CONTROL_OUTPUT/replicate_04/logs/Uniform-Mean-GRUseed_training.csv",237
"frozen_outputs/R3_UNIFORM_CONTROL_OUTPUT/replicate_04/metadata/scenario_banks.json",208
"frozen_outputs/R3_UNIFORM_CONTROL_OUTPUT/replicate_04/models/Uniform-CVaR-FFseed.pt",940
"frozen_outputs/R3_UNIFORM_CONTROL_OUTPUT/replicate_04/models/Uniform-CVaR-GRUseed.pt",944
"frozen_outputs/R3_UNIFORM_CONTROL_OUTPUT/replicate_04/models/Uniform-Mean-FFseed.pt",940
"frozen_outputs/R3_UNIFORM_CONTROL_OUTPUT/replicate_04/models/Uniform-Mean-GRUseed.pt",944
"frozen_outputs/R3_UNIFORM_CONTROL_OUTPUT/replicate_04/paired/paired_comparisons.csv",1499
"frozen_outputs/R3_UNIFORM_CONTROL_OUTPUT/replicate_04/paired/per_scenario_tardiness.csv",236149
"frozen_outputs/R3_UNIFORM_CONTROL_OUTPUT/replicate_04/routes/ALNS-CVaR.json",749
"frozen_outputs/R3_UNIFORM_CONTROL_OUTPUT/replicate_04/routes/ALNS-Mean.json",749
"frozen_outputs/R3_UNIFORM_CONTROL_OUTPUT/replicate_04/routes/ALNS-Nominal.json",749
"frozen_outputs/R3_UNIFORM_CONTROL_OUTPUT/replicate_04/routes/OR-Tools.json",749
"frozen_outputs/R3_UNIFORM_CONTROL_OUTPUT/replicate_04/routes/Uniform-CVaR-FFseed.json",749
"frozen_outputs/R3_UNIFORM_CONTROL_OUTPUT/replicate_04/routes/Uniform-CVaR-GRUseed.json",749
"frozen_outputs/R3_UNIFORM_CONTROL_OUTPUT/replicate_04/routes/Uniform-Mean-FFseed.json",749
"frozen_outputs/R3_UNIFORM_CONTROL_OUTPUT/replicate_04/routes/Uniform-Mean-GRUseed.json",749
"frozen_outputs/R3_UNIFORM_CONTROL_OUTPUT/replicate_04/summary.csv",2806
"frozen_outputs/R3_UNIFORM_CONTROL_OUTPUT/replicate_05/R3_FAST_SMOKE_REPORT.json",1993
"frozen_outputs/R3_UNIFORM_CONTROL_OUTPUT/replicate_05/UNIFORM_CONTROL_METADATA.json",899
"frozen_outputs/R3_UNIFORM_CONTROL_OUTPUT/replicate_05/budget_audit.csv",705
"frozen_outputs/R3_UNIFORM_CONTROL_OUTPUT/replicate_05/logs/ALNS-CVaR.csv",32000
"frozen_outputs/R3_UNIFORM_CONTROL_OUTPUT/replicate_05/logs/ALNS-Mean.csv",33471
"frozen_outputs/R3_UNIFORM_CONTROL_OUTPUT/replicate_05/logs/ALNS-Nominal.csv",16330
"frozen_outputs/R3_UNIFORM_CONTROL_OUTPUT/replicate_05/logs/Uniform-CVaR-FFseed_search.csv",20262
"frozen_outputs/R3_UNIFORM_CONTROL_OUTPUT/replicate_05/logs/Uniform-CVaR-FFseed_training.csv",237
"frozen_outputs/R3_UNIFORM_CONTROL_OUTPUT/replicate_05/logs/Uniform-CVaR-GRUseed_search.csv",18127
"frozen_outputs/R3_UNIFORM_CONTROL_OUTPUT/replicate_05/logs/Uniform-CVaR-GRUseed_training.csv",237
"frozen_outputs/R3_UNIFORM_CONTROL_OUTPUT/replicate_05/logs/Uniform-Mean-FFseed_search.csv",22922
"frozen_outputs/R3_UNIFORM_CONTROL_OUTPUT/replicate_05/logs/Uniform-Mean-FFseed_training.csv",237
"frozen_outputs/R3_UNIFORM_CONTROL_OUTPUT/replicate_05/logs/Uniform-Mean-GRUseed_search.csv",20882
"frozen_outputs/R3_UNIFORM_CONTROL_OUTPUT/replicate_05/logs/Uniform-Mean-GRUseed_training.csv",237
"frozen_outputs/R3_UNIFORM_CONTROL_OUTPUT/replicate_05/metadata/scenario_banks.json",208
"frozen_outputs/R3_UNIFORM_CONTROL_OUTPUT/replicate_05/models/Uniform-CVaR-FFseed.pt",940
"frozen_outputs/R3_UNIFORM_CONTROL_OUTPUT/replicate_05/models/Uniform-CVaR-GRUseed.pt",944
"frozen_outputs/R3_UNIFORM_CONTROL_OUTPUT/replicate_05/models/Uniform-Mean-FFseed.pt",940
"frozen_outputs/R3_UNIFORM_CONTROL_OUTPUT/replicate_05/models/Uniform-Mean-GRUseed.pt",944
"frozen_outputs/R3_UNIFORM_CONTROL_OUTPUT/replicate_05/paired/paired_comparisons.csv",1528
"frozen_outputs/R3_UNIFORM_CONTROL_OUTPUT/replicate_05/paired/per_scenario_tardiness.csv",240236
"frozen_outputs/R3_UNIFORM_CONTROL_OUTPUT/replicate_05/routes/ALNS-CVaR.json",749
"frozen_outputs/R3_UNIFORM_CONTROL_OUTPUT/replicate_05/routes/ALNS-Mean.json",749
"frozen_outputs/R3_UNIFORM_CONTROL_OUTPUT/replicate_05/routes/ALNS-Nominal.json",749
"frozen_outputs/R3_UNIFORM_CONTROL_OUTPUT/replicate_05/routes/OR-Tools.json",749
"frozen_outputs/R3_UNIFORM_CONTROL_OUTPUT/replicate_05/routes/Uniform-CVaR-FFseed.json",749
"frozen_outputs/R3_UNIFORM_CONTROL_OUTPUT/replicate_05/routes/Uniform-CVaR-GRUseed.json",749
"frozen_outputs/R3_UNIFORM_CONTROL_OUTPUT/replicate_05/routes/Uniform-Mean-FFseed.json",749
"frozen_outputs/R3_UNIFORM_CONTROL_OUTPUT/replicate_05/routes/Uniform-Mean-GRUseed.json",749
"frozen_outputs/R3_UNIFORM_CONTROL_OUTPUT/replicate_05/summary.csv",2811
"frozen_outputs/R3_UNIFORM_CONTROL_OUTPUT/replicate_06/R3_FAST_SMOKE_REPORT.json",1993
"frozen_outputs/R3_UNIFORM_CONTROL_OUTPUT/replicate_06/UNIFORM_CONTROL_METADATA.json",899
"frozen_outputs/R3_UNIFORM_CONTROL_OUTPUT/replicate_06/budget_audit.csv",708
"frozen_outputs/R3_UNIFORM_CONTROL_OUTPUT/replicate_06/logs/ALNS-CVaR.csv",31749
"frozen_outputs/R3_UNIFORM_CONTROL_OUTPUT/replicate_06/logs/ALNS-Mean.csv",32318
"frozen_outputs/R3_UNIFORM_CONTROL_OUTPUT/replicate_06/logs/ALNS-Nominal.csv",15160
"frozen_outputs/R3_UNIFORM_CONTROL_OUTPUT/replicate_06/logs/Uniform-CVaR-FFseed_search.csv",20789
"frozen_outputs/R3_UNIFORM_CONTROL_OUTPUT/replicate_06/logs/Uniform-CVaR-FFseed_training.csv",237
"frozen_outputs/R3_UNIFORM_CONTROL_OUTPUT/replicate_06/logs/Uniform-CVaR-GRUseed_search.csv",18342
"frozen_outputs/R3_UNIFORM_CONTROL_OUTPUT/replicate_06/logs/Uniform-CVaR-GRUseed_training.csv",237
"frozen_outputs/R3_UNIFORM_CONTROL_OUTPUT/replicate_06/logs/Uniform-Mean-FFseed_search.csv",20890
"frozen_outputs/R3_UNIFORM_CONTROL_OUTPUT/replicate_06/logs/Uniform-Mean-FFseed_training.csv",237
"frozen_outputs/R3_UNIFORM_CONTROL_OUTPUT/replicate_06/logs/Uniform-Mean-GRUseed_search.csv",22561
"frozen_outputs/R3_UNIFORM_CONTROL_OUTPUT/replicate_06/logs/Uniform-Mean-GRUseed_training.csv",237
"frozen_outputs/R3_UNIFORM_CONTROL_OUTPUT/replicate_06/metadata/scenario_banks.json",208
"frozen_outputs/R3_UNIFORM_CONTROL_OUTPUT/replicate_06/models/Uniform-CVaR-FFseed.pt",940
"frozen_outputs/R3_UNIFORM_CONTROL_OUTPUT/replicate_06/models/Uniform-CVaR-GRUseed.pt",944
"frozen_outputs/R3_UNIFORM_CONTROL_OUTPUT/replicate_06/models/Uniform-Mean-FFseed.pt",940
"frozen_outputs/R3_UNIFORM_CONTROL_OUTPUT/replicate_06/models/Uniform-Mean-GRUseed.pt",944
"frozen_outputs/R3_UNIFORM_CONTROL_OUTPUT/replicate_06/paired/paired_comparisons.csv",1510
"frozen_outputs/R3_UNIFORM_CONTROL_OUTPUT/replicate_06/paired/per_scenario_tardiness.csv",230958
"frozen_outputs/R3_UNIFORM_CONTROL_OUTPUT/replicate_06/routes/ALNS-CVaR.json",749
"frozen_outputs/R3_UNIFORM_CONTROL_OUTPUT/replicate_06/routes/ALNS-Mean.json",749
"frozen_outputs/R3_UNIFORM_CONTROL_OUTPUT/replicate_06/routes/ALNS-Nominal.json",749
"frozen_outputs/R3_UNIFORM_CONTROL_OUTPUT/replicate_06/routes/OR-Tools.json",749
"frozen_outputs/R3_UNIFORM_CONTROL_OUTPUT/replicate_06/routes/Uniform-CVaR-FFseed.json",749
"frozen_outputs/R3_UNIFORM_CONTROL_OUTPUT/replicate_06/routes/Uniform-CVaR-GRUseed.json",749
"frozen_outputs/R3_UNIFORM_CONTROL_OUTPUT/replicate_06/routes/Uniform-Mean-FFseed.json",749
"frozen_outputs/R3_UNIFORM_CONTROL_OUTPUT/replicate_06/routes/Uniform-Mean-GRUseed.json",749
"frozen_outputs/R3_UNIFORM_CONTROL_OUTPUT/replicate_06/summary.csv",2801
"frozen_outputs/R3_UNIFORM_CONTROL_OUTPUT/replicate_07/R3_FAST_SMOKE_REPORT.json",1993
"frozen_outputs/R3_UNIFORM_CONTROL_OUTPUT/replicate_07/UNIFORM_CONTROL_METADATA.json",899
"frozen_outputs/R3_UNIFORM_CONTROL_OUTPUT/replicate_07/budget_audit.csv",711
"frozen_outputs/R3_UNIFORM_CONTROL_OUTPUT/replicate_07/logs/ALNS-CVaR.csv",33348
"frozen_outputs/R3_UNIFORM_CONTROL_OUTPUT/replicate_07/logs/ALNS-Mean.csv",32501
"frozen_outputs/R3_UNIFORM_CONTROL_OUTPUT/replicate_07/logs/ALNS-Nominal.csv",16991
"frozen_outputs/R3_UNIFORM_CONTROL_OUTPUT/replicate_07/logs/Uniform-CVaR-FFseed_search.csv",19188
"frozen_outputs/R3_UNIFORM_CONTROL_OUTPUT/replicate_07/logs/Uniform-CVaR-FFseed_training.csv",237
"frozen_outputs/R3_UNIFORM_CONTROL_OUTPUT/replicate_07/logs/Uniform-CVaR-GRUseed_search.csv",19046
"frozen_outputs/R3_UNIFORM_CONTROL_OUTPUT/replicate_07/logs/Uniform-CVaR-GRUseed_training.csv",237
"frozen_outputs/R3_UNIFORM_CONTROL_OUTPUT/replicate_07/logs/Uniform-Mean-FFseed_search.csv",20109
"frozen_outputs/R3_UNIFORM_CONTROL_OUTPUT/replicate_07/logs/Uniform-Mean-FFseed_training.csv",237
"frozen_outputs/R3_UNIFORM_CONTROL_OUTPUT/replicate_07/logs/Uniform-Mean-GRUseed_search.csv",21172
"frozen_outputs/R3_UNIFORM_CONTROL_OUTPUT/replicate_07/logs/Uniform-Mean-GRUseed_training.csv",237
"frozen_outputs/R3_UNIFORM_CONTROL_OUTPUT/replicate_07/metadata/scenario_banks.json",208
"frozen_outputs/R3_UNIFORM_CONTROL_OUTPUT/replicate_07/models/Uniform-CVaR-FFseed.pt",940
"frozen_outputs/R3_UNIFORM_CONTROL_OUTPUT/replicate_07/models/Uniform-CVaR-GRUseed.pt",944
"frozen_outputs/R3_UNIFORM_CONTROL_OUTPUT/replicate_07/models/Uniform-Mean-FFseed.pt",940
"frozen_outputs/R3_UNIFORM_CONTROL_OUTPUT/replicate_07/models/Uniform-Mean-GRUseed.pt",944
"frozen_outputs/R3_UNIFORM_CONTROL_OUTPUT/replicate_07/paired/paired_comparisons.csv",1542
"frozen_outputs/R3_UNIFORM_CONTROL_OUTPUT/replicate_07/paired/per_scenario_tardiness.csv",235159
"frozen_outputs/R3_UNIFORM_CONTROL_OUTPUT/replicate_07/routes/ALNS-CVaR.json",749
"frozen_outputs/R3_UNIFORM_CONTROL_OUTPUT/replicate_07/routes/ALNS-Mean.json",749
"frozen_outputs/R3_UNIFORM_CONTROL_OUTPUT/replicate_07/routes/ALNS-Nominal.json",749
"frozen_outputs/R3_UNIFORM_CONTROL_OUTPUT/replicate_07/routes/OR-Tools.json",749
"frozen_outputs/R3_UNIFORM_CONTROL_OUTPUT/replicate_07/routes/Uniform-CVaR-FFseed.json",749
"frozen_outputs/R3_UNIFORM_CONTROL_OUTPUT/replicate_07/routes/Uniform-CVaR-GRUseed.json",749
"frozen_outputs/R3_UNIFORM_CONTROL_OUTPUT/replicate_07/routes/Uniform-Mean-FFseed.json",749
"frozen_outputs/R3_UNIFORM_CONTROL_OUTPUT/replicate_07/routes/Uniform-Mean-GRUseed.json",749
"frozen_outputs/R3_UNIFORM_CONTROL_OUTPUT/replicate_07/summary.csv",2818
"frozen_outputs/R3_UNIFORM_CONTROL_OUTPUT/replicate_08/R3_FAST_SMOKE_REPORT.json",1993
"frozen_outputs/R3_UNIFORM_CONTROL_OUTPUT/replicate_08/UNIFORM_CONTROL_METADATA.json",899
"frozen_outputs/R3_UNIFORM_CONTROL_OUTPUT/replicate_08/budget_audit.csv",708
"frozen_outputs/R3_UNIFORM_CONTROL_OUTPUT/replicate_08/logs/ALNS-CVaR.csv",32049
"frozen_outputs/R3_UNIFORM_CONTROL_OUTPUT/replicate_08/logs/ALNS-Mean.csv",34414
"frozen_outputs/R3_UNIFORM_CONTROL_OUTPUT/replicate_08/logs/ALNS-Nominal.csv",16229
"frozen_outputs/R3_UNIFORM_CONTROL_OUTPUT/replicate_08/logs/Uniform-CVaR-FFseed_search.csv",18801
"frozen_outputs/R3_UNIFORM_CONTROL_OUTPUT/replicate_08/logs/Uniform-CVaR-FFseed_training.csv",237
"frozen_outputs/R3_UNIFORM_CONTROL_OUTPUT/replicate_08/logs/Uniform-CVaR-GRUseed_search.csv",19377
"frozen_outputs/R3_UNIFORM_CONTROL_OUTPUT/replicate_08/logs/Uniform-CVaR-GRUseed_training.csv",237
"frozen_outputs/R3_UNIFORM_CONTROL_OUTPUT/replicate_08/logs/Uniform-Mean-FFseed_search.csv",18865
"frozen_outputs/R3_UNIFORM_CONTROL_OUTPUT/replicate_08/logs/Uniform-Mean-FFseed_training.csv",237
"frozen_outputs/R3_UNIFORM_CONTROL_OUTPUT/replicate_08/logs/Uniform-Mean-GRUseed_search.csv",19609
"frozen_outputs/R3_UNIFORM_CONTROL_OUTPUT/replicate_08/logs/Uniform-Mean-GRUseed_training.csv",237
"frozen_outputs/R3_UNIFORM_CONTROL_OUTPUT/replicate_08/metadata/scenario_banks.json",208
"frozen_outputs/R3_UNIFORM_CONTROL_OUTPUT/replicate_08/models/Uniform-CVaR-FFseed.pt",940
"frozen_outputs/R3_UNIFORM_CONTROL_OUTPUT/replicate_08/models/Uniform-CVaR-GRUseed.pt",944
"frozen_outputs/R3_UNIFORM_CONTROL_OUTPUT/replicate_08/models/Uniform-Mean-FFseed.pt",940
"frozen_outputs/R3_UNIFORM_CONTROL_OUTPUT/replicate_08/models/Uniform-Mean-GRUseed.pt",944
"frozen_outputs/R3_UNIFORM_CONTROL_OUTPUT/replicate_08/paired/paired_comparisons.csv",1500
"frozen_outputs/R3_UNIFORM_CONTROL_OUTPUT/replicate_08/paired/per_scenario_tardiness.csv",234840
"frozen_outputs/R3_UNIFORM_CONTROL_OUTPUT/replicate_08/routes/ALNS-CVaR.json",749
"frozen_outputs/R3_UNIFORM_CONTROL_OUTPUT/replicate_08/routes/ALNS-Mean.json",749
"frozen_outputs/R3_UNIFORM_CONTROL_OUTPUT/replicate_08/routes/ALNS-Nominal.json",749
"frozen_outputs/R3_UNIFORM_CONTROL_OUTPUT/replicate_08/routes/OR-Tools.json",749
"frozen_outputs/R3_UNIFORM_CONTROL_OUTPUT/replicate_08/routes/Uniform-CVaR-FFseed.json",749
"frozen_outputs/R3_UNIFORM_CONTROL_OUTPUT/replicate_08/routes/Uniform-CVaR-GRUseed.json",749
"frozen_outputs/R3_UNIFORM_CONTROL_OUTPUT/replicate_08/routes/Uniform-Mean-FFseed.json",749
"frozen_outputs/R3_UNIFORM_CONTROL_OUTPUT/replicate_08/routes/Uniform-Mean-GRUseed.json",749
"frozen_outputs/R3_UNIFORM_CONTROL_OUTPUT/replicate_08/summary.csv",2811
"frozen_outputs/R3_UNIFORM_CONTROL_OUTPUT/replicate_09/R3_FAST_SMOKE_REPORT.json",1992
"frozen_outputs/R3_UNIFORM_CONTROL_OUTPUT/replicate_09/UNIFORM_CONTROL_METADATA.json",899
"frozen_outputs/R3_UNIFORM_CONTROL_OUTPUT/replicate_09/budget_audit.csv",708
"frozen_outputs/R3_UNIFORM_CONTROL_OUTPUT/replicate_09/logs/ALNS-CVaR.csv",31694
"frozen_outputs/R3_UNIFORM_CONTROL_OUTPUT/replicate_09/logs/ALNS-Mean.csv",35779
"frozen_outputs/R3_UNIFORM_CONTROL_OUTPUT/replicate_09/logs/ALNS-Nominal.csv",16800
"frozen_outputs/R3_UNIFORM_CONTROL_OUTPUT/replicate_09/logs/Uniform-CVaR-FFseed_search.csv",19337
"frozen_outputs/R3_UNIFORM_CONTROL_OUTPUT/replicate_09/logs/Uniform-CVaR-FFseed_training.csv",237
"frozen_outputs/R3_UNIFORM_CONTROL_OUTPUT/replicate_09/logs/Uniform-CVaR-GRUseed_search.csv",18441
"frozen_outputs/R3_UNIFORM_CONTROL_OUTPUT/replicate_09/logs/Uniform-CVaR-GRUseed_training.csv",237
"frozen_outputs/R3_UNIFORM_CONTROL_OUTPUT/replicate_09/logs/Uniform-Mean-FFseed_search.csv",20221
"frozen_outputs/R3_UNIFORM_CONTROL_OUTPUT/replicate_09/logs/Uniform-Mean-FFseed_training.csv",237
"frozen_outputs/R3_UNIFORM_CONTROL_OUTPUT/replicate_09/logs/Uniform-Mean-GRUseed_search.csv",22110
"frozen_outputs/R3_UNIFORM_CONTROL_OUTPUT/replicate_09/logs/Uniform-Mean-GRUseed_training.csv",237
"frozen_outputs/R3_UNIFORM_CONTROL_OUTPUT/replicate_09/metadata/scenario_banks.json",208
"frozen_outputs/R3_UNIFORM_CONTROL_OUTPUT/replicate_09/models/Uniform-CVaR-FFseed.pt",940
"frozen_outputs/R3_UNIFORM_CONTROL_OUTPUT/replicate_09/models/Uniform-CVaR-GRUseed.pt",944
"frozen_outputs/R3_UNIFORM_CONTROL_OUTPUT/replicate_09/models/Uniform-Mean-FFseed.pt",940
"frozen_outputs/R3_UNIFORM_CONTROL_OUTPUT/replicate_09/models/Uniform-Mean-GRUseed.pt",944
"frozen_outputs/R3_UNIFORM_CONTROL_OUTPUT/replicate_09/paired/paired_comparisons.csv",1505
"frozen_outputs/R3_UNIFORM_CONTROL_OUTPUT/replicate_09/paired/per_scenario_tardiness.csv",227279
"frozen_outputs/R3_UNIFORM_CONTROL_OUTPUT/replicate_09/routes/ALNS-CVaR.json",749
"frozen_outputs/R3_UNIFORM_CONTROL_OUTPUT/replicate_09/routes/ALNS-Mean.json",749
"frozen_outputs/R3_UNIFORM_CONTROL_OUTPUT/replicate_09/routes/ALNS-Nominal.json",749
"frozen_outputs/R3_UNIFORM_CONTROL_OUTPUT/replicate_09/routes/OR-Tools.json",749
"frozen_outputs/R3_UNIFORM_CONTROL_OUTPUT/replicate_09/routes/Uniform-CVaR-FFseed.json",749
"frozen_outputs/R3_UNIFORM_CONTROL_OUTPUT/replicate_09/routes/Uniform-CVaR-GRUseed.json",749
"frozen_outputs/R3_UNIFORM_CONTROL_OUTPUT/replicate_09/routes/Uniform-Mean-FFseed.json",749
"frozen_outputs/R3_UNIFORM_CONTROL_OUTPUT/replicate_09/routes/Uniform-Mean-GRUseed.json",749
"frozen_outputs/R3_UNIFORM_CONTROL_OUTPUT/replicate_09/summary.csv",2813
"frozen_outputs/R3_UNIFORM_CONTROL_OUTPUT/replicate_10/R3_FAST_SMOKE_REPORT.json",1993
"frozen_outputs/R3_UNIFORM_CONTROL_OUTPUT/replicate_10/UNIFORM_CONTROL_METADATA.json",900
"frozen_outputs/R3_UNIFORM_CONTROL_OUTPUT/replicate_10/budget_audit.csv",711
"frozen_outputs/R3_UNIFORM_CONTROL_OUTPUT/replicate_10/logs/ALNS-CVaR.csv",32760
"frozen_outputs/R3_UNIFORM_CONTROL_OUTPUT/replicate_10/logs/ALNS-Mean.csv",34146
"frozen_outputs/R3_UNIFORM_CONTROL_OUTPUT/replicate_10/logs/ALNS-Nominal.csv",16479
"frozen_outputs/R3_UNIFORM_CONTROL_OUTPUT/replicate_10/logs/Uniform-CVaR-FFseed_search.csv",21688
"frozen_outputs/R3_UNIFORM_CONTROL_OUTPUT/replicate_10/logs/Uniform-CVaR-FFseed_training.csv",237
"frozen_outputs/R3_UNIFORM_CONTROL_OUTPUT/replicate_10/logs/Uniform-CVaR-GRUseed_search.csv",18881
"frozen_outputs/R3_UNIFORM_CONTROL_OUTPUT/replicate_10/logs/Uniform-CVaR-GRUseed_training.csv",237
"frozen_outputs/R3_UNIFORM_CONTROL_OUTPUT/replicate_10/logs/Uniform-Mean-FFseed_search.csv",19898
"frozen_outputs/R3_UNIFORM_CONTROL_OUTPUT/replicate_10/logs/Uniform-Mean-FFseed_training.csv",237
"frozen_outputs/R3_UNIFORM_CONTROL_OUTPUT/replicate_10/logs/Uniform-Mean-GRUseed_search.csv",23234
"frozen_outputs/R3_UNIFORM_CONTROL_OUTPUT/replicate_10/logs/Uniform-Mean-GRUseed_training.csv",237
"frozen_outputs/R3_UNIFORM_CONTROL_OUTPUT/replicate_10/metadata/scenario_banks.json",208
"frozen_outputs/R3_UNIFORM_CONTROL_OUTPUT/replicate_10/models/Uniform-CVaR-FFseed.pt",940
"frozen_outputs/R3_UNIFORM_CONTROL_OUTPUT/replicate_10/models/Uniform-CVaR-GRUseed.pt",944
"frozen_outputs/R3_UNIFORM_CONTROL_OUTPUT/replicate_10/models/Uniform-Mean-FFseed.pt",940
"frozen_outputs/R3_UNIFORM_CONTROL_OUTPUT/replicate_10/models/Uniform-Mean-GRUseed.pt",944
"frozen_outputs/R3_UNIFORM_CONTROL_OUTPUT/replicate_10/paired/paired_comparisons.csv",1505
"frozen_outputs/R3_UNIFORM_CONTROL_OUTPUT/replicate_10/paired/per_scenario_tardiness.csv",238128
"frozen_outputs/R3_UNIFORM_CONTROL_OUTPUT/replicate_10/routes/ALNS-CVaR.json",749
"frozen_outputs/R3_UNIFORM_CONTROL_OUTPUT/replicate_10/routes/ALNS-Mean.json",749
"frozen_outputs/R3_UNIFORM_CONTROL_OUTPUT/replicate_10/routes/ALNS-Nominal.json",749
"frozen_outputs/R3_UNIFORM_CONTROL_OUTPUT/replicate_10/routes/OR-Tools.json",749
"frozen_outputs/R3_UNIFORM_CONTROL_OUTPUT/replicate_10/routes/Uniform-CVaR-FFseed.json",749
"frozen_outputs/R3_UNIFORM_CONTROL_OUTPUT/replicate_10/routes/Uniform-CVaR-GRUseed.json",749
"frozen_outputs/R3_UNIFORM_CONTROL_OUTPUT/replicate_10/routes/Uniform-Mean-FFseed.json",749
"frozen_outputs/R3_UNIFORM_CONTROL_OUTPUT/replicate_10/routes/Uniform-Mean-GRUseed.json",749
"frozen_outputs/R3_UNIFORM_CONTROL_OUTPUT/replicate_10/summary.csv",2824
"frozen_outputs/R3_UNIFORM_LOGS/replicate_02.log",2573
"frozen_outputs/R3_UNIFORM_LOGS/replicate_03.log",2573
"frozen_outputs/R3_UNIFORM_LOGS/replicate_04.log",2573
"frozen_outputs/R3_UNIFORM_LOGS/replicate_05.log",2573
"frozen_outputs/R3_UNIFORM_LOGS/replicate_06.log",2573
"frozen_outputs/R3_UNIFORM_LOGS/replicate_07.log",2573
"frozen_outputs/R3_UNIFORM_LOGS/replicate_08.log",2573
"frozen_outputs/R3_UNIFORM_LOGS/replicate_09.log",2573
"frozen_outputs/R3_UNIFORM_LOGS/replicate_10.log",2573
"frozen_outputs/R3_VAL5_LOGS/replicate_02.log",2334
"frozen_outputs/R3_VAL5_LOGS/replicate_03.log",2334
"frozen_outputs/R3_VAL5_LOGS/replicate_04.log",2334
"frozen_outputs/R3_VAL5_LOGS/replicate_05.log",2334
"frozen_outputs/R3_VAL5_LOGS/replicate_06.log",2334
"frozen_outputs/R3_VAL5_LOGS/replicate_07.log",2334
"frozen_outputs/R3_VAL5_LOGS/replicate_08.log",2334
"frozen_outputs/R3_VAL5_LOGS/replicate_09.log",2334
"frozen_outputs/R3_VAL5_LOGS/replicate_10.log",2334
"frozen_outputs/R4D_CONFIRMATORY_MULTISEED_OUTPUT/R4D_ALL_RAW_RESULTS.csv",30660
"frozen_outputs/R4D_CONFIRMATORY_MULTISEED_OUTPUT/R4D_CONFIRMATORY_ANALYSIS.txt",3389
"frozen_outputs/R4D_CONFIRMATORY_MULTISEED_OUTPUT/R4D_CONFIRMATORY_ANALYSIS_REPORT.json",720
"frozen_outputs/R4D_CONFIRMATORY_MULTISEED_OUTPUT/R4D_CONFIRMATORY_STATISTICS.csv",2606
"frozen_outputs/R4D_CONFIRMATORY_MULTISEED_OUTPUT/R4D_METHOD_AGGREGATES.csv",2462
"frozen_outputs/R4D_CONFIRMATORY_MULTISEED_OUTPUT/R4D_PAIRED_CONTRASTS_RAW.csv",2765
"frozen_outputs/R4D_CONFIRMATORY_MULTISEED_OUTPUT/logs/replicate_01.log",1728
"frozen_outputs/R4D_CONFIRMATORY_MULTISEED_OUTPUT/logs/replicate_02.log",1675
"frozen_outputs/R4D_CONFIRMATORY_MULTISEED_OUTPUT/logs/replicate_02.status",2
"frozen_outputs/R4D_CONFIRMATORY_MULTISEED_OUTPUT/logs/replicate_03.log",1674
"frozen_outputs/R4D_CONFIRMATORY_MULTISEED_OUTPUT/logs/replicate_03.status",2
"frozen_outputs/R4D_CONFIRMATORY_MULTISEED_OUTPUT/logs/replicate_04.log",1675
"frozen_outputs/R4D_CONFIRMATORY_MULTISEED_OUTPUT/logs/replicate_04.status",2
"frozen_outputs/R4D_CONFIRMATORY_MULTISEED_OUTPUT/logs/replicate_05.log",1672
"frozen_outputs/R4D_CONFIRMATORY_MULTISEED_OUTPUT/logs/replicate_05.status",2
"frozen_outputs/R4D_CONFIRMATORY_MULTISEED_OUTPUT/logs/replicate_06.log",1676
"frozen_outputs/R4D_CONFIRMATORY_MULTISEED_OUTPUT/logs/replicate_06.status",2
"frozen_outputs/R4D_CONFIRMATORY_MULTISEED_OUTPUT/logs/replicate_07.log",1675
"frozen_outputs/R4D_CONFIRMATORY_MULTISEED_OUTPUT/logs/replicate_07.status",2
"frozen_outputs/R4D_CONFIRMATORY_MULTISEED_OUTPUT/logs/replicate_08.log",1675
"frozen_outputs/R4D_CONFIRMATORY_MULTISEED_OUTPUT/logs/replicate_08.status",2
"frozen_outputs/R4D_CONFIRMATORY_MULTISEED_OUTPUT/logs/replicate_09.log",1675
"frozen_outputs/R4D_CONFIRMATORY_MULTISEED_OUTPUT/logs/replicate_09.status",2
"frozen_outputs/R4D_CONFIRMATORY_MULTISEED_OUTPUT/logs/replicate_10.log",1676
"frozen_outputs/R4D_CONFIRMATORY_MULTISEED_OUTPUT/logs/replicate_10.status",2
"frozen_outputs/R4D_CONFIRMATORY_MULTISEED_OUTPUT/replicate_01/contrasts.csv",387
"frozen_outputs/R4D_CONFIRMATORY_MULTISEED_OUTPUT/replicate_01/per_scenario_tardiness.csv",108107
"frozen_outputs/R4D_CONFIRMATORY_MULTISEED_OUTPUT/replicate_01/report.json",603
"frozen_outputs/R4D_CONFIRMATORY_MULTISEED_OUTPUT/replicate_01/routes/eta_0p00/ALNS-CVaR.json",749
"frozen_outputs/R4D_CONFIRMATORY_MULTISEED_OUTPUT/replicate_01/routes/eta_0p00/ALNS-Mean.json",749
"frozen_outputs/R4D_CONFIRMATORY_MULTISEED_OUTPUT/replicate_01/routes/eta_0p00/OR-Tools.json",749
"frozen_outputs/R4D_CONFIRMATORY_MULTISEED_OUTPUT/replicate_01/routes/eta_0p35/ALNS-CVaR.json",749
"frozen_outputs/R4D_CONFIRMATORY_MULTISEED_OUTPUT/replicate_01/routes/eta_0p35/ALNS-Mean.json",749
"frozen_outputs/R4D_CONFIRMATORY_MULTISEED_OUTPUT/replicate_01/routes/eta_0p35/OR-Tools.json",749
"frozen_outputs/R4D_CONFIRMATORY_MULTISEED_OUTPUT/replicate_01/routes/eta_0p70/ALNS-CVaR.json",749
"frozen_outputs/R4D_CONFIRMATORY_MULTISEED_OUTPUT/replicate_01/routes/eta_0p70/ALNS-Mean.json",749
"frozen_outputs/R4D_CONFIRMATORY_MULTISEED_OUTPUT/replicate_01/routes/eta_0p70/OR-Tools.json",749
"frozen_outputs/R4D_CONFIRMATORY_MULTISEED_OUTPUT/replicate_01/summary.csv",3439
"frozen_outputs/R4D_CONFIRMATORY_MULTISEED_OUTPUT/replicate_02/contrasts.csv",384
"frozen_outputs/R4D_CONFIRMATORY_MULTISEED_OUTPUT/replicate_02/per_scenario_tardiness.csv",98265
"frozen_outputs/R4D_CONFIRMATORY_MULTISEED_OUTPUT/replicate_02/report.json",607
"frozen_outputs/R4D_CONFIRMATORY_MULTISEED_OUTPUT/replicate_02/routes/eta_0p00/ALNS-CVaR.json",749
"frozen_outputs/R4D_CONFIRMATORY_MULTISEED_OUTPUT/replicate_02/routes/eta_0p00/ALNS-Mean.json",749
"frozen_outputs/R4D_CONFIRMATORY_MULTISEED_OUTPUT/replicate_02/routes/eta_0p00/OR-Tools.json",749
"frozen_outputs/R4D_CONFIRMATORY_MULTISEED_OUTPUT/replicate_02/routes/eta_0p35/ALNS-CVaR.json",749
"frozen_outputs/R4D_CONFIRMATORY_MULTISEED_OUTPUT/replicate_02/routes/eta_0p35/ALNS-Mean.json",749
"frozen_outputs/R4D_CONFIRMATORY_MULTISEED_OUTPUT/replicate_02/routes/eta_0p35/OR-Tools.json",749
"frozen_outputs/R4D_CONFIRMATORY_MULTISEED_OUTPUT/replicate_02/routes/eta_0p70/ALNS-CVaR.json",749
"frozen_outputs/R4D_CONFIRMATORY_MULTISEED_OUTPUT/replicate_02/routes/eta_0p70/ALNS-Mean.json",749
"frozen_outputs/R4D_CONFIRMATORY_MULTISEED_OUTPUT/replicate_02/routes/eta_0p70/OR-Tools.json",749
"frozen_outputs/R4D_CONFIRMATORY_MULTISEED_OUTPUT/replicate_02/summary.csv",3452
"frozen_outputs/R4D_CONFIRMATORY_MULTISEED_OUTPUT/replicate_03/contrasts.csv",385
"frozen_outputs/R4D_CONFIRMATORY_MULTISEED_OUTPUT/replicate_03/per_scenario_tardiness.csv",89989
"frozen_outputs/R4D_CONFIRMATORY_MULTISEED_OUTPUT/replicate_03/report.json",607
"frozen_outputs/R4D_CONFIRMATORY_MULTISEED_OUTPUT/replicate_03/routes/eta_0p00/ALNS-CVaR.json",749
"frozen_outputs/R4D_CONFIRMATORY_MULTISEED_OUTPUT/replicate_03/routes/eta_0p00/ALNS-Mean.json",749
"frozen_outputs/R4D_CONFIRMATORY_MULTISEED_OUTPUT/replicate_03/routes/eta_0p00/OR-Tools.json",749
"frozen_outputs/R4D_CONFIRMATORY_MULTISEED_OUTPUT/replicate_03/routes/eta_0p35/ALNS-CVaR.json",749
"frozen_outputs/R4D_CONFIRMATORY_MULTISEED_OUTPUT/replicate_03/routes/eta_0p35/ALNS-Mean.json",749
"frozen_outputs/R4D_CONFIRMATORY_MULTISEED_OUTPUT/replicate_03/routes/eta_0p35/OR-Tools.json",749
"frozen_outputs/R4D_CONFIRMATORY_MULTISEED_OUTPUT/replicate_03/routes/eta_0p70/ALNS-CVaR.json",749
"frozen_outputs/R4D_CONFIRMATORY_MULTISEED_OUTPUT/replicate_03/routes/eta_0p70/ALNS-Mean.json",749
"frozen_outputs/R4D_CONFIRMATORY_MULTISEED_OUTPUT/replicate_03/routes/eta_0p70/OR-Tools.json",749
"frozen_outputs/R4D_CONFIRMATORY_MULTISEED_OUTPUT/replicate_03/summary.csv",3481
"frozen_outputs/R4D_CONFIRMATORY_MULTISEED_OUTPUT/replicate_04/contrasts.csv",387
"frozen_outputs/R4D_CONFIRMATORY_MULTISEED_OUTPUT/replicate_04/per_scenario_tardiness.csv",102542
"frozen_outputs/R4D_CONFIRMATORY_MULTISEED_OUTPUT/replicate_04/report.json",607
"frozen_outputs/R4D_CONFIRMATORY_MULTISEED_OUTPUT/replicate_04/routes/eta_0p00/ALNS-CVaR.json",749
"frozen_outputs/R4D_CONFIRMATORY_MULTISEED_OUTPUT/replicate_04/routes/eta_0p00/ALNS-Mean.json",749
"frozen_outputs/R4D_CONFIRMATORY_MULTISEED_OUTPUT/replicate_04/routes/eta_0p00/OR-Tools.json",749
"frozen_outputs/R4D_CONFIRMATORY_MULTISEED_OUTPUT/replicate_04/routes/eta_0p35/ALNS-CVaR.json",749
"frozen_outputs/R4D_CONFIRMATORY_MULTISEED_OUTPUT/replicate_04/routes/eta_0p35/ALNS-Mean.json",749
"frozen_outputs/R4D_CONFIRMATORY_MULTISEED_OUTPUT/replicate_04/routes/eta_0p35/OR-Tools.json",749
"frozen_outputs/R4D_CONFIRMATORY_MULTISEED_OUTPUT/replicate_04/routes/eta_0p70/ALNS-CVaR.json",749
"frozen_outputs/R4D_CONFIRMATORY_MULTISEED_OUTPUT/replicate_04/routes/eta_0p70/ALNS-Mean.json",749
"frozen_outputs/R4D_CONFIRMATORY_MULTISEED_OUTPUT/replicate_04/routes/eta_0p70/OR-Tools.json",749
"frozen_outputs/R4D_CONFIRMATORY_MULTISEED_OUTPUT/replicate_04/summary.csv",3476
"frozen_outputs/R4D_CONFIRMATORY_MULTISEED_OUTPUT/replicate_05/contrasts.csv",393
"frozen_outputs/R4D_CONFIRMATORY_MULTISEED_OUTPUT/replicate_05/per_scenario_tardiness.csv",101510
"frozen_outputs/R4D_CONFIRMATORY_MULTISEED_OUTPUT/replicate_05/report.json",607
"frozen_outputs/R4D_CONFIRMATORY_MULTISEED_OUTPUT/replicate_05/routes/eta_0p00/ALNS-CVaR.json",749
"frozen_outputs/R4D_CONFIRMATORY_MULTISEED_OUTPUT/replicate_05/routes/eta_0p00/ALNS-Mean.json",749
"frozen_outputs/R4D_CONFIRMATORY_MULTISEED_OUTPUT/replicate_05/routes/eta_0p00/OR-Tools.json",749
"frozen_outputs/R4D_CONFIRMATORY_MULTISEED_OUTPUT/replicate_05/routes/eta_0p35/ALNS-CVaR.json",749
"frozen_outputs/R4D_CONFIRMATORY_MULTISEED_OUTPUT/replicate_05/routes/eta_0p35/ALNS-Mean.json",749
"frozen_outputs/R4D_CONFIRMATORY_MULTISEED_OUTPUT/replicate_05/routes/eta_0p35/OR-Tools.json",749
"frozen_outputs/R4D_CONFIRMATORY_MULTISEED_OUTPUT/replicate_05/routes/eta_0p70/ALNS-CVaR.json",749
"frozen_outputs/R4D_CONFIRMATORY_MULTISEED_OUTPUT/replicate_05/routes/eta_0p70/ALNS-Mean.json",749
"frozen_outputs/R4D_CONFIRMATORY_MULTISEED_OUTPUT/replicate_05/routes/eta_0p70/OR-Tools.json",749
"frozen_outputs/R4D_CONFIRMATORY_MULTISEED_OUTPUT/replicate_05/summary.csv",3504
"frozen_outputs/R4D_CONFIRMATORY_MULTISEED_OUTPUT/replicate_06/contrasts.csv",386
"frozen_outputs/R4D_CONFIRMATORY_MULTISEED_OUTPUT/replicate_06/per_scenario_tardiness.csv",99933
"frozen_outputs/R4D_CONFIRMATORY_MULTISEED_OUTPUT/replicate_06/report.json",607
"frozen_outputs/R4D_CONFIRMATORY_MULTISEED_OUTPUT/replicate_06/routes/eta_0p00/ALNS-CVaR.json",749
"frozen_outputs/R4D_CONFIRMATORY_MULTISEED_OUTPUT/replicate_06/routes/eta_0p00/ALNS-Mean.json",749
"frozen_outputs/R4D_CONFIRMATORY_MULTISEED_OUTPUT/replicate_06/routes/eta_0p00/OR-Tools.json",749
"frozen_outputs/R4D_CONFIRMATORY_MULTISEED_OUTPUT/replicate_06/routes/eta_0p35/ALNS-CVaR.json",749
"frozen_outputs/R4D_CONFIRMATORY_MULTISEED_OUTPUT/replicate_06/routes/eta_0p35/ALNS-Mean.json",749
"frozen_outputs/R4D_CONFIRMATORY_MULTISEED_OUTPUT/replicate_06/routes/eta_0p35/OR-Tools.json",749
"frozen_outputs/R4D_CONFIRMATORY_MULTISEED_OUTPUT/replicate_06/routes/eta_0p70/ALNS-CVaR.json",749
"frozen_outputs/R4D_CONFIRMATORY_MULTISEED_OUTPUT/replicate_06/routes/eta_0p70/ALNS-Mean.json",749
"frozen_outputs/R4D_CONFIRMATORY_MULTISEED_OUTPUT/replicate_06/routes/eta_0p70/OR-Tools.json",749
"frozen_outputs/R4D_CONFIRMATORY_MULTISEED_OUTPUT/replicate_06/summary.csv",3486
"frozen_outputs/R4D_CONFIRMATORY_MULTISEED_OUTPUT/replicate_07/contrasts.csv",390
"frozen_outputs/R4D_CONFIRMATORY_MULTISEED_OUTPUT/replicate_07/per_scenario_tardiness.csv",104207
"frozen_outputs/R4D_CONFIRMATORY_MULTISEED_OUTPUT/replicate_07/report.json",607
"frozen_outputs/R4D_CONFIRMATORY_MULTISEED_OUTPUT/replicate_07/routes/eta_0p00/ALNS-CVaR.json",749
"frozen_outputs/R4D_CONFIRMATORY_MULTISEED_OUTPUT/replicate_07/routes/eta_0p00/ALNS-Mean.json",749
"frozen_outputs/R4D_CONFIRMATORY_MULTISEED_OUTPUT/replicate_07/routes/eta_0p00/OR-Tools.json",749
"frozen_outputs/R4D_CONFIRMATORY_MULTISEED_OUTPUT/replicate_07/routes/eta_0p35/ALNS-CVaR.json",749
"frozen_outputs/R4D_CONFIRMATORY_MULTISEED_OUTPUT/replicate_07/routes/eta_0p35/ALNS-Mean.json",749
"frozen_outputs/R4D_CONFIRMATORY_MULTISEED_OUTPUT/replicate_07/routes/eta_0p35/OR-Tools.json",749
"frozen_outputs/R4D_CONFIRMATORY_MULTISEED_OUTPUT/replicate_07/routes/eta_0p70/ALNS-CVaR.json",749
"frozen_outputs/R4D_CONFIRMATORY_MULTISEED_OUTPUT/replicate_07/routes/eta_0p70/ALNS-Mean.json",749
"frozen_outputs/R4D_CONFIRMATORY_MULTISEED_OUTPUT/replicate_07/routes/eta_0p70/OR-Tools.json",749
"frozen_outputs/R4D_CONFIRMATORY_MULTISEED_OUTPUT/replicate_07/summary.csv",3483
"frozen_outputs/R4D_CONFIRMATORY_MULTISEED_OUTPUT/replicate_08/contrasts.csv",383
"frozen_outputs/R4D_CONFIRMATORY_MULTISEED_OUTPUT/replicate_08/per_scenario_tardiness.csv",105663
"frozen_outputs/R4D_CONFIRMATORY_MULTISEED_OUTPUT/replicate_08/report.json",607
"frozen_outputs/R4D_CONFIRMATORY_MULTISEED_OUTPUT/replicate_08/routes/eta_0p00/ALNS-CVaR.json",749
"frozen_outputs/R4D_CONFIRMATORY_MULTISEED_OUTPUT/replicate_08/routes/eta_0p00/ALNS-Mean.json",749
"frozen_outputs/R4D_CONFIRMATORY_MULTISEED_OUTPUT/replicate_08/routes/eta_0p00/OR-Tools.json",749
"frozen_outputs/R4D_CONFIRMATORY_MULTISEED_OUTPUT/replicate_08/routes/eta_0p35/ALNS-CVaR.json",749
"frozen_outputs/R4D_CONFIRMATORY_MULTISEED_OUTPUT/replicate_08/routes/eta_0p35/ALNS-Mean.json",749
"frozen_outputs/R4D_CONFIRMATORY_MULTISEED_OUTPUT/replicate_08/routes/eta_0p35/OR-Tools.json",749
"frozen_outputs/R4D_CONFIRMATORY_MULTISEED_OUTPUT/replicate_08/routes/eta_0p70/ALNS-CVaR.json",749
"frozen_outputs/R4D_CONFIRMATORY_MULTISEED_OUTPUT/replicate_08/routes/eta_0p70/ALNS-Mean.json",749
"frozen_outputs/R4D_CONFIRMATORY_MULTISEED_OUTPUT/replicate_08/routes/eta_0p70/OR-Tools.json",749
"frozen_outputs/R4D_CONFIRMATORY_MULTISEED_OUTPUT/replicate_08/summary.csv",3503
"frozen_outputs/R4D_CONFIRMATORY_MULTISEED_OUTPUT/replicate_09/contrasts.csv",385
"frozen_outputs/R4D_CONFIRMATORY_MULTISEED_OUTPUT/replicate_09/per_scenario_tardiness.csv",96503
"frozen_outputs/R4D_CONFIRMATORY_MULTISEED_OUTPUT/replicate_09/report.json",607
"frozen_outputs/R4D_CONFIRMATORY_MULTISEED_OUTPUT/replicate_09/routes/eta_0p00/ALNS-CVaR.json",749
"frozen_outputs/R4D_CONFIRMATORY_MULTISEED_OUTPUT/replicate_09/routes/eta_0p00/ALNS-Mean.json",749
"frozen_outputs/R4D_CONFIRMATORY_MULTISEED_OUTPUT/replicate_09/routes/eta_0p00/OR-Tools.json",749
"frozen_outputs/R4D_CONFIRMATORY_MULTISEED_OUTPUT/replicate_09/routes/eta_0p35/ALNS-CVaR.json",749
"frozen_outputs/R4D_CONFIRMATORY_MULTISEED_OUTPUT/replicate_09/routes/eta_0p35/ALNS-Mean.json",749
"frozen_outputs/R4D_CONFIRMATORY_MULTISEED_OUTPUT/replicate_09/routes/eta_0p35/OR-Tools.json",749
"frozen_outputs/R4D_CONFIRMATORY_MULTISEED_OUTPUT/replicate_09/routes/eta_0p70/ALNS-CVaR.json",749
"frozen_outputs/R4D_CONFIRMATORY_MULTISEED_OUTPUT/replicate_09/routes/eta_0p70/ALNS-Mean.json",749
"frozen_outputs/R4D_CONFIRMATORY_MULTISEED_OUTPUT/replicate_09/routes/eta_0p70/OR-Tools.json",749
"frozen_outputs/R4D_CONFIRMATORY_MULTISEED_OUTPUT/replicate_09/summary.csv",3486
"frozen_outputs/R4D_CONFIRMATORY_MULTISEED_OUTPUT/replicate_10/contrasts.csv",385
"frozen_outputs/R4D_CONFIRMATORY_MULTISEED_OUTPUT/replicate_10/per_scenario_tardiness.csv",117749
"frozen_outputs/R4D_CONFIRMATORY_MULTISEED_OUTPUT/replicate_10/report.json",608
"frozen_outputs/R4D_CONFIRMATORY_MULTISEED_OUTPUT/replicate_10/routes/eta_0p00/ALNS-CVaR.json",749
"frozen_outputs/R4D_CONFIRMATORY_MULTISEED_OUTPUT/replicate_10/routes/eta_0p00/ALNS-Mean.json",749
"frozen_outputs/R4D_CONFIRMATORY_MULTISEED_OUTPUT/replicate_10/routes/eta_0p00/OR-Tools.json",749
"frozen_outputs/R4D_CONFIRMATORY_MULTISEED_OUTPUT/replicate_10/routes/eta_0p35/ALNS-CVaR.json",749
"frozen_outputs/R4D_CONFIRMATORY_MULTISEED_OUTPUT/replicate_10/routes/eta_0p35/ALNS-Mean.json",749
"frozen_outputs/R4D_CONFIRMATORY_MULTISEED_OUTPUT/replicate_10/routes/eta_0p35/OR-Tools.json",749
"frozen_outputs/R4D_CONFIRMATORY_MULTISEED_OUTPUT/replicate_10/routes/eta_0p70/ALNS-CVaR.json",749
"frozen_outputs/R4D_CONFIRMATORY_MULTISEED_OUTPUT/replicate_10/routes/eta_0p70/ALNS-Mean.json",749
"frozen_outputs/R4D_CONFIRMATORY_MULTISEED_OUTPUT/replicate_10/routes/eta_0p70/OR-Tools.json",749
"frozen_outputs/R4D_CONFIRMATORY_MULTISEED_OUTPUT/replicate_10/summary.csv",3486
"frozen_outputs/R4E1_NOMINAL_CROSSDAY_OUTPUT/R4E1_AGGREGATE_ANALYSIS.txt",3736
"frozen_outputs/R4E1_NOMINAL_CROSSDAY_OUTPUT/R4E1_ALL_RAW_RESULTS.csv",27857
"frozen_outputs/R4E1_NOMINAL_CROSSDAY_OUTPUT/R4E1_ANALYSIS_REPORT.json",739
"frozen_outputs/R4E1_NOMINAL_CROSSDAY_OUTPUT/R4E1_CROSSDAY_STATISTICS.csv",1351
"frozen_outputs/R4E1_NOMINAL_CROSSDAY_OUTPUT/R4E1_DAY_LEVEL_CONTRASTS.csv",1363
"frozen_outputs/R4E1_NOMINAL_CROSSDAY_OUTPUT/R4E1_DAY_METHOD_MEANS.csv",4245
"frozen_outputs/R4E1_NOMINAL_CROSSDAY_OUTPUT/R4E1_METHOD_AGGREGATES.csv",900
"frozen_outputs/R4E1_NOMINAL_CROSSDAY_OUTPUT/R4E1_REPLICATE_CONTRASTS.csv",2728
"frozen_outputs/R4E1_NOMINAL_CROSSDAY_OUTPUT/R4E1_REPLICATE_SIGN_COUNTS_DESCRIPTIVE.csv",279
"frozen_outputs/R4E1_NOMINAL_CROSSDAY_OUTPUT/day_01/replicate_01/contrasts.csv",204
"frozen_outputs/R4E1_NOMINAL_CROSSDAY_OUTPUT/day_01/replicate_01/per_scenario_tardiness.csv",25863
"frozen_outputs/R4E1_NOMINAL_CROSSDAY_OUTPUT/day_01/replicate_01/report.json",323
"frozen_outputs/R4E1_NOMINAL_CROSSDAY_OUTPUT/day_01/replicate_01/routes/ALNS-CVaR.json",749
"frozen_outputs/R4E1_NOMINAL_CROSSDAY_OUTPUT/day_01/replicate_01/routes/ALNS-Mean.json",749
"frozen_outputs/R4E1_NOMINAL_CROSSDAY_OUTPUT/day_01/replicate_01/routes/OR-Tools.json",749
"frozen_outputs/R4E1_NOMINAL_CROSSDAY_OUTPUT/day_01/replicate_01/summary.csv",1443
"frozen_outputs/R4E1_NOMINAL_CROSSDAY_OUTPUT/day_01/replicate_02/contrasts.csv",203
"frozen_outputs/R4E1_NOMINAL_CROSSDAY_OUTPUT/day_01/replicate_02/per_scenario_tardiness.csv",25594
"frozen_outputs/R4E1_NOMINAL_CROSSDAY_OUTPUT/day_01/replicate_02/report.json",323
"frozen_outputs/R4E1_NOMINAL_CROSSDAY_OUTPUT/day_01/replicate_02/routes/ALNS-CVaR.json",749
"frozen_outputs/R4E1_NOMINAL_CROSSDAY_OUTPUT/day_01/replicate_02/routes/ALNS-Mean.json",749
"frozen_outputs/R4E1_NOMINAL_CROSSDAY_OUTPUT/day_01/replicate_02/routes/OR-Tools.json",749
"frozen_outputs/R4E1_NOMINAL_CROSSDAY_OUTPUT/day_01/replicate_02/summary.csv",1461
"frozen_outputs/R4E1_NOMINAL_CROSSDAY_OUTPUT/day_01/replicate_03/contrasts.csv",204
"frozen_outputs/R4E1_NOMINAL_CROSSDAY_OUTPUT/day_01/replicate_03/per_scenario_tardiness.csv",24083
"frozen_outputs/R4E1_NOMINAL_CROSSDAY_OUTPUT/day_01/replicate_03/report.json",323
"frozen_outputs/R4E1_NOMINAL_CROSSDAY_OUTPUT/day_01/replicate_03/routes/ALNS-CVaR.json",749
"frozen_outputs/R4E1_NOMINAL_CROSSDAY_OUTPUT/day_01/replicate_03/routes/ALNS-Mean.json",749
"frozen_outputs/R4E1_NOMINAL_CROSSDAY_OUTPUT/day_01/replicate_03/routes/OR-Tools.json",749
"frozen_outputs/R4E1_NOMINAL_CROSSDAY_OUTPUT/day_01/replicate_03/summary.csv",1442
"frozen_outputs/R4E1_NOMINAL_CROSSDAY_OUTPUT/day_02/replicate_01/contrasts.csv",202
"frozen_outputs/R4E1_NOMINAL_CROSSDAY_OUTPUT/day_02/replicate_01/per_scenario_tardiness.csv",32426
"frozen_outputs/R4E1_NOMINAL_CROSSDAY_OUTPUT/day_02/replicate_01/report.json",327
"frozen_outputs/R4E1_NOMINAL_CROSSDAY_OUTPUT/day_02/replicate_01/routes/ALNS-CVaR.json",629
"frozen_outputs/R4E1_NOMINAL_CROSSDAY_OUTPUT/day_02/replicate_01/routes/ALNS-Mean.json",629
"frozen_outputs/R4E1_NOMINAL_CROSSDAY_OUTPUT/day_02/replicate_01/routes/OR-Tools.json",629
"frozen_outputs/R4E1_NOMINAL_CROSSDAY_OUTPUT/day_02/replicate_01/summary.csv",1478
"frozen_outputs/R4E1_NOMINAL_CROSSDAY_OUTPUT/day_02/replicate_02/contrasts.csv",202
"frozen_outputs/R4E1_NOMINAL_CROSSDAY_OUTPUT/day_02/replicate_02/per_scenario_tardiness.csv",31394
"frozen_outputs/R4E1_NOMINAL_CROSSDAY_OUTPUT/day_02/replicate_02/report.json",327
"frozen_outputs/R4E1_NOMINAL_CROSSDAY_OUTPUT/day_02/replicate_02/routes/ALNS-CVaR.json",629
"frozen_outputs/R4E1_NOMINAL_CROSSDAY_OUTPUT/day_02/replicate_02/routes/ALNS-Mean.json",629
"frozen_outputs/R4E1_NOMINAL_CROSSDAY_OUTPUT/day_02/replicate_02/routes/OR-Tools.json",629
"frozen_outputs/R4E1_NOMINAL_CROSSDAY_OUTPUT/day_02/replicate_02/summary.csv",1482
"frozen_outputs/R4E1_NOMINAL_CROSSDAY_OUTPUT/day_02/replicate_03/contrasts.csv",205
"frozen_outputs/R4E1_NOMINAL_CROSSDAY_OUTPUT/day_02/replicate_03/per_scenario_tardiness.csv",41281
"frozen_outputs/R4E1_NOMINAL_CROSSDAY_OUTPUT/day_02/replicate_03/report.json",327
"frozen_outputs/R4E1_NOMINAL_CROSSDAY_OUTPUT/day_02/replicate_03/routes/ALNS-CVaR.json",629
"frozen_outputs/R4E1_NOMINAL_CROSSDAY_OUTPUT/day_02/replicate_03/routes/ALNS-Mean.json",629
"frozen_outputs/R4E1_NOMINAL_CROSSDAY_OUTPUT/day_02/replicate_03/routes/OR-Tools.json",629
"frozen_outputs/R4E1_NOMINAL_CROSSDAY_OUTPUT/day_02/replicate_03/summary.csv",1476
"frozen_outputs/R4E1_NOMINAL_CROSSDAY_OUTPUT/day_03/replicate_01/contrasts.csv",174
"frozen_outputs/R4E1_NOMINAL_CROSSDAY_OUTPUT/day_03/replicate_01/per_scenario_tardiness.csv",34816
"frozen_outputs/R4E1_NOMINAL_CROSSDAY_OUTPUT/day_03/replicate_01/report.json",327
"frozen_outputs/R4E1_NOMINAL_CROSSDAY_OUTPUT/day_03/replicate_01/routes/ALNS-CVaR.json",661
"frozen_outputs/R4E1_NOMINAL_CROSSDAY_OUTPUT/day_03/replicate_01/routes/ALNS-Mean.json",661
"frozen_outputs/R4E1_NOMINAL_CROSSDAY_OUTPUT/day_03/replicate_01/routes/OR-Tools.json",661
"frozen_outputs/R4E1_NOMINAL_CROSSDAY_OUTPUT/day_03/replicate_01/summary.csv",1478
"frozen_outputs/R4E1_NOMINAL_CROSSDAY_OUTPUT/day_03/replicate_02/contrasts.csv",201
"frozen_outputs/R4E1_NOMINAL_CROSSDAY_OUTPUT/day_03/replicate_02/per_scenario_tardiness.csv",33633
"frozen_outputs/R4E1_NOMINAL_CROSSDAY_OUTPUT/day_03/replicate_02/report.json",327
"frozen_outputs/R4E1_NOMINAL_CROSSDAY_OUTPUT/day_03/replicate_02/routes/ALNS-CVaR.json",661
"frozen_outputs/R4E1_NOMINAL_CROSSDAY_OUTPUT/day_03/replicate_02/routes/ALNS-Mean.json",661
"frozen_outputs/R4E1_NOMINAL_CROSSDAY_OUTPUT/day_03/replicate_02/routes/OR-Tools.json",661
"frozen_outputs/R4E1_NOMINAL_CROSSDAY_OUTPUT/day_03/replicate_02/summary.csv",1482
"frozen_outputs/R4E1_NOMINAL_CROSSDAY_OUTPUT/day_03/replicate_03/contrasts.csv",204
"frozen_outputs/R4E1_NOMINAL_CROSSDAY_OUTPUT/day_03/replicate_03/per_scenario_tardiness.csv",32680
"frozen_outputs/R4E1_NOMINAL_CROSSDAY_OUTPUT/day_03/replicate_03/report.json",327
"frozen_outputs/R4E1_NOMINAL_CROSSDAY_OUTPUT/day_03/replicate_03/routes/ALNS-CVaR.json",661
"frozen_outputs/R4E1_NOMINAL_CROSSDAY_OUTPUT/day_03/replicate_03/routes/ALNS-Mean.json",661
"frozen_outputs/R4E1_NOMINAL_CROSSDAY_OUTPUT/day_03/replicate_03/routes/OR-Tools.json",661
"frozen_outputs/R4E1_NOMINAL_CROSSDAY_OUTPUT/day_03/replicate_03/summary.csv",1475
"frozen_outputs/R4E1_NOMINAL_CROSSDAY_OUTPUT/day_04/replicate_01/contrasts.csv",206
"frozen_outputs/R4E1_NOMINAL_CROSSDAY_OUTPUT/day_04/replicate_01/per_scenario_tardiness.csv",38377
"frozen_outputs/R4E1_NOMINAL_CROSSDAY_OUTPUT/day_04/replicate_01/report.json",327
"frozen_outputs/R4E1_NOMINAL_CROSSDAY_OUTPUT/day_04/replicate_01/routes/ALNS-CVaR.json",677
"frozen_outputs/R4E1_NOMINAL_CROSSDAY_OUTPUT/day_04/replicate_01/routes/ALNS-Mean.json",677
"frozen_outputs/R4E1_NOMINAL_CROSSDAY_OUTPUT/day_04/replicate_01/routes/OR-Tools.json",677
"frozen_outputs/R4E1_NOMINAL_CROSSDAY_OUTPUT/day_04/replicate_01/summary.csv",1476
"frozen_outputs/R4E1_NOMINAL_CROSSDAY_OUTPUT/day_04/replicate_02/contrasts.csv",204
"frozen_outputs/R4E1_NOMINAL_CROSSDAY_OUTPUT/day_04/replicate_02/per_scenario_tardiness.csv",40076
"frozen_outputs/R4E1_NOMINAL_CROSSDAY_OUTPUT/day_04/replicate_02/report.json",327
"frozen_outputs/R4E1_NOMINAL_CROSSDAY_OUTPUT/day_04/replicate_02/routes/ALNS-CVaR.json",677
"frozen_outputs/R4E1_NOMINAL_CROSSDAY_OUTPUT/day_04/replicate_02/routes/ALNS-Mean.json",677
"frozen_outputs/R4E1_NOMINAL_CROSSDAY_OUTPUT/day_04/replicate_02/routes/OR-Tools.json",677
"frozen_outputs/R4E1_NOMINAL_CROSSDAY_OUTPUT/day_04/replicate_02/summary.csv",1475
"frozen_outputs/R4E1_NOMINAL_CROSSDAY_OUTPUT/day_04/replicate_03/contrasts.csv",200
"frozen_outputs/R4E1_NOMINAL_CROSSDAY_OUTPUT/day_04/replicate_03/per_scenario_tardiness.csv",42727
"frozen_outputs/R4E1_NOMINAL_CROSSDAY_OUTPUT/day_04/replicate_03/report.json",327
"frozen_outputs/R4E1_NOMINAL_CROSSDAY_OUTPUT/day_04/replicate_03/routes/ALNS-CVaR.json",677
"frozen_outputs/R4E1_NOMINAL_CROSSDAY_OUTPUT/day_04/replicate_03/routes/ALNS-Mean.json",677
"frozen_outputs/R4E1_NOMINAL_CROSSDAY_OUTPUT/day_04/replicate_03/routes/OR-Tools.json",677
"frozen_outputs/R4E1_NOMINAL_CROSSDAY_OUTPUT/day_04/replicate_03/summary.csv",1479
"frozen_outputs/R4E1_NOMINAL_CROSSDAY_OUTPUT/day_05/replicate_01/contrasts.csv",203
"frozen_outputs/R4E1_NOMINAL_CROSSDAY_OUTPUT/day_05/replicate_01/per_scenario_tardiness.csv",44569
"frozen_outputs/R4E1_NOMINAL_CROSSDAY_OUTPUT/day_05/replicate_01/report.json",327
"frozen_outputs/R4E1_NOMINAL_CROSSDAY_OUTPUT/day_05/replicate_01/routes/ALNS-CVaR.json",725
"frozen_outputs/R4E1_NOMINAL_CROSSDAY_OUTPUT/day_05/replicate_01/routes/ALNS-Mean.json",725
"frozen_outputs/R4E1_NOMINAL_CROSSDAY_OUTPUT/day_05/replicate_01/routes/OR-Tools.json",725
"frozen_outputs/R4E1_NOMINAL_CROSSDAY_OUTPUT/day_05/replicate_01/summary.csv",1472
"frozen_outputs/R4E1_NOMINAL_CROSSDAY_OUTPUT/day_05/replicate_02/contrasts.csv",203
"frozen_outputs/R4E1_NOMINAL_CROSSDAY_OUTPUT/day_05/replicate_02/per_scenario_tardiness.csv",41111
"frozen_outputs/R4E1_NOMINAL_CROSSDAY_OUTPUT/day_05/replicate_02/report.json",327
"frozen_outputs/R4E1_NOMINAL_CROSSDAY_OUTPUT/day_05/replicate_02/routes/ALNS-CVaR.json",725
"frozen_outputs/R4E1_NOMINAL_CROSSDAY_OUTPUT/day_05/replicate_02/routes/ALNS-Mean.json",725
"frozen_outputs/R4E1_NOMINAL_CROSSDAY_OUTPUT/day_05/replicate_02/routes/OR-Tools.json",725
"frozen_outputs/R4E1_NOMINAL_CROSSDAY_OUTPUT/day_05/replicate_02/summary.csv",1452
"frozen_outputs/R4E1_NOMINAL_CROSSDAY_OUTPUT/day_05/replicate_03/contrasts.csv",202
"frozen_outputs/R4E1_NOMINAL_CROSSDAY_OUTPUT/day_05/replicate_03/per_scenario_tardiness.csv",33062
"frozen_outputs/R4E1_NOMINAL_CROSSDAY_OUTPUT/day_05/replicate_03/report.json",327
"frozen_outputs/R4E1_NOMINAL_CROSSDAY_OUTPUT/day_05/replicate_03/routes/ALNS-CVaR.json",725
"frozen_outputs/R4E1_NOMINAL_CROSSDAY_OUTPUT/day_05/replicate_03/routes/ALNS-Mean.json",725
"frozen_outputs/R4E1_NOMINAL_CROSSDAY_OUTPUT/day_05/replicate_03/routes/OR-Tools.json",725
"frozen_outputs/R4E1_NOMINAL_CROSSDAY_OUTPUT/day_05/replicate_03/summary.csv",1451
"frozen_outputs/R4E1_NOMINAL_CROSSDAY_OUTPUT/day_06/replicate_01/contrasts.csv",204
"frozen_outputs/R4E1_NOMINAL_CROSSDAY_OUTPUT/day_06/replicate_01/per_scenario_tardiness.csv",34670
"frozen_outputs/R4E1_NOMINAL_CROSSDAY_OUTPUT/day_06/replicate_01/report.json",327
"frozen_outputs/R4E1_NOMINAL_CROSSDAY_OUTPUT/day_06/replicate_01/routes/ALNS-CVaR.json",741
"frozen_outputs/R4E1_NOMINAL_CROSSDAY_OUTPUT/day_06/replicate_01/routes/ALNS-Mean.json",741
"frozen_outputs/R4E1_NOMINAL_CROSSDAY_OUTPUT/day_06/replicate_01/routes/OR-Tools.json",741
"frozen_outputs/R4E1_NOMINAL_CROSSDAY_OUTPUT/day_06/replicate_01/summary.csv",1467
"frozen_outputs/R4E1_NOMINAL_CROSSDAY_OUTPUT/day_06/replicate_02/contrasts.csv",206
"frozen_outputs/R4E1_NOMINAL_CROSSDAY_OUTPUT/day_06/replicate_02/per_scenario_tardiness.csv",42799
"frozen_outputs/R4E1_NOMINAL_CROSSDAY_OUTPUT/day_06/replicate_02/report.json",327
"frozen_outputs/R4E1_NOMINAL_CROSSDAY_OUTPUT/day_06/replicate_02/routes/ALNS-CVaR.json",741
"frozen_outputs/R4E1_NOMINAL_CROSSDAY_OUTPUT/day_06/replicate_02/routes/ALNS-Mean.json",741
"frozen_outputs/R4E1_NOMINAL_CROSSDAY_OUTPUT/day_06/replicate_02/routes/OR-Tools.json",741
"frozen_outputs/R4E1_NOMINAL_CROSSDAY_OUTPUT/day_06/replicate_02/summary.csv",1450
"frozen_outputs/R4E1_NOMINAL_CROSSDAY_OUTPUT/day_06/replicate_03/contrasts.csv",203
"frozen_outputs/R4E1_NOMINAL_CROSSDAY_OUTPUT/day_06/replicate_03/per_scenario_tardiness.csv",36770
"frozen_outputs/R4E1_NOMINAL_CROSSDAY_OUTPUT/day_06/replicate_03/report.json",327
"frozen_outputs/R4E1_NOMINAL_CROSSDAY_OUTPUT/day_06/replicate_03/routes/ALNS-CVaR.json",741
"frozen_outputs/R4E1_NOMINAL_CROSSDAY_OUTPUT/day_06/replicate_03/routes/ALNS-Mean.json",741
"frozen_outputs/R4E1_NOMINAL_CROSSDAY_OUTPUT/day_06/replicate_03/routes/OR-Tools.json",741
"frozen_outputs/R4E1_NOMINAL_CROSSDAY_OUTPUT/day_06/replicate_03/summary.csv",1450
"frozen_outputs/R4E1_NOMINAL_CROSSDAY_OUTPUT/day_07/replicate_01/contrasts.csv",203
"frozen_outputs/R4E1_NOMINAL_CROSSDAY_OUTPUT/day_07/replicate_01/per_scenario_tardiness.csv",38386
"frozen_outputs/R4E1_NOMINAL_CROSSDAY_OUTPUT/day_07/replicate_01/report.json",327
"frozen_outputs/R4E1_NOMINAL_CROSSDAY_OUTPUT/day_07/replicate_01/routes/ALNS-CVaR.json",653
"frozen_outputs/R4E1_NOMINAL_CROSSDAY_OUTPUT/day_07/replicate_01/routes/ALNS-Mean.json",653
"frozen_outputs/R4E1_NOMINAL_CROSSDAY_OUTPUT/day_07/replicate_01/routes/OR-Tools.json",653
"frozen_outputs/R4E1_NOMINAL_CROSSDAY_OUTPUT/day_07/replicate_01/summary.csv",1465
"frozen_outputs/R4E1_NOMINAL_CROSSDAY_OUTPUT/day_07/replicate_02/contrasts.csv",203
"frozen_outputs/R4E1_NOMINAL_CROSSDAY_OUTPUT/day_07/replicate_02/per_scenario_tardiness.csv",45832
"frozen_outputs/R4E1_NOMINAL_CROSSDAY_OUTPUT/day_07/replicate_02/report.json",327
"frozen_outputs/R4E1_NOMINAL_CROSSDAY_OUTPUT/day_07/replicate_02/routes/ALNS-CVaR.json",653
"frozen_outputs/R4E1_NOMINAL_CROSSDAY_OUTPUT/day_07/replicate_02/routes/ALNS-Mean.json",653
"frozen_outputs/R4E1_NOMINAL_CROSSDAY_OUTPUT/day_07/replicate_02/routes/OR-Tools.json",653
"frozen_outputs/R4E1_NOMINAL_CROSSDAY_OUTPUT/day_07/replicate_02/summary.csv",1479
"frozen_outputs/R4E1_NOMINAL_CROSSDAY_OUTPUT/day_07/replicate_03/contrasts.csv",203
"frozen_outputs/R4E1_NOMINAL_CROSSDAY_OUTPUT/day_07/replicate_03/per_scenario_tardiness.csv",42619
"frozen_outputs/R4E1_NOMINAL_CROSSDAY_OUTPUT/day_07/replicate_03/report.json",327
"frozen_outputs/R4E1_NOMINAL_CROSSDAY_OUTPUT/day_07/replicate_03/routes/ALNS-CVaR.json",653
"frozen_outputs/R4E1_NOMINAL_CROSSDAY_OUTPUT/day_07/replicate_03/routes/ALNS-Mean.json",653
"frozen_outputs/R4E1_NOMINAL_CROSSDAY_OUTPUT/day_07/replicate_03/routes/OR-Tools.json",653
"frozen_outputs/R4E1_NOMINAL_CROSSDAY_OUTPUT/day_07/replicate_03/summary.csv",1476
"frozen_outputs/R4E1_NOMINAL_CROSSDAY_OUTPUT/day_08/replicate_01/contrasts.csv",203
"frozen_outputs/R4E1_NOMINAL_CROSSDAY_OUTPUT/day_08/replicate_01/per_scenario_tardiness.csv",40396
"frozen_outputs/R4E1_NOMINAL_CROSSDAY_OUTPUT/day_08/replicate_01/report.json",327
"frozen_outputs/R4E1_NOMINAL_CROSSDAY_OUTPUT/day_08/replicate_01/routes/ALNS-CVaR.json",717
"frozen_outputs/R4E1_NOMINAL_CROSSDAY_OUTPUT/day_08/replicate_01/routes/ALNS-Mean.json",717
"frozen_outputs/R4E1_NOMINAL_CROSSDAY_OUTPUT/day_08/replicate_01/routes/OR-Tools.json",717
"frozen_outputs/R4E1_NOMINAL_CROSSDAY_OUTPUT/day_08/replicate_01/summary.csv",1464
"frozen_outputs/R4E1_NOMINAL_CROSSDAY_OUTPUT/day_08/replicate_02/contrasts.csv",202
"frozen_outputs/R4E1_NOMINAL_CROSSDAY_OUTPUT/day_08/replicate_02/per_scenario_tardiness.csv",44920
"frozen_outputs/R4E1_NOMINAL_CROSSDAY_OUTPUT/day_08/replicate_02/report.json",327
"frozen_outputs/R4E1_NOMINAL_CROSSDAY_OUTPUT/day_08/replicate_02/routes/ALNS-CVaR.json",717
"frozen_outputs/R4E1_NOMINAL_CROSSDAY_OUTPUT/day_08/replicate_02/routes/ALNS-Mean.json",717
"frozen_outputs/R4E1_NOMINAL_CROSSDAY_OUTPUT/day_08/replicate_02/routes/OR-Tools.json",717
"frozen_outputs/R4E1_NOMINAL_CROSSDAY_OUTPUT/day_08/replicate_02/summary.csv",1485
"frozen_outputs/R4E1_NOMINAL_CROSSDAY_OUTPUT/day_08/replicate_03/contrasts.csv",203
"frozen_outputs/R4E1_NOMINAL_CROSSDAY_OUTPUT/day_08/replicate_03/per_scenario_tardiness.csv",48719
"frozen_outputs/R4E1_NOMINAL_CROSSDAY_OUTPUT/day_08/replicate_03/report.json",327
"frozen_outputs/R4E1_NOMINAL_CROSSDAY_OUTPUT/day_08/replicate_03/routes/ALNS-CVaR.json",717
"frozen_outputs/R4E1_NOMINAL_CROSSDAY_OUTPUT/day_08/replicate_03/routes/ALNS-Mean.json",717
"frozen_outputs/R4E1_NOMINAL_CROSSDAY_OUTPUT/day_08/replicate_03/routes/OR-Tools.json",717
"frozen_outputs/R4E1_NOMINAL_CROSSDAY_OUTPUT/day_08/replicate_03/summary.csv",1487
"frozen_outputs/R4E1_NOMINAL_CROSSDAY_OUTPUT/day_09/replicate_01/contrasts.csv",204
"frozen_outputs/R4E1_NOMINAL_CROSSDAY_OUTPUT/day_09/replicate_01/per_scenario_tardiness.csv",51569
"frozen_outputs/R4E1_NOMINAL_CROSSDAY_OUTPUT/day_09/replicate_01/report.json",327
"frozen_outputs/R4E1_NOMINAL_CROSSDAY_OUTPUT/day_09/replicate_01/routes/ALNS-CVaR.json",797
"frozen_outputs/R4E1_NOMINAL_CROSSDAY_OUTPUT/day_09/replicate_01/routes/ALNS-Mean.json",797
"frozen_outputs/R4E1_NOMINAL_CROSSDAY_OUTPUT/day_09/replicate_01/routes/OR-Tools.json",797
"frozen_outputs/R4E1_NOMINAL_CROSSDAY_OUTPUT/day_09/replicate_01/summary.csv",1446
"frozen_outputs/R4E1_NOMINAL_CROSSDAY_OUTPUT/day_09/replicate_02/contrasts.csv",201
"frozen_outputs/R4E1_NOMINAL_CROSSDAY_OUTPUT/day_09/replicate_02/per_scenario_tardiness.csv",44196
"frozen_outputs/R4E1_NOMINAL_CROSSDAY_OUTPUT/day_09/replicate_02/report.json",327
"frozen_outputs/R4E1_NOMINAL_CROSSDAY_OUTPUT/day_09/replicate_02/routes/ALNS-CVaR.json",797
"frozen_outputs/R4E1_NOMINAL_CROSSDAY_OUTPUT/day_09/replicate_02/routes/ALNS-Mean.json",797
"frozen_outputs/R4E1_NOMINAL_CROSSDAY_OUTPUT/day_09/replicate_02/routes/OR-Tools.json",797
"frozen_outputs/R4E1_NOMINAL_CROSSDAY_OUTPUT/day_09/replicate_02/summary.csv",1474
"frozen_outputs/R4E1_NOMINAL_CROSSDAY_OUTPUT/day_09/replicate_03/contrasts.csv",200
"frozen_outputs/R4E1_NOMINAL_CROSSDAY_OUTPUT/day_09/replicate_03/per_scenario_tardiness.csv",49078
"frozen_outputs/R4E1_NOMINAL_CROSSDAY_OUTPUT/day_09/replicate_03/report.json",327
"frozen_outputs/R4E1_NOMINAL_CROSSDAY_OUTPUT/day_09/replicate_03/routes/ALNS-CVaR.json",797
"frozen_outputs/R4E1_NOMINAL_CROSSDAY_OUTPUT/day_09/replicate_03/routes/ALNS-Mean.json",797
"frozen_outputs/R4E1_NOMINAL_CROSSDAY_OUTPUT/day_09/replicate_03/routes/OR-Tools.json",797
"frozen_outputs/R4E1_NOMINAL_CROSSDAY_OUTPUT/day_09/replicate_03/summary.csv",1473
"frozen_outputs/R4E1_NOMINAL_CROSSDAY_OUTPUT/logs/day01_rep01.log",1033
"frozen_outputs/R4E1_NOMINAL_CROSSDAY_OUTPUT/logs/day01_rep02.log",1031
"frozen_outputs/R4E1_NOMINAL_CROSSDAY_OUTPUT/logs/day01_rep03.log",1032
"frozen_outputs/R4E1_NOMINAL_CROSSDAY_OUTPUT/logs/day02_rep01.log",1035
"frozen_outputs/R4E1_NOMINAL_CROSSDAY_OUTPUT/logs/day02_rep02.log",1035
"frozen_outputs/R4E1_NOMINAL_CROSSDAY_OUTPUT/logs/day02_rep03.log",1035
"frozen_outputs/R4E1_NOMINAL_CROSSDAY_OUTPUT/logs/day03_rep01.log",1035
"frozen_outputs/R4E1_NOMINAL_CROSSDAY_OUTPUT/logs/day03_rep02.log",1035
"frozen_outputs/R4E1_NOMINAL_CROSSDAY_OUTPUT/logs/day03_rep03.log",1035
"frozen_outputs/R4E1_NOMINAL_CROSSDAY_OUTPUT/logs/day04_rep01.log",1035
"frozen_outputs/R4E1_NOMINAL_CROSSDAY_OUTPUT/logs/day04_rep02.log",1035
"frozen_outputs/R4E1_NOMINAL_CROSSDAY_OUTPUT/logs/day04_rep03.log",1037
"frozen_outputs/R4E1_NOMINAL_CROSSDAY_OUTPUT/logs/day05_rep01.log",1037
"frozen_outputs/R4E1_NOMINAL_CROSSDAY_OUTPUT/logs/day05_rep02.log",1036
"frozen_outputs/R4E1_NOMINAL_CROSSDAY_OUTPUT/logs/day05_rep03.log",1035
"frozen_outputs/R4E1_NOMINAL_CROSSDAY_OUTPUT/logs/day06_rep01.log",1035
"frozen_outputs/R4E1_NOMINAL_CROSSDAY_OUTPUT/logs/day06_rep02.log",1036
"frozen_outputs/R4E1_NOMINAL_CROSSDAY_OUTPUT/logs/day06_rep03.log",1037
"frozen_outputs/R4E1_NOMINAL_CROSSDAY_OUTPUT/logs/day07_rep01.log",1035
"frozen_outputs/R4E1_NOMINAL_CROSSDAY_OUTPUT/logs/day07_rep02.log",1036
"frozen_outputs/R4E1_NOMINAL_CROSSDAY_OUTPUT/logs/day07_rep03.log",1037
"frozen_outputs/R4E1_NOMINAL_CROSSDAY_OUTPUT/logs/day08_rep01.log",1037
"frozen_outputs/R4E1_NOMINAL_CROSSDAY_OUTPUT/logs/day08_rep02.log",1035
"frozen_outputs/R4E1_NOMINAL_CROSSDAY_OUTPUT/logs/day08_rep03.log",1037
"frozen_outputs/R4E1_NOMINAL_CROSSDAY_OUTPUT/logs/day09_rep01.log",1035
"frozen_outputs/R4E1_NOMINAL_CROSSDAY_OUTPUT/logs/day09_rep02.log",1037
"frozen_outputs/R4E1_NOMINAL_CROSSDAY_OUTPUT/logs/day09_rep03.log",1035
"frozen_outputs/R4E2_ZERO_SHOT_TRANSFER_OUTPUT/R4E2_AGGREGATE_ANALYSIS.txt",4713
"frozen_outputs/R4E2_ZERO_SHOT_TRANSFER_OUTPUT/R4E2_ALL_RAW_RESULTS.csv",139054
"frozen_outputs/R4E2_ZERO_SHOT_TRANSFER_OUTPUT/R4E2_ANALYSIS_REPORT.json",866
"frozen_outputs/R4E2_ZERO_SHOT_TRANSFER_OUTPUT/R4E2_DAY_LEVEL_CONTRASTS.csv",2200
"frozen_outputs/R4E2_ZERO_SHOT_TRANSFER_OUTPUT/R4E2_DAY_METHOD_MEANS.csv",5961
"frozen_outputs/R4E2_ZERO_SHOT_TRANSFER_OUTPUT/R4E2_METHOD_AGGREGATES.csv",812
"frozen_outputs/R4E2_ZERO_SHOT_TRANSFER_OUTPUT/R4E2_PRIMARY_CROSSDAY_STATISTICS.csv",1062
"frozen_outputs/R4E2_ZERO_SHOT_TRANSFER_OUTPUT/R4E2_SECONDARY_ARCHITECTURE_STATISTICS.csv",531
"frozen_outputs/R4E2_ZERO_SHOT_TRANSFER_OUTPUT/R4E2_SOURCE_LEVEL_CONTRASTS.csv",9378
"frozen_outputs/R4E2_ZERO_SHOT_TRANSFER_OUTPUT/R4E2_SOURCE_LEVEL_SIGN_COUNTS_DESCRIPTIVE.csv",798
"frozen_outputs/R4E2_ZERO_SHOT_TRANSFER_OUTPUT/batch_logs/day02_source01.log",1623
"frozen_outputs/R4E2_ZERO_SHOT_TRANSFER_OUTPUT/batch_logs/day02_source02.log",1623
"frozen_outputs/R4E2_ZERO_SHOT_TRANSFER_OUTPUT/batch_logs/day02_source03.log",1622
"frozen_outputs/R4E2_ZERO_SHOT_TRANSFER_OUTPUT/batch_logs/day02_source04.log",1622
"frozen_outputs/R4E2_ZERO_SHOT_TRANSFER_OUTPUT/batch_logs/day02_source05.log",1622
"frozen_outputs/R4E2_ZERO_SHOT_TRANSFER_OUTPUT/batch_logs/day02_source06.log",1624
"frozen_outputs/R4E2_ZERO_SHOT_TRANSFER_OUTPUT/batch_logs/day02_source07.log",1624
"frozen_outputs/R4E2_ZERO_SHOT_TRANSFER_OUTPUT/batch_logs/day02_source08.log",1623
"frozen_outputs/R4E2_ZERO_SHOT_TRANSFER_OUTPUT/batch_logs/day02_source09.log",1623
"frozen_outputs/R4E2_ZERO_SHOT_TRANSFER_OUTPUT/batch_logs/day02_source10.log",1623
"frozen_outputs/R4E2_ZERO_SHOT_TRANSFER_OUTPUT/batch_logs/day03_source01.log",1622
"frozen_outputs/R4E2_ZERO_SHOT_TRANSFER_OUTPUT/batch_logs/day03_source02.log",1623
"frozen_outputs/R4E2_ZERO_SHOT_TRANSFER_OUTPUT/batch_logs/day03_source03.log",1621
"frozen_outputs/R4E2_ZERO_SHOT_TRANSFER_OUTPUT/batch_logs/day03_source04.log",1623
"frozen_outputs/R4E2_ZERO_SHOT_TRANSFER_OUTPUT/batch_logs/day03_source05.log",1623
"frozen_outputs/R4E2_ZERO_SHOT_TRANSFER_OUTPUT/batch_logs/day03_source06.log",1621
"frozen_outputs/R4E2_ZERO_SHOT_TRANSFER_OUTPUT/batch_logs/day03_source07.log",1623
"frozen_outputs/R4E2_ZERO_SHOT_TRANSFER_OUTPUT/batch_logs/day03_source08.log",1621
"frozen_outputs/R4E2_ZERO_SHOT_TRANSFER_OUTPUT/batch_logs/day03_source09.log",1621
"frozen_outputs/R4E2_ZERO_SHOT_TRANSFER_OUTPUT/batch_logs/day03_source10.log",1624
"frozen_outputs/R4E2_ZERO_SHOT_TRANSFER_OUTPUT/batch_logs/day04_source01.log",1621
"frozen_outputs/R4E2_ZERO_SHOT_TRANSFER_OUTPUT/batch_logs/day04_source02.log",1622
"frozen_outputs/R4E2_ZERO_SHOT_TRANSFER_OUTPUT/batch_logs/day04_source03.log",1624
"frozen_outputs/R4E2_ZERO_SHOT_TRANSFER_OUTPUT/batch_logs/day04_source04.log",1623
"frozen_outputs/R4E2_ZERO_SHOT_TRANSFER_OUTPUT/batch_logs/day04_source05.log",1621
"frozen_outputs/R4E2_ZERO_SHOT_TRANSFER_OUTPUT/batch_logs/day04_source06.log",1621
"frozen_outputs/R4E2_ZERO_SHOT_TRANSFER_OUTPUT/batch_logs/day04_source07.log",1624
"frozen_outputs/R4E2_ZERO_SHOT_TRANSFER_OUTPUT/batch_logs/day04_source08.log",1621
"frozen_outputs/R4E2_ZERO_SHOT_TRANSFER_OUTPUT/batch_logs/day04_source09.log",1623
"frozen_outputs/R4E2_ZERO_SHOT_TRANSFER_OUTPUT/batch_logs/day04_source10.log",1623
"frozen_outputs/R4E2_ZERO_SHOT_TRANSFER_OUTPUT/batch_logs/day05_source01.log",1623
"frozen_outputs/R4E2_ZERO_SHOT_TRANSFER_OUTPUT/batch_logs/day05_source02.log",1623
"frozen_outputs/R4E2_ZERO_SHOT_TRANSFER_OUTPUT/batch_logs/day05_source03.log",1622
"frozen_outputs/R4E2_ZERO_SHOT_TRANSFER_OUTPUT/batch_logs/day05_source04.log",1624
"frozen_outputs/R4E2_ZERO_SHOT_TRANSFER_OUTPUT/batch_logs/day05_source05.log",1621
"frozen_outputs/R4E2_ZERO_SHOT_TRANSFER_OUTPUT/batch_logs/day05_source06.log",1621
"frozen_outputs/R4E2_ZERO_SHOT_TRANSFER_OUTPUT/batch_logs/day05_source07.log",1621
"frozen_outputs/R4E2_ZERO_SHOT_TRANSFER_OUTPUT/batch_logs/day05_source08.log",1625
"frozen_outputs/R4E2_ZERO_SHOT_TRANSFER_OUTPUT/batch_logs/day05_source09.log",1622
"frozen_outputs/R4E2_ZERO_SHOT_TRANSFER_OUTPUT/batch_logs/day05_source10.log",1623
"frozen_outputs/R4E2_ZERO_SHOT_TRANSFER_OUTPUT/batch_logs/day06_source01.log",1624
"frozen_outputs/R4E2_ZERO_SHOT_TRANSFER_OUTPUT/batch_logs/day06_source02.log",1623
"frozen_outputs/R4E2_ZERO_SHOT_TRANSFER_OUTPUT/batch_logs/day06_source03.log",1624
"frozen_outputs/R4E2_ZERO_SHOT_TRANSFER_OUTPUT/batch_logs/day06_source04.log",1623
"frozen_outputs/R4E2_ZERO_SHOT_TRANSFER_OUTPUT/batch_logs/day06_source05.log",1621
"frozen_outputs/R4E2_ZERO_SHOT_TRANSFER_OUTPUT/batch_logs/day06_source06.log",1622
"frozen_outputs/R4E2_ZERO_SHOT_TRANSFER_OUTPUT/batch_logs/day06_source07.log",1625
"frozen_outputs/R4E2_ZERO_SHOT_TRANSFER_OUTPUT/batch_logs/day06_source08.log",1624
"frozen_outputs/R4E2_ZERO_SHOT_TRANSFER_OUTPUT/batch_logs/day06_source09.log",1621
"frozen_outputs/R4E2_ZERO_SHOT_TRANSFER_OUTPUT/batch_logs/day06_source10.log",1624
"frozen_outputs/R4E2_ZERO_SHOT_TRANSFER_OUTPUT/batch_logs/day07_source01.log",1623
"frozen_outputs/R4E2_ZERO_SHOT_TRANSFER_OUTPUT/batch_logs/day07_source02.log",1623
"frozen_outputs/R4E2_ZERO_SHOT_TRANSFER_OUTPUT/batch_logs/day07_source03.log",1623
"frozen_outputs/R4E2_ZERO_SHOT_TRANSFER_OUTPUT/batch_logs/day07_source04.log",1624
"frozen_outputs/R4E2_ZERO_SHOT_TRANSFER_OUTPUT/batch_logs/day07_source05.log",1623
"frozen_outputs/R4E2_ZERO_SHOT_TRANSFER_OUTPUT/batch_logs/day07_source06.log",1624
"frozen_outputs/R4E2_ZERO_SHOT_TRANSFER_OUTPUT/batch_logs/day07_source07.log",1624
"frozen_outputs/R4E2_ZERO_SHOT_TRANSFER_OUTPUT/batch_logs/day07_source08.log",1624
"frozen_outputs/R4E2_ZERO_SHOT_TRANSFER_OUTPUT/batch_logs/day07_source09.log",1621
"frozen_outputs/R4E2_ZERO_SHOT_TRANSFER_OUTPUT/batch_logs/day07_source10.log",1624
"frozen_outputs/R4E2_ZERO_SHOT_TRANSFER_OUTPUT/batch_logs/day08_source01.log",1621
"frozen_outputs/R4E2_ZERO_SHOT_TRANSFER_OUTPUT/batch_logs/day08_source02.log",1623
"frozen_outputs/R4E2_ZERO_SHOT_TRANSFER_OUTPUT/batch_logs/day08_source03.log",1623
"frozen_outputs/R4E2_ZERO_SHOT_TRANSFER_OUTPUT/batch_logs/day08_source04.log",1623
"frozen_outputs/R4E2_ZERO_SHOT_TRANSFER_OUTPUT/batch_logs/day08_source05.log",1623
"frozen_outputs/R4E2_ZERO_SHOT_TRANSFER_OUTPUT/batch_logs/day08_source06.log",1623
"frozen_outputs/R4E2_ZERO_SHOT_TRANSFER_OUTPUT/batch_logs/day08_source07.log",1624
"frozen_outputs/R4E2_ZERO_SHOT_TRANSFER_OUTPUT/batch_logs/day08_source08.log",1623
"frozen_outputs/R4E2_ZERO_SHOT_TRANSFER_OUTPUT/batch_logs/day08_source09.log",1621
"frozen_outputs/R4E2_ZERO_SHOT_TRANSFER_OUTPUT/batch_logs/day08_source10.log",1623
"frozen_outputs/R4E2_ZERO_SHOT_TRANSFER_OUTPUT/batch_logs/day09_source01.log",1623
"frozen_outputs/R4E2_ZERO_SHOT_TRANSFER_OUTPUT/batch_logs/day09_source02.log",1623
"frozen_outputs/R4E2_ZERO_SHOT_TRANSFER_OUTPUT/batch_logs/day09_source03.log",1624
"frozen_outputs/R4E2_ZERO_SHOT_TRANSFER_OUTPUT/batch_logs/day09_source04.log",1621
"frozen_outputs/R4E2_ZERO_SHOT_TRANSFER_OUTPUT/batch_logs/day09_source05.log",1621
"frozen_outputs/R4E2_ZERO_SHOT_TRANSFER_OUTPUT/batch_logs/day09_source06.log",1623
"frozen_outputs/R4E2_ZERO_SHOT_TRANSFER_OUTPUT/batch_logs/day09_source07.log",1624
"frozen_outputs/R4E2_ZERO_SHOT_TRANSFER_OUTPUT/batch_logs/day09_source08.log",1623
"frozen_outputs/R4E2_ZERO_SHOT_TRANSFER_OUTPUT/batch_logs/day09_source09.log",1621
"frozen_outputs/R4E2_ZERO_SHOT_TRANSFER_OUTPUT/batch_logs/day09_source10.log",1623
"frozen_outputs/R4E2_ZERO_SHOT_TRANSFER_OUTPUT/day_02/source_01/contrasts.csv",284
"frozen_outputs/R4E2_ZERO_SHOT_TRANSFER_OUTPUT/day_02/source_01/logs/RL-FF-CVaR_search.csv",19825
"frozen_outputs/R4E2_ZERO_SHOT_TRANSFER_OUTPUT/day_02/source_01/logs/RL-FF-Mean_search.csv",22615
"frozen_outputs/R4E2_ZERO_SHOT_TRANSFER_OUTPUT/day_02/source_01/logs/RL-GRU-CVaR_search.csv",18944
"frozen_outputs/R4E2_ZERO_SHOT_TRANSFER_OUTPUT/day_02/source_01/logs/RL-GRU-Mean_search.csv",19929
"frozen_outputs/R4E2_ZERO_SHOT_TRANSFER_OUTPUT/day_02/source_01/logs/Uniform-CVaR_search.csv",20380
"frozen_outputs/R4E2_ZERO_SHOT_TRANSFER_OUTPUT/day_02/source_01/logs/Uniform-Mean_search.csv",23710
"frozen_outputs/R4E2_ZERO_SHOT_TRANSFER_OUTPUT/day_02/source_01/per_scenario_tardiness.csv",43236
"frozen_outputs/R4E2_ZERO_SHOT_TRANSFER_OUTPUT/day_02/source_01/report.json",823
"frozen_outputs/R4E2_ZERO_SHOT_TRANSFER_OUTPUT/day_02/source_01/routes/RL-FF-CVaR.json",629
"frozen_outputs/R4E2_ZERO_SHOT_TRANSFER_OUTPUT/day_02/source_01/routes/RL-FF-Mean.json",629
"frozen_outputs/R4E2_ZERO_SHOT_TRANSFER_OUTPUT/day_02/source_01/routes/RL-GRU-CVaR.json",629
"frozen_outputs/R4E2_ZERO_SHOT_TRANSFER_OUTPUT/day_02/source_01/routes/RL-GRU-Mean.json",629
"frozen_outputs/R4E2_ZERO_SHOT_TRANSFER_OUTPUT/day_02/source_01/routes/Uniform-CVaR.json",629
"frozen_outputs/R4E2_ZERO_SHOT_TRANSFER_OUTPUT/day_02/source_01/routes/Uniform-Mean.json",629
"frozen_outputs/R4E2_ZERO_SHOT_TRANSFER_OUTPUT/day_02/source_01/summary.csv",2108
"frozen_outputs/R4E2_ZERO_SHOT_TRANSFER_OUTPUT/day_02/source_02/contrasts.csv",286
"frozen_outputs/R4E2_ZERO_SHOT_TRANSFER_OUTPUT/day_02/source_02/logs/RL-FF-CVaR_search.csv",20847
"frozen_outputs/R4E2_ZERO_SHOT_TRANSFER_OUTPUT/day_02/source_02/logs/RL-FF-Mean_search.csv",22637
"frozen_outputs/R4E2_ZERO_SHOT_TRANSFER_OUTPUT/day_02/source_02/logs/RL-GRU-CVaR_search.csv",19242
"frozen_outputs/R4E2_ZERO_SHOT_TRANSFER_OUTPUT/day_02/source_02/logs/RL-GRU-Mean_search.csv",22162
"frozen_outputs/R4E2_ZERO_SHOT_TRANSFER_OUTPUT/day_02/source_02/logs/Uniform-CVaR_search.csv",21604
"frozen_outputs/R4E2_ZERO_SHOT_TRANSFER_OUTPUT/day_02/source_02/logs/Uniform-Mean_search.csv",21847
"frozen_outputs/R4E2_ZERO_SHOT_TRANSFER_OUTPUT/day_02/source_02/per_scenario_tardiness.csv",62399
"frozen_outputs/R4E2_ZERO_SHOT_TRANSFER_OUTPUT/day_02/source_02/report.json",823
"frozen_outputs/R4E2_ZERO_SHOT_TRANSFER_OUTPUT/day_02/source_02/routes/RL-FF-CVaR.json",629
"frozen_outputs/R4E2_ZERO_SHOT_TRANSFER_OUTPUT/day_02/source_02/routes/RL-FF-Mean.json",629
"frozen_outputs/R4E2_ZERO_SHOT_TRANSFER_OUTPUT/day_02/source_02/routes/RL-GRU-CVaR.json",629
"frozen_outputs/R4E2_ZERO_SHOT_TRANSFER_OUTPUT/day_02/source_02/routes/RL-GRU-Mean.json",629
"frozen_outputs/R4E2_ZERO_SHOT_TRANSFER_OUTPUT/day_02/source_02/routes/Uniform-CVaR.json",629
"frozen_outputs/R4E2_ZERO_SHOT_TRANSFER_OUTPUT/day_02/source_02/routes/Uniform-Mean.json",629
"frozen_outputs/R4E2_ZERO_SHOT_TRANSFER_OUTPUT/day_02/source_02/summary.csv",2093
"frozen_outputs/R4E2_ZERO_SHOT_TRANSFER_OUTPUT/day_02/source_03/contrasts.csv",287
"frozen_outputs/R4E2_ZERO_SHOT_TRANSFER_OUTPUT/day_02/source_03/logs/RL-FF-CVaR_search.csv",18211
"frozen_outputs/R4E2_ZERO_SHOT_TRANSFER_OUTPUT/day_02/source_03/logs/RL-FF-Mean_search.csv",23991
"frozen_outputs/R4E2_ZERO_SHOT_TRANSFER_OUTPUT/day_02/source_03/logs/RL-GRU-CVaR_search.csv",22130
"frozen_outputs/R4E2_ZERO_SHOT_TRANSFER_OUTPUT/day_02/source_03/logs/RL-GRU-Mean_search.csv",24405
"frozen_outputs/R4E2_ZERO_SHOT_TRANSFER_OUTPUT/day_02/source_03/logs/Uniform-CVaR_search.csv",22209
"frozen_outputs/R4E2_ZERO_SHOT_TRANSFER_OUTPUT/day_02/source_03/logs/Uniform-Mean_search.csv",21786
"frozen_outputs/R4E2_ZERO_SHOT_TRANSFER_OUTPUT/day_02/source_03/per_scenario_tardiness.csv",72123
"frozen_outputs/R4E2_ZERO_SHOT_TRANSFER_OUTPUT/day_02/source_03/report.json",823
"frozen_outputs/R4E2_ZERO_SHOT_TRANSFER_OUTPUT/day_02/source_03/routes/RL-FF-CVaR.json",629
"frozen_outputs/R4E2_ZERO_SHOT_TRANSFER_OUTPUT/day_02/source_03/routes/RL-FF-Mean.json",629
"frozen_outputs/R4E2_ZERO_SHOT_TRANSFER_OUTPUT/day_02/source_03/routes/RL-GRU-CVaR.json",629
"frozen_outputs/R4E2_ZERO_SHOT_TRANSFER_OUTPUT/day_02/source_03/routes/RL-GRU-Mean.json",629
"frozen_outputs/R4E2_ZERO_SHOT_TRANSFER_OUTPUT/day_02/source_03/routes/Uniform-CVaR.json",629
"frozen_outputs/R4E2_ZERO_SHOT_TRANSFER_OUTPUT/day_02/source_03/routes/Uniform-Mean.json",629
"frozen_outputs/R4E2_ZERO_SHOT_TRANSFER_OUTPUT/day_02/source_03/summary.csv",2084
"frozen_outputs/R4E2_ZERO_SHOT_TRANSFER_OUTPUT/day_02/source_04/contrasts.csv",282
"frozen_outputs/R4E2_ZERO_SHOT_TRANSFER_OUTPUT/day_02/source_04/logs/RL-FF-CVaR_search.csv",18594
"frozen_outputs/R4E2_ZERO_SHOT_TRANSFER_OUTPUT/day_02/source_04/logs/RL-FF-Mean_search.csv",23219
"frozen_outputs/R4E2_ZERO_SHOT_TRANSFER_OUTPUT/day_02/source_04/logs/RL-GRU-CVaR_search.csv",19259
"frozen_outputs/R4E2_ZERO_SHOT_TRANSFER_OUTPUT/day_02/source_04/logs/RL-GRU-Mean_search.csv",23576
"frozen_outputs/R4E2_ZERO_SHOT_TRANSFER_OUTPUT/day_02/source_04/logs/Uniform-CVaR_search.csv",18540
"frozen_outputs/R4E2_ZERO_SHOT_TRANSFER_OUTPUT/day_02/source_04/logs/Uniform-Mean_search.csv",22421
"frozen_outputs/R4E2_ZERO_SHOT_TRANSFER_OUTPUT/day_02/source_04/per_scenario_tardiness.csv",58298
"frozen_outputs/R4E2_ZERO_SHOT_TRANSFER_OUTPUT/day_02/source_04/report.json",823
"frozen_outputs/R4E2_ZERO_SHOT_TRANSFER_OUTPUT/day_02/source_04/routes/RL-FF-CVaR.json",629
"frozen_outputs/R4E2_ZERO_SHOT_TRANSFER_OUTPUT/day_02/source_04/routes/RL-FF-Mean.json",629
"frozen_outputs/R4E2_ZERO_SHOT_TRANSFER_OUTPUT/day_02/source_04/routes/RL-GRU-CVaR.json",629
"frozen_outputs/R4E2_ZERO_SHOT_TRANSFER_OUTPUT/day_02/source_04/routes/RL-GRU-Mean.json",629
"frozen_outputs/R4E2_ZERO_SHOT_TRANSFER_OUTPUT/day_02/source_04/routes/Uniform-CVaR.json",629
"frozen_outputs/R4E2_ZERO_SHOT_TRANSFER_OUTPUT/day_02/source_04/routes/Uniform-Mean.json",629
"frozen_outputs/R4E2_ZERO_SHOT_TRANSFER_OUTPUT/day_02/source_04/summary.csv",2090
"frozen_outputs/R4E2_ZERO_SHOT_TRANSFER_OUTPUT/day_02/source_05/contrasts.csv",282
"frozen_outputs/R4E2_ZERO_SHOT_TRANSFER_OUTPUT/day_02/source_05/logs/RL-FF-CVaR_search.csv",23459
"frozen_outputs/R4E2_ZERO_SHOT_TRANSFER_OUTPUT/day_02/source_05/logs/RL-FF-Mean_search.csv",23106
"frozen_outputs/R4E2_ZERO_SHOT_TRANSFER_OUTPUT/day_02/source_05/logs/RL-GRU-CVaR_search.csv",19154
"frozen_outputs/R4E2_ZERO_SHOT_TRANSFER_OUTPUT/day_02/source_05/logs/RL-GRU-Mean_search.csv",22760
"frozen_outputs/R4E2_ZERO_SHOT_TRANSFER_OUTPUT/day_02/source_05/logs/Uniform-CVaR_search.csv",19826
"frozen_outputs/R4E2_ZERO_SHOT_TRANSFER_OUTPUT/day_02/source_05/logs/Uniform-Mean_search.csv",21300
"frozen_outputs/R4E2_ZERO_SHOT_TRANSFER_OUTPUT/day_02/source_05/per_scenario_tardiness.csv",55586
"frozen_outputs/R4E2_ZERO_SHOT_TRANSFER_OUTPUT/day_02/source_05/report.json",823
"frozen_outputs/R4E2_ZERO_SHOT_TRANSFER_OUTPUT/day_02/source_05/routes/RL-FF-CVaR.json",629
"frozen_outputs/R4E2_ZERO_SHOT_TRANSFER_OUTPUT/day_02/source_05/routes/RL-FF-Mean.json",629
"frozen_outputs/R4E2_ZERO_SHOT_TRANSFER_OUTPUT/day_02/source_05/routes/RL-GRU-CVaR.json",629
"frozen_outputs/R4E2_ZERO_SHOT_TRANSFER_OUTPUT/day_02/source_05/routes/RL-GRU-Mean.json",629
"frozen_outputs/R4E2_ZERO_SHOT_TRANSFER_OUTPUT/day_02/source_05/routes/Uniform-CVaR.json",629
"frozen_outputs/R4E2_ZERO_SHOT_TRANSFER_OUTPUT/day_02/source_05/routes/Uniform-Mean.json",629
"frozen_outputs/R4E2_ZERO_SHOT_TRANSFER_OUTPUT/day_02/source_05/summary.csv",2098
"frozen_outputs/R4E2_ZERO_SHOT_TRANSFER_OUTPUT/day_02/source_06/contrasts.csv",287
"frozen_outputs/R4E2_ZERO_SHOT_TRANSFER_OUTPUT/day_02/source_06/logs/RL-FF-CVaR_search.csv",21546
"frozen_outputs/R4E2_ZERO_SHOT_TRANSFER_OUTPUT/day_02/source_06/logs/RL-FF-Mean_search.csv",23128
"frozen_outputs/R4E2_ZERO_SHOT_TRANSFER_OUTPUT/day_02/source_06/logs/RL-GRU-CVaR_search.csv",21242
"frozen_outputs/R4E2_ZERO_SHOT_TRANSFER_OUTPUT/day_02/source_06/logs/RL-GRU-Mean_search.csv",20840
"frozen_outputs/R4E2_ZERO_SHOT_TRANSFER_OUTPUT/day_02/source_06/logs/Uniform-CVaR_search.csv",21039
"frozen_outputs/R4E2_ZERO_SHOT_TRANSFER_OUTPUT/day_02/source_06/logs/Uniform-Mean_search.csv",20111
"frozen_outputs/R4E2_ZERO_SHOT_TRANSFER_OUTPUT/day_02/source_06/per_scenario_tardiness.csv",51021
"frozen_outputs/R4E2_ZERO_SHOT_TRANSFER_OUTPUT/day_02/source_06/report.json",823
"frozen_outputs/R4E2_ZERO_SHOT_TRANSFER_OUTPUT/day_02/source_06/routes/RL-FF-CVaR.json",629
"frozen_outputs/R4E2_ZERO_SHOT_TRANSFER_OUTPUT/day_02/source_06/routes/RL-FF-Mean.json",629
"frozen_outputs/R4E2_ZERO_SHOT_TRANSFER_OUTPUT/day_02/source_06/routes/RL-GRU-CVaR.json",629
"frozen_outputs/R4E2_ZERO_SHOT_TRANSFER_OUTPUT/day_02/source_06/routes/RL-GRU-Mean.json",629
"frozen_outputs/R4E2_ZERO_SHOT_TRANSFER_OUTPUT/day_02/source_06/routes/Uniform-CVaR.json",629
"frozen_outputs/R4E2_ZERO_SHOT_TRANSFER_OUTPUT/day_02/source_06/routes/Uniform-Mean.json",629
"frozen_outputs/R4E2_ZERO_SHOT_TRANSFER_OUTPUT/day_02/source_06/summary.csv",2092
"frozen_outputs/R4E2_ZERO_SHOT_TRANSFER_OUTPUT/day_02/source_07/contrasts.csv",282
"frozen_outputs/R4E2_ZERO_SHOT_TRANSFER_OUTPUT/day_02/source_07/logs/RL-FF-CVaR_search.csv",19915
"frozen_outputs/R4E2_ZERO_SHOT_TRANSFER_OUTPUT/day_02/source_07/logs/RL-FF-Mean_search.csv",23715
"frozen_outputs/R4E2_ZERO_SHOT_TRANSFER_OUTPUT/day_02/source_07/logs/RL-GRU-CVaR_search.csv",18384
"frozen_outputs/R4E2_ZERO_SHOT_TRANSFER_OUTPUT/day_02/source_07/logs/RL-GRU-Mean_search.csv",23397
"frozen_outputs/R4E2_ZERO_SHOT_TRANSFER_OUTPUT/day_02/source_07/logs/Uniform-CVaR_search.csv",18423
"frozen_outputs/R4E2_ZERO_SHOT_TRANSFER_OUTPUT/day_02/source_07/logs/Uniform-Mean_search.csv",22649
"frozen_outputs/R4E2_ZERO_SHOT_TRANSFER_OUTPUT/day_02/source_07/per_scenario_tardiness.csv",58052
"frozen_outputs/R4E2_ZERO_SHOT_TRANSFER_OUTPUT/day_02/source_07/report.json",823
"frozen_outputs/R4E2_ZERO_SHOT_TRANSFER_OUTPUT/day_02/source_07/routes/RL-FF-CVaR.json",629
"frozen_outputs/R4E2_ZERO_SHOT_TRANSFER_OUTPUT/day_02/source_07/routes/RL-FF-Mean.json",629
"frozen_outputs/R4E2_ZERO_SHOT_TRANSFER_OUTPUT/day_02/source_07/routes/RL-GRU-CVaR.json",629
"frozen_outputs/R4E2_ZERO_SHOT_TRANSFER_OUTPUT/day_02/source_07/routes/RL-GRU-Mean.json",629
"frozen_outputs/R4E2_ZERO_SHOT_TRANSFER_OUTPUT/day_02/source_07/routes/Uniform-CVaR.json",629
"frozen_outputs/R4E2_ZERO_SHOT_TRANSFER_OUTPUT/day_02/source_07/routes/Uniform-Mean.json",629
"frozen_outputs/R4E2_ZERO_SHOT_TRANSFER_OUTPUT/day_02/source_07/summary.csv",2082
"frozen_outputs/R4E2_ZERO_SHOT_TRANSFER_OUTPUT/day_02/source_08/contrasts.csv",282
"frozen_outputs/R4E2_ZERO_SHOT_TRANSFER_OUTPUT/day_02/source_08/logs/RL-FF-CVaR_search.csv",20885
"frozen_outputs/R4E2_ZERO_SHOT_TRANSFER_OUTPUT/day_02/source_08/logs/RL-FF-Mean_search.csv",22307
"frozen_outputs/R4E2_ZERO_SHOT_TRANSFER_OUTPUT/day_02/source_08/logs/RL-GRU-CVaR_search.csv",22955
"frozen_outputs/R4E2_ZERO_SHOT_TRANSFER_OUTPUT/day_02/source_08/logs/RL-GRU-Mean_search.csv",25198
"frozen_outputs/R4E2_ZERO_SHOT_TRANSFER_OUTPUT/day_02/source_08/logs/Uniform-CVaR_search.csv",19611
"frozen_outputs/R4E2_ZERO_SHOT_TRANSFER_OUTPUT/day_02/source_08/logs/Uniform-Mean_search.csv",22158
"frozen_outputs/R4E2_ZERO_SHOT_TRANSFER_OUTPUT/day_02/source_08/per_scenario_tardiness.csv",51584
"frozen_outputs/R4E2_ZERO_SHOT_TRANSFER_OUTPUT/day_02/source_08/report.json",823
"frozen_outputs/R4E2_ZERO_SHOT_TRANSFER_OUTPUT/day_02/source_08/routes/RL-FF-CVaR.json",629
"frozen_outputs/R4E2_ZERO_SHOT_TRANSFER_OUTPUT/day_02/source_08/routes/RL-FF-Mean.json",629
"frozen_outputs/R4E2_ZERO_SHOT_TRANSFER_OUTPUT/day_02/source_08/routes/RL-GRU-CVaR.json",629
"frozen_outputs/R4E2_ZERO_SHOT_TRANSFER_OUTPUT/day_02/source_08/routes/RL-GRU-Mean.json",629
"frozen_outputs/R4E2_ZERO_SHOT_TRANSFER_OUTPUT/day_02/source_08/routes/Uniform-CVaR.json",629
"frozen_outputs/R4E2_ZERO_SHOT_TRANSFER_OUTPUT/day_02/source_08/routes/Uniform-Mean.json",629
"frozen_outputs/R4E2_ZERO_SHOT_TRANSFER_OUTPUT/day_02/source_08/summary.csv",2102
"frozen_outputs/R4E2_ZERO_SHOT_TRANSFER_OUTPUT/day_02/source_09/contrasts.csv",285
"frozen_outputs/R4E2_ZERO_SHOT_TRANSFER_OUTPUT/day_02/source_09/logs/RL-FF-CVaR_search.csv",20322
"frozen_outputs/R4E2_ZERO_SHOT_TRANSFER_OUTPUT/day_02/source_09/logs/RL-FF-Mean_search.csv",20518
"frozen_outputs/R4E2_ZERO_SHOT_TRANSFER_OUTPUT/day_02/source_09/logs/RL-GRU-CVaR_search.csv",22268
"frozen_outputs/R4E2_ZERO_SHOT_TRANSFER_OUTPUT/day_02/source_09/logs/RL-GRU-Mean_search.csv",20988
"frozen_outputs/R4E2_ZERO_SHOT_TRANSFER_OUTPUT/day_02/source_09/logs/Uniform-CVaR_search.csv",21330
"frozen_outputs/R4E2_ZERO_SHOT_TRANSFER_OUTPUT/day_02/source_09/logs/Uniform-Mean_search.csv",21997
"frozen_outputs/R4E2_ZERO_SHOT_TRANSFER_OUTPUT/day_02/source_09/per_scenario_tardiness.csv",68994
"frozen_outputs/R4E2_ZERO_SHOT_TRANSFER_OUTPUT/day_02/source_09/report.json",823
"frozen_outputs/R4E2_ZERO_SHOT_TRANSFER_OUTPUT/day_02/source_09/routes/RL-FF-CVaR.json",629
"frozen_outputs/R4E2_ZERO_SHOT_TRANSFER_OUTPUT/day_02/source_09/routes/RL-FF-Mean.json",629
"frozen_outputs/R4E2_ZERO_SHOT_TRANSFER_OUTPUT/day_02/source_09/routes/RL-GRU-CVaR.json",629
"frozen_outputs/R4E2_ZERO_SHOT_TRANSFER_OUTPUT/day_02/source_09/routes/RL-GRU-Mean.json",629
"frozen_outputs/R4E2_ZERO_SHOT_TRANSFER_OUTPUT/day_02/source_09/routes/Uniform-CVaR.json",629
"frozen_outputs/R4E2_ZERO_SHOT_TRANSFER_OUTPUT/day_02/source_09/routes/Uniform-Mean.json",629
"frozen_outputs/R4E2_ZERO_SHOT_TRANSFER_OUTPUT/day_02/source_09/summary.csv",2107
"frozen_outputs/R4E2_ZERO_SHOT_TRANSFER_OUTPUT/day_02/source_10/contrasts.csv",273
"frozen_outputs/R4E2_ZERO_SHOT_TRANSFER_OUTPUT/day_02/source_10/logs/RL-FF-CVaR_search.csv",22876
"frozen_outputs/R4E2_ZERO_SHOT_TRANSFER_OUTPUT/day_02/source_10/logs/RL-FF-Mean_search.csv",20593
"frozen_outputs/R4E2_ZERO_SHOT_TRANSFER_OUTPUT/day_02/source_10/logs/RL-GRU-CVaR_search.csv",22546
"frozen_outputs/R4E2_ZERO_SHOT_TRANSFER_OUTPUT/day_02/source_10/logs/RL-GRU-Mean_search.csv",22944
"frozen_outputs/R4E2_ZERO_SHOT_TRANSFER_OUTPUT/day_02/source_10/logs/Uniform-CVaR_search.csv",20864
"frozen_outputs/R4E2_ZERO_SHOT_TRANSFER_OUTPUT/day_02/source_10/logs/Uniform-Mean_search.csv",22504
"frozen_outputs/R4E2_ZERO_SHOT_TRANSFER_OUTPUT/day_02/source_10/per_scenario_tardiness.csv",70881
"frozen_outputs/R4E2_ZERO_SHOT_TRANSFER_OUTPUT/day_02/source_10/report.json",824
"frozen_outputs/R4E2_ZERO_SHOT_TRANSFER_OUTPUT/day_02/source_10/routes/RL-FF-CVaR.json",629
"frozen_outputs/R4E2_ZERO_SHOT_TRANSFER_OUTPUT/day_02/source_10/routes/RL-FF-Mean.json",629
"frozen_outputs/R4E2_ZERO_SHOT_TRANSFER_OUTPUT/day_02/source_10/routes/RL-GRU-CVaR.json",629
"frozen_outputs/R4E2_ZERO_SHOT_TRANSFER_OUTPUT/day_02/source_10/routes/RL-GRU-Mean.json",629
"frozen_outputs/R4E2_ZERO_SHOT_TRANSFER_OUTPUT/day_02/source_10/routes/Uniform-CVaR.json",629
"frozen_outputs/R4E2_ZERO_SHOT_TRANSFER_OUTPUT/day_02/source_10/routes/Uniform-Mean.json",629
"frozen_outputs/R4E2_ZERO_SHOT_TRANSFER_OUTPUT/day_02/source_10/summary.csv",2100
"frozen_outputs/R4E2_ZERO_SHOT_TRANSFER_OUTPUT/day_03/source_01/contrasts.csv",269
"frozen_outputs/R4E2_ZERO_SHOT_TRANSFER_OUTPUT/day_03/source_01/logs/RL-FF-CVaR_search.csv",19867
"frozen_outputs/R4E2_ZERO_SHOT_TRANSFER_OUTPUT/day_03/source_01/logs/RL-FF-Mean_search.csv",20468
"frozen_outputs/R4E2_ZERO_SHOT_TRANSFER_OUTPUT/day_03/source_01/logs/RL-GRU-CVaR_search.csv",19217
"frozen_outputs/R4E2_ZERO_SHOT_TRANSFER_OUTPUT/day_03/source_01/logs/RL-GRU-Mean_search.csv",18030
"frozen_outputs/R4E2_ZERO_SHOT_TRANSFER_OUTPUT/day_03/source_01/logs/Uniform-CVaR_search.csv",18915
"frozen_outputs/R4E2_ZERO_SHOT_TRANSFER_OUTPUT/day_03/source_01/logs/Uniform-Mean_search.csv",19341
"frozen_outputs/R4E2_ZERO_SHOT_TRANSFER_OUTPUT/day_03/source_01/per_scenario_tardiness.csv",40312
"frozen_outputs/R4E2_ZERO_SHOT_TRANSFER_OUTPUT/day_03/source_01/report.json",823
"frozen_outputs/R4E2_ZERO_SHOT_TRANSFER_OUTPUT/day_03/source_01/routes/RL-FF-CVaR.json",661
"frozen_outputs/R4E2_ZERO_SHOT_TRANSFER_OUTPUT/day_03/source_01/routes/RL-FF-Mean.json",661
"frozen_outputs/R4E2_ZERO_SHOT_TRANSFER_OUTPUT/day_03/source_01/routes/RL-GRU-CVaR.json",661
"frozen_outputs/R4E2_ZERO_SHOT_TRANSFER_OUTPUT/day_03/source_01/routes/RL-GRU-Mean.json",661
"frozen_outputs/R4E2_ZERO_SHOT_TRANSFER_OUTPUT/day_03/source_01/routes/Uniform-CVaR.json",661
"frozen_outputs/R4E2_ZERO_SHOT_TRANSFER_OUTPUT/day_03/source_01/routes/Uniform-Mean.json",661
"frozen_outputs/R4E2_ZERO_SHOT_TRANSFER_OUTPUT/day_03/source_01/summary.csv",2105
"frozen_outputs/R4E2_ZERO_SHOT_TRANSFER_OUTPUT/day_03/source_02/contrasts.csv",282
"frozen_outputs/R4E2_ZERO_SHOT_TRANSFER_OUTPUT/day_03/source_02/logs/RL-FF-CVaR_search.csv",18192
"frozen_outputs/R4E2_ZERO_SHOT_TRANSFER_OUTPUT/day_03/source_02/logs/RL-FF-Mean_search.csv",18599
"frozen_outputs/R4E2_ZERO_SHOT_TRANSFER_OUTPUT/day_03/source_02/logs/RL-GRU-CVaR_search.csv",18170
"frozen_outputs/R4E2_ZERO_SHOT_TRANSFER_OUTPUT/day_03/source_02/logs/RL-GRU-Mean_search.csv",19822
"frozen_outputs/R4E2_ZERO_SHOT_TRANSFER_OUTPUT/day_03/source_02/logs/Uniform-CVaR_search.csv",18458
"frozen_outputs/R4E2_ZERO_SHOT_TRANSFER_OUTPUT/day_03/source_02/logs/Uniform-Mean_search.csv",18536
"frozen_outputs/R4E2_ZERO_SHOT_TRANSFER_OUTPUT/day_03/source_02/per_scenario_tardiness.csv",53565
"frozen_outputs/R4E2_ZERO_SHOT_TRANSFER_OUTPUT/day_03/source_02/report.json",823
"frozen_outputs/R4E2_ZERO_SHOT_TRANSFER_OUTPUT/day_03/source_02/routes/RL-FF-CVaR.json",661
"frozen_outputs/R4E2_ZERO_SHOT_TRANSFER_OUTPUT/day_03/source_02/routes/RL-FF-Mean.json",661
"frozen_outputs/R4E2_ZERO_SHOT_TRANSFER_OUTPUT/day_03/source_02/routes/RL-GRU-CVaR.json",661
"frozen_outputs/R4E2_ZERO_SHOT_TRANSFER_OUTPUT/day_03/source_02/routes/RL-GRU-Mean.json",661
"frozen_outputs/R4E2_ZERO_SHOT_TRANSFER_OUTPUT/day_03/source_02/routes/Uniform-CVaR.json",661
"frozen_outputs/R4E2_ZERO_SHOT_TRANSFER_OUTPUT/day_03/source_02/routes/Uniform-Mean.json",661
"frozen_outputs/R4E2_ZERO_SHOT_TRANSFER_OUTPUT/day_03/source_02/summary.csv",2103
"frozen_outputs/R4E2_ZERO_SHOT_TRANSFER_OUTPUT/day_03/source_03/contrasts.csv",283
"frozen_outputs/R4E2_ZERO_SHOT_TRANSFER_OUTPUT/day_03/source_03/logs/RL-FF-CVaR_search.csv",19570
"frozen_outputs/R4E2_ZERO_SHOT_TRANSFER_OUTPUT/day_03/source_03/logs/RL-FF-Mean_search.csv",19253
"frozen_outputs/R4E2_ZERO_SHOT_TRANSFER_OUTPUT/day_03/source_03/logs/RL-GRU-CVaR_search.csv",19999
"frozen_outputs/R4E2_ZERO_SHOT_TRANSFER_OUTPUT/day_03/source_03/logs/RL-GRU-Mean_search.csv",19901
"frozen_outputs/R4E2_ZERO_SHOT_TRANSFER_OUTPUT/day_03/source_03/logs/Uniform-CVaR_search.csv",18612
"frozen_outputs/R4E2_ZERO_SHOT_TRANSFER_OUTPUT/day_03/source_03/logs/Uniform-Mean_search.csv",19268
"frozen_outputs/R4E2_ZERO_SHOT_TRANSFER_OUTPUT/day_03/source_03/per_scenario_tardiness.csv",45459
"frozen_outputs/R4E2_ZERO_SHOT_TRANSFER_OUTPUT/day_03/source_03/report.json",823
"frozen_outputs/R4E2_ZERO_SHOT_TRANSFER_OUTPUT/day_03/source_03/routes/RL-FF-CVaR.json",661
"frozen_outputs/R4E2_ZERO_SHOT_TRANSFER_OUTPUT/day_03/source_03/routes/RL-FF-Mean.json",661
"frozen_outputs/R4E2_ZERO_SHOT_TRANSFER_OUTPUT/day_03/source_03/routes/RL-GRU-CVaR.json",661
"frozen_outputs/R4E2_ZERO_SHOT_TRANSFER_OUTPUT/day_03/source_03/routes/RL-GRU-Mean.json",661
"frozen_outputs/R4E2_ZERO_SHOT_TRANSFER_OUTPUT/day_03/source_03/routes/Uniform-CVaR.json",661
"frozen_outputs/R4E2_ZERO_SHOT_TRANSFER_OUTPUT/day_03/source_03/routes/Uniform-Mean.json",661
"frozen_outputs/R4E2_ZERO_SHOT_TRANSFER_OUTPUT/day_03/source_03/summary.csv",2102
"frozen_outputs/R4E2_ZERO_SHOT_TRANSFER_OUTPUT/day_03/source_04/contrasts.csv",271
"frozen_outputs/R4E2_ZERO_SHOT_TRANSFER_OUTPUT/day_03/source_04/logs/RL-FF-CVaR_search.csv",18402
"frozen_outputs/R4E2_ZERO_SHOT_TRANSFER_OUTPUT/day_03/source_04/logs/RL-FF-Mean_search.csv",18921
"frozen_outputs/R4E2_ZERO_SHOT_TRANSFER_OUTPUT/day_03/source_04/logs/RL-GRU-CVaR_search.csv",18973
"frozen_outputs/R4E2_ZERO_SHOT_TRANSFER_OUTPUT/day_03/source_04/logs/RL-GRU-Mean_search.csv",18301
"frozen_outputs/R4E2_ZERO_SHOT_TRANSFER_OUTPUT/day_03/source_04/logs/Uniform-CVaR_search.csv",18734
"frozen_outputs/R4E2_ZERO_SHOT_TRANSFER_OUTPUT/day_03/source_04/logs/Uniform-Mean_search.csv",18773
"frozen_outputs/R4E2_ZERO_SHOT_TRANSFER_OUTPUT/day_03/source_04/per_scenario_tardiness.csv",44301
"frozen_outputs/R4E2_ZERO_SHOT_TRANSFER_OUTPUT/day_03/source_04/report.json",823
"frozen_outputs/R4E2_ZERO_SHOT_TRANSFER_OUTPUT/day_03/source_04/routes/RL-FF-CVaR.json",661
"frozen_outputs/R4E2_ZERO_SHOT_TRANSFER_OUTPUT/day_03/source_04/routes/RL-FF-Mean.json",661
"frozen_outputs/R4E2_ZERO_SHOT_TRANSFER_OUTPUT/day_03/source_04/routes/RL-GRU-CVaR.json",661
"frozen_outputs/R4E2_ZERO_SHOT_TRANSFER_OUTPUT/day_03/source_04/routes/RL-GRU-Mean.json",661
"frozen_outputs/R4E2_ZERO_SHOT_TRANSFER_OUTPUT/day_03/source_04/routes/Uniform-CVaR.json",661
"frozen_outputs/R4E2_ZERO_SHOT_TRANSFER_OUTPUT/day_03/source_04/routes/Uniform-Mean.json",661
"frozen_outputs/R4E2_ZERO_SHOT_TRANSFER_OUTPUT/day_03/source_04/summary.csv",2104
"frozen_outputs/R4E2_ZERO_SHOT_TRANSFER_OUTPUT/day_03/source_05/contrasts.csv",268
"frozen_outputs/R4E2_ZERO_SHOT_TRANSFER_OUTPUT/day_03/source_05/logs/RL-FF-CVaR_search.csv",19107
"frozen_outputs/R4E2_ZERO_SHOT_TRANSFER_OUTPUT/day_03/source_05/logs/RL-FF-Mean_search.csv",19240
"frozen_outputs/R4E2_ZERO_SHOT_TRANSFER_OUTPUT/day_03/source_05/logs/RL-GRU-CVaR_search.csv",19281
"frozen_outputs/R4E2_ZERO_SHOT_TRANSFER_OUTPUT/day_03/source_05/logs/RL-GRU-Mean_search.csv",18999
"frozen_outputs/R4E2_ZERO_SHOT_TRANSFER_OUTPUT/day_03/source_05/logs/Uniform-CVaR_search.csv",20042
"frozen_outputs/R4E2_ZERO_SHOT_TRANSFER_OUTPUT/day_03/source_05/logs/Uniform-Mean_search.csv",19549
"frozen_outputs/R4E2_ZERO_SHOT_TRANSFER_OUTPUT/day_03/source_05/per_scenario_tardiness.csv",42768
"frozen_outputs/R4E2_ZERO_SHOT_TRANSFER_OUTPUT/day_03/source_05/report.json",823
"frozen_outputs/R4E2_ZERO_SHOT_TRANSFER_OUTPUT/day_03/source_05/routes/RL-FF-CVaR.json",661
"frozen_outputs/R4E2_ZERO_SHOT_TRANSFER_OUTPUT/day_03/source_05/routes/RL-FF-Mean.json",661
"frozen_outputs/R4E2_ZERO_SHOT_TRANSFER_OUTPUT/day_03/source_05/routes/RL-GRU-CVaR.json",661
"frozen_outputs/R4E2_ZERO_SHOT_TRANSFER_OUTPUT/day_03/source_05/routes/RL-GRU-Mean.json",661
"frozen_outputs/R4E2_ZERO_SHOT_TRANSFER_OUTPUT/day_03/source_05/routes/Uniform-CVaR.json",661
"frozen_outputs/R4E2_ZERO_SHOT_TRANSFER_OUTPUT/day_03/source_05/routes/Uniform-Mean.json",661
"frozen_outputs/R4E2_ZERO_SHOT_TRANSFER_OUTPUT/day_03/source_05/summary.csv",2103
"frozen_outputs/R4E2_ZERO_SHOT_TRANSFER_OUTPUT/day_03/source_06/contrasts.csv",241
"frozen_outputs/R4E2_ZERO_SHOT_TRANSFER_OUTPUT/day_03/source_06/logs/RL-FF-CVaR_search.csv",20882
"frozen_outputs/R4E2_ZERO_SHOT_TRANSFER_OUTPUT/day_03/source_06/logs/RL-FF-Mean_search.csv",21364
"frozen_outputs/R4E2_ZERO_SHOT_TRANSFER_OUTPUT/day_03/source_06/logs/RL-GRU-CVaR_search.csv",19176
"frozen_outputs/R4E2_ZERO_SHOT_TRANSFER_OUTPUT/day_03/source_06/logs/RL-GRU-Mean_search.csv",21295
"frozen_outputs/R4E2_ZERO_SHOT_TRANSFER_OUTPUT/day_03/source_06/logs/Uniform-CVaR_search.csv",19754
"frozen_outputs/R4E2_ZERO_SHOT_TRANSFER_OUTPUT/day_03/source_06/logs/Uniform-Mean_search.csv",20603
"frozen_outputs/R4E2_ZERO_SHOT_TRANSFER_OUTPUT/day_03/source_06/per_scenario_tardiness.csv",49709
"frozen_outputs/R4E2_ZERO_SHOT_TRANSFER_OUTPUT/day_03/source_06/report.json",823
"frozen_outputs/R4E2_ZERO_SHOT_TRANSFER_OUTPUT/day_03/source_06/routes/RL-FF-CVaR.json",661
"frozen_outputs/R4E2_ZERO_SHOT_TRANSFER_OUTPUT/day_03/source_06/routes/RL-FF-Mean.json",661
"frozen_outputs/R4E2_ZERO_SHOT_TRANSFER_OUTPUT/day_03/source_06/routes/RL-GRU-CVaR.json",661
"frozen_outputs/R4E2_ZERO_SHOT_TRANSFER_OUTPUT/day_03/source_06/routes/RL-GRU-Mean.json",661
"frozen_outputs/R4E2_ZERO_SHOT_TRANSFER_OUTPUT/day_03/source_06/routes/Uniform-CVaR.json",661
"frozen_outputs/R4E2_ZERO_SHOT_TRANSFER_OUTPUT/day_03/source_06/routes/Uniform-Mean.json",661
"frozen_outputs/R4E2_ZERO_SHOT_TRANSFER_OUTPUT/day_03/source_06/summary.csv",2099
"frozen_outputs/R4E2_ZERO_SHOT_TRANSFER_OUTPUT/day_03/source_07/contrasts.csv",284
"frozen_outputs/R4E2_ZERO_SHOT_TRANSFER_OUTPUT/day_03/source_07/logs/RL-FF-CVaR_search.csv",19196
"frozen_outputs/R4E2_ZERO_SHOT_TRANSFER_OUTPUT/day_03/source_07/logs/RL-FF-Mean_search.csv",19707
"frozen_outputs/R4E2_ZERO_SHOT_TRANSFER_OUTPUT/day_03/source_07/logs/RL-GRU-CVaR_search.csv",18832
"frozen_outputs/R4E2_ZERO_SHOT_TRANSFER_OUTPUT/day_03/source_07/logs/RL-GRU-Mean_search.csv",20631
"frozen_outputs/R4E2_ZERO_SHOT_TRANSFER_OUTPUT/day_03/source_07/logs/Uniform-CVaR_search.csv",19392
"frozen_outputs/R4E2_ZERO_SHOT_TRANSFER_OUTPUT/day_03/source_07/logs/Uniform-Mean_search.csv",20135
"frozen_outputs/R4E2_ZERO_SHOT_TRANSFER_OUTPUT/day_03/source_07/per_scenario_tardiness.csv",50499
"frozen_outputs/R4E2_ZERO_SHOT_TRANSFER_OUTPUT/day_03/source_07/report.json",823
"frozen_outputs/R4E2_ZERO_SHOT_TRANSFER_OUTPUT/day_03/source_07/routes/RL-FF-CVaR.json",661
"frozen_outputs/R4E2_ZERO_SHOT_TRANSFER_OUTPUT/day_03/source_07/routes/RL-FF-Mean.json",661
"frozen_outputs/R4E2_ZERO_SHOT_TRANSFER_OUTPUT/day_03/source_07/routes/RL-GRU-CVaR.json",661
"frozen_outputs/R4E2_ZERO_SHOT_TRANSFER_OUTPUT/day_03/source_07/routes/RL-GRU-Mean.json",661
"frozen_outputs/R4E2_ZERO_SHOT_TRANSFER_OUTPUT/day_03/source_07/routes/Uniform-CVaR.json",661
"frozen_outputs/R4E2_ZERO_SHOT_TRANSFER_OUTPUT/day_03/source_07/routes/Uniform-Mean.json",661
"frozen_outputs/R4E2_ZERO_SHOT_TRANSFER_OUTPUT/day_03/source_07/summary.csv",2099
"frozen_outputs/R4E2_ZERO_SHOT_TRANSFER_OUTPUT/day_03/source_08/contrasts.csv",272
"frozen_outputs/R4E2_ZERO_SHOT_TRANSFER_OUTPUT/day_03/source_08/logs/RL-FF-CVaR_search.csv",17965
"frozen_outputs/R4E2_ZERO_SHOT_TRANSFER_OUTPUT/day_03/source_08/logs/RL-FF-Mean_search.csv",20823
"frozen_outputs/R4E2_ZERO_SHOT_TRANSFER_OUTPUT/day_03/source_08/logs/RL-GRU-CVaR_search.csv",18863
"frozen_outputs/R4E2_ZERO_SHOT_TRANSFER_OUTPUT/day_03/source_08/logs/RL-GRU-Mean_search.csv",18798
"frozen_outputs/R4E2_ZERO_SHOT_TRANSFER_OUTPUT/day_03/source_08/logs/Uniform-CVaR_search.csv",18320
"frozen_outputs/R4E2_ZERO_SHOT_TRANSFER_OUTPUT/day_03/source_08/logs/Uniform-Mean_search.csv",19159
"frozen_outputs/R4E2_ZERO_SHOT_TRANSFER_OUTPUT/day_03/source_08/per_scenario_tardiness.csv",48067
"frozen_outputs/R4E2_ZERO_SHOT_TRANSFER_OUTPUT/day_03/source_08/report.json",823
"frozen_outputs/R4E2_ZERO_SHOT_TRANSFER_OUTPUT/day_03/source_08/routes/RL-FF-CVaR.json",661
"frozen_outputs/R4E2_ZERO_SHOT_TRANSFER_OUTPUT/day_03/source_08/routes/RL-FF-Mean.json",661
"frozen_outputs/R4E2_ZERO_SHOT_TRANSFER_OUTPUT/day_03/source_08/routes/RL-GRU-CVaR.json",661
"frozen_outputs/R4E2_ZERO_SHOT_TRANSFER_OUTPUT/day_03/source_08/routes/RL-GRU-Mean.json",661
"frozen_outputs/R4E2_ZERO_SHOT_TRANSFER_OUTPUT/day_03/source_08/routes/Uniform-CVaR.json",661
"frozen_outputs/R4E2_ZERO_SHOT_TRANSFER_OUTPUT/day_03/source_08/routes/Uniform-Mean.json",661
"frozen_outputs/R4E2_ZERO_SHOT_TRANSFER_OUTPUT/day_03/source_08/summary.csv",2114
"frozen_outputs/R4E2_ZERO_SHOT_TRANSFER_OUTPUT/day_03/source_09/contrasts.csv",238
"frozen_outputs/R4E2_ZERO_SHOT_TRANSFER_OUTPUT/day_03/source_09/logs/RL-FF-CVaR_search.csv",19039
"frozen_outputs/R4E2_ZERO_SHOT_TRANSFER_OUTPUT/day_03/source_09/logs/RL-FF-Mean_search.csv",18997
"frozen_outputs/R4E2_ZERO_SHOT_TRANSFER_OUTPUT/day_03/source_09/logs/RL-GRU-CVaR_search.csv",19889
"frozen_outputs/R4E2_ZERO_SHOT_TRANSFER_OUTPUT/day_03/source_09/logs/RL-GRU-Mean_search.csv",20440
"frozen_outputs/R4E2_ZERO_SHOT_TRANSFER_OUTPUT/day_03/source_09/logs/Uniform-CVaR_search.csv",20055
"frozen_outputs/R4E2_ZERO_SHOT_TRANSFER_OUTPUT/day_03/source_09/logs/Uniform-Mean_search.csv",20624
"frozen_outputs/R4E2_ZERO_SHOT_TRANSFER_OUTPUT/day_03/source_09/per_scenario_tardiness.csv",46250
"frozen_outputs/R4E2_ZERO_SHOT_TRANSFER_OUTPUT/day_03/source_09/report.json",823
"frozen_outputs/R4E2_ZERO_SHOT_TRANSFER_OUTPUT/day_03/source_09/routes/RL-FF-CVaR.json",661
"frozen_outputs/R4E2_ZERO_SHOT_TRANSFER_OUTPUT/day_03/source_09/routes/RL-FF-Mean.json",661
"frozen_outputs/R4E2_ZERO_SHOT_TRANSFER_OUTPUT/day_03/source_09/routes/RL-GRU-CVaR.json",661
"frozen_outputs/R4E2_ZERO_SHOT_TRANSFER_OUTPUT/day_03/source_09/routes/RL-GRU-Mean.json",661
"frozen_outputs/R4E2_ZERO_SHOT_TRANSFER_OUTPUT/day_03/source_09/routes/Uniform-CVaR.json",661
"frozen_outputs/R4E2_ZERO_SHOT_TRANSFER_OUTPUT/day_03/source_09/routes/Uniform-Mean.json",661
"frozen_outputs/R4E2_ZERO_SHOT_TRANSFER_OUTPUT/day_03/source_09/summary.csv",2094
"frozen_outputs/R4E2_ZERO_SHOT_TRANSFER_OUTPUT/day_03/source_10/contrasts.csv",283
"frozen_outputs/R4E2_ZERO_SHOT_TRANSFER_OUTPUT/day_03/source_10/logs/RL-FF-CVaR_search.csv",18632
"frozen_outputs/R4E2_ZERO_SHOT_TRANSFER_OUTPUT/day_03/source_10/logs/RL-FF-Mean_search.csv",19808
"frozen_outputs/R4E2_ZERO_SHOT_TRANSFER_OUTPUT/day_03/source_10/logs/RL-GRU-CVaR_search.csv",19554
"frozen_outputs/R4E2_ZERO_SHOT_TRANSFER_OUTPUT/day_03/source_10/logs/RL-GRU-Mean_search.csv",19751
"frozen_outputs/R4E2_ZERO_SHOT_TRANSFER_OUTPUT/day_03/source_10/logs/Uniform-CVaR_search.csv",19290
"frozen_outputs/R4E2_ZERO_SHOT_TRANSFER_OUTPUT/day_03/source_10/logs/Uniform-Mean_search.csv",19833
"frozen_outputs/R4E2_ZERO_SHOT_TRANSFER_OUTPUT/day_03/source_10/per_scenario_tardiness.csv",45442
"frozen_outputs/R4E2_ZERO_SHOT_TRANSFER_OUTPUT/day_03/source_10/report.json",824
"frozen_outputs/R4E2_ZERO_SHOT_TRANSFER_OUTPUT/day_03/source_10/routes/RL-FF-CVaR.json",661
"frozen_outputs/R4E2_ZERO_SHOT_TRANSFER_OUTPUT/day_03/source_10/routes/RL-FF-Mean.json",661
"frozen_outputs/R4E2_ZERO_SHOT_TRANSFER_OUTPUT/day_03/source_10/routes/RL-GRU-CVaR.json",661
"frozen_outputs/R4E2_ZERO_SHOT_TRANSFER_OUTPUT/day_03/source_10/routes/RL-GRU-Mean.json",661
"frozen_outputs/R4E2_ZERO_SHOT_TRANSFER_OUTPUT/day_03/source_10/routes/Uniform-CVaR.json",661
"frozen_outputs/R4E2_ZERO_SHOT_TRANSFER_OUTPUT/day_03/source_10/routes/Uniform-Mean.json",661
"frozen_outputs/R4E2_ZERO_SHOT_TRANSFER_OUTPUT/day_03/source_10/summary.csv",2097
"frozen_outputs/R4E2_ZERO_SHOT_TRANSFER_OUTPUT/day_04/source_01/contrasts.csv",284
"frozen_outputs/R4E2_ZERO_SHOT_TRANSFER_OUTPUT/day_04/source_01/logs/RL-FF-CVaR_search.csv",21379
"frozen_outputs/R4E2_ZERO_SHOT_TRANSFER_OUTPUT/day_04/source_01/logs/RL-FF-Mean_search.csv",20467
"frozen_outputs/R4E2_ZERO_SHOT_TRANSFER_OUTPUT/day_04/source_01/logs/RL-GRU-CVaR_search.csv",20266
"frozen_outputs/R4E2_ZERO_SHOT_TRANSFER_OUTPUT/day_04/source_01/logs/RL-GRU-Mean_search.csv",20476
"frozen_outputs/R4E2_ZERO_SHOT_TRANSFER_OUTPUT/day_04/source_01/logs/Uniform-CVaR_search.csv",21976
"frozen_outputs/R4E2_ZERO_SHOT_TRANSFER_OUTPUT/day_04/source_01/logs/Uniform-Mean_search.csv",21802
"frozen_outputs/R4E2_ZERO_SHOT_TRANSFER_OUTPUT/day_04/source_01/per_scenario_tardiness.csv",74550
"frozen_outputs/R4E2_ZERO_SHOT_TRANSFER_OUTPUT/day_04/source_01/report.json",823
"frozen_outputs/R4E2_ZERO_SHOT_TRANSFER_OUTPUT/day_04/source_01/routes/RL-FF-CVaR.json",677
"frozen_outputs/R4E2_ZERO_SHOT_TRANSFER_OUTPUT/day_04/source_01/routes/RL-FF-Mean.json",677
"frozen_outputs/R4E2_ZERO_SHOT_TRANSFER_OUTPUT/day_04/source_01/routes/RL-GRU-CVaR.json",677
"frozen_outputs/R4E2_ZERO_SHOT_TRANSFER_OUTPUT/day_04/source_01/routes/RL-GRU-Mean.json",677
"frozen_outputs/R4E2_ZERO_SHOT_TRANSFER_OUTPUT/day_04/source_01/routes/Uniform-CVaR.json",677
"frozen_outputs/R4E2_ZERO_SHOT_TRANSFER_OUTPUT/day_04/source_01/routes/Uniform-Mean.json",677
"frozen_outputs/R4E2_ZERO_SHOT_TRANSFER_OUTPUT/day_04/source_01/summary.csv",2095
"frozen_outputs/R4E2_ZERO_SHOT_TRANSFER_OUTPUT/day_04/source_02/contrasts.csv",285
"frozen_outputs/R4E2_ZERO_SHOT_TRANSFER_OUTPUT/day_04/source_02/logs/RL-FF-CVaR_search.csv",19895
"frozen_outputs/R4E2_ZERO_SHOT_TRANSFER_OUTPUT/day_04/source_02/logs/RL-FF-Mean_search.csv",20583
"frozen_outputs/R4E2_ZERO_SHOT_TRANSFER_OUTPUT/day_04/source_02/logs/RL-GRU-CVaR_search.csv",18829
"frozen_outputs/R4E2_ZERO_SHOT_TRANSFER_OUTPUT/day_04/source_02/logs/RL-GRU-Mean_search.csv",19931
"frozen_outputs/R4E2_ZERO_SHOT_TRANSFER_OUTPUT/day_04/source_02/logs/Uniform-CVaR_search.csv",19438
"frozen_outputs/R4E2_ZERO_SHOT_TRANSFER_OUTPUT/day_04/source_02/logs/Uniform-Mean_search.csv",19226
"frozen_outputs/R4E2_ZERO_SHOT_TRANSFER_OUTPUT/day_04/source_02/per_scenario_tardiness.csv",52037
"frozen_outputs/R4E2_ZERO_SHOT_TRANSFER_OUTPUT/day_04/source_02/report.json",823
"frozen_outputs/R4E2_ZERO_SHOT_TRANSFER_OUTPUT/day_04/source_02/routes/RL-FF-CVaR.json",677
"frozen_outputs/R4E2_ZERO_SHOT_TRANSFER_OUTPUT/day_04/source_02/routes/RL-FF-Mean.json",677
"frozen_outputs/R4E2_ZERO_SHOT_TRANSFER_OUTPUT/day_04/source_02/routes/RL-GRU-CVaR.json",677
"frozen_outputs/R4E2_ZERO_SHOT_TRANSFER_OUTPUT/day_04/source_02/routes/RL-GRU-Mean.json",677
"frozen_outputs/R4E2_ZERO_SHOT_TRANSFER_OUTPUT/day_04/source_02/routes/Uniform-CVaR.json",677
"frozen_outputs/R4E2_ZERO_SHOT_TRANSFER_OUTPUT/day_04/source_02/routes/Uniform-Mean.json",677
"frozen_outputs/R4E2_ZERO_SHOT_TRANSFER_OUTPUT/day_04/source_02/summary.csv",2106
"frozen_outputs/R4E2_ZERO_SHOT_TRANSFER_OUTPUT/day_04/source_03/contrasts.csv",287
"frozen_outputs/R4E2_ZERO_SHOT_TRANSFER_OUTPUT/day_04/source_03/logs/RL-FF-CVaR_search.csv",18616
"frozen_outputs/R4E2_ZERO_SHOT_TRANSFER_OUTPUT/day_04/source_03/logs/RL-FF-Mean_search.csv",28308
"frozen_outputs/R4E2_ZERO_SHOT_TRANSFER_OUTPUT/day_04/source_03/logs/RL-GRU-CVaR_search.csv",19515
"frozen_outputs/R4E2_ZERO_SHOT_TRANSFER_OUTPUT/day_04/source_03/logs/RL-GRU-Mean_search.csv",21070
"frozen_outputs/R4E2_ZERO_SHOT_TRANSFER_OUTPUT/day_04/source_03/logs/Uniform-CVaR_search.csv",18321
"frozen_outputs/R4E2_ZERO_SHOT_TRANSFER_OUTPUT/day_04/source_03/logs/Uniform-Mean_search.csv",23369
"frozen_outputs/R4E2_ZERO_SHOT_TRANSFER_OUTPUT/day_04/source_03/per_scenario_tardiness.csv",55034
"frozen_outputs/R4E2_ZERO_SHOT_TRANSFER_OUTPUT/day_04/source_03/report.json",823
"frozen_outputs/R4E2_ZERO_SHOT_TRANSFER_OUTPUT/day_04/source_03/routes/RL-FF-CVaR.json",677
"frozen_outputs/R4E2_ZERO_SHOT_TRANSFER_OUTPUT/day_04/source_03/routes/RL-FF-Mean.json",677
"frozen_outputs/R4E2_ZERO_SHOT_TRANSFER_OUTPUT/day_04/source_03/routes/RL-GRU-CVaR.json",677
"frozen_outputs/R4E2_ZERO_SHOT_TRANSFER_OUTPUT/day_04/source_03/routes/RL-GRU-Mean.json",677
"frozen_outputs/R4E2_ZERO_SHOT_TRANSFER_OUTPUT/day_04/source_03/routes/Uniform-CVaR.json",677
"frozen_outputs/R4E2_ZERO_SHOT_TRANSFER_OUTPUT/day_04/source_03/routes/Uniform-Mean.json",677
"frozen_outputs/R4E2_ZERO_SHOT_TRANSFER_OUTPUT/day_04/source_03/summary.csv",2103
"frozen_outputs/R4E2_ZERO_SHOT_TRANSFER_OUTPUT/day_04/source_04/contrasts.csv",270
"frozen_outputs/R4E2_ZERO_SHOT_TRANSFER_OUTPUT/day_04/source_04/logs/RL-FF-CVaR_search.csv",22975
"frozen_outputs/R4E2_ZERO_SHOT_TRANSFER_OUTPUT/day_04/source_04/logs/RL-FF-Mean_search.csv",23176
"frozen_outputs/R4E2_ZERO_SHOT_TRANSFER_OUTPUT/day_04/source_04/logs/RL-GRU-CVaR_search.csv",21479
"frozen_outputs/R4E2_ZERO_SHOT_TRANSFER_OUTPUT/day_04/source_04/logs/RL-GRU-Mean_search.csv",19626
"frozen_outputs/R4E2_ZERO_SHOT_TRANSFER_OUTPUT/day_04/source_04/logs/Uniform-CVaR_search.csv",20586
"frozen_outputs/R4E2_ZERO_SHOT_TRANSFER_OUTPUT/day_04/source_04/logs/Uniform-Mean_search.csv",23719
"frozen_outputs/R4E2_ZERO_SHOT_TRANSFER_OUTPUT/day_04/source_04/per_scenario_tardiness.csv",60668
"frozen_outputs/R4E2_ZERO_SHOT_TRANSFER_OUTPUT/day_04/source_04/report.json",823
"frozen_outputs/R4E2_ZERO_SHOT_TRANSFER_OUTPUT/day_04/source_04/routes/RL-FF-CVaR.json",677
"frozen_outputs/R4E2_ZERO_SHOT_TRANSFER_OUTPUT/day_04/source_04/routes/RL-FF-Mean.json",677
"frozen_outputs/R4E2_ZERO_SHOT_TRANSFER_OUTPUT/day_04/source_04/routes/RL-GRU-CVaR.json",677
"frozen_outputs/R4E2_ZERO_SHOT_TRANSFER_OUTPUT/day_04/source_04/routes/RL-GRU-Mean.json",677
"frozen_outputs/R4E2_ZERO_SHOT_TRANSFER_OUTPUT/day_04/source_04/routes/Uniform-CVaR.json",677
"frozen_outputs/R4E2_ZERO_SHOT_TRANSFER_OUTPUT/day_04/source_04/routes/Uniform-Mean.json",677
"frozen_outputs/R4E2_ZERO_SHOT_TRANSFER_OUTPUT/day_04/source_04/summary.csv",2101
"frozen_outputs/R4E2_ZERO_SHOT_TRANSFER_OUTPUT/day_04/source_05/contrasts.csv",285
"frozen_outputs/R4E2_ZERO_SHOT_TRANSFER_OUTPUT/day_04/source_05/logs/RL-FF-CVaR_search.csv",19454
"frozen_outputs/R4E2_ZERO_SHOT_TRANSFER_OUTPUT/day_04/source_05/logs/RL-FF-Mean_search.csv",27804
"frozen_outputs/R4E2_ZERO_SHOT_TRANSFER_OUTPUT/day_04/source_05/logs/RL-GRU-CVaR_search.csv",20131
"frozen_outputs/R4E2_ZERO_SHOT_TRANSFER_OUTPUT/day_04/source_05/logs/RL-GRU-Mean_search.csv",25125
"frozen_outputs/R4E2_ZERO_SHOT_TRANSFER_OUTPUT/day_04/source_05/logs/Uniform-CVaR_search.csv",19472
"frozen_outputs/R4E2_ZERO_SHOT_TRANSFER_OUTPUT/day_04/source_05/logs/Uniform-Mean_search.csv",19717
"frozen_outputs/R4E2_ZERO_SHOT_TRANSFER_OUTPUT/day_04/source_05/per_scenario_tardiness.csv",73521
"frozen_outputs/R4E2_ZERO_SHOT_TRANSFER_OUTPUT/day_04/source_05/report.json",823
"frozen_outputs/R4E2_ZERO_SHOT_TRANSFER_OUTPUT/day_04/source_05/routes/RL-FF-CVaR.json",677
"frozen_outputs/R4E2_ZERO_SHOT_TRANSFER_OUTPUT/day_04/source_05/routes/RL-FF-Mean.json",677
"frozen_outputs/R4E2_ZERO_SHOT_TRANSFER_OUTPUT/day_04/source_05/routes/RL-GRU-CVaR.json",677
"frozen_outputs/R4E2_ZERO_SHOT_TRANSFER_OUTPUT/day_04/source_05/routes/RL-GRU-Mean.json",677
"frozen_outputs/R4E2_ZERO_SHOT_TRANSFER_OUTPUT/day_04/source_05/routes/Uniform-CVaR.json",677
"frozen_outputs/R4E2_ZERO_SHOT_TRANSFER_OUTPUT/day_04/source_05/routes/Uniform-Mean.json",677
"frozen_outputs/R4E2_ZERO_SHOT_TRANSFER_OUTPUT/day_04/source_05/summary.csv",2108
"frozen_outputs/R4E2_ZERO_SHOT_TRANSFER_OUTPUT/day_04/source_06/contrasts.csv",285
"frozen_outputs/R4E2_ZERO_SHOT_TRANSFER_OUTPUT/day_04/source_06/logs/RL-FF-CVaR_search.csv",18323
"frozen_outputs/R4E2_ZERO_SHOT_TRANSFER_OUTPUT/day_04/source_06/logs/RL-FF-Mean_search.csv",21340
"frozen_outputs/R4E2_ZERO_SHOT_TRANSFER_OUTPUT/day_04/source_06/logs/RL-GRU-CVaR_search.csv",19915
"frozen_outputs/R4E2_ZERO_SHOT_TRANSFER_OUTPUT/day_04/source_06/logs/RL-GRU-Mean_search.csv",20842
"frozen_outputs/R4E2_ZERO_SHOT_TRANSFER_OUTPUT/day_04/source_06/logs/Uniform-CVaR_search.csv",18975
"frozen_outputs/R4E2_ZERO_SHOT_TRANSFER_OUTPUT/day_04/source_06/logs/Uniform-Mean_search.csv",20303
"frozen_outputs/R4E2_ZERO_SHOT_TRANSFER_OUTPUT/day_04/source_06/per_scenario_tardiness.csv",54783
"frozen_outputs/R4E2_ZERO_SHOT_TRANSFER_OUTPUT/day_04/source_06/report.json",823
"frozen_outputs/R4E2_ZERO_SHOT_TRANSFER_OUTPUT/day_04/source_06/routes/RL-FF-CVaR.json",677
"frozen_outputs/R4E2_ZERO_SHOT_TRANSFER_OUTPUT/day_04/source_06/routes/RL-FF-Mean.json",677
"frozen_outputs/R4E2_ZERO_SHOT_TRANSFER_OUTPUT/day_04/source_06/routes/RL-GRU-CVaR.json",677
"frozen_outputs/R4E2_ZERO_SHOT_TRANSFER_OUTPUT/day_04/source_06/routes/RL-GRU-Mean.json",677
"frozen_outputs/R4E2_ZERO_SHOT_TRANSFER_OUTPUT/day_04/source_06/routes/Uniform-CVaR.json",677
"frozen_outputs/R4E2_ZERO_SHOT_TRANSFER_OUTPUT/day_04/source_06/routes/Uniform-Mean.json",677
"frozen_outputs/R4E2_ZERO_SHOT_TRANSFER_OUTPUT/day_04/source_06/summary.csv",2093
"frozen_outputs/R4E2_ZERO_SHOT_TRANSFER_OUTPUT/day_04/source_07/contrasts.csv",283
"frozen_outputs/R4E2_ZERO_SHOT_TRANSFER_OUTPUT/day_04/source_07/logs/RL-FF-CVaR_search.csv",18562
"frozen_outputs/R4E2_ZERO_SHOT_TRANSFER_OUTPUT/day_04/source_07/logs/RL-FF-Mean_search.csv",20920
"frozen_outputs/R4E2_ZERO_SHOT_TRANSFER_OUTPUT/day_04/source_07/logs/RL-GRU-CVaR_search.csv",20464
"frozen_outputs/R4E2_ZERO_SHOT_TRANSFER_OUTPUT/day_04/source_07/logs/RL-GRU-Mean_search.csv",24220
"frozen_outputs/R4E2_ZERO_SHOT_TRANSFER_OUTPUT/day_04/source_07/logs/Uniform-CVaR_search.csv",20068
"frozen_outputs/R4E2_ZERO_SHOT_TRANSFER_OUTPUT/day_04/source_07/logs/Uniform-Mean_search.csv",19563
"frozen_outputs/R4E2_ZERO_SHOT_TRANSFER_OUTPUT/day_04/source_07/per_scenario_tardiness.csv",54611
"frozen_outputs/R4E2_ZERO_SHOT_TRANSFER_OUTPUT/day_04/source_07/report.json",823
"frozen_outputs/R4E2_ZERO_SHOT_TRANSFER_OUTPUT/day_04/source_07/routes/RL-FF-CVaR.json",677
"frozen_outputs/R4E2_ZERO_SHOT_TRANSFER_OUTPUT/day_04/source_07/routes/RL-FF-Mean.json",677
"frozen_outputs/R4E2_ZERO_SHOT_TRANSFER_OUTPUT/day_04/source_07/routes/RL-GRU-CVaR.json",677
"frozen_outputs/R4E2_ZERO_SHOT_TRANSFER_OUTPUT/day_04/source_07/routes/RL-GRU-Mean.json",677
"frozen_outputs/R4E2_ZERO_SHOT_TRANSFER_OUTPUT/day_04/source_07/routes/Uniform-CVaR.json",677
"frozen_outputs/R4E2_ZERO_SHOT_TRANSFER_OUTPUT/day_04/source_07/routes/Uniform-Mean.json",677
"frozen_outputs/R4E2_ZERO_SHOT_TRANSFER_OUTPUT/day_04/source_07/summary.csv",2102
"frozen_outputs/R4E2_ZERO_SHOT_TRANSFER_OUTPUT/day_04/source_08/contrasts.csv",283
"frozen_outputs/R4E2_ZERO_SHOT_TRANSFER_OUTPUT/day_04/source_08/logs/RL-FF-CVaR_search.csv",21642
"frozen_outputs/R4E2_ZERO_SHOT_TRANSFER_OUTPUT/day_04/source_08/logs/RL-FF-Mean_search.csv",21447
"frozen_outputs/R4E2_ZERO_SHOT_TRANSFER_OUTPUT/day_04/source_08/logs/RL-GRU-CVaR_search.csv",20469
"frozen_outputs/R4E2_ZERO_SHOT_TRANSFER_OUTPUT/day_04/source_08/logs/RL-GRU-Mean_search.csv",22320
"frozen_outputs/R4E2_ZERO_SHOT_TRANSFER_OUTPUT/day_04/source_08/logs/Uniform-CVaR_search.csv",19192
"frozen_outputs/R4E2_ZERO_SHOT_TRANSFER_OUTPUT/day_04/source_08/logs/Uniform-Mean_search.csv",21639
"frozen_outputs/R4E2_ZERO_SHOT_TRANSFER_OUTPUT/day_04/source_08/per_scenario_tardiness.csv",71060
"frozen_outputs/R4E2_ZERO_SHOT_TRANSFER_OUTPUT/day_04/source_08/report.json",823
"frozen_outputs/R4E2_ZERO_SHOT_TRANSFER_OUTPUT/day_04/source_08/routes/RL-FF-CVaR.json",677
"frozen_outputs/R4E2_ZERO_SHOT_TRANSFER_OUTPUT/day_04/source_08/routes/RL-FF-Mean.json",677
"frozen_outputs/R4E2_ZERO_SHOT_TRANSFER_OUTPUT/day_04/source_08/routes/RL-GRU-CVaR.json",677
"frozen_outputs/R4E2_ZERO_SHOT_TRANSFER_OUTPUT/day_04/source_08/routes/RL-GRU-Mean.json",677
"frozen_outputs/R4E2_ZERO_SHOT_TRANSFER_OUTPUT/day_04/source_08/routes/Uniform-CVaR.json",677
"frozen_outputs/R4E2_ZERO_SHOT_TRANSFER_OUTPUT/day_04/source_08/routes/Uniform-Mean.json",677
"frozen_outputs/R4E2_ZERO_SHOT_TRANSFER_OUTPUT/day_04/source_08/summary.csv",2097
"frozen_outputs/R4E2_ZERO_SHOT_TRANSFER_OUTPUT/day_04/source_09/contrasts.csv",282
"frozen_outputs/R4E2_ZERO_SHOT_TRANSFER_OUTPUT/day_04/source_09/logs/RL-FF-CVaR_search.csv",19445
"frozen_outputs/R4E2_ZERO_SHOT_TRANSFER_OUTPUT/day_04/source_09/logs/RL-FF-Mean_search.csv",21272
"frozen_outputs/R4E2_ZERO_SHOT_TRANSFER_OUTPUT/day_04/source_09/logs/RL-GRU-CVaR_search.csv",19969
"frozen_outputs/R4E2_ZERO_SHOT_TRANSFER_OUTPUT/day_04/source_09/logs/RL-GRU-Mean_search.csv",25403
"frozen_outputs/R4E2_ZERO_SHOT_TRANSFER_OUTPUT/day_04/source_09/logs/Uniform-CVaR_search.csv",20102
"frozen_outputs/R4E2_ZERO_SHOT_TRANSFER_OUTPUT/day_04/source_09/logs/Uniform-Mean_search.csv",27650
"frozen_outputs/R4E2_ZERO_SHOT_TRANSFER_OUTPUT/day_04/source_09/per_scenario_tardiness.csv",66164
"frozen_outputs/R4E2_ZERO_SHOT_TRANSFER_OUTPUT/day_04/source_09/report.json",823
"frozen_outputs/R4E2_ZERO_SHOT_TRANSFER_OUTPUT/day_04/source_09/routes/RL-FF-CVaR.json",677
"frozen_outputs/R4E2_ZERO_SHOT_TRANSFER_OUTPUT/day_04/source_09/routes/RL-FF-Mean.json",677
"frozen_outputs/R4E2_ZERO_SHOT_TRANSFER_OUTPUT/day_04/source_09/routes/RL-GRU-CVaR.json",677
"frozen_outputs/R4E2_ZERO_SHOT_TRANSFER_OUTPUT/day_04/source_09/routes/RL-GRU-Mean.json",677
"frozen_outputs/R4E2_ZERO_SHOT_TRANSFER_OUTPUT/day_04/source_09/routes/Uniform-CVaR.json",677
"frozen_outputs/R4E2_ZERO_SHOT_TRANSFER_OUTPUT/day_04/source_09/routes/Uniform-Mean.json",677
"frozen_outputs/R4E2_ZERO_SHOT_TRANSFER_OUTPUT/day_04/source_09/summary.csv",2095
"frozen_outputs/R4E2_ZERO_SHOT_TRANSFER_OUTPUT/day_04/source_10/contrasts.csv",282
"frozen_outputs/R4E2_ZERO_SHOT_TRANSFER_OUTPUT/day_04/source_10/logs/RL-FF-CVaR_search.csv",20254
"frozen_outputs/R4E2_ZERO_SHOT_TRANSFER_OUTPUT/day_04/source_10/logs/RL-FF-Mean_search.csv",24495
"frozen_outputs/R4E2_ZERO_SHOT_TRANSFER_OUTPUT/day_04/source_10/logs/RL-GRU-CVaR_search.csv",20572
"frozen_outputs/R4E2_ZERO_SHOT_TRANSFER_OUTPUT/day_04/source_10/logs/RL-GRU-Mean_search.csv",24945
"frozen_outputs/R4E2_ZERO_SHOT_TRANSFER_OUTPUT/day_04/source_10/logs/Uniform-CVaR_search.csv",20735
"frozen_outputs/R4E2_ZERO_SHOT_TRANSFER_OUTPUT/day_04/source_10/logs/Uniform-Mean_search.csv",21333
"frozen_outputs/R4E2_ZERO_SHOT_TRANSFER_OUTPUT/day_04/source_10/per_scenario_tardiness.csv",65616
"frozen_outputs/R4E2_ZERO_SHOT_TRANSFER_OUTPUT/day_04/source_10/report.json",824
"frozen_outputs/R4E2_ZERO_SHOT_TRANSFER_OUTPUT/day_04/source_10/routes/RL-FF-CVaR.json",677
"frozen_outputs/R4E2_ZERO_SHOT_TRANSFER_OUTPUT/day_04/source_10/routes/RL-FF-Mean.json",677
"frozen_outputs/R4E2_ZERO_SHOT_TRANSFER_OUTPUT/day_04/source_10/routes/RL-GRU-CVaR.json",677
"frozen_outputs/R4E2_ZERO_SHOT_TRANSFER_OUTPUT/day_04/source_10/routes/RL-GRU-Mean.json",677
"frozen_outputs/R4E2_ZERO_SHOT_TRANSFER_OUTPUT/day_04/source_10/routes/Uniform-CVaR.json",677
"frozen_outputs/R4E2_ZERO_SHOT_TRANSFER_OUTPUT/day_04/source_10/routes/Uniform-Mean.json",677
"frozen_outputs/R4E2_ZERO_SHOT_TRANSFER_OUTPUT/day_04/source_10/summary.csv",2097
"frozen_outputs/R4E2_ZERO_SHOT_TRANSFER_OUTPUT/day_05/source_01/contrasts.csv",285
"frozen_outputs/R4E2_ZERO_SHOT_TRANSFER_OUTPUT/day_05/source_01/logs/RL-FF-CVaR_search.csv",18694
"frozen_outputs/R4E2_ZERO_SHOT_TRANSFER_OUTPUT/day_05/source_01/logs/RL-FF-Mean_search.csv",18530
"frozen_outputs/R4E2_ZERO_SHOT_TRANSFER_OUTPUT/day_05/source_01/logs/RL-GRU-CVaR_search.csv",18241
"frozen_outputs/R4E2_ZERO_SHOT_TRANSFER_OUTPUT/day_05/source_01/logs/RL-GRU-Mean_search.csv",17930
"frozen_outputs/R4E2_ZERO_SHOT_TRANSFER_OUTPUT/day_05/source_01/logs/Uniform-CVaR_search.csv",21143
"frozen_outputs/R4E2_ZERO_SHOT_TRANSFER_OUTPUT/day_05/source_01/logs/Uniform-Mean_search.csv",18653
"frozen_outputs/R4E2_ZERO_SHOT_TRANSFER_OUTPUT/day_05/source_01/per_scenario_tardiness.csv",44757
"frozen_outputs/R4E2_ZERO_SHOT_TRANSFER_OUTPUT/day_05/source_01/report.json",823
"frozen_outputs/R4E2_ZERO_SHOT_TRANSFER_OUTPUT/day_05/source_01/routes/RL-FF-CVaR.json",725
"frozen_outputs/R4E2_ZERO_SHOT_TRANSFER_OUTPUT/day_05/source_01/routes/RL-FF-Mean.json",725
"frozen_outputs/R4E2_ZERO_SHOT_TRANSFER_OUTPUT/day_05/source_01/routes/RL-GRU-CVaR.json",725
"frozen_outputs/R4E2_ZERO_SHOT_TRANSFER_OUTPUT/day_05/source_01/routes/RL-GRU-Mean.json",725
"frozen_outputs/R4E2_ZERO_SHOT_TRANSFER_OUTPUT/day_05/source_01/routes/Uniform-CVaR.json",725
"frozen_outputs/R4E2_ZERO_SHOT_TRANSFER_OUTPUT/day_05/source_01/routes/Uniform-Mean.json",725
"frozen_outputs/R4E2_ZERO_SHOT_TRANSFER_OUTPUT/day_05/source_01/summary.csv",2090
"frozen_outputs/R4E2_ZERO_SHOT_TRANSFER_OUTPUT/day_05/source_02/contrasts.csv",281
"frozen_outputs/R4E2_ZERO_SHOT_TRANSFER_OUTPUT/day_05/source_02/logs/RL-FF-CVaR_search.csv",18277
"frozen_outputs/R4E2_ZERO_SHOT_TRANSFER_OUTPUT/day_05/source_02/logs/RL-FF-Mean_search.csv",19950
"frozen_outputs/R4E2_ZERO_SHOT_TRANSFER_OUTPUT/day_05/source_02/logs/RL-GRU-CVaR_search.csv",18441
"frozen_outputs/R4E2_ZERO_SHOT_TRANSFER_OUTPUT/day_05/source_02/logs/RL-GRU-Mean_search.csv",19203
"frozen_outputs/R4E2_ZERO_SHOT_TRANSFER_OUTPUT/day_05/source_02/logs/Uniform-CVaR_search.csv",18508
"frozen_outputs/R4E2_ZERO_SHOT_TRANSFER_OUTPUT/day_05/source_02/logs/Uniform-Mean_search.csv",19042
"frozen_outputs/R4E2_ZERO_SHOT_TRANSFER_OUTPUT/day_05/source_02/per_scenario_tardiness.csv",47634
"frozen_outputs/R4E2_ZERO_SHOT_TRANSFER_OUTPUT/day_05/source_02/report.json",823
"frozen_outputs/R4E2_ZERO_SHOT_TRANSFER_OUTPUT/day_05/source_02/routes/RL-FF-CVaR.json",725
"frozen_outputs/R4E2_ZERO_SHOT_TRANSFER_OUTPUT/day_05/source_02/routes/RL-FF-Mean.json",725
"frozen_outputs/R4E2_ZERO_SHOT_TRANSFER_OUTPUT/day_05/source_02/routes/RL-GRU-CVaR.json",725
"frozen_outputs/R4E2_ZERO_SHOT_TRANSFER_OUTPUT/day_05/source_02/routes/RL-GRU-Mean.json",725
"frozen_outputs/R4E2_ZERO_SHOT_TRANSFER_OUTPUT/day_05/source_02/routes/Uniform-CVaR.json",725
"frozen_outputs/R4E2_ZERO_SHOT_TRANSFER_OUTPUT/day_05/source_02/routes/Uniform-Mean.json",725
"frozen_outputs/R4E2_ZERO_SHOT_TRANSFER_OUTPUT/day_05/source_02/summary.csv",2091
"frozen_outputs/R4E2_ZERO_SHOT_TRANSFER_OUTPUT/day_05/source_03/contrasts.csv",279
"frozen_outputs/R4E2_ZERO_SHOT_TRANSFER_OUTPUT/day_05/source_03/logs/RL-FF-CVaR_search.csv",18467
"frozen_outputs/R4E2_ZERO_SHOT_TRANSFER_OUTPUT/day_05/source_03/logs/RL-FF-Mean_search.csv",18442
"frozen_outputs/R4E2_ZERO_SHOT_TRANSFER_OUTPUT/day_05/source_03/logs/RL-GRU-CVaR_search.csv",18925
"frozen_outputs/R4E2_ZERO_SHOT_TRANSFER_OUTPUT/day_05/source_03/logs/RL-GRU-Mean_search.csv",18795
"frozen_outputs/R4E2_ZERO_SHOT_TRANSFER_OUTPUT/day_05/source_03/logs/Uniform-CVaR_search.csv",17903
"frozen_outputs/R4E2_ZERO_SHOT_TRANSFER_OUTPUT/day_05/source_03/logs/Uniform-Mean_search.csv",19426
"frozen_outputs/R4E2_ZERO_SHOT_TRANSFER_OUTPUT/day_05/source_03/per_scenario_tardiness.csv",56614
"frozen_outputs/R4E2_ZERO_SHOT_TRANSFER_OUTPUT/day_05/source_03/report.json",823
"frozen_outputs/R4E2_ZERO_SHOT_TRANSFER_OUTPUT/day_05/source_03/routes/RL-FF-CVaR.json",725
"frozen_outputs/R4E2_ZERO_SHOT_TRANSFER_OUTPUT/day_05/source_03/routes/RL-FF-Mean.json",725
"frozen_outputs/R4E2_ZERO_SHOT_TRANSFER_OUTPUT/day_05/source_03/routes/RL-GRU-CVaR.json",725
"frozen_outputs/R4E2_ZERO_SHOT_TRANSFER_OUTPUT/day_05/source_03/routes/RL-GRU-Mean.json",725
"frozen_outputs/R4E2_ZERO_SHOT_TRANSFER_OUTPUT/day_05/source_03/routes/Uniform-CVaR.json",725
"frozen_outputs/R4E2_ZERO_SHOT_TRANSFER_OUTPUT/day_05/source_03/routes/Uniform-Mean.json",725
"frozen_outputs/R4E2_ZERO_SHOT_TRANSFER_OUTPUT/day_05/source_03/summary.csv",2093
"frozen_outputs/R4E2_ZERO_SHOT_TRANSFER_OUTPUT/day_05/source_04/contrasts.csv",286
"frozen_outputs/R4E2_ZERO_SHOT_TRANSFER_OUTPUT/day_05/source_04/logs/RL-FF-CVaR_search.csv",18520
"frozen_outputs/R4E2_ZERO_SHOT_TRANSFER_OUTPUT/day_05/source_04/logs/RL-FF-Mean_search.csv",19020
"frozen_outputs/R4E2_ZERO_SHOT_TRANSFER_OUTPUT/day_05/source_04/logs/RL-GRU-CVaR_search.csv",17258
"frozen_outputs/R4E2_ZERO_SHOT_TRANSFER_OUTPUT/day_05/source_04/logs/RL-GRU-Mean_search.csv",18787
"frozen_outputs/R4E2_ZERO_SHOT_TRANSFER_OUTPUT/day_05/source_04/logs/Uniform-CVaR_search.csv",18563
"frozen_outputs/R4E2_ZERO_SHOT_TRANSFER_OUTPUT/day_05/source_04/logs/Uniform-Mean_search.csv",18108
"frozen_outputs/R4E2_ZERO_SHOT_TRANSFER_OUTPUT/day_05/source_04/per_scenario_tardiness.csv",48187
"frozen_outputs/R4E2_ZERO_SHOT_TRANSFER_OUTPUT/day_05/source_04/report.json",823
"frozen_outputs/R4E2_ZERO_SHOT_TRANSFER_OUTPUT/day_05/source_04/routes/RL-FF-CVaR.json",725
"frozen_outputs/R4E2_ZERO_SHOT_TRANSFER_OUTPUT/day_05/source_04/routes/RL-FF-Mean.json",725
"frozen_outputs/R4E2_ZERO_SHOT_TRANSFER_OUTPUT/day_05/source_04/routes/RL-GRU-CVaR.json",725
"frozen_outputs/R4E2_ZERO_SHOT_TRANSFER_OUTPUT/day_05/source_04/routes/RL-GRU-Mean.json",725
"frozen_outputs/R4E2_ZERO_SHOT_TRANSFER_OUTPUT/day_05/source_04/routes/Uniform-CVaR.json",725
"frozen_outputs/R4E2_ZERO_SHOT_TRANSFER_OUTPUT/day_05/source_04/routes/Uniform-Mean.json",725
"frozen_outputs/R4E2_ZERO_SHOT_TRANSFER_OUTPUT/day_05/source_04/summary.csv",2055
"frozen_outputs/R4E2_ZERO_SHOT_TRANSFER_OUTPUT/day_05/source_05/contrasts.csv",280
"frozen_outputs/R4E2_ZERO_SHOT_TRANSFER_OUTPUT/day_05/source_05/logs/RL-FF-CVaR_search.csv",19822
"frozen_outputs/R4E2_ZERO_SHOT_TRANSFER_OUTPUT/day_05/source_05/logs/RL-FF-Mean_search.csv",18647
"frozen_outputs/R4E2_ZERO_SHOT_TRANSFER_OUTPUT/day_05/source_05/logs/RL-GRU-CVaR_search.csv",19728
"frozen_outputs/R4E2_ZERO_SHOT_TRANSFER_OUTPUT/day_05/source_05/logs/RL-GRU-Mean_search.csv",18615
"frozen_outputs/R4E2_ZERO_SHOT_TRANSFER_OUTPUT/day_05/source_05/logs/Uniform-CVaR_search.csv",17970
"frozen_outputs/R4E2_ZERO_SHOT_TRANSFER_OUTPUT/day_05/source_05/logs/Uniform-Mean_search.csv",19466
"frozen_outputs/R4E2_ZERO_SHOT_TRANSFER_OUTPUT/day_05/source_05/per_scenario_tardiness.csv",52697
"frozen_outputs/R4E2_ZERO_SHOT_TRANSFER_OUTPUT/day_05/source_05/report.json",823
"frozen_outputs/R4E2_ZERO_SHOT_TRANSFER_OUTPUT/day_05/source_05/routes/RL-FF-CVaR.json",725
"frozen_outputs/R4E2_ZERO_SHOT_TRANSFER_OUTPUT/day_05/source_05/routes/RL-FF-Mean.json",725
"frozen_outputs/R4E2_ZERO_SHOT_TRANSFER_OUTPUT/day_05/source_05/routes/RL-GRU-CVaR.json",725
"frozen_outputs/R4E2_ZERO_SHOT_TRANSFER_OUTPUT/day_05/source_05/routes/RL-GRU-Mean.json",725
"frozen_outputs/R4E2_ZERO_SHOT_TRANSFER_OUTPUT/day_05/source_05/routes/Uniform-CVaR.json",725
"frozen_outputs/R4E2_ZERO_SHOT_TRANSFER_OUTPUT/day_05/source_05/routes/Uniform-Mean.json",725
"frozen_outputs/R4E2_ZERO_SHOT_TRANSFER_OUTPUT/day_05/source_05/summary.csv",2057
"frozen_outputs/R4E2_ZERO_SHOT_TRANSFER_OUTPUT/day_05/source_06/contrasts.csv",273
"frozen_outputs/R4E2_ZERO_SHOT_TRANSFER_OUTPUT/day_05/source_06/logs/RL-FF-CVaR_search.csv",20000
"frozen_outputs/R4E2_ZERO_SHOT_TRANSFER_OUTPUT/day_05/source_06/logs/RL-FF-Mean_search.csv",19140
"frozen_outputs/R4E2_ZERO_SHOT_TRANSFER_OUTPUT/day_05/source_06/logs/RL-GRU-CVaR_search.csv",18175
"frozen_outputs/R4E2_ZERO_SHOT_TRANSFER_OUTPUT/day_05/source_06/logs/RL-GRU-Mean_search.csv",18253
"frozen_outputs/R4E2_ZERO_SHOT_TRANSFER_OUTPUT/day_05/source_06/logs/Uniform-CVaR_search.csv",18920
"frozen_outputs/R4E2_ZERO_SHOT_TRANSFER_OUTPUT/day_05/source_06/logs/Uniform-Mean_search.csv",18339
"frozen_outputs/R4E2_ZERO_SHOT_TRANSFER_OUTPUT/day_05/source_06/per_scenario_tardiness.csv",49052
"frozen_outputs/R4E2_ZERO_SHOT_TRANSFER_OUTPUT/day_05/source_06/report.json",823
"frozen_outputs/R4E2_ZERO_SHOT_TRANSFER_OUTPUT/day_05/source_06/routes/RL-FF-CVaR.json",725
"frozen_outputs/R4E2_ZERO_SHOT_TRANSFER_OUTPUT/day_05/source_06/routes/RL-FF-Mean.json",725
"frozen_outputs/R4E2_ZERO_SHOT_TRANSFER_OUTPUT/day_05/source_06/routes/RL-GRU-CVaR.json",725
"frozen_outputs/R4E2_ZERO_SHOT_TRANSFER_OUTPUT/day_05/source_06/routes/RL-GRU-Mean.json",725
"frozen_outputs/R4E2_ZERO_SHOT_TRANSFER_OUTPUT/day_05/source_06/routes/Uniform-CVaR.json",725
"frozen_outputs/R4E2_ZERO_SHOT_TRANSFER_OUTPUT/day_05/source_06/routes/Uniform-Mean.json",725
"frozen_outputs/R4E2_ZERO_SHOT_TRANSFER_OUTPUT/day_05/source_06/summary.csv",2088
"frozen_outputs/R4E2_ZERO_SHOT_TRANSFER_OUTPUT/day_05/source_07/contrasts.csv",281
"frozen_outputs/R4E2_ZERO_SHOT_TRANSFER_OUTPUT/day_05/source_07/logs/RL-FF-CVaR_search.csv",19118
"frozen_outputs/R4E2_ZERO_SHOT_TRANSFER_OUTPUT/day_05/source_07/logs/RL-FF-Mean_search.csv",19258
"frozen_outputs/R4E2_ZERO_SHOT_TRANSFER_OUTPUT/day_05/source_07/logs/RL-GRU-CVaR_search.csv",18122
"frozen_outputs/R4E2_ZERO_SHOT_TRANSFER_OUTPUT/day_05/source_07/logs/RL-GRU-Mean_search.csv",19579
"frozen_outputs/R4E2_ZERO_SHOT_TRANSFER_OUTPUT/day_05/source_07/logs/Uniform-CVaR_search.csv",18837
"frozen_outputs/R4E2_ZERO_SHOT_TRANSFER_OUTPUT/day_05/source_07/logs/Uniform-Mean_search.csv",20197
"frozen_outputs/R4E2_ZERO_SHOT_TRANSFER_OUTPUT/day_05/source_07/per_scenario_tardiness.csv",43076
"frozen_outputs/R4E2_ZERO_SHOT_TRANSFER_OUTPUT/day_05/source_07/report.json",823
"frozen_outputs/R4E2_ZERO_SHOT_TRANSFER_OUTPUT/day_05/source_07/routes/RL-FF-CVaR.json",725
"frozen_outputs/R4E2_ZERO_SHOT_TRANSFER_OUTPUT/day_05/source_07/routes/RL-FF-Mean.json",725
"frozen_outputs/R4E2_ZERO_SHOT_TRANSFER_OUTPUT/day_05/source_07/routes/RL-GRU-CVaR.json",725
"frozen_outputs/R4E2_ZERO_SHOT_TRANSFER_OUTPUT/day_05/source_07/routes/RL-GRU-Mean.json",725
"frozen_outputs/R4E2_ZERO_SHOT_TRANSFER_OUTPUT/day_05/source_07/routes/Uniform-CVaR.json",725
"frozen_outputs/R4E2_ZERO_SHOT_TRANSFER_OUTPUT/day_05/source_07/routes/Uniform-Mean.json",725
"frozen_outputs/R4E2_ZERO_SHOT_TRANSFER_OUTPUT/day_05/source_07/summary.csv",2081
"frozen_outputs/R4E2_ZERO_SHOT_TRANSFER_OUTPUT/day_05/source_08/contrasts.csv",283
"frozen_outputs/R4E2_ZERO_SHOT_TRANSFER_OUTPUT/day_05/source_08/logs/RL-FF-CVaR_search.csv",18065
"frozen_outputs/R4E2_ZERO_SHOT_TRANSFER_OUTPUT/day_05/source_08/logs/RL-FF-Mean_search.csv",18587
"frozen_outputs/R4E2_ZERO_SHOT_TRANSFER_OUTPUT/day_05/source_08/logs/RL-GRU-CVaR_search.csv",17932
"frozen_outputs/R4E2_ZERO_SHOT_TRANSFER_OUTPUT/day_05/source_08/logs/RL-GRU-Mean_search.csv",18367
"frozen_outputs/R4E2_ZERO_SHOT_TRANSFER_OUTPUT/day_05/source_08/logs/Uniform-CVaR_search.csv",18584
"frozen_outputs/R4E2_ZERO_SHOT_TRANSFER_OUTPUT/day_05/source_08/logs/Uniform-Mean_search.csv",19241
"frozen_outputs/R4E2_ZERO_SHOT_TRANSFER_OUTPUT/day_05/source_08/per_scenario_tardiness.csv",48725
"frozen_outputs/R4E2_ZERO_SHOT_TRANSFER_OUTPUT/day_05/source_08/report.json",823
"frozen_outputs/R4E2_ZERO_SHOT_TRANSFER_OUTPUT/day_05/source_08/routes/RL-FF-CVaR.json",725
"frozen_outputs/R4E2_ZERO_SHOT_TRANSFER_OUTPUT/day_05/source_08/routes/RL-FF-Mean.json",725
"frozen_outputs/R4E2_ZERO_SHOT_TRANSFER_OUTPUT/day_05/source_08/routes/RL-GRU-CVaR.json",725
"frozen_outputs/R4E2_ZERO_SHOT_TRANSFER_OUTPUT/day_05/source_08/routes/RL-GRU-Mean.json",725
"frozen_outputs/R4E2_ZERO_SHOT_TRANSFER_OUTPUT/day_05/source_08/routes/Uniform-CVaR.json",725
"frozen_outputs/R4E2_ZERO_SHOT_TRANSFER_OUTPUT/day_05/source_08/routes/Uniform-Mean.json",725
"frozen_outputs/R4E2_ZERO_SHOT_TRANSFER_OUTPUT/day_05/source_08/summary.csv",2079
"frozen_outputs/R4E2_ZERO_SHOT_TRANSFER_OUTPUT/day_05/source_09/contrasts.csv",282
"frozen_outputs/R4E2_ZERO_SHOT_TRANSFER_OUTPUT/day_05/source_09/logs/RL-FF-CVaR_search.csv",19043
"frozen_outputs/R4E2_ZERO_SHOT_TRANSFER_OUTPUT/day_05/source_09/logs/RL-FF-Mean_search.csv",19505
"frozen_outputs/R4E2_ZERO_SHOT_TRANSFER_OUTPUT/day_05/source_09/logs/RL-GRU-CVaR_search.csv",18215
"frozen_outputs/R4E2_ZERO_SHOT_TRANSFER_OUTPUT/day_05/source_09/logs/RL-GRU-Mean_search.csv",19970
"frozen_outputs/R4E2_ZERO_SHOT_TRANSFER_OUTPUT/day_05/source_09/logs/Uniform-CVaR_search.csv",19843
"frozen_outputs/R4E2_ZERO_SHOT_TRANSFER_OUTPUT/day_05/source_09/logs/Uniform-Mean_search.csv",19471
"frozen_outputs/R4E2_ZERO_SHOT_TRANSFER_OUTPUT/day_05/source_09/per_scenario_tardiness.csv",44358
"frozen_outputs/R4E2_ZERO_SHOT_TRANSFER_OUTPUT/day_05/source_09/report.json",823
"frozen_outputs/R4E2_ZERO_SHOT_TRANSFER_OUTPUT/day_05/source_09/routes/RL-FF-CVaR.json",725
"frozen_outputs/R4E2_ZERO_SHOT_TRANSFER_OUTPUT/day_05/source_09/routes/RL-FF-Mean.json",725
"frozen_outputs/R4E2_ZERO_SHOT_TRANSFER_OUTPUT/day_05/source_09/routes/RL-GRU-CVaR.json",725
"frozen_outputs/R4E2_ZERO_SHOT_TRANSFER_OUTPUT/day_05/source_09/routes/RL-GRU-Mean.json",725
"frozen_outputs/R4E2_ZERO_SHOT_TRANSFER_OUTPUT/day_05/source_09/routes/Uniform-CVaR.json",725
"frozen_outputs/R4E2_ZERO_SHOT_TRANSFER_OUTPUT/day_05/source_09/routes/Uniform-Mean.json",725
"frozen_outputs/R4E2_ZERO_SHOT_TRANSFER_OUTPUT/day_05/source_09/summary.csv",2081
"frozen_outputs/R4E2_ZERO_SHOT_TRANSFER_OUTPUT/day_05/source_10/contrasts.csv",288
"frozen_outputs/R4E2_ZERO_SHOT_TRANSFER_OUTPUT/day_05/source_10/logs/RL-FF-CVaR_search.csv",18581
"frozen_outputs/R4E2_ZERO_SHOT_TRANSFER_OUTPUT/day_05/source_10/logs/RL-FF-Mean_search.csv",19199
"frozen_outputs/R4E2_ZERO_SHOT_TRANSFER_OUTPUT/day_05/source_10/logs/RL-GRU-CVaR_search.csv",19662
"frozen_outputs/R4E2_ZERO_SHOT_TRANSFER_OUTPUT/day_05/source_10/logs/RL-GRU-Mean_search.csv",18911
"frozen_outputs/R4E2_ZERO_SHOT_TRANSFER_OUTPUT/day_05/source_10/logs/Uniform-CVaR_search.csv",18423
"frozen_outputs/R4E2_ZERO_SHOT_TRANSFER_OUTPUT/day_05/source_10/logs/Uniform-Mean_search.csv",18939
"frozen_outputs/R4E2_ZERO_SHOT_TRANSFER_OUTPUT/day_05/source_10/per_scenario_tardiness.csv",44313
"frozen_outputs/R4E2_ZERO_SHOT_TRANSFER_OUTPUT/day_05/source_10/report.json",824
"frozen_outputs/R4E2_ZERO_SHOT_TRANSFER_OUTPUT/day_05/source_10/routes/RL-FF-CVaR.json",725
"frozen_outputs/R4E2_ZERO_SHOT_TRANSFER_OUTPUT/day_05/source_10/routes/RL-FF-Mean.json",725
"frozen_outputs/R4E2_ZERO_SHOT_TRANSFER_OUTPUT/day_05/source_10/routes/RL-GRU-CVaR.json",725
"frozen_outputs/R4E2_ZERO_SHOT_TRANSFER_OUTPUT/day_05/source_10/routes/RL-GRU-Mean.json",725
"frozen_outputs/R4E2_ZERO_SHOT_TRANSFER_OUTPUT/day_05/source_10/routes/Uniform-CVaR.json",725
"frozen_outputs/R4E2_ZERO_SHOT_TRANSFER_OUTPUT/day_05/source_10/routes/Uniform-Mean.json",725
"frozen_outputs/R4E2_ZERO_SHOT_TRANSFER_OUTPUT/day_05/source_10/summary.csv",2093
"frozen_outputs/R4E2_ZERO_SHOT_TRANSFER_OUTPUT/day_06/source_01/contrasts.csv",284
"frozen_outputs/R4E2_ZERO_SHOT_TRANSFER_OUTPUT/day_06/source_01/logs/RL-FF-CVaR_search.csv",18035
"frozen_outputs/R4E2_ZERO_SHOT_TRANSFER_OUTPUT/day_06/source_01/logs/RL-FF-Mean_search.csv",20092
"frozen_outputs/R4E2_ZERO_SHOT_TRANSFER_OUTPUT/day_06/source_01/logs/RL-GRU-CVaR_search.csv",18044
"frozen_outputs/R4E2_ZERO_SHOT_TRANSFER_OUTPUT/day_06/source_01/logs/RL-GRU-Mean_search.csv",20253
"frozen_outputs/R4E2_ZERO_SHOT_TRANSFER_OUTPUT/day_06/source_01/logs/Uniform-CVaR_search.csv",17807
"frozen_outputs/R4E2_ZERO_SHOT_TRANSFER_OUTPUT/day_06/source_01/logs/Uniform-Mean_search.csv",19865
"frozen_outputs/R4E2_ZERO_SHOT_TRANSFER_OUTPUT/day_06/source_01/per_scenario_tardiness.csv",46821
"frozen_outputs/R4E2_ZERO_SHOT_TRANSFER_OUTPUT/day_06/source_01/report.json",823
"frozen_outputs/R4E2_ZERO_SHOT_TRANSFER_OUTPUT/day_06/source_01/routes/RL-FF-CVaR.json",741
"frozen_outputs/R4E2_ZERO_SHOT_TRANSFER_OUTPUT/day_06/source_01/routes/RL-FF-Mean.json",741
"frozen_outputs/R4E2_ZERO_SHOT_TRANSFER_OUTPUT/day_06/source_01/routes/RL-GRU-CVaR.json",741
"frozen_outputs/R4E2_ZERO_SHOT_TRANSFER_OUTPUT/day_06/source_01/routes/RL-GRU-Mean.json",741
"frozen_outputs/R4E2_ZERO_SHOT_TRANSFER_OUTPUT/day_06/source_01/routes/Uniform-CVaR.json",741
"frozen_outputs/R4E2_ZERO_SHOT_TRANSFER_OUTPUT/day_06/source_01/routes/Uniform-Mean.json",741
"frozen_outputs/R4E2_ZERO_SHOT_TRANSFER_OUTPUT/day_06/source_01/summary.csv",2078
"frozen_outputs/R4E2_ZERO_SHOT_TRANSFER_OUTPUT/day_06/source_02/contrasts.csv",284
"frozen_outputs/R4E2_ZERO_SHOT_TRANSFER_OUTPUT/day_06/source_02/logs/RL-FF-CVaR_search.csv",18016
"frozen_outputs/R4E2_ZERO_SHOT_TRANSFER_OUTPUT/day_06/source_02/logs/RL-FF-Mean_search.csv",19248
"frozen_outputs/R4E2_ZERO_SHOT_TRANSFER_OUTPUT/day_06/source_02/logs/RL-GRU-CVaR_search.csv",18601
"frozen_outputs/R4E2_ZERO_SHOT_TRANSFER_OUTPUT/day_06/source_02/logs/RL-GRU-Mean_search.csv",18772
"frozen_outputs/R4E2_ZERO_SHOT_TRANSFER_OUTPUT/day_06/source_02/logs/Uniform-CVaR_search.csv",18583
"frozen_outputs/R4E2_ZERO_SHOT_TRANSFER_OUTPUT/day_06/source_02/logs/Uniform-Mean_search.csv",18553
"frozen_outputs/R4E2_ZERO_SHOT_TRANSFER_OUTPUT/day_06/source_02/per_scenario_tardiness.csv",61187
"frozen_outputs/R4E2_ZERO_SHOT_TRANSFER_OUTPUT/day_06/source_02/report.json",823
"frozen_outputs/R4E2_ZERO_SHOT_TRANSFER_OUTPUT/day_06/source_02/routes/RL-FF-CVaR.json",741
"frozen_outputs/R4E2_ZERO_SHOT_TRANSFER_OUTPUT/day_06/source_02/routes/RL-FF-Mean.json",741
"frozen_outputs/R4E2_ZERO_SHOT_TRANSFER_OUTPUT/day_06/source_02/routes/RL-GRU-CVaR.json",741
"frozen_outputs/R4E2_ZERO_SHOT_TRANSFER_OUTPUT/day_06/source_02/routes/RL-GRU-Mean.json",741
"frozen_outputs/R4E2_ZERO_SHOT_TRANSFER_OUTPUT/day_06/source_02/routes/Uniform-CVaR.json",741
"frozen_outputs/R4E2_ZERO_SHOT_TRANSFER_OUTPUT/day_06/source_02/routes/Uniform-Mean.json",741
"frozen_outputs/R4E2_ZERO_SHOT_TRANSFER_OUTPUT/day_06/source_02/summary.csv",2071
"frozen_outputs/R4E2_ZERO_SHOT_TRANSFER_OUTPUT/day_06/source_03/contrasts.csv",282
"frozen_outputs/R4E2_ZERO_SHOT_TRANSFER_OUTPUT/day_06/source_03/logs/RL-FF-CVaR_search.csv",18081
"frozen_outputs/R4E2_ZERO_SHOT_TRANSFER_OUTPUT/day_06/source_03/logs/RL-FF-Mean_search.csv",19625
"frozen_outputs/R4E2_ZERO_SHOT_TRANSFER_OUTPUT/day_06/source_03/logs/RL-GRU-CVaR_search.csv",17963
"frozen_outputs/R4E2_ZERO_SHOT_TRANSFER_OUTPUT/day_06/source_03/logs/RL-GRU-Mean_search.csv",18379
"frozen_outputs/R4E2_ZERO_SHOT_TRANSFER_OUTPUT/day_06/source_03/logs/Uniform-CVaR_search.csv",18562
"frozen_outputs/R4E2_ZERO_SHOT_TRANSFER_OUTPUT/day_06/source_03/logs/Uniform-Mean_search.csv",19966
"frozen_outputs/R4E2_ZERO_SHOT_TRANSFER_OUTPUT/day_06/source_03/per_scenario_tardiness.csv",48777
"frozen_outputs/R4E2_ZERO_SHOT_TRANSFER_OUTPUT/day_06/source_03/report.json",823
"frozen_outputs/R4E2_ZERO_SHOT_TRANSFER_OUTPUT/day_06/source_03/routes/RL-FF-CVaR.json",741
"frozen_outputs/R4E2_ZERO_SHOT_TRANSFER_OUTPUT/day_06/source_03/routes/RL-FF-Mean.json",741
"frozen_outputs/R4E2_ZERO_SHOT_TRANSFER_OUTPUT/day_06/source_03/routes/RL-GRU-CVaR.json",741
"frozen_outputs/R4E2_ZERO_SHOT_TRANSFER_OUTPUT/day_06/source_03/routes/RL-GRU-Mean.json",741
"frozen_outputs/R4E2_ZERO_SHOT_TRANSFER_OUTPUT/day_06/source_03/routes/Uniform-CVaR.json",741
"frozen_outputs/R4E2_ZERO_SHOT_TRANSFER_OUTPUT/day_06/source_03/routes/Uniform-Mean.json",741
"frozen_outputs/R4E2_ZERO_SHOT_TRANSFER_OUTPUT/day_06/source_03/summary.csv",2056
"frozen_outputs/R4E2_ZERO_SHOT_TRANSFER_OUTPUT/day_06/source_04/contrasts.csv",280
"frozen_outputs/R4E2_ZERO_SHOT_TRANSFER_OUTPUT/day_06/source_04/logs/RL-FF-CVaR_search.csv",18330
"frozen_outputs/R4E2_ZERO_SHOT_TRANSFER_OUTPUT/day_06/source_04/logs/RL-FF-Mean_search.csv",18381
"frozen_outputs/R4E2_ZERO_SHOT_TRANSFER_OUTPUT/day_06/source_04/logs/RL-GRU-CVaR_search.csv",18604
"frozen_outputs/R4E2_ZERO_SHOT_TRANSFER_OUTPUT/day_06/source_04/logs/RL-GRU-Mean_search.csv",18785
"frozen_outputs/R4E2_ZERO_SHOT_TRANSFER_OUTPUT/day_06/source_04/logs/Uniform-CVaR_search.csv",17754
"frozen_outputs/R4E2_ZERO_SHOT_TRANSFER_OUTPUT/day_06/source_04/logs/Uniform-Mean_search.csv",18039
"frozen_outputs/R4E2_ZERO_SHOT_TRANSFER_OUTPUT/day_06/source_04/per_scenario_tardiness.csv",57830
"frozen_outputs/R4E2_ZERO_SHOT_TRANSFER_OUTPUT/day_06/source_04/report.json",823
"frozen_outputs/R4E2_ZERO_SHOT_TRANSFER_OUTPUT/day_06/source_04/routes/RL-FF-CVaR.json",741
"frozen_outputs/R4E2_ZERO_SHOT_TRANSFER_OUTPUT/day_06/source_04/routes/RL-FF-Mean.json",741
"frozen_outputs/R4E2_ZERO_SHOT_TRANSFER_OUTPUT/day_06/source_04/routes/RL-GRU-CVaR.json",741
"frozen_outputs/R4E2_ZERO_SHOT_TRANSFER_OUTPUT/day_06/source_04/routes/RL-GRU-Mean.json",741
"frozen_outputs/R4E2_ZERO_SHOT_TRANSFER_OUTPUT/day_06/source_04/routes/Uniform-CVaR.json",741
"frozen_outputs/R4E2_ZERO_SHOT_TRANSFER_OUTPUT/day_06/source_04/routes/Uniform-Mean.json",741
"frozen_outputs/R4E2_ZERO_SHOT_TRANSFER_OUTPUT/day_06/source_04/summary.csv",2057
"frozen_outputs/R4E2_ZERO_SHOT_TRANSFER_OUTPUT/day_06/source_05/contrasts.csv",283
"frozen_outputs/R4E2_ZERO_SHOT_TRANSFER_OUTPUT/day_06/source_05/logs/RL-FF-CVaR_search.csv",18093
"frozen_outputs/R4E2_ZERO_SHOT_TRANSFER_OUTPUT/day_06/source_05/logs/RL-FF-Mean_search.csv",18155
"frozen_outputs/R4E2_ZERO_SHOT_TRANSFER_OUTPUT/day_06/source_05/logs/RL-GRU-CVaR_search.csv",17715
"frozen_outputs/R4E2_ZERO_SHOT_TRANSFER_OUTPUT/day_06/source_05/logs/RL-GRU-Mean_search.csv",18988
"frozen_outputs/R4E2_ZERO_SHOT_TRANSFER_OUTPUT/day_06/source_05/logs/Uniform-CVaR_search.csv",18071
"frozen_outputs/R4E2_ZERO_SHOT_TRANSFER_OUTPUT/day_06/source_05/logs/Uniform-Mean_search.csv",19367
"frozen_outputs/R4E2_ZERO_SHOT_TRANSFER_OUTPUT/day_06/source_05/per_scenario_tardiness.csv",45398
"frozen_outputs/R4E2_ZERO_SHOT_TRANSFER_OUTPUT/day_06/source_05/report.json",823
"frozen_outputs/R4E2_ZERO_SHOT_TRANSFER_OUTPUT/day_06/source_05/routes/RL-FF-CVaR.json",741
"frozen_outputs/R4E2_ZERO_SHOT_TRANSFER_OUTPUT/day_06/source_05/routes/RL-FF-Mean.json",741
"frozen_outputs/R4E2_ZERO_SHOT_TRANSFER_OUTPUT/day_06/source_05/routes/RL-GRU-CVaR.json",741
"frozen_outputs/R4E2_ZERO_SHOT_TRANSFER_OUTPUT/day_06/source_05/routes/RL-GRU-Mean.json",741
"frozen_outputs/R4E2_ZERO_SHOT_TRANSFER_OUTPUT/day_06/source_05/routes/Uniform-CVaR.json",741
"frozen_outputs/R4E2_ZERO_SHOT_TRANSFER_OUTPUT/day_06/source_05/routes/Uniform-Mean.json",741
"frozen_outputs/R4E2_ZERO_SHOT_TRANSFER_OUTPUT/day_06/source_05/summary.csv",2069
"frozen_outputs/R4E2_ZERO_SHOT_TRANSFER_OUTPUT/day_06/source_06/contrasts.csv",284
"frozen_outputs/R4E2_ZERO_SHOT_TRANSFER_OUTPUT/day_06/source_06/logs/RL-FF-CVaR_search.csv",18121
"frozen_outputs/R4E2_ZERO_SHOT_TRANSFER_OUTPUT/day_06/source_06/logs/RL-FF-Mean_search.csv",20265
"frozen_outputs/R4E2_ZERO_SHOT_TRANSFER_OUTPUT/day_06/source_06/logs/RL-GRU-CVaR_search.csv",18427
"frozen_outputs/R4E2_ZERO_SHOT_TRANSFER_OUTPUT/day_06/source_06/logs/RL-GRU-Mean_search.csv",18315
"frozen_outputs/R4E2_ZERO_SHOT_TRANSFER_OUTPUT/day_06/source_06/logs/Uniform-CVaR_search.csv",17734
"frozen_outputs/R4E2_ZERO_SHOT_TRANSFER_OUTPUT/day_06/source_06/logs/Uniform-Mean_search.csv",18545
"frozen_outputs/R4E2_ZERO_SHOT_TRANSFER_OUTPUT/day_06/source_06/per_scenario_tardiness.csv",63495
"frozen_outputs/R4E2_ZERO_SHOT_TRANSFER_OUTPUT/day_06/source_06/report.json",823
"frozen_outputs/R4E2_ZERO_SHOT_TRANSFER_OUTPUT/day_06/source_06/routes/RL-FF-CVaR.json",741
"frozen_outputs/R4E2_ZERO_SHOT_TRANSFER_OUTPUT/day_06/source_06/routes/RL-FF-Mean.json",741
"frozen_outputs/R4E2_ZERO_SHOT_TRANSFER_OUTPUT/day_06/source_06/routes/RL-GRU-CVaR.json",741
"frozen_outputs/R4E2_ZERO_SHOT_TRANSFER_OUTPUT/day_06/source_06/routes/RL-GRU-Mean.json",741
"frozen_outputs/R4E2_ZERO_SHOT_TRANSFER_OUTPUT/day_06/source_06/routes/Uniform-CVaR.json",741
"frozen_outputs/R4E2_ZERO_SHOT_TRANSFER_OUTPUT/day_06/source_06/routes/Uniform-Mean.json",741
"frozen_outputs/R4E2_ZERO_SHOT_TRANSFER_OUTPUT/day_06/source_06/summary.csv",2097
"frozen_outputs/R4E2_ZERO_SHOT_TRANSFER_OUTPUT/day_06/source_07/contrasts.csv",284
"frozen_outputs/R4E2_ZERO_SHOT_TRANSFER_OUTPUT/day_06/source_07/logs/RL-FF-CVaR_search.csv",18263
"frozen_outputs/R4E2_ZERO_SHOT_TRANSFER_OUTPUT/day_06/source_07/logs/RL-FF-Mean_search.csv",18749
"frozen_outputs/R4E2_ZERO_SHOT_TRANSFER_OUTPUT/day_06/source_07/logs/RL-GRU-CVaR_search.csv",18172
"frozen_outputs/R4E2_ZERO_SHOT_TRANSFER_OUTPUT/day_06/source_07/logs/RL-GRU-Mean_search.csv",18918
"frozen_outputs/R4E2_ZERO_SHOT_TRANSFER_OUTPUT/day_06/source_07/logs/Uniform-CVaR_search.csv",18299
"frozen_outputs/R4E2_ZERO_SHOT_TRANSFER_OUTPUT/day_06/source_07/logs/Uniform-Mean_search.csv",19468
"frozen_outputs/R4E2_ZERO_SHOT_TRANSFER_OUTPUT/day_06/source_07/per_scenario_tardiness.csv",55805
"frozen_outputs/R4E2_ZERO_SHOT_TRANSFER_OUTPUT/day_06/source_07/report.json",823
"frozen_outputs/R4E2_ZERO_SHOT_TRANSFER_OUTPUT/day_06/source_07/routes/RL-FF-CVaR.json",741
"frozen_outputs/R4E2_ZERO_SHOT_TRANSFER_OUTPUT/day_06/source_07/routes/RL-FF-Mean.json",741
"frozen_outputs/R4E2_ZERO_SHOT_TRANSFER_OUTPUT/day_06/source_07/routes/RL-GRU-CVaR.json",741
"frozen_outputs/R4E2_ZERO_SHOT_TRANSFER_OUTPUT/day_06/source_07/routes/RL-GRU-Mean.json",741
"frozen_outputs/R4E2_ZERO_SHOT_TRANSFER_OUTPUT/day_06/source_07/routes/Uniform-CVaR.json",741
"frozen_outputs/R4E2_ZERO_SHOT_TRANSFER_OUTPUT/day_06/source_07/routes/Uniform-Mean.json",741
"frozen_outputs/R4E2_ZERO_SHOT_TRANSFER_OUTPUT/day_06/source_07/summary.csv",2067
"frozen_outputs/R4E2_ZERO_SHOT_TRANSFER_OUTPUT/day_06/source_08/contrasts.csv",286
"frozen_outputs/R4E2_ZERO_SHOT_TRANSFER_OUTPUT/day_06/source_08/logs/RL-FF-CVaR_search.csv",18243
"frozen_outputs/R4E2_ZERO_SHOT_TRANSFER_OUTPUT/day_06/source_08/logs/RL-FF-Mean_search.csv",18172
"frozen_outputs/R4E2_ZERO_SHOT_TRANSFER_OUTPUT/day_06/source_08/logs/RL-GRU-CVaR_search.csv",18698
"frozen_outputs/R4E2_ZERO_SHOT_TRANSFER_OUTPUT/day_06/source_08/logs/RL-GRU-Mean_search.csv",19607
"frozen_outputs/R4E2_ZERO_SHOT_TRANSFER_OUTPUT/day_06/source_08/logs/Uniform-CVaR_search.csv",19261
"frozen_outputs/R4E2_ZERO_SHOT_TRANSFER_OUTPUT/day_06/source_08/logs/Uniform-Mean_search.csv",18596
"frozen_outputs/R4E2_ZERO_SHOT_TRANSFER_OUTPUT/day_06/source_08/per_scenario_tardiness.csv",59293
"frozen_outputs/R4E2_ZERO_SHOT_TRANSFER_OUTPUT/day_06/source_08/report.json",823
"frozen_outputs/R4E2_ZERO_SHOT_TRANSFER_OUTPUT/day_06/source_08/routes/RL-FF-CVaR.json",741
"frozen_outputs/R4E2_ZERO_SHOT_TRANSFER_OUTPUT/day_06/source_08/routes/RL-FF-Mean.json",741
"frozen_outputs/R4E2_ZERO_SHOT_TRANSFER_OUTPUT/day_06/source_08/routes/RL-GRU-CVaR.json",741
"frozen_outputs/R4E2_ZERO_SHOT_TRANSFER_OUTPUT/day_06/source_08/routes/RL-GRU-Mean.json",741
"frozen_outputs/R4E2_ZERO_SHOT_TRANSFER_OUTPUT/day_06/source_08/routes/Uniform-CVaR.json",741
"frozen_outputs/R4E2_ZERO_SHOT_TRANSFER_OUTPUT/day_06/source_08/routes/Uniform-Mean.json",741
"frozen_outputs/R4E2_ZERO_SHOT_TRANSFER_OUTPUT/day_06/source_08/summary.csv",2078
"frozen_outputs/R4E2_ZERO_SHOT_TRANSFER_OUTPUT/day_06/source_09/contrasts.csv",282
"frozen_outputs/R4E2_ZERO_SHOT_TRANSFER_OUTPUT/day_06/source_09/logs/RL-FF-CVaR_search.csv",17563
"frozen_outputs/R4E2_ZERO_SHOT_TRANSFER_OUTPUT/day_06/source_09/logs/RL-FF-Mean_search.csv",18883
"frozen_outputs/R4E2_ZERO_SHOT_TRANSFER_OUTPUT/day_06/source_09/logs/RL-GRU-CVaR_search.csv",17888
"frozen_outputs/R4E2_ZERO_SHOT_TRANSFER_OUTPUT/day_06/source_09/logs/RL-GRU-Mean_search.csv",18615
"frozen_outputs/R4E2_ZERO_SHOT_TRANSFER_OUTPUT/day_06/source_09/logs/Uniform-CVaR_search.csv",17848
"frozen_outputs/R4E2_ZERO_SHOT_TRANSFER_OUTPUT/day_06/source_09/logs/Uniform-Mean_search.csv",19059
"frozen_outputs/R4E2_ZERO_SHOT_TRANSFER_OUTPUT/day_06/source_09/per_scenario_tardiness.csv",47112
"frozen_outputs/R4E2_ZERO_SHOT_TRANSFER_OUTPUT/day_06/source_09/report.json",823
"frozen_outputs/R4E2_ZERO_SHOT_TRANSFER_OUTPUT/day_06/source_09/routes/RL-FF-CVaR.json",741
"frozen_outputs/R4E2_ZERO_SHOT_TRANSFER_OUTPUT/day_06/source_09/routes/RL-FF-Mean.json",741
"frozen_outputs/R4E2_ZERO_SHOT_TRANSFER_OUTPUT/day_06/source_09/routes/RL-GRU-CVaR.json",741
"frozen_outputs/R4E2_ZERO_SHOT_TRANSFER_OUTPUT/day_06/source_09/routes/RL-GRU-Mean.json",741
"frozen_outputs/R4E2_ZERO_SHOT_TRANSFER_OUTPUT/day_06/source_09/routes/Uniform-CVaR.json",741
"frozen_outputs/R4E2_ZERO_SHOT_TRANSFER_OUTPUT/day_06/source_09/routes/Uniform-Mean.json",741
"frozen_outputs/R4E2_ZERO_SHOT_TRANSFER_OUTPUT/day_06/source_09/summary.csv",2068
"frozen_outputs/R4E2_ZERO_SHOT_TRANSFER_OUTPUT/day_06/source_10/contrasts.csv",287
"frozen_outputs/R4E2_ZERO_SHOT_TRANSFER_OUTPUT/day_06/source_10/logs/RL-FF-CVaR_search.csv",17859
"frozen_outputs/R4E2_ZERO_SHOT_TRANSFER_OUTPUT/day_06/source_10/logs/RL-FF-Mean_search.csv",18455
"frozen_outputs/R4E2_ZERO_SHOT_TRANSFER_OUTPUT/day_06/source_10/logs/RL-GRU-CVaR_search.csv",18519
"frozen_outputs/R4E2_ZERO_SHOT_TRANSFER_OUTPUT/day_06/source_10/logs/RL-GRU-Mean_search.csv",18992
"frozen_outputs/R4E2_ZERO_SHOT_TRANSFER_OUTPUT/day_06/source_10/logs/Uniform-CVaR_search.csv",18295
"frozen_outputs/R4E2_ZERO_SHOT_TRANSFER_OUTPUT/day_06/source_10/logs/Uniform-Mean_search.csv",19112
"frozen_outputs/R4E2_ZERO_SHOT_TRANSFER_OUTPUT/day_06/source_10/per_scenario_tardiness.csv",52592
"frozen_outputs/R4E2_ZERO_SHOT_TRANSFER_OUTPUT/day_06/source_10/report.json",824
"frozen_outputs/R4E2_ZERO_SHOT_TRANSFER_OUTPUT/day_06/source_10/routes/RL-FF-CVaR.json",741
"frozen_outputs/R4E2_ZERO_SHOT_TRANSFER_OUTPUT/day_06/source_10/routes/RL-FF-Mean.json",741
"frozen_outputs/R4E2_ZERO_SHOT_TRANSFER_OUTPUT/day_06/source_10/routes/RL-GRU-CVaR.json",741
"frozen_outputs/R4E2_ZERO_SHOT_TRANSFER_OUTPUT/day_06/source_10/routes/RL-GRU-Mean.json",741
"frozen_outputs/R4E2_ZERO_SHOT_TRANSFER_OUTPUT/day_06/source_10/routes/Uniform-CVaR.json",741
"frozen_outputs/R4E2_ZERO_SHOT_TRANSFER_OUTPUT/day_06/source_10/routes/Uniform-Mean.json",741
"frozen_outputs/R4E2_ZERO_SHOT_TRANSFER_OUTPUT/day_06/source_10/summary.csv",2050
"frozen_outputs/R4E2_ZERO_SHOT_TRANSFER_OUTPUT/day_07/source_01/contrasts.csv",284
"frozen_outputs/R4E2_ZERO_SHOT_TRANSFER_OUTPUT/day_07/source_01/logs/RL-FF-CVaR_search.csv",17930
"frozen_outputs/R4E2_ZERO_SHOT_TRANSFER_OUTPUT/day_07/source_01/logs/RL-FF-Mean_search.csv",20072
"frozen_outputs/R4E2_ZERO_SHOT_TRANSFER_OUTPUT/day_07/source_01/logs/RL-GRU-CVaR_search.csv",17832
"frozen_outputs/R4E2_ZERO_SHOT_TRANSFER_OUTPUT/day_07/source_01/logs/RL-GRU-Mean_search.csv",19813
"frozen_outputs/R4E2_ZERO_SHOT_TRANSFER_OUTPUT/day_07/source_01/logs/Uniform-CVaR_search.csv",18335
"frozen_outputs/R4E2_ZERO_SHOT_TRANSFER_OUTPUT/day_07/source_01/logs/Uniform-Mean_search.csv",19261
"frozen_outputs/R4E2_ZERO_SHOT_TRANSFER_OUTPUT/day_07/source_01/per_scenario_tardiness.csv",54655
"frozen_outputs/R4E2_ZERO_SHOT_TRANSFER_OUTPUT/day_07/source_01/report.json",823
"frozen_outputs/R4E2_ZERO_SHOT_TRANSFER_OUTPUT/day_07/source_01/routes/RL-FF-CVaR.json",653
"frozen_outputs/R4E2_ZERO_SHOT_TRANSFER_OUTPUT/day_07/source_01/routes/RL-FF-Mean.json",653
"frozen_outputs/R4E2_ZERO_SHOT_TRANSFER_OUTPUT/day_07/source_01/routes/RL-GRU-CVaR.json",653
"frozen_outputs/R4E2_ZERO_SHOT_TRANSFER_OUTPUT/day_07/source_01/routes/RL-GRU-Mean.json",653
"frozen_outputs/R4E2_ZERO_SHOT_TRANSFER_OUTPUT/day_07/source_01/routes/Uniform-CVaR.json",653
"frozen_outputs/R4E2_ZERO_SHOT_TRANSFER_OUTPUT/day_07/source_01/routes/Uniform-Mean.json",653
"frozen_outputs/R4E2_ZERO_SHOT_TRANSFER_OUTPUT/day_07/source_01/summary.csv",2086
"frozen_outputs/R4E2_ZERO_SHOT_TRANSFER_OUTPUT/day_07/source_02/contrasts.csv",283
"frozen_outputs/R4E2_ZERO_SHOT_TRANSFER_OUTPUT/day_07/source_02/logs/RL-FF-CVaR_search.csv",18213
"frozen_outputs/R4E2_ZERO_SHOT_TRANSFER_OUTPUT/day_07/source_02/logs/RL-FF-Mean_search.csv",19895
"frozen_outputs/R4E2_ZERO_SHOT_TRANSFER_OUTPUT/day_07/source_02/logs/RL-GRU-CVaR_search.csv",21128
"frozen_outputs/R4E2_ZERO_SHOT_TRANSFER_OUTPUT/day_07/source_02/logs/RL-GRU-Mean_search.csv",20933
"frozen_outputs/R4E2_ZERO_SHOT_TRANSFER_OUTPUT/day_07/source_02/logs/Uniform-CVaR_search.csv",19922
"frozen_outputs/R4E2_ZERO_SHOT_TRANSFER_OUTPUT/day_07/source_02/logs/Uniform-Mean_search.csv",18824
"frozen_outputs/R4E2_ZERO_SHOT_TRANSFER_OUTPUT/day_07/source_02/per_scenario_tardiness.csv",49310
"frozen_outputs/R4E2_ZERO_SHOT_TRANSFER_OUTPUT/day_07/source_02/report.json",823
"frozen_outputs/R4E2_ZERO_SHOT_TRANSFER_OUTPUT/day_07/source_02/routes/RL-FF-CVaR.json",653
"frozen_outputs/R4E2_ZERO_SHOT_TRANSFER_OUTPUT/day_07/source_02/routes/RL-FF-Mean.json",653
"frozen_outputs/R4E2_ZERO_SHOT_TRANSFER_OUTPUT/day_07/source_02/routes/RL-GRU-CVaR.json",653
"frozen_outputs/R4E2_ZERO_SHOT_TRANSFER_OUTPUT/day_07/source_02/routes/RL-GRU-Mean.json",653
"frozen_outputs/R4E2_ZERO_SHOT_TRANSFER_OUTPUT/day_07/source_02/routes/Uniform-CVaR.json",653
"frozen_outputs/R4E2_ZERO_SHOT_TRANSFER_OUTPUT/day_07/source_02/routes/Uniform-Mean.json",653
"frozen_outputs/R4E2_ZERO_SHOT_TRANSFER_OUTPUT/day_07/source_02/summary.csv",2102
"frozen_outputs/R4E2_ZERO_SHOT_TRANSFER_OUTPUT/day_07/source_03/contrasts.csv",283
"frozen_outputs/R4E2_ZERO_SHOT_TRANSFER_OUTPUT/day_07/source_03/logs/RL-FF-CVaR_search.csv",19893
"frozen_outputs/R4E2_ZERO_SHOT_TRANSFER_OUTPUT/day_07/source_03/logs/RL-FF-Mean_search.csv",19196
"frozen_outputs/R4E2_ZERO_SHOT_TRANSFER_OUTPUT/day_07/source_03/logs/RL-GRU-CVaR_search.csv",18615
"frozen_outputs/R4E2_ZERO_SHOT_TRANSFER_OUTPUT/day_07/source_03/logs/RL-GRU-Mean_search.csv",19555
"frozen_outputs/R4E2_ZERO_SHOT_TRANSFER_OUTPUT/day_07/source_03/logs/Uniform-CVaR_search.csv",18939
"frozen_outputs/R4E2_ZERO_SHOT_TRANSFER_OUTPUT/day_07/source_03/logs/Uniform-Mean_search.csv",18834
"frozen_outputs/R4E2_ZERO_SHOT_TRANSFER_OUTPUT/day_07/source_03/per_scenario_tardiness.csv",44032
"frozen_outputs/R4E2_ZERO_SHOT_TRANSFER_OUTPUT/day_07/source_03/report.json",823
"frozen_outputs/R4E2_ZERO_SHOT_TRANSFER_OUTPUT/day_07/source_03/routes/RL-FF-CVaR.json",653
"frozen_outputs/R4E2_ZERO_SHOT_TRANSFER_OUTPUT/day_07/source_03/routes/RL-FF-Mean.json",653
"frozen_outputs/R4E2_ZERO_SHOT_TRANSFER_OUTPUT/day_07/source_03/routes/RL-GRU-CVaR.json",653
"frozen_outputs/R4E2_ZERO_SHOT_TRANSFER_OUTPUT/day_07/source_03/routes/RL-GRU-Mean.json",653
"frozen_outputs/R4E2_ZERO_SHOT_TRANSFER_OUTPUT/day_07/source_03/routes/Uniform-CVaR.json",653
"frozen_outputs/R4E2_ZERO_SHOT_TRANSFER_OUTPUT/day_07/source_03/routes/Uniform-Mean.json",653
"frozen_outputs/R4E2_ZERO_SHOT_TRANSFER_OUTPUT/day_07/source_03/summary.csv",2096
"frozen_outputs/R4E2_ZERO_SHOT_TRANSFER_OUTPUT/day_07/source_04/contrasts.csv",290
"frozen_outputs/R4E2_ZERO_SHOT_TRANSFER_OUTPUT/day_07/source_04/logs/RL-FF-CVaR_search.csv",18168
"frozen_outputs/R4E2_ZERO_SHOT_TRANSFER_OUTPUT/day_07/source_04/logs/RL-FF-Mean_search.csv",18500
"frozen_outputs/R4E2_ZERO_SHOT_TRANSFER_OUTPUT/day_07/source_04/logs/RL-GRU-CVaR_search.csv",18703
"frozen_outputs/R4E2_ZERO_SHOT_TRANSFER_OUTPUT/day_07/source_04/logs/RL-GRU-Mean_search.csv",18696
"frozen_outputs/R4E2_ZERO_SHOT_TRANSFER_OUTPUT/day_07/source_04/logs/Uniform-CVaR_search.csv",18603
"frozen_outputs/R4E2_ZERO_SHOT_TRANSFER_OUTPUT/day_07/source_04/logs/Uniform-Mean_search.csv",18389
"frozen_outputs/R4E2_ZERO_SHOT_TRANSFER_OUTPUT/day_07/source_04/per_scenario_tardiness.csv",52203
"frozen_outputs/R4E2_ZERO_SHOT_TRANSFER_OUTPUT/day_07/source_04/report.json",823
"frozen_outputs/R4E2_ZERO_SHOT_TRANSFER_OUTPUT/day_07/source_04/routes/RL-FF-CVaR.json",653
"frozen_outputs/R4E2_ZERO_SHOT_TRANSFER_OUTPUT/day_07/source_04/routes/RL-FF-Mean.json",653
"frozen_outputs/R4E2_ZERO_SHOT_TRANSFER_OUTPUT/day_07/source_04/routes/RL-GRU-CVaR.json",653
"frozen_outputs/R4E2_ZERO_SHOT_TRANSFER_OUTPUT/day_07/source_04/routes/RL-GRU-Mean.json",653
"frozen_outputs/R4E2_ZERO_SHOT_TRANSFER_OUTPUT/day_07/source_04/routes/Uniform-CVaR.json",653
"frozen_outputs/R4E2_ZERO_SHOT_TRANSFER_OUTPUT/day_07/source_04/routes/Uniform-Mean.json",653
"frozen_outputs/R4E2_ZERO_SHOT_TRANSFER_OUTPUT/day_07/source_04/summary.csv",2080
"frozen_outputs/R4E2_ZERO_SHOT_TRANSFER_OUTPUT/day_07/source_05/contrasts.csv",272
"frozen_outputs/R4E2_ZERO_SHOT_TRANSFER_OUTPUT/day_07/source_05/logs/RL-FF-CVaR_search.csv",19122
"frozen_outputs/R4E2_ZERO_SHOT_TRANSFER_OUTPUT/day_07/source_05/logs/RL-FF-Mean_search.csv",19259
"frozen_outputs/R4E2_ZERO_SHOT_TRANSFER_OUTPUT/day_07/source_05/logs/RL-GRU-CVaR_search.csv",18859
"frozen_outputs/R4E2_ZERO_SHOT_TRANSFER_OUTPUT/day_07/source_05/logs/RL-GRU-Mean_search.csv",19334
"frozen_outputs/R4E2_ZERO_SHOT_TRANSFER_OUTPUT/day_07/source_05/logs/Uniform-CVaR_search.csv",18607
"frozen_outputs/R4E2_ZERO_SHOT_TRANSFER_OUTPUT/day_07/source_05/logs/Uniform-Mean_search.csv",19323
"frozen_outputs/R4E2_ZERO_SHOT_TRANSFER_OUTPUT/day_07/source_05/per_scenario_tardiness.csv",61115
"frozen_outputs/R4E2_ZERO_SHOT_TRANSFER_OUTPUT/day_07/source_05/report.json",823
"frozen_outputs/R4E2_ZERO_SHOT_TRANSFER_OUTPUT/day_07/source_05/routes/RL-FF-CVaR.json",653
"frozen_outputs/R4E2_ZERO_SHOT_TRANSFER_OUTPUT/day_07/source_05/routes/RL-FF-Mean.json",653
"frozen_outputs/R4E2_ZERO_SHOT_TRANSFER_OUTPUT/day_07/source_05/routes/RL-GRU-CVaR.json",653
"frozen_outputs/R4E2_ZERO_SHOT_TRANSFER_OUTPUT/day_07/source_05/routes/RL-GRU-Mean.json",653
"frozen_outputs/R4E2_ZERO_SHOT_TRANSFER_OUTPUT/day_07/source_05/routes/Uniform-CVaR.json",653
"frozen_outputs/R4E2_ZERO_SHOT_TRANSFER_OUTPUT/day_07/source_05/routes/Uniform-Mean.json",653
"frozen_outputs/R4E2_ZERO_SHOT_TRANSFER_OUTPUT/day_07/source_05/summary.csv",2092
"frozen_outputs/R4E2_ZERO_SHOT_TRANSFER_OUTPUT/day_07/source_06/contrasts.csv",287
"frozen_outputs/R4E2_ZERO_SHOT_TRANSFER_OUTPUT/day_07/source_06/logs/RL-FF-CVaR_search.csv",18594
"frozen_outputs/R4E2_ZERO_SHOT_TRANSFER_OUTPUT/day_07/source_06/logs/RL-FF-Mean_search.csv",19487
"frozen_outputs/R4E2_ZERO_SHOT_TRANSFER_OUTPUT/day_07/source_06/logs/RL-GRU-CVaR_search.csv",17898
"frozen_outputs/R4E2_ZERO_SHOT_TRANSFER_OUTPUT/day_07/source_06/logs/RL-GRU-Mean_search.csv",18593
"frozen_outputs/R4E2_ZERO_SHOT_TRANSFER_OUTPUT/day_07/source_06/logs/Uniform-CVaR_search.csv",19612
"frozen_outputs/R4E2_ZERO_SHOT_TRANSFER_OUTPUT/day_07/source_06/logs/Uniform-Mean_search.csv",18465
"frozen_outputs/R4E2_ZERO_SHOT_TRANSFER_OUTPUT/day_07/source_06/per_scenario_tardiness.csv",46770
"frozen_outputs/R4E2_ZERO_SHOT_TRANSFER_OUTPUT/day_07/source_06/report.json",823
"frozen_outputs/R4E2_ZERO_SHOT_TRANSFER_OUTPUT/day_07/source_06/routes/RL-FF-CVaR.json",653
"frozen_outputs/R4E2_ZERO_SHOT_TRANSFER_OUTPUT/day_07/source_06/routes/RL-FF-Mean.json",653
"frozen_outputs/R4E2_ZERO_SHOT_TRANSFER_OUTPUT/day_07/source_06/routes/RL-GRU-CVaR.json",653
"frozen_outputs/R4E2_ZERO_SHOT_TRANSFER_OUTPUT/day_07/source_06/routes/RL-GRU-Mean.json",653
"frozen_outputs/R4E2_ZERO_SHOT_TRANSFER_OUTPUT/day_07/source_06/routes/Uniform-CVaR.json",653
"frozen_outputs/R4E2_ZERO_SHOT_TRANSFER_OUTPUT/day_07/source_06/routes/Uniform-Mean.json",653
"frozen_outputs/R4E2_ZERO_SHOT_TRANSFER_OUTPUT/day_07/source_06/summary.csv",2108
"frozen_outputs/R4E2_ZERO_SHOT_TRANSFER_OUTPUT/day_07/source_07/contrasts.csv",283
"frozen_outputs/R4E2_ZERO_SHOT_TRANSFER_OUTPUT/day_07/source_07/logs/RL-FF-CVaR_search.csv",19241
"frozen_outputs/R4E2_ZERO_SHOT_TRANSFER_OUTPUT/day_07/source_07/logs/RL-FF-Mean_search.csv",19680
"frozen_outputs/R4E2_ZERO_SHOT_TRANSFER_OUTPUT/day_07/source_07/logs/RL-GRU-CVaR_search.csv",19147
"frozen_outputs/R4E2_ZERO_SHOT_TRANSFER_OUTPUT/day_07/source_07/logs/RL-GRU-Mean_search.csv",18226
"frozen_outputs/R4E2_ZERO_SHOT_TRANSFER_OUTPUT/day_07/source_07/logs/Uniform-CVaR_search.csv",18667
"frozen_outputs/R4E2_ZERO_SHOT_TRANSFER_OUTPUT/day_07/source_07/logs/Uniform-Mean_search.csv",19129
"frozen_outputs/R4E2_ZERO_SHOT_TRANSFER_OUTPUT/day_07/source_07/per_scenario_tardiness.csv",49157
"frozen_outputs/R4E2_ZERO_SHOT_TRANSFER_OUTPUT/day_07/source_07/report.json",823
"frozen_outputs/R4E2_ZERO_SHOT_TRANSFER_OUTPUT/day_07/source_07/routes/RL-FF-CVaR.json",653
"frozen_outputs/R4E2_ZERO_SHOT_TRANSFER_OUTPUT/day_07/source_07/routes/RL-FF-Mean.json",653
"frozen_outputs/R4E2_ZERO_SHOT_TRANSFER_OUTPUT/day_07/source_07/routes/RL-GRU-CVaR.json",653
"frozen_outputs/R4E2_ZERO_SHOT_TRANSFER_OUTPUT/day_07/source_07/routes/RL-GRU-Mean.json",653
"frozen_outputs/R4E2_ZERO_SHOT_TRANSFER_OUTPUT/day_07/source_07/routes/Uniform-CVaR.json",653
"frozen_outputs/R4E2_ZERO_SHOT_TRANSFER_OUTPUT/day_07/source_07/routes/Uniform-Mean.json",653
"frozen_outputs/R4E2_ZERO_SHOT_TRANSFER_OUTPUT/day_07/source_07/summary.csv",2074
"frozen_outputs/R4E2_ZERO_SHOT_TRANSFER_OUTPUT/day_07/source_08/contrasts.csv",283
"frozen_outputs/R4E2_ZERO_SHOT_TRANSFER_OUTPUT/day_07/source_08/logs/RL-FF-CVaR_search.csv",19113
"frozen_outputs/R4E2_ZERO_SHOT_TRANSFER_OUTPUT/day_07/source_08/logs/RL-FF-Mean_search.csv",19140
"frozen_outputs/R4E2_ZERO_SHOT_TRANSFER_OUTPUT/day_07/source_08/logs/RL-GRU-CVaR_search.csv",19591
"frozen_outputs/R4E2_ZERO_SHOT_TRANSFER_OUTPUT/day_07/source_08/logs/RL-GRU-Mean_search.csv",19031
"frozen_outputs/R4E2_ZERO_SHOT_TRANSFER_OUTPUT/day_07/source_08/logs/Uniform-CVaR_search.csv",18107
"frozen_outputs/R4E2_ZERO_SHOT_TRANSFER_OUTPUT/day_07/source_08/logs/Uniform-Mean_search.csv",18729
"frozen_outputs/R4E2_ZERO_SHOT_TRANSFER_OUTPUT/day_07/source_08/per_scenario_tardiness.csv",49111
"frozen_outputs/R4E2_ZERO_SHOT_TRANSFER_OUTPUT/day_07/source_08/report.json",823
"frozen_outputs/R4E2_ZERO_SHOT_TRANSFER_OUTPUT/day_07/source_08/routes/RL-FF-CVaR.json",653
"frozen_outputs/R4E2_ZERO_SHOT_TRANSFER_OUTPUT/day_07/source_08/routes/RL-FF-Mean.json",653
"frozen_outputs/R4E2_ZERO_SHOT_TRANSFER_OUTPUT/day_07/source_08/routes/RL-GRU-CVaR.json",653
"frozen_outputs/R4E2_ZERO_SHOT_TRANSFER_OUTPUT/day_07/source_08/routes/RL-GRU-Mean.json",653
"frozen_outputs/R4E2_ZERO_SHOT_TRANSFER_OUTPUT/day_07/source_08/routes/Uniform-CVaR.json",653
"frozen_outputs/R4E2_ZERO_SHOT_TRANSFER_OUTPUT/day_07/source_08/routes/Uniform-Mean.json",653
"frozen_outputs/R4E2_ZERO_SHOT_TRANSFER_OUTPUT/day_07/source_08/summary.csv",2116
"frozen_outputs/R4E2_ZERO_SHOT_TRANSFER_OUTPUT/day_07/source_09/contrasts.csv",281
"frozen_outputs/R4E2_ZERO_SHOT_TRANSFER_OUTPUT/day_07/source_09/logs/RL-FF-CVaR_search.csv",18638
"frozen_outputs/R4E2_ZERO_SHOT_TRANSFER_OUTPUT/day_07/source_09/logs/RL-FF-Mean_search.csv",19977
"frozen_outputs/R4E2_ZERO_SHOT_TRANSFER_OUTPUT/day_07/source_09/logs/RL-GRU-CVaR_search.csv",19791
"frozen_outputs/R4E2_ZERO_SHOT_TRANSFER_OUTPUT/day_07/source_09/logs/RL-GRU-Mean_search.csv",19286
"frozen_outputs/R4E2_ZERO_SHOT_TRANSFER_OUTPUT/day_07/source_09/logs/Uniform-CVaR_search.csv",19310
"frozen_outputs/R4E2_ZERO_SHOT_TRANSFER_OUTPUT/day_07/source_09/logs/Uniform-Mean_search.csv",19063
"frozen_outputs/R4E2_ZERO_SHOT_TRANSFER_OUTPUT/day_07/source_09/per_scenario_tardiness.csv",44026
"frozen_outputs/R4E2_ZERO_SHOT_TRANSFER_OUTPUT/day_07/source_09/report.json",823
"frozen_outputs/R4E2_ZERO_SHOT_TRANSFER_OUTPUT/day_07/source_09/routes/RL-FF-CVaR.json",653
"frozen_outputs/R4E2_ZERO_SHOT_TRANSFER_OUTPUT/day_07/source_09/routes/RL-FF-Mean.json",653
"frozen_outputs/R4E2_ZERO_SHOT_TRANSFER_OUTPUT/day_07/source_09/routes/RL-GRU-CVaR.json",653
"frozen_outputs/R4E2_ZERO_SHOT_TRANSFER_OUTPUT/day_07/source_09/routes/RL-GRU-Mean.json",653
"frozen_outputs/R4E2_ZERO_SHOT_TRANSFER_OUTPUT/day_07/source_09/routes/Uniform-CVaR.json",653
"frozen_outputs/R4E2_ZERO_SHOT_TRANSFER_OUTPUT/day_07/source_09/routes/Uniform-Mean.json",653
"frozen_outputs/R4E2_ZERO_SHOT_TRANSFER_OUTPUT/day_07/source_09/summary.csv",2095
"frozen_outputs/R4E2_ZERO_SHOT_TRANSFER_OUTPUT/day_07/source_10/contrasts.csv",287
"frozen_outputs/R4E2_ZERO_SHOT_TRANSFER_OUTPUT/day_07/source_10/logs/RL-FF-CVaR_search.csv",20751
"frozen_outputs/R4E2_ZERO_SHOT_TRANSFER_OUTPUT/day_07/source_10/logs/RL-FF-Mean_search.csv",19471
"frozen_outputs/R4E2_ZERO_SHOT_TRANSFER_OUTPUT/day_07/source_10/logs/RL-GRU-CVaR_search.csv",18759
"frozen_outputs/R4E2_ZERO_SHOT_TRANSFER_OUTPUT/day_07/source_10/logs/RL-GRU-Mean_search.csv",21965
"frozen_outputs/R4E2_ZERO_SHOT_TRANSFER_OUTPUT/day_07/source_10/logs/Uniform-CVaR_search.csv",20169
"frozen_outputs/R4E2_ZERO_SHOT_TRANSFER_OUTPUT/day_07/source_10/logs/Uniform-Mean_search.csv",18958
"frozen_outputs/R4E2_ZERO_SHOT_TRANSFER_OUTPUT/day_07/source_10/per_scenario_tardiness.csv",54493
"frozen_outputs/R4E2_ZERO_SHOT_TRANSFER_OUTPUT/day_07/source_10/report.json",824
"frozen_outputs/R4E2_ZERO_SHOT_TRANSFER_OUTPUT/day_07/source_10/routes/RL-FF-CVaR.json",653
"frozen_outputs/R4E2_ZERO_SHOT_TRANSFER_OUTPUT/day_07/source_10/routes/RL-FF-Mean.json",653
"frozen_outputs/R4E2_ZERO_SHOT_TRANSFER_OUTPUT/day_07/source_10/routes/RL-GRU-CVaR.json",653
"frozen_outputs/R4E2_ZERO_SHOT_TRANSFER_OUTPUT/day_07/source_10/routes/RL-GRU-Mean.json",653
"frozen_outputs/R4E2_ZERO_SHOT_TRANSFER_OUTPUT/day_07/source_10/routes/Uniform-CVaR.json",653
"frozen_outputs/R4E2_ZERO_SHOT_TRANSFER_OUTPUT/day_07/source_10/routes/Uniform-Mean.json",653
"frozen_outputs/R4E2_ZERO_SHOT_TRANSFER_OUTPUT/day_07/source_10/summary.csv",2114
"frozen_outputs/R4E2_ZERO_SHOT_TRANSFER_OUTPUT/day_08/source_01/contrasts.csv",269
"frozen_outputs/R4E2_ZERO_SHOT_TRANSFER_OUTPUT/day_08/source_01/logs/RL-FF-CVaR_search.csv",18562
"frozen_outputs/R4E2_ZERO_SHOT_TRANSFER_OUTPUT/day_08/source_01/logs/RL-FF-Mean_search.csv",22809
"frozen_outputs/R4E2_ZERO_SHOT_TRANSFER_OUTPUT/day_08/source_01/logs/RL-GRU-CVaR_search.csv",20346
"frozen_outputs/R4E2_ZERO_SHOT_TRANSFER_OUTPUT/day_08/source_01/logs/RL-GRU-Mean_search.csv",22819
"frozen_outputs/R4E2_ZERO_SHOT_TRANSFER_OUTPUT/day_08/source_01/logs/Uniform-CVaR_search.csv",19546
"frozen_outputs/R4E2_ZERO_SHOT_TRANSFER_OUTPUT/day_08/source_01/logs/Uniform-Mean_search.csv",21929
"frozen_outputs/R4E2_ZERO_SHOT_TRANSFER_OUTPUT/day_08/source_01/per_scenario_tardiness.csv",70187
"frozen_outputs/R4E2_ZERO_SHOT_TRANSFER_OUTPUT/day_08/source_01/report.json",823
"frozen_outputs/R4E2_ZERO_SHOT_TRANSFER_OUTPUT/day_08/source_01/routes/RL-FF-CVaR.json",717
"frozen_outputs/R4E2_ZERO_SHOT_TRANSFER_OUTPUT/day_08/source_01/routes/RL-FF-Mean.json",717
"frozen_outputs/R4E2_ZERO_SHOT_TRANSFER_OUTPUT/day_08/source_01/routes/RL-GRU-CVaR.json",717
"frozen_outputs/R4E2_ZERO_SHOT_TRANSFER_OUTPUT/day_08/source_01/routes/RL-GRU-Mean.json",717
"frozen_outputs/R4E2_ZERO_SHOT_TRANSFER_OUTPUT/day_08/source_01/routes/Uniform-CVaR.json",717
"frozen_outputs/R4E2_ZERO_SHOT_TRANSFER_OUTPUT/day_08/source_01/routes/Uniform-Mean.json",717
"frozen_outputs/R4E2_ZERO_SHOT_TRANSFER_OUTPUT/day_08/source_01/summary.csv",2095
"frozen_outputs/R4E2_ZERO_SHOT_TRANSFER_OUTPUT/day_08/source_02/contrasts.csv",286
"frozen_outputs/R4E2_ZERO_SHOT_TRANSFER_OUTPUT/day_08/source_02/logs/RL-FF-CVaR_search.csv",18643
"frozen_outputs/R4E2_ZERO_SHOT_TRANSFER_OUTPUT/day_08/source_02/logs/RL-FF-Mean_search.csv",19604
"frozen_outputs/R4E2_ZERO_SHOT_TRANSFER_OUTPUT/day_08/source_02/logs/RL-GRU-CVaR_search.csv",21876
"frozen_outputs/R4E2_ZERO_SHOT_TRANSFER_OUTPUT/day_08/source_02/logs/RL-GRU-Mean_search.csv",22985
"frozen_outputs/R4E2_ZERO_SHOT_TRANSFER_OUTPUT/day_08/source_02/logs/Uniform-CVaR_search.csv",18307
"frozen_outputs/R4E2_ZERO_SHOT_TRANSFER_OUTPUT/day_08/source_02/logs/Uniform-Mean_search.csv",22224
"frozen_outputs/R4E2_ZERO_SHOT_TRANSFER_OUTPUT/day_08/source_02/per_scenario_tardiness.csv",85580
"frozen_outputs/R4E2_ZERO_SHOT_TRANSFER_OUTPUT/day_08/source_02/report.json",823
"frozen_outputs/R4E2_ZERO_SHOT_TRANSFER_OUTPUT/day_08/source_02/routes/RL-FF-CVaR.json",717
"frozen_outputs/R4E2_ZERO_SHOT_TRANSFER_OUTPUT/day_08/source_02/routes/RL-FF-Mean.json",717
"frozen_outputs/R4E2_ZERO_SHOT_TRANSFER_OUTPUT/day_08/source_02/routes/RL-GRU-CVaR.json",717
"frozen_outputs/R4E2_ZERO_SHOT_TRANSFER_OUTPUT/day_08/source_02/routes/RL-GRU-Mean.json",717
"frozen_outputs/R4E2_ZERO_SHOT_TRANSFER_OUTPUT/day_08/source_02/routes/Uniform-CVaR.json",717
"frozen_outputs/R4E2_ZERO_SHOT_TRANSFER_OUTPUT/day_08/source_02/routes/Uniform-Mean.json",717
"frozen_outputs/R4E2_ZERO_SHOT_TRANSFER_OUTPUT/day_08/source_02/summary.csv",2088
"frozen_outputs/R4E2_ZERO_SHOT_TRANSFER_OUTPUT/day_08/source_03/contrasts.csv",283
"frozen_outputs/R4E2_ZERO_SHOT_TRANSFER_OUTPUT/day_08/source_03/logs/RL-FF-CVaR_search.csv",20527
"frozen_outputs/R4E2_ZERO_SHOT_TRANSFER_OUTPUT/day_08/source_03/logs/RL-FF-Mean_search.csv",20893
"frozen_outputs/R4E2_ZERO_SHOT_TRANSFER_OUTPUT/day_08/source_03/logs/RL-GRU-CVaR_search.csv",22634
"frozen_outputs/R4E2_ZERO_SHOT_TRANSFER_OUTPUT/day_08/source_03/logs/RL-GRU-Mean_search.csv",21505
"frozen_outputs/R4E2_ZERO_SHOT_TRANSFER_OUTPUT/day_08/source_03/logs/Uniform-CVaR_search.csv",19537
"frozen_outputs/R4E2_ZERO_SHOT_TRANSFER_OUTPUT/day_08/source_03/logs/Uniform-Mean_search.csv",21376
"frozen_outputs/R4E2_ZERO_SHOT_TRANSFER_OUTPUT/day_08/source_03/per_scenario_tardiness.csv",84019
"frozen_outputs/R4E2_ZERO_SHOT_TRANSFER_OUTPUT/day_08/source_03/report.json",823
"frozen_outputs/R4E2_ZERO_SHOT_TRANSFER_OUTPUT/day_08/source_03/routes/RL-FF-CVaR.json",717
"frozen_outputs/R4E2_ZERO_SHOT_TRANSFER_OUTPUT/day_08/source_03/routes/RL-FF-Mean.json",717
"frozen_outputs/R4E2_ZERO_SHOT_TRANSFER_OUTPUT/day_08/source_03/routes/RL-GRU-CVaR.json",717
"frozen_outputs/R4E2_ZERO_SHOT_TRANSFER_OUTPUT/day_08/source_03/routes/RL-GRU-Mean.json",717
"frozen_outputs/R4E2_ZERO_SHOT_TRANSFER_OUTPUT/day_08/source_03/routes/Uniform-CVaR.json",717
"frozen_outputs/R4E2_ZERO_SHOT_TRANSFER_OUTPUT/day_08/source_03/routes/Uniform-Mean.json",717
"frozen_outputs/R4E2_ZERO_SHOT_TRANSFER_OUTPUT/day_08/source_03/summary.csv",2069
"frozen_outputs/R4E2_ZERO_SHOT_TRANSFER_OUTPUT/day_08/source_04/contrasts.csv",279
"frozen_outputs/R4E2_ZERO_SHOT_TRANSFER_OUTPUT/day_08/source_04/logs/RL-FF-CVaR_search.csv",18234
"frozen_outputs/R4E2_ZERO_SHOT_TRANSFER_OUTPUT/day_08/source_04/logs/RL-FF-Mean_search.csv",22573
"frozen_outputs/R4E2_ZERO_SHOT_TRANSFER_OUTPUT/day_08/source_04/logs/RL-GRU-CVaR_search.csv",19599
"frozen_outputs/R4E2_ZERO_SHOT_TRANSFER_OUTPUT/day_08/source_04/logs/RL-GRU-Mean_search.csv",22789
"frozen_outputs/R4E2_ZERO_SHOT_TRANSFER_OUTPUT/day_08/source_04/logs/Uniform-CVaR_search.csv",18659
"frozen_outputs/R4E2_ZERO_SHOT_TRANSFER_OUTPUT/day_08/source_04/logs/Uniform-Mean_search.csv",20291
"frozen_outputs/R4E2_ZERO_SHOT_TRANSFER_OUTPUT/day_08/source_04/per_scenario_tardiness.csv",95341
"frozen_outputs/R4E2_ZERO_SHOT_TRANSFER_OUTPUT/day_08/source_04/report.json",823
"frozen_outputs/R4E2_ZERO_SHOT_TRANSFER_OUTPUT/day_08/source_04/routes/RL-FF-CVaR.json",717
"frozen_outputs/R4E2_ZERO_SHOT_TRANSFER_OUTPUT/day_08/source_04/routes/RL-FF-Mean.json",717
"frozen_outputs/R4E2_ZERO_SHOT_TRANSFER_OUTPUT/day_08/source_04/routes/RL-GRU-CVaR.json",717
"frozen_outputs/R4E2_ZERO_SHOT_TRANSFER_OUTPUT/day_08/source_04/routes/RL-GRU-Mean.json",717
"frozen_outputs/R4E2_ZERO_SHOT_TRANSFER_OUTPUT/day_08/source_04/routes/Uniform-CVaR.json",717
"frozen_outputs/R4E2_ZERO_SHOT_TRANSFER_OUTPUT/day_08/source_04/routes/Uniform-Mean.json",717
"frozen_outputs/R4E2_ZERO_SHOT_TRANSFER_OUTPUT/day_08/source_04/summary.csv",2079
"frozen_outputs/R4E2_ZERO_SHOT_TRANSFER_OUTPUT/day_08/source_05/contrasts.csv",285
"frozen_outputs/R4E2_ZERO_SHOT_TRANSFER_OUTPUT/day_08/source_05/logs/RL-FF-CVaR_search.csv",19498
"frozen_outputs/R4E2_ZERO_SHOT_TRANSFER_OUTPUT/day_08/source_05/logs/RL-FF-Mean_search.csv",21648
"frozen_outputs/R4E2_ZERO_SHOT_TRANSFER_OUTPUT/day_08/source_05/logs/RL-GRU-CVaR_search.csv",19684
"frozen_outputs/R4E2_ZERO_SHOT_TRANSFER_OUTPUT/day_08/source_05/logs/RL-GRU-Mean_search.csv",23492
"frozen_outputs/R4E2_ZERO_SHOT_TRANSFER_OUTPUT/day_08/source_05/logs/Uniform-CVaR_search.csv",22674
"frozen_outputs/R4E2_ZERO_SHOT_TRANSFER_OUTPUT/day_08/source_05/logs/Uniform-Mean_search.csv",19969
"frozen_outputs/R4E2_ZERO_SHOT_TRANSFER_OUTPUT/day_08/source_05/per_scenario_tardiness.csv",99108
"frozen_outputs/R4E2_ZERO_SHOT_TRANSFER_OUTPUT/day_08/source_05/report.json",823
"frozen_outputs/R4E2_ZERO_SHOT_TRANSFER_OUTPUT/day_08/source_05/routes/RL-FF-CVaR.json",717
"frozen_outputs/R4E2_ZERO_SHOT_TRANSFER_OUTPUT/day_08/source_05/routes/RL-FF-Mean.json",717
"frozen_outputs/R4E2_ZERO_SHOT_TRANSFER_OUTPUT/day_08/source_05/routes/RL-GRU-CVaR.json",717
"frozen_outputs/R4E2_ZERO_SHOT_TRANSFER_OUTPUT/day_08/source_05/routes/RL-GRU-Mean.json",717
"frozen_outputs/R4E2_ZERO_SHOT_TRANSFER_OUTPUT/day_08/source_05/routes/Uniform-CVaR.json",717
"frozen_outputs/R4E2_ZERO_SHOT_TRANSFER_OUTPUT/day_08/source_05/routes/Uniform-Mean.json",717
"frozen_outputs/R4E2_ZERO_SHOT_TRANSFER_OUTPUT/day_08/source_05/summary.csv",2043
"frozen_outputs/R4E2_ZERO_SHOT_TRANSFER_OUTPUT/day_08/source_06/contrasts.csv",285
"frozen_outputs/R4E2_ZERO_SHOT_TRANSFER_OUTPUT/day_08/source_06/logs/RL-FF-CVaR_search.csv",18048
"frozen_outputs/R4E2_ZERO_SHOT_TRANSFER_OUTPUT/day_08/source_06/logs/RL-FF-Mean_search.csv",26379
"frozen_outputs/R4E2_ZERO_SHOT_TRANSFER_OUTPUT/day_08/source_06/logs/RL-GRU-CVaR_search.csv",18467
"frozen_outputs/R4E2_ZERO_SHOT_TRANSFER_OUTPUT/day_08/source_06/logs/RL-GRU-Mean_search.csv",21660
"frozen_outputs/R4E2_ZERO_SHOT_TRANSFER_OUTPUT/day_08/source_06/logs/Uniform-CVaR_search.csv",17929
"frozen_outputs/R4E2_ZERO_SHOT_TRANSFER_OUTPUT/day_08/source_06/logs/Uniform-Mean_search.csv",21075
"frozen_outputs/R4E2_ZERO_SHOT_TRANSFER_OUTPUT/day_08/source_06/per_scenario_tardiness.csv",78460
"frozen_outputs/R4E2_ZERO_SHOT_TRANSFER_OUTPUT/day_08/source_06/report.json",823
"frozen_outputs/R4E2_ZERO_SHOT_TRANSFER_OUTPUT/day_08/source_06/routes/RL-FF-CVaR.json",717
"frozen_outputs/R4E2_ZERO_SHOT_TRANSFER_OUTPUT/day_08/source_06/routes/RL-FF-Mean.json",717
"frozen_outputs/R4E2_ZERO_SHOT_TRANSFER_OUTPUT/day_08/source_06/routes/RL-GRU-CVaR.json",717
"frozen_outputs/R4E2_ZERO_SHOT_TRANSFER_OUTPUT/day_08/source_06/routes/RL-GRU-Mean.json",717
"frozen_outputs/R4E2_ZERO_SHOT_TRANSFER_OUTPUT/day_08/source_06/routes/Uniform-CVaR.json",717
"frozen_outputs/R4E2_ZERO_SHOT_TRANSFER_OUTPUT/day_08/source_06/routes/Uniform-Mean.json",717
"frozen_outputs/R4E2_ZERO_SHOT_TRANSFER_OUTPUT/day_08/source_06/summary.csv",2064
"frozen_outputs/R4E2_ZERO_SHOT_TRANSFER_OUTPUT/day_08/source_07/contrasts.csv",284
"frozen_outputs/R4E2_ZERO_SHOT_TRANSFER_OUTPUT/day_08/source_07/logs/RL-FF-CVaR_search.csv",20174
"frozen_outputs/R4E2_ZERO_SHOT_TRANSFER_OUTPUT/day_08/source_07/logs/RL-FF-Mean_search.csv",23161
"frozen_outputs/R4E2_ZERO_SHOT_TRANSFER_OUTPUT/day_08/source_07/logs/RL-GRU-CVaR_search.csv",18398
"frozen_outputs/R4E2_ZERO_SHOT_TRANSFER_OUTPUT/day_08/source_07/logs/RL-GRU-Mean_search.csv",19795
"frozen_outputs/R4E2_ZERO_SHOT_TRANSFER_OUTPUT/day_08/source_07/logs/Uniform-CVaR_search.csv",19039
"frozen_outputs/R4E2_ZERO_SHOT_TRANSFER_OUTPUT/day_08/source_07/logs/Uniform-Mean_search.csv",23700
"frozen_outputs/R4E2_ZERO_SHOT_TRANSFER_OUTPUT/day_08/source_07/per_scenario_tardiness.csv",81248
"frozen_outputs/R4E2_ZERO_SHOT_TRANSFER_OUTPUT/day_08/source_07/report.json",823
"frozen_outputs/R4E2_ZERO_SHOT_TRANSFER_OUTPUT/day_08/source_07/routes/RL-FF-CVaR.json",717
"frozen_outputs/R4E2_ZERO_SHOT_TRANSFER_OUTPUT/day_08/source_07/routes/RL-FF-Mean.json",717
"frozen_outputs/R4E2_ZERO_SHOT_TRANSFER_OUTPUT/day_08/source_07/routes/RL-GRU-CVaR.json",717
"frozen_outputs/R4E2_ZERO_SHOT_TRANSFER_OUTPUT/day_08/source_07/routes/RL-GRU-Mean.json",717
"frozen_outputs/R4E2_ZERO_SHOT_TRANSFER_OUTPUT/day_08/source_07/routes/Uniform-CVaR.json",717
"frozen_outputs/R4E2_ZERO_SHOT_TRANSFER_OUTPUT/day_08/source_07/routes/Uniform-Mean.json",717
"frozen_outputs/R4E2_ZERO_SHOT_TRANSFER_OUTPUT/day_08/source_07/summary.csv",2072
"frozen_outputs/R4E2_ZERO_SHOT_TRANSFER_OUTPUT/day_08/source_08/contrasts.csv",286
"frozen_outputs/R4E2_ZERO_SHOT_TRANSFER_OUTPUT/day_08/source_08/logs/RL-FF-CVaR_search.csv",19290
"frozen_outputs/R4E2_ZERO_SHOT_TRANSFER_OUTPUT/day_08/source_08/logs/RL-FF-Mean_search.csv",20069
"frozen_outputs/R4E2_ZERO_SHOT_TRANSFER_OUTPUT/day_08/source_08/logs/RL-GRU-CVaR_search.csv",23048
"frozen_outputs/R4E2_ZERO_SHOT_TRANSFER_OUTPUT/day_08/source_08/logs/RL-GRU-Mean_search.csv",22043
"frozen_outputs/R4E2_ZERO_SHOT_TRANSFER_OUTPUT/day_08/source_08/logs/Uniform-CVaR_search.csv",18100
"frozen_outputs/R4E2_ZERO_SHOT_TRANSFER_OUTPUT/day_08/source_08/logs/Uniform-Mean_search.csv",24440
"frozen_outputs/R4E2_ZERO_SHOT_TRANSFER_OUTPUT/day_08/source_08/per_scenario_tardiness.csv",84503
"frozen_outputs/R4E2_ZERO_SHOT_TRANSFER_OUTPUT/day_08/source_08/report.json",823
"frozen_outputs/R4E2_ZERO_SHOT_TRANSFER_OUTPUT/day_08/source_08/routes/RL-FF-CVaR.json",717
"frozen_outputs/R4E2_ZERO_SHOT_TRANSFER_OUTPUT/day_08/source_08/routes/RL-FF-Mean.json",717
"frozen_outputs/R4E2_ZERO_SHOT_TRANSFER_OUTPUT/day_08/source_08/routes/RL-GRU-CVaR.json",717
"frozen_outputs/R4E2_ZERO_SHOT_TRANSFER_OUTPUT/day_08/source_08/routes/RL-GRU-Mean.json",717
"frozen_outputs/R4E2_ZERO_SHOT_TRANSFER_OUTPUT/day_08/source_08/routes/Uniform-CVaR.json",717
"frozen_outputs/R4E2_ZERO_SHOT_TRANSFER_OUTPUT/day_08/source_08/routes/Uniform-Mean.json",717
"frozen_outputs/R4E2_ZERO_SHOT_TRANSFER_OUTPUT/day_08/source_08/summary.csv",2096
"frozen_outputs/R4E2_ZERO_SHOT_TRANSFER_OUTPUT/day_08/source_09/contrasts.csv",284
"frozen_outputs/R4E2_ZERO_SHOT_TRANSFER_OUTPUT/day_08/source_09/logs/RL-FF-CVaR_search.csv",19794
"frozen_outputs/R4E2_ZERO_SHOT_TRANSFER_OUTPUT/day_08/source_09/logs/RL-FF-Mean_search.csv",19509
"frozen_outputs/R4E2_ZERO_SHOT_TRANSFER_OUTPUT/day_08/source_09/logs/RL-GRU-CVaR_search.csv",20843
"frozen_outputs/R4E2_ZERO_SHOT_TRANSFER_OUTPUT/day_08/source_09/logs/RL-GRU-Mean_search.csv",20015
"frozen_outputs/R4E2_ZERO_SHOT_TRANSFER_OUTPUT/day_08/source_09/logs/Uniform-CVaR_search.csv",19082
"frozen_outputs/R4E2_ZERO_SHOT_TRANSFER_OUTPUT/day_08/source_09/logs/Uniform-Mean_search.csv",20466
"frozen_outputs/R4E2_ZERO_SHOT_TRANSFER_OUTPUT/day_08/source_09/per_scenario_tardiness.csv",89096
"frozen_outputs/R4E2_ZERO_SHOT_TRANSFER_OUTPUT/day_08/source_09/report.json",823
"frozen_outputs/R4E2_ZERO_SHOT_TRANSFER_OUTPUT/day_08/source_09/routes/RL-FF-CVaR.json",717
"frozen_outputs/R4E2_ZERO_SHOT_TRANSFER_OUTPUT/day_08/source_09/routes/RL-FF-Mean.json",717
"frozen_outputs/R4E2_ZERO_SHOT_TRANSFER_OUTPUT/day_08/source_09/routes/RL-GRU-CVaR.json",717
"frozen_outputs/R4E2_ZERO_SHOT_TRANSFER_OUTPUT/day_08/source_09/routes/RL-GRU-Mean.json",717
"frozen_outputs/R4E2_ZERO_SHOT_TRANSFER_OUTPUT/day_08/source_09/routes/Uniform-CVaR.json",717
"frozen_outputs/R4E2_ZERO_SHOT_TRANSFER_OUTPUT/day_08/source_09/routes/Uniform-Mean.json",717
"frozen_outputs/R4E2_ZERO_SHOT_TRANSFER_OUTPUT/day_08/source_09/summary.csv",2092
"frozen_outputs/R4E2_ZERO_SHOT_TRANSFER_OUTPUT/day_08/source_10/contrasts.csv",287
"frozen_outputs/R4E2_ZERO_SHOT_TRANSFER_OUTPUT/day_08/source_10/logs/RL-FF-CVaR_search.csv",18999
"frozen_outputs/R4E2_ZERO_SHOT_TRANSFER_OUTPUT/day_08/source_10/logs/RL-FF-Mean_search.csv",21760
"frozen_outputs/R4E2_ZERO_SHOT_TRANSFER_OUTPUT/day_08/source_10/logs/RL-GRU-CVaR_search.csv",19411
"frozen_outputs/R4E2_ZERO_SHOT_TRANSFER_OUTPUT/day_08/source_10/logs/RL-GRU-Mean_search.csv",21357
"frozen_outputs/R4E2_ZERO_SHOT_TRANSFER_OUTPUT/day_08/source_10/logs/Uniform-CVaR_search.csv",18265
"frozen_outputs/R4E2_ZERO_SHOT_TRANSFER_OUTPUT/day_08/source_10/logs/Uniform-Mean_search.csv",21252
"frozen_outputs/R4E2_ZERO_SHOT_TRANSFER_OUTPUT/day_08/source_10/per_scenario_tardiness.csv",89170
"frozen_outputs/R4E2_ZERO_SHOT_TRANSFER_OUTPUT/day_08/source_10/report.json",824
"frozen_outputs/R4E2_ZERO_SHOT_TRANSFER_OUTPUT/day_08/source_10/routes/RL-FF-CVaR.json",717
"frozen_outputs/R4E2_ZERO_SHOT_TRANSFER_OUTPUT/day_08/source_10/routes/RL-FF-Mean.json",717
"frozen_outputs/R4E2_ZERO_SHOT_TRANSFER_OUTPUT/day_08/source_10/routes/RL-GRU-CVaR.json",717
"frozen_outputs/R4E2_ZERO_SHOT_TRANSFER_OUTPUT/day_08/source_10/routes/RL-GRU-Mean.json",717
"frozen_outputs/R4E2_ZERO_SHOT_TRANSFER_OUTPUT/day_08/source_10/routes/Uniform-CVaR.json",717
"frozen_outputs/R4E2_ZERO_SHOT_TRANSFER_OUTPUT/day_08/source_10/routes/Uniform-Mean.json",717
"frozen_outputs/R4E2_ZERO_SHOT_TRANSFER_OUTPUT/day_08/source_10/summary.csv",2039
"frozen_outputs/R4E2_ZERO_SHOT_TRANSFER_OUTPUT/day_09/source_01/contrasts.csv",282
"frozen_outputs/R4E2_ZERO_SHOT_TRANSFER_OUTPUT/day_09/source_01/logs/RL-FF-CVaR_search.csv",18372
"frozen_outputs/R4E2_ZERO_SHOT_TRANSFER_OUTPUT/day_09/source_01/logs/RL-FF-Mean_search.csv",19098
"frozen_outputs/R4E2_ZERO_SHOT_TRANSFER_OUTPUT/day_09/source_01/logs/RL-GRU-CVaR_search.csv",18398
"frozen_outputs/R4E2_ZERO_SHOT_TRANSFER_OUTPUT/day_09/source_01/logs/RL-GRU-Mean_search.csv",18252
"frozen_outputs/R4E2_ZERO_SHOT_TRANSFER_OUTPUT/day_09/source_01/logs/Uniform-CVaR_search.csv",20855
"frozen_outputs/R4E2_ZERO_SHOT_TRANSFER_OUTPUT/day_09/source_01/logs/Uniform-Mean_search.csv",19700
"frozen_outputs/R4E2_ZERO_SHOT_TRANSFER_OUTPUT/day_09/source_01/per_scenario_tardiness.csv",78942
"frozen_outputs/R4E2_ZERO_SHOT_TRANSFER_OUTPUT/day_09/source_01/report.json",823
"frozen_outputs/R4E2_ZERO_SHOT_TRANSFER_OUTPUT/day_09/source_01/routes/RL-FF-CVaR.json",797
"frozen_outputs/R4E2_ZERO_SHOT_TRANSFER_OUTPUT/day_09/source_01/routes/RL-FF-Mean.json",797
"frozen_outputs/R4E2_ZERO_SHOT_TRANSFER_OUTPUT/day_09/source_01/routes/RL-GRU-CVaR.json",797
"frozen_outputs/R4E2_ZERO_SHOT_TRANSFER_OUTPUT/day_09/source_01/routes/RL-GRU-Mean.json",797
"frozen_outputs/R4E2_ZERO_SHOT_TRANSFER_OUTPUT/day_09/source_01/routes/Uniform-CVaR.json",797
"frozen_outputs/R4E2_ZERO_SHOT_TRANSFER_OUTPUT/day_09/source_01/routes/Uniform-Mean.json",797
"frozen_outputs/R4E2_ZERO_SHOT_TRANSFER_OUTPUT/day_09/source_01/summary.csv",2059
"frozen_outputs/R4E2_ZERO_SHOT_TRANSFER_OUTPUT/day_09/source_02/contrasts.csv",285
"frozen_outputs/R4E2_ZERO_SHOT_TRANSFER_OUTPUT/day_09/source_02/logs/RL-FF-CVaR_search.csv",17707
"frozen_outputs/R4E2_ZERO_SHOT_TRANSFER_OUTPUT/day_09/source_02/logs/RL-FF-Mean_search.csv",18223
"frozen_outputs/R4E2_ZERO_SHOT_TRANSFER_OUTPUT/day_09/source_02/logs/RL-GRU-CVaR_search.csv",17686
"frozen_outputs/R4E2_ZERO_SHOT_TRANSFER_OUTPUT/day_09/source_02/logs/RL-GRU-Mean_search.csv",18344
"frozen_outputs/R4E2_ZERO_SHOT_TRANSFER_OUTPUT/day_09/source_02/logs/Uniform-CVaR_search.csv",18022
"frozen_outputs/R4E2_ZERO_SHOT_TRANSFER_OUTPUT/day_09/source_02/logs/Uniform-Mean_search.csv",19821
"frozen_outputs/R4E2_ZERO_SHOT_TRANSFER_OUTPUT/day_09/source_02/per_scenario_tardiness.csv",85973
"frozen_outputs/R4E2_ZERO_SHOT_TRANSFER_OUTPUT/day_09/source_02/report.json",823
"frozen_outputs/R4E2_ZERO_SHOT_TRANSFER_OUTPUT/day_09/source_02/routes/RL-FF-CVaR.json",797
"frozen_outputs/R4E2_ZERO_SHOT_TRANSFER_OUTPUT/day_09/source_02/routes/RL-FF-Mean.json",797
"frozen_outputs/R4E2_ZERO_SHOT_TRANSFER_OUTPUT/day_09/source_02/routes/RL-GRU-CVaR.json",797
"frozen_outputs/R4E2_ZERO_SHOT_TRANSFER_OUTPUT/day_09/source_02/routes/RL-GRU-Mean.json",797
"frozen_outputs/R4E2_ZERO_SHOT_TRANSFER_OUTPUT/day_09/source_02/routes/Uniform-CVaR.json",797
"frozen_outputs/R4E2_ZERO_SHOT_TRANSFER_OUTPUT/day_09/source_02/routes/Uniform-Mean.json",797
"frozen_outputs/R4E2_ZERO_SHOT_TRANSFER_OUTPUT/day_09/source_02/summary.csv",2079
"frozen_outputs/R4E2_ZERO_SHOT_TRANSFER_OUTPUT/day_09/source_03/contrasts.csv",285
"frozen_outputs/R4E2_ZERO_SHOT_TRANSFER_OUTPUT/day_09/source_03/logs/RL-FF-CVaR_search.csv",17752
"frozen_outputs/R4E2_ZERO_SHOT_TRANSFER_OUTPUT/day_09/source_03/logs/RL-FF-Mean_search.csv",18775
"frozen_outputs/R4E2_ZERO_SHOT_TRANSFER_OUTPUT/day_09/source_03/logs/RL-GRU-CVaR_search.csv",17992
"frozen_outputs/R4E2_ZERO_SHOT_TRANSFER_OUTPUT/day_09/source_03/logs/RL-GRU-Mean_search.csv",19380
"frozen_outputs/R4E2_ZERO_SHOT_TRANSFER_OUTPUT/day_09/source_03/logs/Uniform-CVaR_search.csv",18710
"frozen_outputs/R4E2_ZERO_SHOT_TRANSFER_OUTPUT/day_09/source_03/logs/Uniform-Mean_search.csv",18544
"frozen_outputs/R4E2_ZERO_SHOT_TRANSFER_OUTPUT/day_09/source_03/per_scenario_tardiness.csv",76280
"frozen_outputs/R4E2_ZERO_SHOT_TRANSFER_OUTPUT/day_09/source_03/report.json",823
"frozen_outputs/R4E2_ZERO_SHOT_TRANSFER_OUTPUT/day_09/source_03/routes/RL-FF-CVaR.json",797
"frozen_outputs/R4E2_ZERO_SHOT_TRANSFER_OUTPUT/day_09/source_03/routes/RL-FF-Mean.json",797
"frozen_outputs/R4E2_ZERO_SHOT_TRANSFER_OUTPUT/day_09/source_03/routes/RL-GRU-CVaR.json",797
"frozen_outputs/R4E2_ZERO_SHOT_TRANSFER_OUTPUT/day_09/source_03/routes/RL-GRU-Mean.json",797
"frozen_outputs/R4E2_ZERO_SHOT_TRANSFER_OUTPUT/day_09/source_03/routes/Uniform-CVaR.json",797
"frozen_outputs/R4E2_ZERO_SHOT_TRANSFER_OUTPUT/day_09/source_03/routes/Uniform-Mean.json",797
"frozen_outputs/R4E2_ZERO_SHOT_TRANSFER_OUTPUT/day_09/source_03/summary.csv",2072
"frozen_outputs/R4E2_ZERO_SHOT_TRANSFER_OUTPUT/day_09/source_04/contrasts.csv",269
"frozen_outputs/R4E2_ZERO_SHOT_TRANSFER_OUTPUT/day_09/source_04/logs/RL-FF-CVaR_search.csv",17703
"frozen_outputs/R4E2_ZERO_SHOT_TRANSFER_OUTPUT/day_09/source_04/logs/RL-FF-Mean_search.csv",19080
"frozen_outputs/R4E2_ZERO_SHOT_TRANSFER_OUTPUT/day_09/source_04/logs/RL-GRU-CVaR_search.csv",18024
"frozen_outputs/R4E2_ZERO_SHOT_TRANSFER_OUTPUT/day_09/source_04/logs/RL-GRU-Mean_search.csv",18868
"frozen_outputs/R4E2_ZERO_SHOT_TRANSFER_OUTPUT/day_09/source_04/logs/Uniform-CVaR_search.csv",17819
"frozen_outputs/R4E2_ZERO_SHOT_TRANSFER_OUTPUT/day_09/source_04/logs/Uniform-Mean_search.csv",19111
"frozen_outputs/R4E2_ZERO_SHOT_TRANSFER_OUTPUT/day_09/source_04/per_scenario_tardiness.csv",104065
"frozen_outputs/R4E2_ZERO_SHOT_TRANSFER_OUTPUT/day_09/source_04/report.json",823
"frozen_outputs/R4E2_ZERO_SHOT_TRANSFER_OUTPUT/day_09/source_04/routes/RL-FF-CVaR.json",797
"frozen_outputs/R4E2_ZERO_SHOT_TRANSFER_OUTPUT/day_09/source_04/routes/RL-FF-Mean.json",797
"frozen_outputs/R4E2_ZERO_SHOT_TRANSFER_OUTPUT/day_09/source_04/routes/RL-GRU-CVaR.json",797
"frozen_outputs/R4E2_ZERO_SHOT_TRANSFER_OUTPUT/day_09/source_04/routes/RL-GRU-Mean.json",797
"frozen_outputs/R4E2_ZERO_SHOT_TRANSFER_OUTPUT/day_09/source_04/routes/Uniform-CVaR.json",797
"frozen_outputs/R4E2_ZERO_SHOT_TRANSFER_OUTPUT/day_09/source_04/routes/Uniform-Mean.json",797
"frozen_outputs/R4E2_ZERO_SHOT_TRANSFER_OUTPUT/day_09/source_04/summary.csv",2069
"frozen_outputs/R4E2_ZERO_SHOT_TRANSFER_OUTPUT/day_09/source_05/contrasts.csv",285
"frozen_outputs/R4E2_ZERO_SHOT_TRANSFER_OUTPUT/day_09/source_05/logs/RL-FF-CVaR_search.csv",18586
"frozen_outputs/R4E2_ZERO_SHOT_TRANSFER_OUTPUT/day_09/source_05/logs/RL-FF-Mean_search.csv",18800
"frozen_outputs/R4E2_ZERO_SHOT_TRANSFER_OUTPUT/day_09/source_05/logs/RL-GRU-CVaR_search.csv",18152
"frozen_outputs/R4E2_ZERO_SHOT_TRANSFER_OUTPUT/day_09/source_05/logs/RL-GRU-Mean_search.csv",18069
"frozen_outputs/R4E2_ZERO_SHOT_TRANSFER_OUTPUT/day_09/source_05/logs/Uniform-CVaR_search.csv",18984
"frozen_outputs/R4E2_ZERO_SHOT_TRANSFER_OUTPUT/day_09/source_05/logs/Uniform-Mean_search.csv",18822
"frozen_outputs/R4E2_ZERO_SHOT_TRANSFER_OUTPUT/day_09/source_05/per_scenario_tardiness.csv",74606
"frozen_outputs/R4E2_ZERO_SHOT_TRANSFER_OUTPUT/day_09/source_05/report.json",823
"frozen_outputs/R4E2_ZERO_SHOT_TRANSFER_OUTPUT/day_09/source_05/routes/RL-FF-CVaR.json",797
"frozen_outputs/R4E2_ZERO_SHOT_TRANSFER_OUTPUT/day_09/source_05/routes/RL-FF-Mean.json",797
"frozen_outputs/R4E2_ZERO_SHOT_TRANSFER_OUTPUT/day_09/source_05/routes/RL-GRU-CVaR.json",797
"frozen_outputs/R4E2_ZERO_SHOT_TRANSFER_OUTPUT/day_09/source_05/routes/RL-GRU-Mean.json",797
"frozen_outputs/R4E2_ZERO_SHOT_TRANSFER_OUTPUT/day_09/source_05/routes/Uniform-CVaR.json",797
"frozen_outputs/R4E2_ZERO_SHOT_TRANSFER_OUTPUT/day_09/source_05/routes/Uniform-Mean.json",797
"frozen_outputs/R4E2_ZERO_SHOT_TRANSFER_OUTPUT/day_09/source_05/summary.csv",2082
"frozen_outputs/R4E2_ZERO_SHOT_TRANSFER_OUTPUT/day_09/source_06/contrasts.csv",286
"frozen_outputs/R4E2_ZERO_SHOT_TRANSFER_OUTPUT/day_09/source_06/logs/RL-FF-CVaR_search.csv",18159
"frozen_outputs/R4E2_ZERO_SHOT_TRANSFER_OUTPUT/day_09/source_06/logs/RL-FF-Mean_search.csv",18810
"frozen_outputs/R4E2_ZERO_SHOT_TRANSFER_OUTPUT/day_09/source_06/logs/RL-GRU-CVaR_search.csv",18749
"frozen_outputs/R4E2_ZERO_SHOT_TRANSFER_OUTPUT/day_09/source_06/logs/RL-GRU-Mean_search.csv",19044
"frozen_outputs/R4E2_ZERO_SHOT_TRANSFER_OUTPUT/day_09/source_06/logs/Uniform-CVaR_search.csv",17979
"frozen_outputs/R4E2_ZERO_SHOT_TRANSFER_OUTPUT/day_09/source_06/logs/Uniform-Mean_search.csv",18916
"frozen_outputs/R4E2_ZERO_SHOT_TRANSFER_OUTPUT/day_09/source_06/per_scenario_tardiness.csv",90551
"frozen_outputs/R4E2_ZERO_SHOT_TRANSFER_OUTPUT/day_09/source_06/report.json",823
"frozen_outputs/R4E2_ZERO_SHOT_TRANSFER_OUTPUT/day_09/source_06/routes/RL-FF-CVaR.json",797
"frozen_outputs/R4E2_ZERO_SHOT_TRANSFER_OUTPUT/day_09/source_06/routes/RL-FF-Mean.json",797
"frozen_outputs/R4E2_ZERO_SHOT_TRANSFER_OUTPUT/day_09/source_06/routes/RL-GRU-CVaR.json",797
"frozen_outputs/R4E2_ZERO_SHOT_TRANSFER_OUTPUT/day_09/source_06/routes/RL-GRU-Mean.json",797
"frozen_outputs/R4E2_ZERO_SHOT_TRANSFER_OUTPUT/day_09/source_06/routes/Uniform-CVaR.json",797
"frozen_outputs/R4E2_ZERO_SHOT_TRANSFER_OUTPUT/day_09/source_06/routes/Uniform-Mean.json",797
"frozen_outputs/R4E2_ZERO_SHOT_TRANSFER_OUTPUT/day_09/source_06/summary.csv",2041
"frozen_outputs/R4E2_ZERO_SHOT_TRANSFER_OUTPUT/day_09/source_07/contrasts.csv",283
"frozen_outputs/R4E2_ZERO_SHOT_TRANSFER_OUTPUT/day_09/source_07/logs/RL-FF-CVaR_search.csv",18208
"frozen_outputs/R4E2_ZERO_SHOT_TRANSFER_OUTPUT/day_09/source_07/logs/RL-FF-Mean_search.csv",18822
"frozen_outputs/R4E2_ZERO_SHOT_TRANSFER_OUTPUT/day_09/source_07/logs/RL-GRU-CVaR_search.csv",17687
"frozen_outputs/R4E2_ZERO_SHOT_TRANSFER_OUTPUT/day_09/source_07/logs/RL-GRU-Mean_search.csv",19365
"frozen_outputs/R4E2_ZERO_SHOT_TRANSFER_OUTPUT/day_09/source_07/logs/Uniform-CVaR_search.csv",18679
"frozen_outputs/R4E2_ZERO_SHOT_TRANSFER_OUTPUT/day_09/source_07/logs/Uniform-Mean_search.csv",18714
"frozen_outputs/R4E2_ZERO_SHOT_TRANSFER_OUTPUT/day_09/source_07/per_scenario_tardiness.csv",88239
"frozen_outputs/R4E2_ZERO_SHOT_TRANSFER_OUTPUT/day_09/source_07/report.json",823
"frozen_outputs/R4E2_ZERO_SHOT_TRANSFER_OUTPUT/day_09/source_07/routes/RL-FF-CVaR.json",797
"frozen_outputs/R4E2_ZERO_SHOT_TRANSFER_OUTPUT/day_09/source_07/routes/RL-FF-Mean.json",797
"frozen_outputs/R4E2_ZERO_SHOT_TRANSFER_OUTPUT/day_09/source_07/routes/RL-GRU-CVaR.json",797
"frozen_outputs/R4E2_ZERO_SHOT_TRANSFER_OUTPUT/day_09/source_07/routes/RL-GRU-Mean.json",797
"frozen_outputs/R4E2_ZERO_SHOT_TRANSFER_OUTPUT/day_09/source_07/routes/Uniform-CVaR.json",797
"frozen_outputs/R4E2_ZERO_SHOT_TRANSFER_OUTPUT/day_09/source_07/routes/Uniform-Mean.json",797
"frozen_outputs/R4E2_ZERO_SHOT_TRANSFER_OUTPUT/day_09/source_07/summary.csv",2055
"frozen_outputs/R4E2_ZERO_SHOT_TRANSFER_OUTPUT/day_09/source_08/contrasts.csv",285
"frozen_outputs/R4E2_ZERO_SHOT_TRANSFER_OUTPUT/day_09/source_08/logs/RL-FF-CVaR_search.csv",17958
"frozen_outputs/R4E2_ZERO_SHOT_TRANSFER_OUTPUT/day_09/source_08/logs/RL-FF-Mean_search.csv",18539
"frozen_outputs/R4E2_ZERO_SHOT_TRANSFER_OUTPUT/day_09/source_08/logs/RL-GRU-CVaR_search.csv",18216
"frozen_outputs/R4E2_ZERO_SHOT_TRANSFER_OUTPUT/day_09/source_08/logs/RL-GRU-Mean_search.csv",18816
"frozen_outputs/R4E2_ZERO_SHOT_TRANSFER_OUTPUT/day_09/source_08/logs/Uniform-CVaR_search.csv",19091
"frozen_outputs/R4E2_ZERO_SHOT_TRANSFER_OUTPUT/day_09/source_08/logs/Uniform-Mean_search.csv",18037
"frozen_outputs/R4E2_ZERO_SHOT_TRANSFER_OUTPUT/day_09/source_08/per_scenario_tardiness.csv",80923
"frozen_outputs/R4E2_ZERO_SHOT_TRANSFER_OUTPUT/day_09/source_08/report.json",823
"frozen_outputs/R4E2_ZERO_SHOT_TRANSFER_OUTPUT/day_09/source_08/routes/RL-FF-CVaR.json",797
"frozen_outputs/R4E2_ZERO_SHOT_TRANSFER_OUTPUT/day_09/source_08/routes/RL-FF-Mean.json",797
"frozen_outputs/R4E2_ZERO_SHOT_TRANSFER_OUTPUT/day_09/source_08/routes/RL-GRU-CVaR.json",797
"frozen_outputs/R4E2_ZERO_SHOT_TRANSFER_OUTPUT/day_09/source_08/routes/RL-GRU-Mean.json",797
"frozen_outputs/R4E2_ZERO_SHOT_TRANSFER_OUTPUT/day_09/source_08/routes/Uniform-CVaR.json",797
"frozen_outputs/R4E2_ZERO_SHOT_TRANSFER_OUTPUT/day_09/source_08/routes/Uniform-Mean.json",797
"frozen_outputs/R4E2_ZERO_SHOT_TRANSFER_OUTPUT/day_09/source_08/summary.csv",2034
"frozen_outputs/R4E2_ZERO_SHOT_TRANSFER_OUTPUT/day_09/source_09/contrasts.csv",284
"frozen_outputs/R4E2_ZERO_SHOT_TRANSFER_OUTPUT/day_09/source_09/logs/RL-FF-CVaR_search.csv",17880
"frozen_outputs/R4E2_ZERO_SHOT_TRANSFER_OUTPUT/day_09/source_09/logs/RL-FF-Mean_search.csv",20988
"frozen_outputs/R4E2_ZERO_SHOT_TRANSFER_OUTPUT/day_09/source_09/logs/RL-GRU-CVaR_search.csv",18887
"frozen_outputs/R4E2_ZERO_SHOT_TRANSFER_OUTPUT/day_09/source_09/logs/RL-GRU-Mean_search.csv",19701
"frozen_outputs/R4E2_ZERO_SHOT_TRANSFER_OUTPUT/day_09/source_09/logs/Uniform-CVaR_search.csv",17879
"frozen_outputs/R4E2_ZERO_SHOT_TRANSFER_OUTPUT/day_09/source_09/logs/Uniform-Mean_search.csv",18020
"frozen_outputs/R4E2_ZERO_SHOT_TRANSFER_OUTPUT/day_09/source_09/per_scenario_tardiness.csv",83088
"frozen_outputs/R4E2_ZERO_SHOT_TRANSFER_OUTPUT/day_09/source_09/report.json",823
"frozen_outputs/R4E2_ZERO_SHOT_TRANSFER_OUTPUT/day_09/source_09/routes/RL-FF-CVaR.json",797
"frozen_outputs/R4E2_ZERO_SHOT_TRANSFER_OUTPUT/day_09/source_09/routes/RL-FF-Mean.json",797
"frozen_outputs/R4E2_ZERO_SHOT_TRANSFER_OUTPUT/day_09/source_09/routes/RL-GRU-CVaR.json",797
"frozen_outputs/R4E2_ZERO_SHOT_TRANSFER_OUTPUT/day_09/source_09/routes/RL-GRU-Mean.json",797
"frozen_outputs/R4E2_ZERO_SHOT_TRANSFER_OUTPUT/day_09/source_09/routes/Uniform-CVaR.json",797
"frozen_outputs/R4E2_ZERO_SHOT_TRANSFER_OUTPUT/day_09/source_09/routes/Uniform-Mean.json",797
"frozen_outputs/R4E2_ZERO_SHOT_TRANSFER_OUTPUT/day_09/source_09/summary.csv",2050
"frozen_outputs/R4E2_ZERO_SHOT_TRANSFER_OUTPUT/day_09/source_10/contrasts.csv",285
"frozen_outputs/R4E2_ZERO_SHOT_TRANSFER_OUTPUT/day_09/source_10/logs/RL-FF-CVaR_search.csv",17586
"frozen_outputs/R4E2_ZERO_SHOT_TRANSFER_OUTPUT/day_09/source_10/logs/RL-FF-Mean_search.csv",18557
"frozen_outputs/R4E2_ZERO_SHOT_TRANSFER_OUTPUT/day_09/source_10/logs/RL-GRU-CVaR_search.csv",18054
"frozen_outputs/R4E2_ZERO_SHOT_TRANSFER_OUTPUT/day_09/source_10/logs/RL-GRU-Mean_search.csv",18322
"frozen_outputs/R4E2_ZERO_SHOT_TRANSFER_OUTPUT/day_09/source_10/logs/Uniform-CVaR_search.csv",18147
"frozen_outputs/R4E2_ZERO_SHOT_TRANSFER_OUTPUT/day_09/source_10/logs/Uniform-Mean_search.csv",18217
"frozen_outputs/R4E2_ZERO_SHOT_TRANSFER_OUTPUT/day_09/source_10/per_scenario_tardiness.csv",91193
"frozen_outputs/R4E2_ZERO_SHOT_TRANSFER_OUTPUT/day_09/source_10/report.json",824
"frozen_outputs/R4E2_ZERO_SHOT_TRANSFER_OUTPUT/day_09/source_10/routes/RL-FF-CVaR.json",797
"frozen_outputs/R4E2_ZERO_SHOT_TRANSFER_OUTPUT/day_09/source_10/routes/RL-FF-Mean.json",797
"frozen_outputs/R4E2_ZERO_SHOT_TRANSFER_OUTPUT/day_09/source_10/routes/RL-GRU-CVaR.json",797
"frozen_outputs/R4E2_ZERO_SHOT_TRANSFER_OUTPUT/day_09/source_10/routes/RL-GRU-Mean.json",797
"frozen_outputs/R4E2_ZERO_SHOT_TRANSFER_OUTPUT/day_09/source_10/routes/Uniform-CVaR.json",797
"frozen_outputs/R4E2_ZERO_SHOT_TRANSFER_OUTPUT/day_09/source_10/routes/Uniform-Mean.json",797
"frozen_outputs/R4E2_ZERO_SHOT_TRANSFER_OUTPUT/day_09/source_10/summary.csv",2065
"frozen_outputs/R5H0_CONFIRMATORY_FREEZE/R5H0_ALL_56_MEDOID_TRIPLETS.csv",1557
"frozen_outputs/R5H0_CONFIRMATORY_FREEZE/R5H0_DAY_SELECTION_REPORT.json",814
"frozen_outputs/R5H0_CONFIRMATORY_FREEZE/R5H0_INITIAL_ROUTE_MANIFEST.json",4214
"frozen_outputs/R5H0_CONFIRMATORY_FREEZE/R5H0_MEDOID_ASSIGNMENTS.csv",189
"frozen_outputs/R5H0_CONFIRMATORY_FREEZE/R5H0_STANDARDIZED_SELECTION_FEATURES.csv",903
"frozen_outputs/R5H0_CONFIRMATORY_FREEZE/initial_routes/day_02/replicate_01/ALNS-CVaR.json",629
"frozen_outputs/R5H0_CONFIRMATORY_FREEZE/initial_routes/day_02/replicate_02/ALNS-CVaR.json",629
"frozen_outputs/R5H0_CONFIRMATORY_FREEZE/initial_routes/day_02/replicate_03/ALNS-CVaR.json",629
"frozen_outputs/R5H0_CONFIRMATORY_FREEZE/initial_routes/day_05/replicate_01/ALNS-CVaR.json",725
"frozen_outputs/R5H0_CONFIRMATORY_FREEZE/initial_routes/day_05/replicate_02/ALNS-CVaR.json",725
"frozen_outputs/R5H0_CONFIRMATORY_FREEZE/initial_routes/day_05/replicate_03/ALNS-CVaR.json",725
"frozen_outputs/R5H0_CONFIRMATORY_FREEZE/initial_routes/day_07/replicate_01/ALNS-CVaR.json",653
"frozen_outputs/R5H0_CONFIRMATORY_FREEZE/initial_routes/day_07/replicate_02/ALNS-CVaR.json",653
"frozen_outputs/R5H0_CONFIRMATORY_FREEZE/initial_routes/day_07/replicate_03/ALNS-CVaR.json",653
"frozen_outputs/R5H_CONFIRMATORY_ANALYSIS/R5H_ANALYSIS_REPORT.json",1289
"frozen_outputs/R5H_CONFIRMATORY_ANALYSIS/R5H_CROSS_DAY_DESCRIPTIVE.csv",648
"frozen_outputs/R5H_CONFIRMATORY_ANALYSIS/R5H_DAY_LEVEL_SCIENTIFIC_SUMMARY.csv",2602
"frozen_outputs/R5H_CONFIRMATORY_ANALYSIS/R5H_DAY_MEANS.csv",394
"frozen_outputs/R5H_CONFIRMATORY_ANALYSIS/R5H_EXANTE_EXPOST_ATTEMPTS.csv",69843
"frozen_outputs/R5H_CONFIRMATORY_ANALYSIS/R5H_EXANTE_EXPOST_DAY_ALIGNMENT.csv",635
"frozen_outputs/R5H_CONFIRMATORY_ANALYSIS/R5H_EXANTE_EXPOST_PATHS.csv",4921
"frozen_outputs/R5H_CONFIRMATORY_ANALYSIS/R5H_EXANTE_EXPOST_RUNS.csv",65826
"frozen_outputs/R5H_CONFIRMATORY_ANALYSIS/R5H_OPERATIONAL_BY_DAY.csv",422
"frozen_outputs/R5H_CONFIRMATORY_ANALYSIS/R5H_PATH_LEVEL_60.csv",15839
"frozen_outputs/R5H_CONFIRMATORY_ANALYSIS/R5H_PATH_LEVEL_LOO_INFLUENCE.csv",1448
"frozen_outputs/R5H_CONFIRMATORY_ANALYSIS/R5H_RECOURSE_ATTEMPT_LEVEL.csv",33967
"frozen_outputs/R5H_CONFIRMATORY_ANALYSIS/R5H_ROUTE_CHANGE_DECOMPOSITION.csv",1129
"frozen_outputs/R5H_CONFIRMATORY_ANALYSIS/R5H_RUN_LEVEL_180.csv",52107
"frozen_outputs/R5H_CONFIRMATORY_ANALYSIS/R6_R5H_OPERATIONAL_CORE.json",786
"frozen_outputs/R5H_CONFIRMATORY_ANALYSIS/R6_R5H_SCIENTIFIC_CORE.csv",867
"frozen_outputs/R5H_CONFIRMATORY_OUTPUT/R5H_EXECUTION_COMPLETE.json",708
"frozen_outputs/R5H_CONFIRMATORY_OUTPUT/R5H_EXECUTION_PROGRESS.csv",9534
"frozen_outputs/R5H_CONFIRMATORY_OUTPUT/R5H_HEARTBEAT.log",404
"frozen_outputs/R5H_CONFIRMATORY_OUTPUT/R5H_POSTEXECUTION_INTEGRITY_REPORT.json",1263
"frozen_outputs/R5H_CONFIRMATORY_OUTPUT/runs/day_02/replicate_01/path_001.json",110402
"frozen_outputs/R5H_CONFIRMATORY_OUTPUT/runs/day_02/replicate_01/path_002.json",108100
"frozen_outputs/R5H_CONFIRMATORY_OUTPUT/runs/day_02/replicate_01/path_003.json",109216
"frozen_outputs/R5H_CONFIRMATORY_OUTPUT/runs/day_02/replicate_01/path_004.json",104517
"frozen_outputs/R5H_CONFIRMATORY_OUTPUT/runs/day_02/replicate_01/path_005.json",104275
"frozen_outputs/R5H_CONFIRMATORY_OUTPUT/runs/day_02/replicate_01/path_006.json",103712
"frozen_outputs/R5H_CONFIRMATORY_OUTPUT/runs/day_02/replicate_01/path_007.json",108408
"frozen_outputs/R5H_CONFIRMATORY_OUTPUT/runs/day_02/replicate_01/path_008.json",109751
"frozen_outputs/R5H_CONFIRMATORY_OUTPUT/runs/day_02/replicate_01/path_009.json",111958
"frozen_outputs/R5H_CONFIRMATORY_OUTPUT/runs/day_02/replicate_01/path_010.json",115143
"frozen_outputs/R5H_CONFIRMATORY_OUTPUT/runs/day_02/replicate_01/path_011.json",99810
"frozen_outputs/R5H_CONFIRMATORY_OUTPUT/runs/day_02/replicate_01/path_012.json",111109
"frozen_outputs/R5H_CONFIRMATORY_OUTPUT/runs/day_02/replicate_01/path_013.json",108114
"frozen_outputs/R5H_CONFIRMATORY_OUTPUT/runs/day_02/replicate_01/path_014.json",107534
"frozen_outputs/R5H_CONFIRMATORY_OUTPUT/runs/day_02/replicate_01/path_015.json",110855
"frozen_outputs/R5H_CONFIRMATORY_OUTPUT/runs/day_02/replicate_01/path_016.json",108481
"frozen_outputs/R5H_CONFIRMATORY_OUTPUT/runs/day_02/replicate_01/path_017.json",109735
"frozen_outputs/R5H_CONFIRMATORY_OUTPUT/runs/day_02/replicate_01/path_018.json",110058
"frozen_outputs/R5H_CONFIRMATORY_OUTPUT/runs/day_02/replicate_01/path_019.json",109045
"frozen_outputs/R5H_CONFIRMATORY_OUTPUT/runs/day_02/replicate_01/path_020.json",105972
"frozen_outputs/R5H_CONFIRMATORY_OUTPUT/runs/day_02/replicate_02/path_001.json",111577
"frozen_outputs/R5H_CONFIRMATORY_OUTPUT/runs/day_02/replicate_02/path_002.json",106992
"frozen_outputs/R5H_CONFIRMATORY_OUTPUT/runs/day_02/replicate_02/path_003.json",107999
"frozen_outputs/R5H_CONFIRMATORY_OUTPUT/runs/day_02/replicate_02/path_004.json",104591
"frozen_outputs/R5H_CONFIRMATORY_OUTPUT/runs/day_02/replicate_02/path_005.json",104334
"frozen_outputs/R5H_CONFIRMATORY_OUTPUT/runs/day_02/replicate_02/path_006.json",103926
"frozen_outputs/R5H_CONFIRMATORY_OUTPUT/runs/day_02/replicate_02/path_007.json",108726
"frozen_outputs/R5H_CONFIRMATORY_OUTPUT/runs/day_02/replicate_02/path_008.json",108320
"frozen_outputs/R5H_CONFIRMATORY_OUTPUT/runs/day_02/replicate_02/path_009.json",113200
"frozen_outputs/R5H_CONFIRMATORY_OUTPUT/runs/day_02/replicate_02/path_010.json",115885
"frozen_outputs/R5H_CONFIRMATORY_OUTPUT/runs/day_02/replicate_02/path_011.json",100383
"frozen_outputs/R5H_CONFIRMATORY_OUTPUT/runs/day_02/replicate_02/path_012.json",111188
"frozen_outputs/R5H_CONFIRMATORY_OUTPUT/runs/day_02/replicate_02/path_013.json",110299
"frozen_outputs/R5H_CONFIRMATORY_OUTPUT/runs/day_02/replicate_02/path_014.json",108485
"frozen_outputs/R5H_CONFIRMATORY_OUTPUT/runs/day_02/replicate_02/path_015.json",110897
"frozen_outputs/R5H_CONFIRMATORY_OUTPUT/runs/day_02/replicate_02/path_016.json",106809
"frozen_outputs/R5H_CONFIRMATORY_OUTPUT/runs/day_02/replicate_02/path_017.json",113527
"frozen_outputs/R5H_CONFIRMATORY_OUTPUT/runs/day_02/replicate_02/path_018.json",109541
"frozen_outputs/R5H_CONFIRMATORY_OUTPUT/runs/day_02/replicate_02/path_019.json",107889
"frozen_outputs/R5H_CONFIRMATORY_OUTPUT/runs/day_02/replicate_02/path_020.json",104914
"frozen_outputs/R5H_CONFIRMATORY_OUTPUT/runs/day_02/replicate_03/path_001.json",110365
"frozen_outputs/R5H_CONFIRMATORY_OUTPUT/runs/day_02/replicate_03/path_002.json",109226
"frozen_outputs/R5H_CONFIRMATORY_OUTPUT/runs/day_02/replicate_03/path_003.json",109312
"frozen_outputs/R5H_CONFIRMATORY_OUTPUT/runs/day_02/replicate_03/path_004.json",105928
"frozen_outputs/R5H_CONFIRMATORY_OUTPUT/runs/day_02/replicate_03/path_005.json",105568
"frozen_outputs/R5H_CONFIRMATORY_OUTPUT/runs/day_02/replicate_03/path_006.json",105597
"frozen_outputs/R5H_CONFIRMATORY_OUTPUT/runs/day_02/replicate_03/path_007.json",108658
"frozen_outputs/R5H_CONFIRMATORY_OUTPUT/runs/day_02/replicate_03/path_008.json",110936
"frozen_outputs/R5H_CONFIRMATORY_OUTPUT/runs/day_02/replicate_03/path_009.json",116470
"frozen_outputs/R5H_CONFIRMATORY_OUTPUT/runs/day_02/replicate_03/path_010.json",116371
"frozen_outputs/R5H_CONFIRMATORY_OUTPUT/runs/day_02/replicate_03/path_011.json",100278
"frozen_outputs/R5H_CONFIRMATORY_OUTPUT/runs/day_02/replicate_03/path_012.json",114125
"frozen_outputs/R5H_CONFIRMATORY_OUTPUT/runs/day_02/replicate_03/path_013.json",107952
"frozen_outputs/R5H_CONFIRMATORY_OUTPUT/runs/day_02/replicate_03/path_014.json",107406
"frozen_outputs/R5H_CONFIRMATORY_OUTPUT/runs/day_02/replicate_03/path_015.json",111074
"frozen_outputs/R5H_CONFIRMATORY_OUTPUT/runs/day_02/replicate_03/path_016.json",106856
"frozen_outputs/R5H_CONFIRMATORY_OUTPUT/runs/day_02/replicate_03/path_017.json",111025
"frozen_outputs/R5H_CONFIRMATORY_OUTPUT/runs/day_02/replicate_03/path_018.json",109877
"frozen_outputs/R5H_CONFIRMATORY_OUTPUT/runs/day_02/replicate_03/path_019.json",107394
"frozen_outputs/R5H_CONFIRMATORY_OUTPUT/runs/day_02/replicate_03/path_020.json",105094
"frozen_outputs/R5H_CONFIRMATORY_OUTPUT/runs/day_05/replicate_01/path_001.json",128731
"frozen_outputs/R5H_CONFIRMATORY_OUTPUT/runs/day_05/replicate_01/path_002.json",127381
"frozen_outputs/R5H_CONFIRMATORY_OUTPUT/runs/day_05/replicate_01/path_003.json",133449
"frozen_outputs/R5H_CONFIRMATORY_OUTPUT/runs/day_05/replicate_01/path_004.json",138137
"frozen_outputs/R5H_CONFIRMATORY_OUTPUT/runs/day_05/replicate_01/path_005.json",129413
"frozen_outputs/R5H_CONFIRMATORY_OUTPUT/runs/day_05/replicate_01/path_006.json",129548
"frozen_outputs/R5H_CONFIRMATORY_OUTPUT/runs/day_05/replicate_01/path_007.json",119138
"frozen_outputs/R5H_CONFIRMATORY_OUTPUT/runs/day_05/replicate_01/path_008.json",129456
"frozen_outputs/R5H_CONFIRMATORY_OUTPUT/runs/day_05/replicate_01/path_009.json",126303
"frozen_outputs/R5H_CONFIRMATORY_OUTPUT/runs/day_05/replicate_01/path_010.json",120885
"frozen_outputs/R5H_CONFIRMATORY_OUTPUT/runs/day_05/replicate_01/path_011.json",125762
"frozen_outputs/R5H_CONFIRMATORY_OUTPUT/runs/day_05/replicate_01/path_012.json",126712
"frozen_outputs/R5H_CONFIRMATORY_OUTPUT/runs/day_05/replicate_01/path_013.json",125490
"frozen_outputs/R5H_CONFIRMATORY_OUTPUT/runs/day_05/replicate_01/path_014.json",124911
"frozen_outputs/R5H_CONFIRMATORY_OUTPUT/runs/day_05/replicate_01/path_015.json",128628
"frozen_outputs/R5H_CONFIRMATORY_OUTPUT/runs/day_05/replicate_01/path_016.json",125214
"frozen_outputs/R5H_CONFIRMATORY_OUTPUT/runs/day_05/replicate_01/path_017.json",130124
"frozen_outputs/R5H_CONFIRMATORY_OUTPUT/runs/day_05/replicate_01/path_018.json",135756
"frozen_outputs/R5H_CONFIRMATORY_OUTPUT/runs/day_05/replicate_01/path_019.json",128099
"frozen_outputs/R5H_CONFIRMATORY_OUTPUT/runs/day_05/replicate_01/path_020.json",131458
"frozen_outputs/R5H_CONFIRMATORY_OUTPUT/runs/day_05/replicate_02/path_001.json",126089
"frozen_outputs/R5H_CONFIRMATORY_OUTPUT/runs/day_05/replicate_02/path_002.json",128508
"frozen_outputs/R5H_CONFIRMATORY_OUTPUT/runs/day_05/replicate_02/path_003.json",132511
"frozen_outputs/R5H_CONFIRMATORY_OUTPUT/runs/day_05/replicate_02/path_004.json",138019
"frozen_outputs/R5H_CONFIRMATORY_OUTPUT/runs/day_05/replicate_02/path_005.json",127156
"frozen_outputs/R5H_CONFIRMATORY_OUTPUT/runs/day_05/replicate_02/path_006.json",127510
"frozen_outputs/R5H_CONFIRMATORY_OUTPUT/runs/day_05/replicate_02/path_007.json",119221
"frozen_outputs/R5H_CONFIRMATORY_OUTPUT/runs/day_05/replicate_02/path_008.json",125982
"frozen_outputs/R5H_CONFIRMATORY_OUTPUT/runs/day_05/replicate_02/path_009.json",125234
"frozen_outputs/R5H_CONFIRMATORY_OUTPUT/runs/day_05/replicate_02/path_010.json",120646
"frozen_outputs/R5H_CONFIRMATORY_OUTPUT/runs/day_05/replicate_02/path_011.json",125605
"frozen_outputs/R5H_CONFIRMATORY_OUTPUT/runs/day_05/replicate_02/path_012.json",134270
"frozen_outputs/R5H_CONFIRMATORY_OUTPUT/runs/day_05/replicate_02/path_013.json",123923
"frozen_outputs/R5H_CONFIRMATORY_OUTPUT/runs/day_05/replicate_02/path_014.json",123867
"frozen_outputs/R5H_CONFIRMATORY_OUTPUT/runs/day_05/replicate_02/path_015.json",129737
"frozen_outputs/R5H_CONFIRMATORY_OUTPUT/runs/day_05/replicate_02/path_016.json",123762
"frozen_outputs/R5H_CONFIRMATORY_OUTPUT/runs/day_05/replicate_02/path_017.json",131088
"frozen_outputs/R5H_CONFIRMATORY_OUTPUT/runs/day_05/replicate_02/path_018.json",139348
"frozen_outputs/R5H_CONFIRMATORY_OUTPUT/runs/day_05/replicate_02/path_019.json",132457
"frozen_outputs/R5H_CONFIRMATORY_OUTPUT/runs/day_05/replicate_02/path_020.json",131378
"frozen_outputs/R5H_CONFIRMATORY_OUTPUT/runs/day_05/replicate_03/path_001.json",128644
"frozen_outputs/R5H_CONFIRMATORY_OUTPUT/runs/day_05/replicate_03/path_002.json",129999
"frozen_outputs/R5H_CONFIRMATORY_OUTPUT/runs/day_05/replicate_03/path_003.json",129448
"frozen_outputs/R5H_CONFIRMATORY_OUTPUT/runs/day_05/replicate_03/path_004.json",134498
"frozen_outputs/R5H_CONFIRMATORY_OUTPUT/runs/day_05/replicate_03/path_005.json",130898
"frozen_outputs/R5H_CONFIRMATORY_OUTPUT/runs/day_05/replicate_03/path_006.json",127119
"frozen_outputs/R5H_CONFIRMATORY_OUTPUT/runs/day_05/replicate_03/path_007.json",120737
"frozen_outputs/R5H_CONFIRMATORY_OUTPUT/runs/day_05/replicate_03/path_008.json",128205
"frozen_outputs/R5H_CONFIRMATORY_OUTPUT/runs/day_05/replicate_03/path_009.json",126938
"frozen_outputs/R5H_CONFIRMATORY_OUTPUT/runs/day_05/replicate_03/path_010.json",120590
"frozen_outputs/R5H_CONFIRMATORY_OUTPUT/runs/day_05/replicate_03/path_011.json",125891
"frozen_outputs/R5H_CONFIRMATORY_OUTPUT/runs/day_05/replicate_03/path_012.json",132934
"frozen_outputs/R5H_CONFIRMATORY_OUTPUT/runs/day_05/replicate_03/path_013.json",128302
"frozen_outputs/R5H_CONFIRMATORY_OUTPUT/runs/day_05/replicate_03/path_014.json",125473
"frozen_outputs/R5H_CONFIRMATORY_OUTPUT/runs/day_05/replicate_03/path_015.json",130158
"frozen_outputs/R5H_CONFIRMATORY_OUTPUT/runs/day_05/replicate_03/path_016.json",123663
"frozen_outputs/R5H_CONFIRMATORY_OUTPUT/runs/day_05/replicate_03/path_017.json",131079
"frozen_outputs/R5H_CONFIRMATORY_OUTPUT/runs/day_05/replicate_03/path_018.json",135888
"frozen_outputs/R5H_CONFIRMATORY_OUTPUT/runs/day_05/replicate_03/path_019.json",130182
"frozen_outputs/R5H_CONFIRMATORY_OUTPUT/runs/day_05/replicate_03/path_020.json",130482
"frozen_outputs/R5H_CONFIRMATORY_OUTPUT/runs/day_07/replicate_01/path_001.json",112794
"frozen_outputs/R5H_CONFIRMATORY_OUTPUT/runs/day_07/replicate_01/path_002.json",121067
"frozen_outputs/R5H_CONFIRMATORY_OUTPUT/runs/day_07/replicate_01/path_003.json",112319
"frozen_outputs/R5H_CONFIRMATORY_OUTPUT/runs/day_07/replicate_01/path_004.json",115240
"frozen_outputs/R5H_CONFIRMATORY_OUTPUT/runs/day_07/replicate_01/path_005.json",114343
"frozen_outputs/R5H_CONFIRMATORY_OUTPUT/runs/day_07/replicate_01/path_006.json",113870
"frozen_outputs/R5H_CONFIRMATORY_OUTPUT/runs/day_07/replicate_01/path_007.json",116780
"frozen_outputs/R5H_CONFIRMATORY_OUTPUT/runs/day_07/replicate_01/path_008.json",109408
"frozen_outputs/R5H_CONFIRMATORY_OUTPUT/runs/day_07/replicate_01/path_009.json",120170
"frozen_outputs/R5H_CONFIRMATORY_OUTPUT/runs/day_07/replicate_01/path_010.json",114388
"frozen_outputs/R5H_CONFIRMATORY_OUTPUT/runs/day_07/replicate_01/path_011.json",111954
"frozen_outputs/R5H_CONFIRMATORY_OUTPUT/runs/day_07/replicate_01/path_012.json",115084
"frozen_outputs/R5H_CONFIRMATORY_OUTPUT/runs/day_07/replicate_01/path_013.json",110128
"frozen_outputs/R5H_CONFIRMATORY_OUTPUT/runs/day_07/replicate_01/path_014.json",110777
"frozen_outputs/R5H_CONFIRMATORY_OUTPUT/runs/day_07/replicate_01/path_015.json",116389
"frozen_outputs/R5H_CONFIRMATORY_OUTPUT/runs/day_07/replicate_01/path_016.json",118275
"frozen_outputs/R5H_CONFIRMATORY_OUTPUT/runs/day_07/replicate_01/path_017.json",106136
"frozen_outputs/R5H_CONFIRMATORY_OUTPUT/runs/day_07/replicate_01/path_018.json",107902
"frozen_outputs/R5H_CONFIRMATORY_OUTPUT/runs/day_07/replicate_01/path_019.json",113055
"frozen_outputs/R5H_CONFIRMATORY_OUTPUT/runs/day_07/replicate_01/path_020.json",115277
"frozen_outputs/R5H_CONFIRMATORY_OUTPUT/runs/day_07/replicate_02/path_001.json",115651
"frozen_outputs/R5H_CONFIRMATORY_OUTPUT/runs/day_07/replicate_02/path_002.json",117968
"frozen_outputs/R5H_CONFIRMATORY_OUTPUT/runs/day_07/replicate_02/path_003.json",114098
"frozen_outputs/R5H_CONFIRMATORY_OUTPUT/runs/day_07/replicate_02/path_004.json",117452
"frozen_outputs/R5H_CONFIRMATORY_OUTPUT/runs/day_07/replicate_02/path_005.json",117093
"frozen_outputs/R5H_CONFIRMATORY_OUTPUT/runs/day_07/replicate_02/path_006.json",117143
"frozen_outputs/R5H_CONFIRMATORY_OUTPUT/runs/day_07/replicate_02/path_007.json",116066
"frozen_outputs/R5H_CONFIRMATORY_OUTPUT/runs/day_07/replicate_02/path_008.json",110015
"frozen_outputs/R5H_CONFIRMATORY_OUTPUT/runs/day_07/replicate_02/path_009.json",121512
"frozen_outputs/R5H_CONFIRMATORY_OUTPUT/runs/day_07/replicate_02/path_010.json",116718
"frozen_outputs/R5H_CONFIRMATORY_OUTPUT/runs/day_07/replicate_02/path_011.json",113801
"frozen_outputs/R5H_CONFIRMATORY_OUTPUT/runs/day_07/replicate_02/path_012.json",112236
"frozen_outputs/R5H_CONFIRMATORY_OUTPUT/runs/day_07/replicate_02/path_013.json",113376
"frozen_outputs/R5H_CONFIRMATORY_OUTPUT/runs/day_07/replicate_02/path_014.json",112533
"frozen_outputs/R5H_CONFIRMATORY_OUTPUT/runs/day_07/replicate_02/path_015.json",119512
"frozen_outputs/R5H_CONFIRMATORY_OUTPUT/runs/day_07/replicate_02/path_016.json",120020
"frozen_outputs/R5H_CONFIRMATORY_OUTPUT/runs/day_07/replicate_02/path_017.json",108704
"frozen_outputs/R5H_CONFIRMATORY_OUTPUT/runs/day_07/replicate_02/path_018.json",107610
"frozen_outputs/R5H_CONFIRMATORY_OUTPUT/runs/day_07/replicate_02/path_019.json",113349
"frozen_outputs/R5H_CONFIRMATORY_OUTPUT/runs/day_07/replicate_02/path_020.json",113006
"frozen_outputs/R5H_CONFIRMATORY_OUTPUT/runs/day_07/replicate_03/path_001.json",112906
"frozen_outputs/R5H_CONFIRMATORY_OUTPUT/runs/day_07/replicate_03/path_002.json",117408
"frozen_outputs/R5H_CONFIRMATORY_OUTPUT/runs/day_07/replicate_03/path_003.json",113749
"frozen_outputs/R5H_CONFIRMATORY_OUTPUT/runs/day_07/replicate_03/path_004.json",117458
"frozen_outputs/R5H_CONFIRMATORY_OUTPUT/runs/day_07/replicate_03/path_005.json",116947
"frozen_outputs/R5H_CONFIRMATORY_OUTPUT/runs/day_07/replicate_03/path_006.json",115217
"frozen_outputs/R5H_CONFIRMATORY_OUTPUT/runs/day_07/replicate_03/path_007.json",114246
"frozen_outputs/R5H_CONFIRMATORY_OUTPUT/runs/day_07/replicate_03/path_008.json",109771
"frozen_outputs/R5H_CONFIRMATORY_OUTPUT/runs/day_07/replicate_03/path_009.json",119089
"frozen_outputs/R5H_CONFIRMATORY_OUTPUT/runs/day_07/replicate_03/path_010.json",117044
"frozen_outputs/R5H_CONFIRMATORY_OUTPUT/runs/day_07/replicate_03/path_011.json",113271
"frozen_outputs/R5H_CONFIRMATORY_OUTPUT/runs/day_07/replicate_03/path_012.json",116064
"frozen_outputs/R5H_CONFIRMATORY_OUTPUT/runs/day_07/replicate_03/path_013.json",109991
"frozen_outputs/R5H_CONFIRMATORY_OUTPUT/runs/day_07/replicate_03/path_014.json",112630
"frozen_outputs/R5H_CONFIRMATORY_OUTPUT/runs/day_07/replicate_03/path_015.json",116557
"frozen_outputs/R5H_CONFIRMATORY_OUTPUT/runs/day_07/replicate_03/path_016.json",119823
"frozen_outputs/R5H_CONFIRMATORY_OUTPUT/runs/day_07/replicate_03/path_017.json",105871
"frozen_outputs/R5H_CONFIRMATORY_OUTPUT/runs/day_07/replicate_03/path_018.json",107663
"frozen_outputs/R5H_CONFIRMATORY_OUTPUT/runs/day_07/replicate_03/path_019.json",113168
"frozen_outputs/R5H_CONFIRMATORY_OUTPUT/runs/day_07/replicate_03/path_020.json",116972
"frozen_outputs/README.md",2509
