scenario_id,eta_0p00__OR-Tools,eta_0p00__ALNS-Mean,eta_0p00__ALNS-CVaR,eta_0p35__OR-Tools,eta_0p35__ALNS-Mean,eta_0p35__ALNS-CVaR,eta_0p70__OR-Tools,eta_0p70__ALNS-Mean,eta_0p70__ALNS-CVaR
0,44.09692367916708,7.899177662083503,3.7600090986739474,35.364591532738984,0.0,0.0,20.91259649475296,0.1112385158371012,0.02206341838160597
1,25.30410986334749,3.818963635577461,0.0,61.86286631475656,1.3352415917550218,1.0461761347650054,10.791638125869383,0.0,2.2599154987508143
2,0.0,0.0,0.0,6.83660560676276,0.0,6.118513723494175,107.33978615657429,112.99649998817671,94.06664982619475
3,14.330024207433809,2.15170284569615,2.15170284569615,27.831552834726523,8.648935153544727,2.6392119759166235,11.859336991511896,0.0,0.0
4,8.692112796808885,4.551900064488734,1.6618740913899046,6.4565795526769705,0.0,6.4628148360393425,138.66205910214737,16.827310099203828,13.241632712468714
5,11.663030381110786,3.3788529132564236,0.0,9.25366017189046,0.4932047719082391,0.4932047719082391,8.233596951684149,0.0,0.0
6,0.0,0.0,0.0,0.0,0.0,0.0,0.0,0.0,0.0
7,55.37360428132456,0.0,0.0,9.887600961574492,0.0,0.18836486163422705,7.8508747754069645,0.0,0.0
8,9.984972652838849,2.3301869350294737,0.0,10.595866128789936,0.628220364676082,4.1473406358760485,6.796111673021471,2.549736628064693,23.18441653357945
9,44.673312937711074,0.0,0.0,0.646711012537537,0.0,0.0,4.104505305340751,4.54950736375622,1.6504264602328647
10,5.393988804178008,0.0,0.0,3.630816460129779,0.0,0.4794576009253433,8.62632926648493,0.0,0.0
11,1.2015768712001318,0.32923549661649076,0.0,25.55107860601271,0.0,9.89771706774826,0.0,0.0,7.240507425410726
12,3.7010070032672218,4.491968671151426,0.0,4.43676437723596,1.5960130850564838,0.02516608673408882,2.436404273916338,1.6456145984574846,0.0
13,3.4754218398344676,0.0,0.0,0.0,0.0,5.742660547757225,0.0,0.0,1.9886026771266927
14,3.651478407872844,0.0,0.0,6.517944304129827,4.971835949542623,0.20697087818865612,10.587921363967183,10.587921363967183,20.65333970999029
15,2.7296329030320976,1.767561945606701,1.767561945606701,6.84360469327865,3.5296789360295975,0.0,54.98517773422472,0.0,0.0
16,18.966367332710945,0.08119820891226937,0.08119820891226937,8.169457984218724,0.0,0.0,5.469769927604517,0.07638934341650838,0.1946468172621394
17,11.069090775104797,0.0,1.0279278047957803,24.281517223348715,12.507447000627366,0.0,21.83078175559544,2.3193766274269194,0.0
18,2.4692761376842896,9.022102632900555,0.0,18.950414610884565,3.660980965469605,0.0,0.0,0.0,1.3400857415064706
19,30.876191425488628,0.4545715004657609,0.5106783914247615,5.126314290270386,0.0,2.113212592025093,7.577611298491632,3.9944750091755736,0.0
20,4.002232428357615,0.0,6.025178895828191,4.411304965807602,0.0,0.0,34.494918176519406,0.0,0.0
21,0.08652904937315498,0.0,0.0,20.439623879316684,6.766696923990025,5.181078870905708,11.9522817065494,11.9522817065494,22.871487860069863
22,12.481428935770367,0.0,0.0,20.000581973954525,0.0,0.0,12.356729990671141,0.0,16.17893083358831
23,0.0,0.0,0.0,0.0,0.0,4.192874776925805,0.0,0.0,7.2630161892247145
24,16.300466955902124,1.685894734973715,1.685894734973715,49.49081185177249,43.666769022783825,1.1131456756839384,19.028507346215036,19.617643769683212,7.37064161788075
25,21.666623190040895,0.09983139293046861,0.09983139293046861,12.42001387826275,2.9132939790527246,0.0,12.42001387826275,3.013125371132759,0.3490172006731598
26,0.0,1.0007472542217783,0.0,0.0,0.0,0.4555183209409961,0.0,0.0,3.1976592445167
27,2.685977710557779,0.0,0.0,13.233917344213864,0.0,1.6747026005044745,2.685977710423913,0.0,0.0
28,4.980861163005187,0.0,0.0,4.000700940724812,3.404243459011866,7.15100622507839,9.229012541440227,2.816078319563019,2.74761838708028
29,21.525020453368626,0.0,0.0,0.8575145312692598,0.0,0.5530845020663264,3.842023647039184,3.842023647039184,1.3524181936810464
30,0.0,0.0,0.0,0.0,0.0,0.0,0.0,0.0,0.0
31,19.09428062920898,0.0,0.0,2.55303065009565,0.0,1.1263482875957607,48.654911991224736,48.654911991224736,20.61054177598274
32,9.383905121545979,0.16038400731997626,0.0,4.2875518227310465,0.0,0.0,1.0879286649389996,0.0,3.1385579903979988
33,17.434821648469125,0.038683320269399246,0.038683320269399246,15.043347257172343,0.0,0.0,7.161650136903603,0.03868332026928556,0.41915126641407596
34,13.630765133823132,0.0,0.0,36.078393044108736,9.905897233549467,11.512843014841508,8.287463333041188,6.458796344279307,0.8616968082436358
35,4.718653009321514,0.0,0.0,60.95352434230699,3.0613247184378736,0.005521238686469587,2.5461470177044703,0.0,6.498334074256547
36,1.1453128834945687,0.40722794411260566,3.5474715994405983,2.9824422020896577,0.0,0.0,9.796074664830087,0.40722794408236496,26.615003424889665
37,11.345226866644794,0.0,0.0,11.796186315470777,0.0,11.390043879667644,57.139816646982354,7.1239135529111195,9.189444455080888
38,3.7122006273296506,0.0,0.0,10.22390048634503,6.511704247915333,1.8830678356204658,7.848752756742755,0.0,3.1763250353947967
39,2.4025832607372877,0.0,0.0,2.411135098378111,0.0,5.949564977715795,19.155668055783792,6.405571411634469,0.443242405132537
40,14.361713979534812,0.0,0.0,2.930873849156569,0.0,0.0,2.851788454973587,0.0,1.6564577287778377
41,26.317451301435852,0.0,0.0,27.18536399080051,0.0,0.06679058814785321,50.479106210099445,25.757662265439535,2.288993059674169
42,29.640308797980566,3.046463071500625,1.9696832503758799,6.260079344076729,5.374143521296588,0.0,35.34677968105672,29.01477117223476,0.865596367397302
43,54.25438650743408,0.0,0.3617801475575675,10.455894917612454,0.7440530327496901,8.059246689277188,5.239392806842375,0.0,0.8162342562065419
44,0.0,0.10360987007078393,0.10360987007078393,0.0,0.0,0.0,0.0,0.10360987007078393,3.9993668984411954
45,12.338046182175589,0.0,0.0,22.195594790940987,1.7011192888613778,7.298155878040461,13.468706765683635,1.3584616826936156,1.9971608837937254
46,8.830457261913097,0.0,0.0,22.64167816076943,3.225625843111146,0.0,7.197894669256527,2.472294784825266,9.689630581359637
47,3.620127725183835,0.0,0.0,0.0,0.0,0.20695013803032225,0.0,0.0,2.6636244490723016
48,23.061791005131937,0.6704348486395588,0.6704348486395588,24.026465552426146,0.0,2.0482479745961655,11.81503328857221,0.6699565380957324,0.5179995565539457
49,4.741335938999441,10.424430650112356,1.01262974054697,7.6346840418921715,0.0,0.5979168015114737,131.94940088391218,126.34706533241447,13.495958399379077
50,21.221110508622928,0.0,0.0,43.58583550234826,0.0,0.0,21.159611850386142,0.0,4.243302977719054
51,6.5703621433465855,0.0,0.0,2.970884884645841,0.0,0.0,2.970884884645841,0.0,2.040601673537793
52,9.555893903568375,0.5473685570497651,0.0,2.913987953617152,0.0,0.0,0.0,0.0,6.003830785199085
53,1.9139136117844942,0.0,0.0,1.3455153340346442,0.0,0.13909982888571903,3.874500466751897,0.8836981286592618,17.398013505171434
54,5.900212546644525,0.6638513532100205,0.6638513532100205,4.5179885421511585,0.0,0.0,8.052880555279131,0.6639974887048652,1.3268486965759791
55,31.830963729535682,7.642058054480231,1.5677278741390523,2.862169399732153,0.0,0.0538699957545532,7.626577697607132,4.75525357267199,3.306165463797754
56,17.09205888744637,0.0,0.0,8.899437335090425,2.2816054428557777,4.940048860419893,6.582911825359247,0.0,1.2471135778628195
57,12.686357525387848,0.0,0.0,17.09347225487744,0.0,2.070164185436738,9.996139916539079,0.0,0.0
58,4.408415942266089,0.0,0.0,4.660750100953976,0.0,11.999301726566614,0.0,0.0,0.0
59,0.0,0.09797510478227878,0.09797510478227878,0.0,0.0,0.0,0.0,0.09797510478227878,1.3659664332005832
60,24.50854228122722,0.0,0.0,1.0278228863691083,1.0278228863691083,0.0,4.609652434262841,5.629031374107512,0.0
61,13.134804269194944,0.0,0.0,12.613659473219201,0.0,0.0,2.7852370877616295,0.0,0.0
62,18.67165159451895,0.0,0.0,18.761521942873458,5.785986672279677,0.5505609625852799,19.31542669127424,0.0,0.3905889882084068
63,0.0,0.0,0.0,0.15417978553955436,0.15417978553955436,10.083456823525694,71.98830173162764,11.350417991878288,19.15417188991117
64,4.332915731595563,0.0,9.599608720763172,29.882263890258088,0.0,0.0,47.44452028173282,1.4267425849783137,3.356208577025484
65,38.188286331121816,0.0,4.293084788724116,11.505002088755106,0.0,5.552337318582545,30.46592177925018,0.0,2.509759102192305
66,13.181945116148,0.0,0.0,63.09244789197223,25.881974249011506,1.6987726848493594,19.32944303536013,2.935886669154428,1.4819182450753772
67,6.305478857623967,0.0,0.0,4.017016193234326,0.0,0.08316093431687932,45.75596123662558,0.0,0.22305535514536246
68,0.11996029490373417,0.554064936278337,0.554064936278337,2.404121934821319,1.6843934909204847,2.616918387178771,0.0,0.554064953244847,0.6414991837123694
69,21.09337423716636,0.0,0.0,17.099270847785533,0.0,0.0,9.575395640935568,0.0,0.9107636000725279
70,0.2401719495772454,0.0,0.0,5.29129923377468,0.0,5.550080085730542,7.85057299503498,2.098008610589261,3.4902007025783917
71,14.81190435686122,0.0,0.0,13.920091389150485,1.337056077432095,0.0,13.920091389150485,1.337056077432095,0.0
72,1.449859792725448,0.0,0.0,32.062007479562965,1.389132713087406,6.258510219190214,33.292772802857,4.467816026017601,46.372980696236056
73,1.422407844993728,1.6086396174174524,1.6086396174174524,1.0539448523934425,0.0,0.8772438035346113,7.448327254641924,11.285385251303524,3.0714052347101415
74,0.08657691007152835,0.0,0.0,6.127112979252047,6.127112979252047,0.6322687807893317,0.0,0.0,3.2875782789313632
75,5.969002915150924,0.0,0.0,23.078178726352746,0.0,0.0,1.4367375281322836,0.0,0.0
76,9.482499193650455,0.2361592986751475,0.2361592986751475,16.919973806055594,4.366033923520149,7.405155463857795,1.5423140956394832,0.2361592986751475,0.0
77,11.914846790343404,0.7331577786222283,0.0,11.236108242909978,0.0,0.0,20.753535851460043,0.0,1.0008352346563925
78,2.095492775646221,0.0,0.0,12.328111556368498,5.079163443076794,0.8830693885657865,2.09548006569608,2.09548006569608,4.35272918855685
79,8.212934390446577,0.0,0.0,5.0471706778176895,0.0,0.0,14.010769401384863,0.0,6.222832382067679
80,26.38609236783637,0.0,0.0,0.0,0.0,2.308760730736253,0.0,0.0,5.672220073045054
81,18.43484573004801,0.0,0.0,18.948539727614644,0.0,3.9507013404196414,12.611182096140794,0.0,1.0039580945523312
82,23.81193956398843,0.0,0.0,20.455784949891665,0.0,0.0,28.60917173956679,0.0,0.0
83,6.713047826599848,0.0,0.0,0.9086657220499887,0.0,7.633620908026046,0.0,0.0,1.8797513832800234
84,0.23207938180411247,0.0,0.0,1.1412344297429513,0.0,0.0,0.0,0.0,3.6173551330785187
85,0.0,0.0,0.0,0.0,0.0,0.0,0.0,0.0,1.9155647537028244
86,0.0,0.1983705517457679,0.1983705517457679,0.0,0.0,0.0,0.0,0.1983705517457679,0.0
87,16.167538564835752,0.0,0.0,27.93869247206618,4.316469029569191,1.498331425046615,8.56420035930546,3.2094237307683215,0.9462759227077697
88,15.327391534911243,6.738124111899481,0.0,18.167128502615014,0.0,0.48981118898228715,15.265082241952143,0.0,1.661082768750731
89,0.5631744716241087,0.0,0.0,4.474024992174094,4.474024992174094,0.0,6.54215860496285,6.54215860496285,2.825356619331046
90,5.242821229401386,1.4311599840602867,0.0,6.995063729922947,0.0,0.31461446723756126,2.8027973161639466,0.0,0.13947342308816246
91,3.5077498497671513,0.0,0.0,2.890404192758183,0.0,0.42332012239978667,12.771601617906583,0.0,13.692650221707225
92,14.724674086758483,0.0,0.0,13.15503700272319,0.0,1.8124507417614382,13.15503700272319,0.0,0.0
93,32.050569923737584,1.185482616894376,1.9975399714161313,3.5106026525176333,0.0,0.6252015974712322,35.12633924353554,0.0,2.3464462474375125
94,0.22379346076047568,0.0,0.0,3.7318516196150995,0.0,0.0,5.657983267344775,2.248176546515367,1.961885515606781
95,31.522231679521468,0.0,0.0,16.66246360637618,1.4163883310238532,0.0,26.89308549521715,1.7984381423618174,0.9590470953828572
96,2.002176802130805,0.0,0.0,2.001226648325826,2.001226648325826,0.22237005151191624,2.0012309685126866,2.0012309685126866,1.3875484251413752
97,11.293019506969358,0.06667059599340064,0.06667059599340064,0.0,0.0,0.0,0.0,0.06794734610889464,0.1550001526348126
98,2.066210213898728,4.752951510504431,0.0,0.0,0.0,0.0,7.237154530096262,7.237154530096262,0.39138161189094944
99,43.51620657079522,0.0,0.0,31.351483059178463,0.0,1.3100541159623162,27.405487220403216,0.0,0.6279393829920252
100,18.727798997642964,0.0,0.0,2.9443511112165766,0.0,7.233469509299198,2.6378706100209683,0.0,1.9125023142149473
101,16.556866420796695,0.0,0.0,10.808405784904863,0.0,1.8205403202886146,18.13742279323253,0.0,0.3129281997434816
102,35.40684248254024,0.0,0.0,9.761806049731376,0.0,5.186179632468395,5.590165822434955,0.0,0.5561526207182226
103,28.44828562574969,0.0,0.0,28.668815397342115,0.0,0.0,49.69715150389402,0.0,11.04938348268334
104,5.963866317834913,0.16173558501469643,0.0,10.200327293205135,8.564783569680912,11.04945650833696,0.0,0.0,0.0
105,3.6644353203011804,0.770778349670195,0.770778349670195,0.0,0.0,0.0,10.042599392144723,10.042599392144723,4.302907273169808
106,9.521222366978293,0.0,0.0,10.236456515132488,0.0,0.0,19.206128484903275,0.9125516331699259,6.444301401596135
107,0.09318431195487165,0.0,0.0,24.971668734500412,0.0,0.8538135983140478,0.09317859341632584,0.0,0.0
108,1.0415086697855145,0.0,0.0,5.91574869000317,0.0,0.0,9.615718932096257,3.83230052353926,2.7120745102026547
109,0.5282867447852482,0.0,0.0,0.0,0.0,0.46660385415805194,0.0,0.0,1.5965561197640739
110,42.7644328794178,0.0,0.0,13.43902826619373,1.8595787183292032,2.706386402689077,3.266718046986057,0.0,0.0
111,4.273988084098278,0.0,0.0,2.43813861398084,2.43813861398084,0.0,2.43813861398084,2.43813861398084,4.527806980118925
112,0.0,0.0,0.0,2.7631079759671593,2.7631079759671593,7.073061774182975,99.97600687616213,99.97600687616213,8.576432434477567
113,2.3655348152121007,2.2251671612047517,2.2251671612047517,5.144255964164273,0.0,0.3259775643434182,0.0,0.0,5.076878514423868
114,9.564119285525408,1.577296231936657,1.577296231936657,6.982770262106811,3.584237612227355,26.366233145783326,27.44535635899848,13.630379814132084,5.792296131626216
115,16.173855030608394,0.0,0.0,13.589294690685676,0.0,0.0,8.51596254010525,0.0,9.439528328162936
116,8.872677471217457,23.960943686304176,0.0,8.34230501002861,3.4628462385988144,0.0,9.365059654335283,4.620295076139001,20.03230067544459
117,0.0,0.0,0.0,6.331051860725694,5.3238040216837135,0.0,8.59139206159125,0.0,2.673691683197177
118,14.610768533593273,2.2730996456660932,0.0,20.938690456759986,1.7421673760819942,12.69446889845051,15.316969697431858,0.0,0.2885226277693391
119,24.098192462289234,1.725467663528093,0.9179973265113404,11.157340975680626,0.0,0.862512498046101,23.254933831439928,0.0,0.18363574675819905
120,0.5840023748210115,0.0,0.0,3.306636154480998,0.0,0.3840397182534616,0.663721673549162,0.0,0.20967546564637018
121,5.502244207981562,0.0,0.0,5.287348946786921,0.0,0.0,5.287348946786921,0.0,0.05004021806414016
122,0.5847411344514057,0.0,0.0,2.990933905531449,0.0,0.0,36.08494165949736,35.79724127522019,1.2491744390892734
123,23.887153738743194,0.0,0.0,2.1553098621400295,0.0,4.680062810244976,0.8980297602231531,0.0,1.410945675964939
124,1.221616227329605,0.0,0.0,16.845558822785534,0.0,2.1734926544405084,32.20706536115796,0.0,2.357027497142525
125,9.1889916663483,0.17459774557244145,0.0,26.5170193882212,0.0,0.25335946036409496,8.945844225980437,0.0,1.6264874987093094
126,19.991486247833166,0.0,0.0,21.488198977421916,0.0,2.8934824893393625,11.672940085095888,0.0,4.040482186153412
127,0.15041024876461506,0.3730028686453579,0.0,0.0,0.0,0.7150158910068853,0.0,0.0,0.0
128,2.444217225438422,0.0,0.0,0.0,0.0,0.0,10.902846886346026,0.0,4.102273684743324
129,17.39655743763251,0.0,0.0,23.2692550572755,3.5774030296512933,14.161032676896696,140.48925458478882,108.61717680872101,8.18747865126275
130,40.68824139016408,0.0,0.6801465988521613,19.87716041124142,0.5917724605363901,0.0,17.05635414474412,0.5893746238969015,1.3563470785444167
131,18.505716627334493,1.8695694101109552,1.8695694101109552,94.0939237969067,0.0,6.8631097750945855,101.0735442603198,91.23371648403506,3.5281479180581243
132,6.387958761679442,0.0,0.0,24.00229291572171,0.0,6.0980157632891405,52.43455605023422,2.455638388177192,0.0
133,12.95294292520694,0.7099743362979325,0.7099743362979325,0.0,0.0,21.620542150998006,3.169844883509654,8.907346911829222,13.244515758888582
134,0.2813560439850562,0.0,0.0,1.8624569776177395,0.0,0.879002865257803,4.174602753304441,0.0,4.357357515138972
135,17.61133525110057,0.0,0.0,11.6367520311139,0.0,2.5506968592234216,3.14783528685777,0.0,2.073359399237802
136,5.713564355348325,0.0,0.0,1.0495238654876857,1.0495238654876857,14.748620596038279,1.0495238654876857,1.0495238654876857,0.0
137,0.20878339436660553,0.2615717106733655,0.2615717106733655,17.297292098113047,8.368163107510128,0.11001198959246494,102.51329192054351,84.38313450938875,5.553886657781618
138,11.293497497355872,3.2266505347882912,0.0,19.42052343241994,0.0,0.0,44.386904210147094,0.0,10.42317445485591
139,8.775801080709925,0.0,0.0,3.420866496143674,2.671844690173373,0.0,13.426949942942628,0.0,0.6808197214390077
140,3.91339176652005,1.8984340045372505,0.0,2.190715049350132,2.190715049350132,0.0,16.144948294745006,0.0,2.647180340766738
141,21.612322427926784,4.988043189993789,0.0,15.24021045215099,0.0,0.0,15.24021045215099,0.0,1.5162561292887915
142,13.056470482656295,0.0,0.0,22.757922751257837,7.859032824749079,0.12756049814191783,10.906974913037772,2.4212336109373496,14.582265625739524
143,16.697307350808586,7.9029207155717245,0.0,22.767869339726104,0.0,0.16031911439347368,15.552201632392666,0.0,0.013211408997761964
144,14.300718876584085,0.0,0.0,0.24398239177475034,0.0,0.12594606760848137,0.23510450098865476,0.0,3.5637549126102215
145,4.425492712209376,0.0,0.0,0.9314655156648826,0.0,2.4240672804882024,99.65841574031518,0.0,4.482415008574321
146,5.276542026841071,0.0,2.8631237608417166,39.357872580329825,0.0,8.719831815449538,25.77797670611986,25.77797670611986,1.1704932867164928
147,30.04453953114333,0.0,7.013945278174418,7.165083212743468,7.165083212743468,0.0,3.474884604144961,5.071826507951869,0.17153739898151343
148,24.80009064307484,0.6542346605024818,0.6542346605024818,1.2674155912226581,0.0,0.0,1.2654291878802724,0.0,0.7657213908987899
149,23.68970054304731,0.0,0.0,3.7170029694537448,0.0,0.5772744903476337,2.5729335516763285,0.0,0.0
150,24.546210773453538,12.036938200800762,0.0,19.484588116328723,0.0,0.0,37.54978468847966,7.689358310476393,1.7708969801590229
151,12.090605331453787,0.29436516213729647,0.29436516213729647,7.934055897819292,0.0,0.0,29.240396029914024,27.928548733206014,12.005396920128476
152,0.6102528269034906,9.648611782559897,0.0,6.152090606301954,1.2904181734751035,1.2904181734751035,0.0,0.0,0.0
153,0.5025333814060673,0.0,0.0,0.0,0.0,0.0,14.885314949648972,6.055741908894788,3.3413545260144133
154,5.377367445215867,0.0,0.0,23.988115898117655,2.957649879681668,12.141081684750475,0.0,0.0,51.85551631472282
155,1.2469709823934636,0.0,0.0,0.4064540687485305,0.0,0.24525709520378314,0.0,0.0,0.4710368534561553
156,10.54673688357309,3.370899350608397,0.0,10.559924352406455,1.5169863902864336,1.6285953030234737,28.21259911242234,0.0,0.6213540052688984
157,14.97969151256234,0.0,0.0,3.199780479195482,3.1016010871223045,2.730820026236813,21.94059359615605,13.304250837523966,21.921735877456825
158,26.161618671198028,0.4473530933743177,0.4473530933743177,18.062533134755682,0.0,0.19447448186616612,149.733985738854,24.8881741442637,4.137230021498823
159,0.5164851764553191,0.0,0.0,0.0,0.0,0.03894096028676586,0.0,0.0,0.6753874471397125
160,0.08744493281588461,0.0,0.0,0.07734264442544259,0.0,0.0,0.07734264442544259,0.0,0.25589337765953246
161,28.059237394024308,0.0,0.0,8.348194478069587,0.0,0.0,15.862326433543814,3.6426569972554432,0.0
162,5.0581438555673515,0.0,0.0,2.172425801108659,0.5068119229345314,0.5068119229345314,0.0,0.0,3.8379289841389834
163,10.23622118809763,0.0,0.0,72.68245884990142,64.63467526029817,4.999874582080622,10.274871630314209,2.227088040711749,0.0
164,2.477341429083822,0.9924485489956396,0.9924485489956396,2.711000575747505,0.0,0.04514350158723346,0.0,0.0,2.4066159435447787
165,12.31890831339095,0.6642260460964735,0.0,13.498422872412277,0.0,0.0,41.6497987837823,41.6497987837823,0.0
166,62.14772825617857,0.0,0.0,12.535399875215148,0.0,0.0,6.866668459711832,0.0,3.42258287586381
167,0.0,0.0,0.0,8.6780560787397,8.6780560787397,0.0,0.0,0.0,3.1618622371914284
168,11.978351765728803,4.705981417319435,0.0,65.43955456734724,2.4242703737998,0.0,14.673051066618456,0.0,6.565519319322817
169,11.513638094227616,5.152739959470807,0.0,90.38085729651974,78.97539489316048,0.0,56.71609456734092,23.31421622450287,17.53045544010405
170,42.87037395316122,0.5872767625897382,0.0,11.822360164640088,0.0,0.0,18.812515169382692,6.989914537543939,5.7750305692187
171,0.0,0.4908766674159324,0.4908766674159324,0.0,0.0,0.4906908867799302,0.0,0.0,0.0
172,16.89195921087284,2.0194527573219716,0.6488128343677033,40.529149136186646,39.97221619301965,0.0,20.69939253852405,18.50425960566608,18.250405150197224
173,21.43678611279782,0.0,0.0,12.065133041967755,0.0,0.0,14.275321844910195,0.0,0.0
174,0.02704466677815276,0.0,0.0,0.0,0.0,4.019444263834885,0.0,0.0,10.327991576276474
175,13.709168371954547,0.0,0.0,73.25871343260943,66.60786340523953,0.0,14.07093990527386,3.237013055772678,0.7053087314149025
176,0.0,1.4961902656679058,0.0,0.5963744037961192,0.0,0.0,0.0,27.23126986377821,6.867630941205306
177,21.12193587780672,1.0664940254572457,0.09770442182468742,25.57843905694628,0.0,3.85049060300355,43.39181946517655,2.2201225798555697,0.4552144445029853
178,5.129909005557465,6.312841745218577,0.0,5.505356198201639,0.0,0.0,4.5235058750743065,0.13703653630540202,0.0
179,13.491839055116287,0.0,0.0,9.882736617325804,0.0,0.0,9.48397718588248,2.8937762677005026,0.0
180,7.468212725689,0.0,0.0,0.0,0.0,2.5432590750432382,17.548112402069705,0.0,2.2340103546190733
181,7.273193765984388,3.690949439535757,0.0,19.037060468318145,7.1158428869223656,0.2460452684917982,11.142687545961849,0.0,0.0
182,29.152291740920333,0.0,0.0,19.78412346994662,0.0,6.060765241763988,11.993663284874799,0.0,0.011362223372032076
183,36.91802855003468,0.0,0.0,57.169642686221465,13.301039721216966,2.8108232518217164,31.209310050593785,0.0,0.7522650639905066
184,22.231630289792292,5.514575707729989,0.0,29.995145559848396,16.151092910962575,0.0,76.75554267968212,30.762540978641766,17.298411090346775
185,22.206574328126862,0.0,0.0,15.226066595422083,0.7525221748642537,0.0,4.588324929391916,0.0,0.0
186,34.279197043601584,0.25433742704478846,0.25433742704478846,114.72383302125425,0.0,0.1383586180577936,28.98326455012932,0.24963476856100897,1.4811339341371195
187,0.8454924953665568,0.0,0.0,0.0,0.0,0.6589637359352309,0.0,0.0,0.0
188,18.342068249354043,1.2952742307361405,0.0,25.622767255015475,0.0,0.0,18.57497662402926,17.618623683994656,19.272551546115466
189,4.126390984725845,1.837918501107879,0.0,18.4324648051398,4.984541509028759,2.4329781935919073,0.5232498253925826,0.0,0.5544883350975169
190,11.743465235699574,1.6780249387642243,0.0,11.702207831689577,0.0,0.0,22.08533107525369,0.0,0.0
191,0.779795797277302,2.1636802051376094,0.0,7.845696420332331,7.845696420332331,0.0,0.0,0.0,0.27719646164717915
192,10.227238598960867,2.7232600985007025,0.0,10.156530677772622,0.2644357202853769,2.7825182689055623,0.8032653438321518,0.0,10.908115666815092
193,14.118556733516868,0.0,0.0,0.17753105971343075,0.0,0.0079271018558984,53.69924134083399,53.69924134083399,1.3165696575459833
194,10.212348595582597,0.0,0.0,8.78108017758052,0.0,32.146897060356594,3.222689512906868,3.971878800799118,0.0
195,94.5749561964191,9.462544037220482,0.0,16.61318192585165,0.0,10.77220473252811,20.813256696480096,4.197331758310895,0.0
196,9.668787654849751,0.0,0.0,5.009227748977111,0.0,0.0,13.102865579022705,0.0,2.173679606448559
197,1.5396324845628442,0.0,0.0,17.58980220424982,0.0,0.0,1.2572539218666634,2.465113663537352,2.332382698571706
198,1.0170767289039304,5.141580955438485,0.0,11.559618932244234,11.559618932244234,0.0768852194117926,8.672413584717617,8.672413584717617,0.0
199,0.0,0.0,0.0,0.0,0.0,1.8851482211848065,49.01009937108469,48.273889698867805,2.7962874554261816
200,0.0,6.980186356459058,0.0,0.0,0.0,0.47603081836439287,0.0,0.0,2.5684281355418364
201,24.35987941769443,0.0,0.0,0.3563812186987434,0.0,0.0,6.320352862273836,0.0,0.18620965371843567
202,83.80595166115458,0.0,11.269093314759715,13.782672855421822,3.2348984969831633,0.0,65.9374192057852,56.274276142329484,38.51794099467236
203,3.045412194638857,8.22691075751942,0.0,7.616704650088252,0.0,0.0,5.163498702247779,2.12643661787601,0.4533871542315353
204,8.484782340879491,0.5094507091572495,0.5094507091572495,8.153091716844216,1.8533912350212063,2.5232224480992613,0.0,0.0,1.0314313326847753
205,57.28750673110849,0.0,0.0,19.794129728472058,0.0,0.0,18.918858536219744,5.515405611394954,2.178340864250913
206,8.96970542687626,4.74827615635985,0.7118834724414,9.054798532110908,5.099960855465099,0.0,3.0491497735783355,0.0,0.0
207,10.311594172852011,0.8058167140898718,0.8058167140898718,6.529489274946513,0.0,0.19028348245581128,4.440717606574424,2.684498322863533,0.0
208,8.038205844194323,0.0,0.0,5.723060099727803,0.0,1.1448383476889603,0.0,0.0,0.4392117855481672
209,14.165739433760962,1.4156192160608043,7.4223746718583925,20.42262107013255,0.0,0.0,3.6722570925921616,0.0,0.0
210,20.466472423973215,0.1626611963180835,0.1626611963180835,24.407072925697605,0.0,0.0,12.108330252794588,0.0,0.0
211,0.0,0.0,0.0,1.1551211483606494,0.0,0.0,0.0,0.0,0.9751767359249754
212,2.820209861603189,0.0,0.0,2.0362816049737376,2.0362816049737376,0.32084952542442124,0.0,0.0,1.6734023525979183
213,9.291455406939889,0.0,0.0,6.640319388011704,4.031093286569899,2.242767136233965,4.908251856623423,2.299025755181617,2.2216334884784885
214,22.57891924472139,5.007713640813051,5.007713640813051,18.414747306703703,0.0,11.829975809114558,16.506063980380958,0.946280596189581,0.0
215,11.043266106588703,0.0,0.0,7.578710816723344,5.6310126980355335,0.0,9.83847475679437,6.781794803040441,4.309896903932469
216,0.0,0.0,0.0,0.0,0.0,3.079020803853325,0.0,0.0,0.13736041118559683
217,21.91877502407658,5.089670620852871,1.0613566675825723,6.996493680738496,0.0,2.1189631932318775,3.4443988568848454,0.0,0.0
218,0.9056030238774042,6.451186779904845,0.0,0.6874967840452655,0.0,0.0,0.6874967840452655,0.0,3.382239992905113
219,20.28998479923476,0.0,0.0,16.788377236597228,0.0,8.949542621032322,12.791161772337006,0.0,2.9004615345652667
220,31.943805230698928,6.225415099480358,0.0,41.469977741698926,24.03456011417012,5.87281962484883,9.390541944098231,0.0,17.07855287925338
221,5.095152097498271,2.9873644418696585,2.9873644418696585,0.0,0.0,0.0,33.1346561990475,7.484351847295272,13.00029574552633
222,8.174553293319633,0.0,0.0,4.565228391423375,0.0,11.42524853038725,4.565228391423375,0.0,0.8726780121730542
223,5.755064023194734,0.0,0.0,1.5349381325663671,0.0,0.0,4.4039975868394095,0.0,8.921137775469958
224,19.394408348091417,0.0,0.0,22.26967754372066,0.0,0.0,0.0,0.0,2.565762435378133
225,12.769335279692285,0.0,0.0,10.747125519910924,2.666284105471334,0.0,38.37451225910169,14.183603793349931,2.8516981337791663
226,14.835396823626354,5.334774829482171,0.597602071546703,66.61702527094886,8.99759345447427,0.44738588899969045,69.22296605917455,0.0,2.8661803723917956
227,3.5194413792308694,0.0,0.0,15.007840946593518,1.8836618155295355,0.0,25.479966012344335,0.8254340903193054,7.175193460999822
228,11.641848043238724,0.0,0.0,4.933433620405594,0.0,2.9075853734102566,5.226956248960363,0.9003522590009254,2.02237808941544
229,20.694374094020958,0.0,0.0,10.70655261058036,0.0,0.0,30.90453760011968,2.1688303101894917,1.4889694327438008
230,0.837262239482925,3.432405809657098,0.0,17.9638529380224,1.413549524130019,13.296463780260751,0.2881313327017665,0.0,0.0
231,13.137584718416718,0.014772472649013935,0.014772472649013935,8.619218775478146,0.0,0.0,89.8089598000845,0.0,0.4582745154675081
232,39.04897014306712,2.159161591283464,2.159161591283464,6.63437456871452,3.0378698190334887,0.8915253785119148,5.757712556984075,2.9688725468259065,0.7879847352901947
233,0.0040471090047731195,0.0,0.0,0.0,0.0,0.0,0.0,0.0,0.15249716234575317
234,10.920685489076789,0.0,0.0,2.792354317626007,0.0,0.0,0.5779532799998037,0.0,0.0
235,12.854262697427941,0.7929981167520737,28.490893916441678,44.97179563793509,0.40276460429384997,1.78436277567846,11.368202041392834,4.658459140954108,0.0
236,8.361380991109115,0.0,0.0,54.90211537489887,1.8373465734002252,1.5367962503229364,68.80179638280697,3.430896744984352,7.507006113663351
237,5.936522238481132,0.0,0.0,0.6305391085426777,0.0,0.0,0.0,0.0,6.604273547389624
238,0.5976711873275349,0.0,3.0018422614419364,0.6415196217936341,0.0,7.500372504443931,0.5908911623388917,0.0,1.2894193555363813
239,6.824501850967437,0.0,0.0,27.092098330608366,0.0,3.342070808614153,0.23987484638408318,0.0,3.464285356290361
240,11.259591649720761,4.5950350902541,0.0,6.965020779204792,0.4486598599108049,0.0,5.429601408372463,0.0,1.1436736778639442
241,5.967700281644852,1.186527220791504,1.186527220791504,2.9824966054530933,0.0,12.65584446038207,2.9245063049618807,0.0,0.0
242,7.4169232176459445,0.0,0.0,7.367815699773587,0.0,0.11325953686349521,7.367815699773587,0.0,2.3574308937877504
243,10.961076347193881,0.0,3.886497483132672,14.274682586226248,0.4809130764323015,5.7363766270395615,16.226054800047564,3.5466500245682937,0.7000553068828594
244,5.27171900171561,0.0,18.49931408538967,8.03791190157159,8.03791190157159,0.0,3.021731788203482,3.021731788203482,4.799917988477603
245,10.115915465890879,0.0,0.0,3.2373105909611866,0.0,2.178093348314178,13.693113711840255,4.658891067954784,0.0
246,11.107285256766147,2.3445492810885185,1.5230716079705076,9.134211325210572,0.0,2.3376242196717385,8.478934968272142,0.0,0.888992970233204
247,15.832727003108573,0.0,0.0,18.23597037757594,0.0,0.0,12.824814120554834,0.0,2.973224897305556
248,9.095529530372858,0.0,5.246143815003734,7.053050746694282,0.0,1.9367128416697028,8.124374140071467,0.0,2.1458179169965206
249,8.362378104844339,0.0,0.0,4.197419752706736,1.545024906233408,0.0,1.5463044278285736,1.5463044278285736,0.0
250,37.099647344632416,1.2984117947640357,1.060838382461327,29.00180204922765,4.341994286645303,0.3892201961057822,29.587583872868578,5.069451384606111,18.449194554295048
251,9.919758419459868,3.4535708062775825,0.0,10.616904594630768,0.0,0.0,6.055423791408231,0.0,0.0
252,1.6594592951634013,0.19467895172005,0.19467895172005,0.0,0.0,4.085561576452278,0.0,0.19467087431979735,1.3890462147983271
253,5.5380198390715805,0.0,0.0,6.238353289940818,0.0,0.0,1.7051100126405458,0.0,2.7284240284836585
254,8.79301739947357,0.0,0.0,17.280082205747817,0.0,0.0,7.488812081623081,0.0,0.0
255,40.79859859281191,0.0,0.0,73.65357638537301,32.11695950466688,7.764449734237871,261.9521734406987,230.9989135401792,34.5431747064776
256,47.85727539019564,8.27686677303683,7.854048362589879,38.36764632863151,5.076151815160813,2.650517314839135,62.44067840658269,25.392853179626115,32.888443943493286
257,15.125853884994996,0.35813081144146963,0.0,13.326738500494486,1.26961530385762,0.19796699609690904,13.951364052871014,1.8942408562341484,1.5789720291806475
258,0.0,0.0,0.0,0.0,0.0,0.03577317740524677,0.0,0.0,2.3925842396739085
259,0.0,0.0,0.0,7.491175266971965,7.491175266971965,1.3057855549681676,7.290444618380604,7.889721586363237,12.388115931903258
260,9.550705502820335,0.0,0.0,9.032584322974799,0.0,0.0,10.370103205585764,0.0,0.0
261,11.25961984091876,7.566562160803073,3.0550574430855875,3.6029311568441926,4.7923067756692035,4.7923067756692035,8.672362772666986,0.14951991329303382,0.5130247336934133
262,51.73323620279726,0.0,0.0,67.2437197557604,40.43086800308839,5.7743288078215755,21.51915585932747,9.277145594544294,0.0
263,8.72998887773403,0.0,0.0,0.0,0.0,11.462193385157207,0.0,0.0,0.0
264,10.286044571199113,0.0,0.0,10.413908889085093,7.982880618894143,0.13339660216189486,23.635997691978332,12.335191755240515,0.0
265,22.786132112916135,1.7047572486577565,0.0,144.86034987961324,133.4995761600604,10.411627489064216,28.86198096914444,15.064752250195795,6.477363086231406
266,7.944921133622103,0.0,0.0,8.21281373787113,0.0,0.0,7.838828579160548,0.0,0.0
267,19.129143872099377,0.4017013991950762,0.24453176752257377,0.5726741618445885,0.0,0.0,10.82324679890013,14.406366798098588,1.3955412017433844
268,14.127900530968446,0.0,0.0,13.850476107600343,0.0,7.791410395255525,13.85034931021309,0.0,1.585944647025002
269,3.79436436164184,0.0,0.0,27.03168565409038,24.351103392244625,0.4957326816945624,2.603286962732227,9.847841209667195,0.7210371620984972
270,51.03847817521327,0.0,3.0245385990142495,32.415006995472794,24.01729272999424,0.0,25.12911582647365,9.832395025074163,2.203929395932505
271,4.838514554765624,3.7928850259725664,3.0835036110900944,3.539119649238529,0.0,4.236879096897326,1.643712845928377,0.0,0.29614247888983414
272,21.281417545117648,0.0,0.0,20.862396113871483,3.876266782472044,0.19886283044530728,16.598316122599186,0.0,0.954998495043867
273,18.17333619613305,1.3958583702648752,0.0,4.715540761787025,0.541304206529162,0.0,3.9332285293572795,0.541304206529162,0.3815923171363522
274,3.3947619558462065,0.0,0.0,2.661055928239648,0.0,0.0,7.416460643849945,0.0,2.188539473518489
275,2.989104929100847,0.0,12.743925421192529,44.62985084210132,39.88893724859926,0.0,11.575248524396187,15.064562564424989,34.47549483633168
276,0.0,0.0,0.0,0.0,0.0,10.100001475328895,0.0,0.0,0.0
277,6.385261444786124,0.7713626430791578,3.7803727614669924,43.79800622479692,43.79800622479692,0.0034015142898056183,5.783544986847687,0.0,5.804275561503658
278,19.663285077214653,0.0,0.0,13.804001782523073,0.0,0.0,13.822151966546556,0.0,0.7289573536720297
279,11.159207084115593,0.0,0.0,36.54931216488683,0.0,0.5240927387533247,15.5265147726966,0.0,22.704141505418903
280,1.8756721113411459,12.753356389361329,2.160888781419146,5.095809733931958,0.0,0.48966302473638734,0.0,0.0,1.451524488018464
281,9.064796753708123,0.0,0.0,8.98168067584649,0.0,1.7216952757881927,3.6850260623411657,0.0,0.0
282,13.713355695868415,0.0,0.0,5.629792208976198,0.0,0.6997889425973085,5.629792208976198,0.0,1.465744924591064
283,14.343132023189611,0.0,0.0,32.44449822418176,23.081690366058893,0.0,28.426954769445558,0.0,2.9564825151439322
284,4.322417400917743,0.0,0.0,10.464156562579802,0.0,7.115242008198948,1.0529287742720612,0.0,4.556632241579649
285,1.837397533600324,1.9809094326959666,0.0,8.977741320034255,0.0,10.544027095919091,1.8641080616995964,0.0,2.108656265009273
286,31.633771082057166,0.0,0.0,31.213845764780217,2.509997869339628,4.2322062714239905,22.443466097727878,0.0,3.8284923702196636
287,5.919825968525515,0.0,0.0,16.68787404914238,5.604871728501394,3.6652086107882837,6.562481431667294,0.6426553533182187,0.0
288,13.919506861779979,0.0,0.0,16.22542490217245,0.0,0.0,12.260422575324071,0.0,0.10849960268564018
289,51.58434733465447,0.0,0.0,36.862160738724015,0.0,0.32643538878966183,24.14215097553887,0.0,2.691090172225472
290,1.7607542746578702,0.0,0.0,0.0,0.0,9.650469908219236,0.0,0.0,0.0
291,14.488892277082783,0.6533841795459807,3.486074454808943,28.514310217153138,13.438832940877347,0.8414197646890784,60.00324189519293,41.64151063333108,0.28667029161294977
292,0.0,0.0,0.0,0.0,0.0,7.390925708325085,22.24486926201112,0.0,0.013250737878621521
293,0.44947407593153343,0.0,1.0031342667687682,6.751915865259548,0.0,0.3997973908015524,22.29633204517924,4.084011724306265,1.1540736375648066
294,14.695301339247436,0.0,0.0,16.25811032980087,1.7688092228479206,0.0,28.372967645331556,1.6307255493570665,16.023697301718926
295,30.04334119337284,0.0,3.5358541524514067,17.503651850643166,0.0,2.924402355680911,6.053718924848397,0.0,2.2738382592873165
296,0.0,0.6194208580943723,0.0,1.1284555520625759,0.0,0.04085078973639611,0.0,0.0,37.1175727965458
297,3.9243498589401327,0.24879680278138494,0.24879680278138494,0.25013837398284977,0.0,0.32352251511082386,0.25013837398284977,0.24879028914421042,0.3436347082036093
298,19.54163500429263,0.0,0.0,15.726138580231577,0.0,0.0,14.083278835929775,0.0,0.4933984937343041
299,6.713419014581433,1.4747110236945105,0.0,0.7586865280209167,0.0,4.628715185430053,0.0,0.0,0.0
300,1.4300055046892908,3.17587354052057,0.0,8.034634191119494,0.0,0.24904846990568785,0.18476236117390954,0.0,2.722700599409137
301,12.695074111126416,2.1069904696592516,0.0,5.688076827630482,0.0,0.23895039524785489,17.67584029437492,12.577954554113802,1.715230406277783
302,21.270398413312023,12.151913272849981,0.0,76.68217988689958,17.415891325130417,1.8011542763119905,16.28049033962418,0.0,0.0
303,0.0,1.6247227738464858,1.6247227738464858,0.0,0.0,5.53356005085152,9.353558106562502,9.353558106562502,0.0
304,7.389016661266481,3.371326421891297,0.0,20.50461843676399,4.796459468269177,0.0,31.06328113291616,11.405165410804017,0.0
305,14.341783992286821,2.73417286535755,0.0,8.172339577224164,8.172339577224164,0.0,22.34952503251452,22.34952503251452,0.9788406857085192
306,6.369847110828715,0.0,0.0,16.22886733323614,2.6343916947872117,0.32236161977925804,0.0,0.0,1.6828695294976797
307,3.389676140741983,4.8354272341261435,0.0,6.267087885707383,6.458344596154461,0.0,3.3896761438418253,0.0,0.0
308,23.77933841080923,0.0,0.0,20.694007183096232,0.0,0.06795389333467483,20.58158992894238,0.0,1.025443649703277
309,7.6396764648952455,0.6835357906920763,0.6835357906920763,3.784390833223,3.784390833223,0.0,0.0,0.0,1.6265070535321513
310,3.9994036782118485,0.7527332671873808,0.7527332671873808,31.458347286357792,31.378013486206925,7.458680550489703,0.1983413718378415,0.0,1.8367840099795956
311,1.5477027331010902,0.0,0.0,1.5704057678079835,0.020816336071419528,0.06401992697431069,1.5553492827765751,2.2724401796079405,2.2724401796079405
312,23.75126974906621,1.176479091800445,0.0,13.1176434547626,0.0,19.89559424341803,19.67831123066256,0.0,1.3078988271495575
313,8.215241780305234,0.0,0.0,6.300787133609617,0.0,0.0,11.845824094768147,6.5375698313787325,0.0
314,17.445078494533988,0.0,0.0,20.53227606504234,7.137970619602015,3.733653886849254,29.09819143875316,1.1318956861678657,3.703796701110889
315,35.27541661619355,0.2805032781173509,1.433429183503506,8.47214678571163,0.35277654954430204,2.009020987637456,22.060981417651305,11.465116659520845,11.300431054422177
316,0.8785356892901177,0.0,0.0,11.085343090295908,8.442945668546997,8.40877625591952,0.6776035486030594,0.0,0.15221682119195634
317,0.0,0.0,0.0,0.0,0.0,0.44110922528813035,0.0,0.0,2.6302671546729357
318,26.91458698540839,0.0,8.83701186436872,2.221867456992925,0.0,0.0,16.650083631418994,0.0,10.167593292416257
319,28.84370465203685,0.0,0.0,24.174559802811046,0.0,0.7887734096898953,17.442925716916392,0.0,0.0
320,3.869778839817968,0.0,0.0,3.6276060994129864,2.2170796263081627,0.5773458584945956,0.8679556130472292,0.0,2.2725962690415145
321,72.93428483273007,2.19561764898873,0.0,11.98142399823837,0.9292331957366571,0.0,11.634598400795426,0.0,0.0
322,13.412862666520908,0.0,0.0,11.459553156485754,0.0,0.0,16.579929283176824,0.0,1.3394138491046021
323,3.836326107892006,0.0,0.0,3.8254322456392913,0.0,2.572121474323808,3.8254322456392913,0.0,1.473917192920652
324,7.959900282954834,1.0659183161051828,0.0,8.958954492359425,0.0,1.8790840268307534,3.7739468431057617,0.0,0.7109929941966016
325,10.475211248646929,0.0,0.0,14.433874723531346,0.0,6.08552676790589,6.429574322631481,3.920112133763496,2.891563523422178
326,34.572133469045355,0.0,20.193663843535916,71.00602665346716,26.639430419897252,16.921952922814455,31.662793433467215,0.0,24.680586398385515
327,5.433041512693563,0.26178122475812415,0.26178122475812415,1.5470044156011795,0.0,0.0,0.8558719392340777,0.26178122475812415,0.21439143121781967
328,7.946716611359108,7.327318709283645,0.004168886640343317,7.4998274382866725,0.0,0.0,37.63425978506902,0.0,7.276983191374484
329,0.0,0.0,0.0,8.44783481073378,8.44783481073378,0.7752026241673775,0.0,0.0,3.1811224726579894
330,10.22550463713452,0.0,0.0,20.99283005582555,0.0,0.0,3.7199149127668534,0.0,1.08518686665235
331,2.3712578404614533,0.0,0.0,0.0,0.0,0.3454092637628037,0.0,0.0,9.426837945891776
332,0.0,0.0,0.0,0.0,0.0,0.0,0.0,0.0,0.0
333,10.505961848741208,0.0,0.0,16.12886831297351,0.0,0.1360178547587907,12.396241624445565,1.2513184198753322,0.3478500749975808
334,8.481257732470652,0.0,0.0,0.0,0.0,5.7426920165320325,0.97923485660408,0.97923485660408,0.3372373863797975
335,16.91701206119305,0.0,0.0,20.447115614905726,12.01140192873251,0.141543040004251,14.710177737500288,0.0,0.6516709046904055
336,34.11126695717354,0.0,0.19363844099999028,32.17099795061003,19.531924860668397,0.37714767071713595,26.445837038903534,11.561685140917149,0.5635127050918243
337,7.209770456895569,0.0,0.0,8.504118128814127,0.0,0.0,14.367597361618095,2.99639013913702,0.0
338,48.4222659124774,1.4317041014733718,2.8385561632953795,21.49143503777333,7.631957149810461,2.5984137725770324,109.26499783785582,2.5038473410302515,1.0558545037960698
339,18.78503770506282,0.4268372409665062,0.4268372409665062,25.14224225657148,0.0,0.0,12.965691711728113,0.0,1.2272464146925302
340,13.786002996509211,5.847273955897947,0.0,19.385682581620046,0.0,0.525267744063683,19.886977420440843,0.0,0.0
341,17.148618003376924,0.0,0.0,10.594053167936778,0.0,0.0,13.06064247553897,0.0,42.308672596236136
342,21.752784497794607,0.0,13.060480789141025,10.837586320903512,2.6725914721341724,2.6725914721341724,16.734009699492134,0.0,0.0
343,3.6574288143351623,1.6085694736702862,1.6085694736702862,0.8748458601227753,0.0,0.0,0.8748458601227753,0.0,1.7322742074634618
344,14.659007866075228,0.0,0.0,11.912096869358692,0.0,2.870351051149669,30.621135934153813,0.0,0.0
345,37.53079653915319,7.310699832284342,0.0,23.18877710194124,0.0,0.0,13.45001928706202,0.0,0.08147096942104781
346,13.0090025212846,0.0,0.0,27.78848431020296,0.0,0.7662795868119474,13.59516774524593,0.0,0.0
347,0.0,0.0,0.0,4.384033866584872,0.0,0.0,0.0,0.0,0.0
348,31.340125290225416,0.0,0.0,23.83272583185567,0.0,0.0,26.270822931135058,0.0,0.0
349,10.321815409824836,1.2893216815295432,1.2893216815295432,5.6907886877888245,0.0,0.0,2.23485863485422,0.0,2.6825785338093624
350,2.11032707503702,0.0,0.0,4.321653940712764,0.0,1.2029441559556062,4.81725122037588,0.0,2.2932749687548153
351,10.623463024433562,0.0,0.0,0.0,0.0,0.0,0.0,0.0,2.15719776741102
352,6.870673545028268,0.0,0.0,11.048193985290226,0.0,0.0,33.56455772926046,0.0,0.7119297218742986
353,13.761253331620594,0.0,0.0,9.246587142498669,2.1786398142441783,2.1238668307110515,5.086711390720325,0.6707318901426049,2.210420941232343
354,0.04850517922346853,0.5559169139654614,0.0,34.28270115213513,1.2518553820941065,0.0,17.190683489241366,10.877289854906962,12.98972862783981
355,1.0127737284190061,0.0,0.0,0.0957283995103353,0.0,0.0,0.09572839307196546,0.0,0.6793635950610337
356,5.319973861688425,16.070743708034513,6.713311996623929,40.85281537793247,0.0,0.0,4.743360884076935,1.1930696833906609,16.13250185347843
357,3.88575303272836,0.8666247073263094,0.0,0.6714053791793617,0.04469371372141495,0.0,4.943110619676048,4.318728131229108,0.0
358,3.359852671179084,0.0,0.0,40.496322267108894,0.0,4.133699808987558,5.759088016843208,2.424033148293063,3.959940458591035
359,22.50483769744247,0.0,0.0,13.637438833434004,0.0,0.513591652316677,13.532649871707434,0.0,0.0
360,7.402097048225244,0.0,0.0,9.339111057964999,1.168492831376227,0.0,1.4493998254694702,1.168492831376227,0.0
361,3.7935816558589295,0.12433179515602433,9.575468334129283,17.36007197044384,4.6112420940916365,3.47727337240525,39.960028119320896,24.747338050802483,30.50571579776434
362,25.13521019870069,0.0,0.0,24.20417409077939,0.0,0.11784595994453184,34.57139944632496,4.971811185604537,2.448340711004107
363,0.0,0.5394143637560092,0.5394143637560092,0.0,0.0,0.007175715472669708,0.0,0.5304763002017125,0.0
364,32.469549475512764,0.0,0.0,42.56515350760171,12.397659261186874,0.5238675917452724,24.9997820285395,12.397659261186874,0.0
365,2.7779036058140036,0.0,0.0,4.424456369378618,0.0,0.0,2.90973009807783,0.0,0.0
366,6.377382316119707,0.0,0.0,9.814015315864651,1.070340777859201,0.0,6.599850456144793,0.0,0.0
367,1.181004796052889,0.0,0.0,14.757862071841004,10.956445125227333,3.1273794965644583,8.880519380848568,8.880519380848568,1.0065227053771935
368,12.281649892605287,2.403868373703915,0.727375732308019,11.083492109606766,0.0,0.0,11.083492109606766,0.7273679050373403,1.7940283647317017
369,0.0,0.0,0.0,0.0,0.0,0.0,0.0,0.0,3.1385599588589344
370,3.4931929487498508,0.0,2.6807738553478373,3.6167294191999986,0.8106843813158093,0.0,1.627042696956778,0.0,1.6629504536608692
371,11.342009848142453,0.0,5.738715964395055,3.521878149936555,0.0,3.049428528380986,2.212882099309411,0.0,7.650508400829949
372,14.870323664159002,0.0,0.0,25.163781776444978,0.0,1.6735958615433901,9.713329518883597,0.0,0.4991385857536841
373,10.493102253600739,5.897816296521171,0.8002866626920877,45.45288804329971,0.0,0.4501348468787114,45.923003833219155,0.0,2.9781592074532455
374,0.23573051223036146,0.0,0.0,7.943719807019477,0.0,0.06464299488459346,0.0,0.0,0.21115977805055763
375,1.3916960040907043,0.0,0.0,5.369375284902816,0.0,0.0,23.963990636983766,0.0,0.16467952325749025
376,8.880415834904937,1.2917372254861448,0.0,9.52784653456439,8.115777856768716,1.051276713825132,6.0623400168016985,4.671269967531458,0.6176531029323087
377,0.0,0.0,0.0,1.1348469951043114,1.1348469951043114,0.0,0.0,0.0,0.2689546811938328
378,21.52806143479077,0.0,0.0,14.891362989547389,8.783815785424707,0.0,9.309227359499658,1.66989732312436,4.847482755918833
379,8.491548861628075,0.0,0.0,52.02637364902725,0.0,0.0,12.814005568925012,7.545880872499936,0.0
380,11.18420846004858,0.3311492987210727,0.3311492987210727,33.5712480219222,0.0,6.311373543230104,13.70309454170416,0.331149298676678,6.963211284851951
381,7.29478983364794,4.32390749593543,4.32390749593543,8.799651814841496,0.0,5.870725530870629,17.705887231323032,3.4426847549841,2.0978370454460276
382,4.180725915833165,0.0,0.0,8.345784207078879,0.0,0.0,10.753890370696553,0.0,16.01123866564589
383,11.284845271547027,0.0,0.0,11.449922613711863,1.4761382808783026,0.0,9.973360280476953,0.0,0.0
384,12.196827909514383,0.0,0.0,19.07850354394236,4.5636989229517155,0.0,30.49293396729891,0.0,1.7446393468274835
385,42.093161326773895,13.582817489869228,4.623705401636727,40.0033312127014,7.0089248694491175,0.0,6.492121059525459,5.717294194279731,0.0
386,0.14226558459819216,0.16278574195575857,0.16278574195575857,0.0,0.0,2.9685682937123374,5.257835984865949,0.8667999357013798,1.217660143531674
387,4.410302863865439,5.235763464223282,0.0,8.882994822814737,0.0,0.0,55.55242269905003,28.038659843218426,1.7745271785713612
388,1.153760517637295,1.2145866480156542,1.2145866480156542,0.0,0.0,0.0,5.634281599157333,7.345442756256858,0.6010176757750969
389,2.44361945201598,1.1318850699250902,1.1318850699250902,1.781711082114839,0.0,0.0,9.737961098651965,0.0,18.840492506313524
390,5.290697830584207,0.0,0.0,59.44051600568076,11.858995535121124,0.6723441789583546,15.846366549901347,3.7094919985598835,9.395707999790034
391,0.0,0.0,0.0,3.217280397927283,0.0,0.33039091304334534,21.791573874503086,0.0,24.507352746487896
392,3.1034427628362096,0.0,0.0,3.072885106346007,0.9256214381529162,5.823814720185226,35.86651320019206,0.0,0.0
393,11.029521925657406,0.0,0.0,0.12133430954645519,0.0,0.4785213581248513,0.0,0.0,9.92085539591966
394,0.0,0.0,0.0,0.0,0.0,0.09901577324740174,3.1463771451026616,3.1463771451026616,8.48087944763185
395,14.71315184360921,0.2542855015138912,0.2542855015138912,13.087611055106237,0.0,0.0,12.020284274204869,0.194921701785006,1.1963694120970274
396,12.619049895219206,0.9047206397939362,0.9047206397939362,9.94980673370631,0.0,6.906323399254347,7.6057167409684325,0.9047206397939362,3.5662289289475666
397,1.3442917935185505,0.0,0.0,8.14534596868856,0.0,6.546539480864567,13.822824733720864,0.0,0.0
398,0.0,0.0,0.0,8.936541770013491,0.0,0.3262941438347866,22.2519104779426,6.756880146599116,1.9579638312241059
399,35.765380185319,1.2836583319025294,0.0,11.140231824071662,0.0,0.0,1.2108111576554847,0.0,2.1277548475723904
400,36.88683999598433,2.701502784808781,2.701502784808781,15.639841893927809,0.0,0.0,15.50152183039782,0.0,2.257410409171001
401,19.422718166148258,0.0,0.0,10.17606089133514,2.4194294864973926,0.0,10.176391123414163,2.4197597168111997,1.1205588007707092
402,5.579388144135123,1.1233088366918196,1.1233088366918196,8.694754275315859,0.0,0.0,2.869388283509352,0.0,5.918923669728741
403,8.966722630907356,0.0,0.0,3.7220912224130416,0.0,0.0,10.102299720502003,0.0,1.3411141511880373
404,0.0,0.0,0.0,1.7615309154927559,0.0,8.885757155366832,0.0,0.0,2.8516999491259867
405,7.067953090389807,1.3393745211279224,0.0,15.166874778171575,0.0,0.0,7.042720597730437,0.0,0.0
406,0.0,3.8080026948338173,0.0,0.0,0.0,0.012233380645852776,0.0,0.0,0.8735175212894148
407,20.619722960155997,0.0,0.0,28.108055188558552,0.0,0.17810500522227812,28.845060876779314,0.0,0.2112522794381846
408,12.610920743897793,0.0,0.0,42.89828424340857,41.432568044672905,16.513347701348266,26.99218339322951,9.799871420417418,4.146418585575759
409,21.094598010317355,0.4484768009212985,0.0,21.893207678640067,0.0,0.0,17.54325558728226,0.0,0.263983712447299
410,13.560422009214193,0.0,0.0,0.0,0.0,0.26442484936364963,4.970488461285271,0.0,11.700658186092227
411,24.307834774355427,0.0,0.0,14.655504539006074,0.0,0.6820472579551051,11.056759894654135,0.0,0.0
412,6.570336408559825,0.0,0.0,7.4304595473961115,0.0,2.2296320372135483,18.798240114958872,0.0,8.46250485070837
413,2.437791854712515,0.0,0.0,12.514632088511178,1.203389810881049,0.0,0.0,0.0,0.5511897988529313
414,34.81219042029943,0.0,0.0,19.624849975136897,0.0,0.14919286649205787,21.818127919163572,2.1945773624897527,0.0
415,21.49547386886678,0.0,0.0,35.074468216603606,5.453483659214612,1.1615638949968456,35.40121570242732,14.83617912450299,0.0
416,39.71177685345282,0.0,0.0,42.95879433492516,0.0,2.0448721247105937,20.802160363460104,0.0,0.0
417,14.366825551257222,0.0,0.0,38.4504814610257,2.2302110931519223,0.0,28.86960692990678,0.0,0.0
418,17.404296235919276,0.29857642798822326,0.0,58.6586713294561,18.724340998170106,1.1161471807672854,12.450912466427354,0.19397138254720403,3.8450290951874138
419,10.574691726372748,0.0,0.0,11.63537567144374,1.4459925137039136,2.113015816933398,14.629110503543956,0.5179888251350349,1.3743811154857895
420,0.0,0.0,0.0,0.0,0.0,0.0,0.0,0.0,0.0
421,14.272379732725085,3.2456915335766325,0.0,31.699498048568984,5.621703975992062,0.0,23.6467535236105,5.450755975399147,0.0
422,6.423768752909325,0.0,0.0,1.9013234957303382,0.0,2.4782224652215064,1.4755905367556181,0.0,1.2205133222626898
423,35.78479962614321,4.38764213259401,0.0,15.52140010885472,2.0889073531039912,3.1706967684615392,7.998252497198308,1.312466005625538,0.10738267436278193
424,20.960387473104362,0.0,0.0,19.533076099969634,0.0,0.0,15.379342263690575,0.0,0.0
425,2.144302959825154,0.0,0.0,7.210573979783959,0.0,0.0,2.826255134003361,0.0,1.4081957718652234
426,20.01421200369822,0.0,0.0,4.865793500354528,0.0,0.458977598898457,4.8605287614880694,0.0,0.0
427,31.078501491614418,0.0,0.0,7.526620852258759,0.0,0.0,7.3893978518099175,0.0,0.0
428,31.47461236834809,0.0,0.0,23.371821681728534,11.564652159950327,1.4419540284383174,4.922541048314088,0.0,3.4441946029523933
429,18.204896385459506,0.0,0.0,10.73286451323986,4.788377871032736,0.2423339014869157,20.47150551577579,5.384460187742064,3.3701003259508866
430,20.551865481873904,0.0,1.3532255635165598,6.4116156252768235,6.4116156252768235,4.679954023442235,32.223918011699936,32.223918011699936,8.177641957339546
431,4.091936744191457,0.0,0.0,4.867996710433204,0.0,0.0,0.6022765411522073,0.0,0.0
432,9.519344926330263,5.335250170215943,7.381248890470488,0.0,0.0,0.3537429064928119,0.0,0.0,1.4068934848795038
433,1.4851542060062854,0.0,0.0,0.0,0.0,0.0,5.507553766193183,0.0,3.2928699233599446
434,13.107291453714538,1.1298361569303665,1.1298361569303665,11.40254564737566,0.0,6.257897977296352,23.003720828005612,3.0386599198551494,0.003956457999237273
435,20.83013014449412,0.0,0.0,30.76542866246143,0.7432419041513185,10.344249034507186,68.26557308873714,0.0,0.0
436,18.77790268546954,0.5555847409121384,0.5555847409121384,13.78460866099627,1.0311979172782912,0.0,14.57388706362326,12.385252765333064,0.0
437,21.584638484207346,0.2596546558380908,4.682557256828204,28.090910125814617,14.091198228314113,0.0,32.40594515617275,1.6399163698406483,5.994036000597504
438,13.943142619941511,0.0,0.0,10.10327866944698,2.75945261210785,0.0,14.333554100825495,2.1002499973606064,1.3652086290312582
439,24.907439617555582,0.0,0.0,23.31914712854666,0.0,1.6066205574253445,17.5043252270452,0.0,0.0
440,34.69196858780924,0.0010634138044451902,0.0010634138044451902,53.68565760487067,33.25852532523626,0.0,12.429944778022389,0.0,0.0
441,13.497393444205045,0.0,0.0,14.235436808150325,0.0,0.0,11.81997880929913,0.0,0.0
442,4.922314876598591,0.0,0.0,2.4855814329623342,0.0,0.060229592233383755,0.4766878473905365,0.0,0.0
443,49.76109773090346,0.0,3.3679739184689197,6.956533005416844,2.8065561990628396,14.527242800968281,8.873025912341262,1.2683883360324728,0.03453790055903028
444,10.902202739504759,2.79068033775809,0.08954459962421879,2.7291206448146568,0.0,2.9268023217528025,2.7223503721946827,0.08954416028637979,1.0830238194919275
445,0.0,0.0,0.0,3.2407003789399482,0.0,0.0,22.253296672984987,12.015559821422357,2.636099132516506
446,3.4159401950293216,0.0,0.0,31.27573995870614,30.48994143992678,0.0,5.4700495273255,0.944985840823449,0.0
447,26.536552186656365,0.0,0.0,25.394285610647188,0.0,0.218524712302667,192.71403731664725,165.92722748294332,23.576030018755375
448,35.51652845814803,0.0,0.0,33.28463379947661,0.0,0.04572380308940183,27.760120519410066,0.0,0.0
449,6.6173984395636865,0.0,0.0,1.7987738654050531,0.16371280376225172,0.6265576264472656,4.405398162228067,0.0,37.229768843419095
450,0.0,0.0,0.0,0.8730473082304684,0.0,4.5044154960287415,0.0,0.0,1.0420759414832048
451,24.493375363446717,0.0,0.0,16.081797564855236,0.0,8.225970876451868,11.611912196630016,0.0,0.0
452,11.394547144941868,2.103116023003736,0.0,3.5769733796109335,3.5769733796109335,13.011758585639711,1.5956284843053936,0.0,8.446460007504385
453,0.0,0.0,0.0,0.0,0.0,6.2422077762352615,0.0,0.0,0.0
454,20.26813976572683,0.0,2.1788638065023065,40.41836836589212,14.044974606223604,4.052548164492123,12.798114742507408,0.0,0.0
455,29.450047503725955,0.0,0.0,16.285371765703132,0.0,0.0,20.21483967890711,3.1975075244507707,2.1006077223976547
456,6.236776445147683,0.0,0.0,10.54492932526918,0.0,0.0,14.508678913898166,0.0,0.0
457,7.507918789963725,0.0,0.0,6.6351533821095074,0.0,0.0,14.236905381372907,0.0,8.080126041651624
458,19.736217004569227,0.0,0.0,17.182207899715877,0.0,0.0,4.731771785926071,0.0,1.8551289245765474
459,0.0,0.0,0.0,10.043716511719538,2.797334039516187,0.0,43.54481220759956,22.471801711916896,23.497397436189857
460,18.788490088624684,15.35951392885346,0.07261051622936066,4.019848674021091,0.0,0.03609530245705628,2.4231962662001365,0.0,1.4428673562213135
461,16.129085430409702,0.0,0.0,4.614629820785524,0.0,0.0,4.614629820785524,0.0,0.8705562758500207
462,7.109328156936215,0.6461184566124416,0.6461184566124416,19.293019190304477,8.665285581943607,0.0,2.288345187591119,1.242277477851644,0.8072511500463406
463,13.565350963800029,0.33405678633783964,0.33405678633783964,17.866017022334745,3.024470798659536,4.756427689034695,35.02592205855015,9.818709574974577,7.1100665432288395
464,9.687777959556627,0.0,0.0,12.084407619694844,5.521389860283108,0.9241713863910377,9.551737522899344,0.0,0.5460524759509724
465,0.0,11.73812180700861,0.0,0.0,0.0,0.0,0.0,0.0,0.0
466,0.0,0.0,0.0,6.905243673192558,0.5721425143565568,0.5721425143565568,0.0,0.0,1.9021526549318821
467,0.0,0.0,2.2528383488935617,11.424320941947485,0.0,0.0,6.73123800041418,6.73123800041418,12.138369036959546
468,0.0,0.0,0.0,2.0811500564039136,2.0811500564039136,0.29156315889042617,0.0,0.0,0.0
469,6.866593613684984,0.0,0.0,7.019335415660123,7.447934646441865,7.476538972145249,6.866593359720071,0.0,0.14557553829882863
470,0.3818105722200471,0.0,0.0,0.0,0.0,0.0,16.509368512234346,0.0,20.515050518738974
471,1.5508455233174914,0.0,0.0,0.6967679325463223,0.0,0.0,0.5014253304399858,0.0,2.094799235429008
472,0.0,0.0,0.0,21.338947894155382,5.844362965250639,0.6199729815668888,0.0,0.0,0.9924802444915315
473,13.163715105076733,0.0,0.0,14.501247161271834,0.0,3.0843829777584233,8.7309923505222,0.7767580979050308,15.014720566092478
474,15.308382188600376,0.0,0.0,36.79440671471798,19.946098715219364,0.0,1.688186490856026,1.688186490856026,0.0
475,5.590567994978329,0.3384407739265498,0.3384407739265498,8.25960905113564,0.0,6.065920534789029,4.572055116248947,0.0,0.18523711179423685
476,16.739068399610034,0.0,0.0,9.739705419314646,9.739705419314646,11.044323594585933,5.768268666743808,5.768268666743808,0.0
477,8.196886610716348,0.27956221225315403,0.053530925881887015,4.006611075514769,2.6173271276244634,9.328180559822613,48.71068240757478,0.059626598341310455,7.706141856887854
478,0.0,1.6192533552404598,0.0,2.1575753064059597,0.0,5.216609283569653,29.88941147666688,1.8850348201849272,12.395534786522177
479,19.727549869149726,7.284639737551743,0.0,43.66211302389681,32.26167248867958,0.0,7.723121117332198,5.312330942428446,0.0
480,4.139130143303106,0.0,0.0,2.597463494174036,0.708780372454612,0.708780372454612,70.5566704700287,25.09134054201658,26.02161333334982
481,7.320036406043187,0.0,0.0,1.146290967976256,0.0,0.22930856751406736,0.0,0.0,1.3487847702655245
482,8.459164175949184,0.2612706064412009,0.0,12.921796516263129,3.4683135005815586,0.46937455714765974,0.0,0.0,0.3859683498391462
483,0.8273166068859155,0.0,0.0,1.3941344620733105,0.24981499374993632,2.2090979000802804,0.0,0.0,0.0
484,0.0,0.0,0.0,0.0,0.0,0.7394540714056461,6.3142603224254685,0.0,6.146524449328069
485,1.7219367448602156,0.0,0.0,0.6173439693856722,0.0,0.0,0.6173446011046622,0.0,0.0
486,9.88636847795874,0.0,0.0,23.258990565227464,0.0,0.09907375279425423,7.639870719484662,0.0,0.0
487,11.762023300681705,0.0,1.602658075785854,6.451314849529467,0.0,1.5545204450579604,21.766149251477742,0.0,0.0
488,46.38552504588904,0.051017066649535536,0.051017066649535536,11.494065292441633,0.0,4.067068584926005,11.494065292441633,0.051017066649535536,1.7125169398198352
489,16.366643024076666,0.33861063046413165,0.33861063046413165,0.0,0.0,0.0,0.0,0.3386106304640748,0.0
490,25.208833340571346,0.0,0.0,101.28619835740272,0.0,7.570695322067479,62.56678510157607,7.702291238564641,24.779979385266245
491,0.0,0.0,0.0,0.0,0.0,0.3815661622662674,0.0,0.0,2.3408779208629937
492,13.48554050124838,0.0,0.0,12.864895382054868,0.0,5.6876932506308435,22.2268183454689,2.664175751049328,1.5881381589728107
493,0.0,0.0,0.0,0.0,0.0,0.0,0.0,0.0,8.120859429901259
494,76.06802783526828,0.0,0.0,19.2042246923059,0.6592299345880406,5.300493127329219,53.05790282992126,42.728858607304204,11.233592279381583
495,12.307216600464614,2.783779853616238,2.783779853616238,8.472490170423924,1.2968785345553613,5.649393113696419,2.0415402998415857,0.0,0.5674020965532236
496,4.36165084061048,5.052772347187442,0.0,4.36165084061048,0.0,0.0,4.36165084061048,0.0,2.602724526521655
497,16.370844283765223,0.0,0.0,12.139418093059504,11.881778459768071,6.553482655851099,12.139418093059504,11.881778459768071,1.4922305806625786
498,14.496276576870514,1.9107822990689556,0.0,12.256752286327043,0.0,0.38881617035701765,19.120758321219824,0.0,4.632020839798827
499,0.0,0.0,0.0,0.0,0.0,9.527420680238095,0.0,0.0,4.907030702624695
500,11.654278352477462,0.0,0.0,9.607843491159485,0.0,0.6303213254781213,33.60147990290784,0.0,1.460297717979131
501,4.764197845257911,0.0,0.0,24.105980694403627,0.0,8.143158500433572,9.687687681883347,0.0,1.3030428391265616
502,15.56854601584044,3.9359384278707807,0.0,32.85575579600652,4.503422288089752,4.485244199582326,11.146539958845409,2.1881170412308677,0.0
503,4.308076617333086,0.5653615323637382,0.5653615323637382,1.3593219664226694,0.0,7.169167292879365,1.5332129203964655,0.5653615322798942,13.589391425261198
504,7.884985220232807,0.0,38.72689345557299,0.3117590741888989,0.0,5.347376048278306,31.451560929272574,31.140247855406443,12.273860097824809
505,13.444106272856487,10.650217509321351,0.0,6.621947013162185,0.0,23.560248118412062,6.839828992274988,0.0,0.05257965588904767
506,32.72051202246789,0.0,2.257097620986883,13.61294327128843,0.0,4.6104543050132065,3.5660434177833054,0.0,0.0
507,8.654639340731904,0.0,0.0,3.0808019015779564,1.3279406260886333,3.198757148759398,13.894407917622374,6.44566122175425,4.693451443469456
508,21.640924719408787,4.092070123657038,0.0,9.002774097470564,0.0,0.31095736940949337,58.32753724002518,0.0,0.0
509,37.741349085569794,0.0,1.8161277914670677,9.572489999651282,8.192818216066343,0.0,29.846119872055,28.585512836527585,0.5760714121342687
510,2.475002011226593,0.0,0.0,2.064334746806594,0.0,2.2715710825200404,1.590670933620686,0.0,0.0
511,31.22221460597447,6.987825893110312,0.0,5.429727947057472,0.0,2.1803309896756105,5.46397601451622,0.0,8.862373867335009
512,4.820491052443032,0.0,0.0,7.645481789724357,0.0,13.342637163600557,105.64416711284932,0.6456858145070328,23.471586514689534
513,12.89127562996697,0.0,0.0,8.816361890546773,0.0,0.0,14.826770273927082,0.0,4.0517794328459615
514,3.244103624279603,3.4341959008712024,0.843574518375874,13.77523557067596,13.77523557067596,0.0,90.3419555016277,89.21199105778084,6.6452578877186
515,14.104423524308146,0.0,0.0,26.735020388050458,0.0,0.08673481641568515,13.657873543998221,0.0,2.4863468136080087
516,0.0,0.0,0.0,0.0,0.0,0.0,0.0,0.0,0.0
517,39.47420167195753,0.0,0.0,43.2531285897785,8.83193169046848,0.0,27.321027251569262,0.4198177213432359,10.550012868481986
518,3.0914175791969,0.0,0.0,1.4301814250638358,0.0,0.0438720577367917,1.43017857937906,0.0,0.04254829233241253
519,0.20540328407068387,0.058926483457014456,0.058926483457014456,0.20540328407068387,0.20540328407068387,0.0,0.20540328407068387,0.2643297675237761,3.796127389505216
520,12.478165357883768,0.0,0.0,6.089437353897864,0.0,0.0,5.757488411849607,0.0,2.5833678910660467
521,2.8305705842967086,0.0,0.0,8.021007617159341,5.915892368722211,0.0,1.6118912476583773,0.24292266465090506,0.49254594354744086
522,20.27076597054281,0.0,0.0,23.648914345576372,0.0,15.172531428794628,21.499063110474225,0.0,10.4924702795889
523,8.634323708316998,2.8476867543374738,0.0,32.462881706400594,0.0,1.2793932001212625,5.012285200148881,0.0,1.1471707795355428
524,31.212385949543517,0.0,0.0,67.38743810585103,47.05850343642774,0.0,128.49358795424232,10.52358839111767,0.0
525,4.4781236523480175,0.0,0.0,4.5070196915064855,0.0,3.9156734757281697,4.466333780432279,0.0,1.1926605275828877
526,21.373564512586626,0.0,0.0,9.189075812609929,2.2948200014843394,0.5725894594566512,31.748304017003647,17.6986310541798,0.0
527,7.195986843367535,5.73952960789768,2.1738311324566553,30.022854492127408,3.7160553955464195,0.12529354306860796,191.23199157313093,177.0383998272597,29.710305483187028
528,0.0,0.0,2.4163836397496823,0.0,0.0,0.0,0.0,0.0,0.2685947375928208
529,10.637518020184785,0.0,0.0,10.637518020177424,0.0,0.0,10.637518020177424,0.0,0.05434894536278989
530,2.053540069589019,0.0,0.0,2.0535019463162882,2.0535019463162882,0.0,3.565765063756345,3.218895993779114,0.2137764095939474
531,20.019783069534725,0.0,0.0,24.834032526278463,0.0,10.815512107791278,16.45486010138677,13.361500074972582,5.867342271298867
532,8.02038949830947,0.0,0.0,14.645917064532142,7.653587535632596,0.0,65.43610871045232,39.78948641931498,13.86802838607565
533,4.424460640446341,5.531039104284503,0.0,5.998642359876783,0.0,0.0,2.6601756764520132,1.4461549925558757,0.0
534,7.927506349874619,0.0,13.897576668569798,76.01451532616244,44.16961346586737,6.283740460716103,9.492282044906602,8.694913786414617,0.4876641621038118
535,4.378469730201573,0.0,0.0,0.0,0.0,0.0,0.0,0.0,0.08933279132668304
536,2.1300694496066512,0.0,0.0,3.9054923995754507,0.0,0.13866239691657256,0.47424907702446717,0.0,0.0
537,19.8907584321405,0.0,0.0,19.48333294028089,0.0,1.164337764905497,19.48333294028089,0.0,0.0
538,5.208740728163093,0.0,0.0,5.208740728163093,0.0,0.0,5.208740728163093,0.0,1.4393116757820508
539,19.318120839642404,0.0,0.0,73.58280536133478,0.0,0.3692578421278654,22.8493021042932,0.0,0.9399602500071182
540,6.832576782360093,0.0,0.0,2.8916520026691614,0.0,0.0,5.352074483777443,0.0,1.5744043679570723
541,18.044898454935236,1.135338939611927,0.0,18.044898454935236,0.0,0.15714550115882275,18.044898454935236,0.0,4.293954567170573
542,39.835559564935124,0.0,5.77942139699789,9.060046510603712,9.060046510603712,0.0,1.2055156383785004,1.2055156383785004,2.3370910054032663
543,0.0,0.0,0.0,15.821265779202918,15.821265779202918,2.6879764170207636,7.4919182956870145,7.4919182956870145,15.802816849637509
544,8.788491683894733,0.0,0.0,15.693521302703004,8.161446095563178,0.0,11.680958639781664,4.147068960464594,0.7252425235612918
545,12.392686620961001,0.0,0.0,7.051319009177519,7.051319009177519,1.3216964075274404,0.0,0.0,1.535198863963359
546,0.0,5.606379217457061,0.0,2.2779084569528436,0.0,0.06385695472471298,8.01888059528261,0.0,0.37947161092651527
547,40.43411402504688,0.0,0.0,37.70369704668636,10.393474612738203,0.0,87.49012258959235,26.221352268561844,24.759318201086842
548,0.0,0.0,0.0,0.0,0.0,10.538173920176234,0.0,0.0,1.308475356593732
549,3.8293157541225753,0.0,0.0,9.231233592975542,1.6668599631673828,0.0,8.683123385736224,7.533244753380387,1.781193077025364
550,2.0146421805328885,0.0,0.0,1.9773072718013225,0.0,0.0,1.9773072718013225,0.0,1.764455736708328
551,9.874354219406456,0.0,0.0,4.609043086115264,0.0,0.0,0.20513994598604768,0.0,3.380438265943809
552,12.388296595062513,0.0,0.0,10.07231812842491,0.5655611835342711,4.653007453468888,60.280275963635205,50.77343174248574,2.762627906911405
553,3.779842169859762,0.0,0.0,2.327802121767519,0.0,0.0,0.0,0.0,0.0
554,0.6517149504003044,0.0,0.0,0.0,0.0,6.855594882476623,20.127454896433534,9.058785583923708,8.072538578972143
555,0.0,1.524781399344306,1.524781399344306,0.0,0.0,0.0,0.0,0.0,2.889837417032851
556,14.303576803769914,0.0,0.0,10.801428385459133,0.0,0.0,9.25963220056883,0.0,0.5551749537411865
557,3.9063331450457213,0.0,0.0,4.556312958223913,0.0,2.1838900371404293,3.730006428433967,0.0,0.17429195573836864
558,9.939080265169991,3.3873258864315403,0.0,16.659672367292643,1.1595400693623787,0.0,33.51488807134544,29.50268187715065,20.760940845694904
559,8.926329000057734,0.0,0.0,12.594309658561656,1.798368828077031,0.5306298943393131,11.456973607073394,2.6007366023457053,3.4209237443404277
560,8.026408393740269,0.0,0.0,3.8306897603505092,0.0,0.0,23.442345448939733,8.596978268794231,26.019483091350963
561,10.984825141341275,0.0,0.0,4.280995428683752,0.0,0.0,0.8817169092447443,0.0,1.300587641024407
562,19.91163407366642,0.0,0.0,20.227242592807215,0.0,1.1050849932149163,19.250293115871443,0.0,0.528629855798556
563,5.37392436959783,0.0,0.0,7.312894317563774,0.0,0.0,32.2168729536387,28.943257780661497,2.359851662355112
564,5.6375163144157625,0.0,0.0,1.6538040329662351,0.9474067653075622,0.2340410862968838,1.2550297433573405,0.544860609022237,4.845933453080022
565,19.197539670146057,0.0,0.0,121.31228042367007,0.0,8.255680223257173,30.98632940596019,0.0,0.3990228357876333
566,14.327364907926835,0.0,0.0,76.96586031332475,0.0,0.0,36.89267534679192,12.591899779527182,0.7311721113907481
567,0.0,0.0,0.0,0.0,0.0,0.21598577533058005,0.0,0.0,2.328389191406359
568,3.259444732363562,0.31163108965421316,0.31163108965421316,3.0786861647230523,0.0,3.648629373257279,3.1393677283290913,0.31163108965421316,0.8289315659114891
569,33.8521655344411,0.0,3.712891322103445,22.301372624036475,9.095993733983846,0.004005496915169715,40.71462296249669,0.0,0.4994501427200646
570,6.561999316310505,4.204460020187753,2.0321184371953223,2.3182587060107664,2.3182587060107664,4.1254909780104185,8.607596741259698,8.494131640161356,9.625996360486454
571,15.197684872120703,0.10538344465680893,0.10538344465680893,14.714586115109256,0.0,0.0,10.987654680877057,0.10535468017570793,0.0
572,33.660685794040205,0.4758062619446548,0.4758062619446548,44.9618161106408,2.3048963247248366,9.207093542872542,137.45816043600215,126.09379261829571,20.42597224982177
573,17.382152802654616,0.0,0.0,26.066980928464943,7.427049329203669,0.0,23.521988178858976,11.12446376909898,0.5847909410621526
574,35.8660623000232,5.078224849997923,6.375226578233395,3.6597626848835603,0.0,0.11980216219376416,2.2102229377486537,0.0,0.0
575,2.239084968731021,7.175626549308333,0.0,5.923069563303983,0.0,0.6848970451591754,1.2436481124870227,0.0,0.0
576,3.3583129613357414,0.0,0.0,12.59613350687627,0.0,0.0,45.40179376035309,0.0,60.51891967727994
577,5.979979069267614,0.0,0.0,1.9147843395765847,1.9147843395765847,1.9147843395765847,0.0,0.0,0.0
578,0.0,0.0,0.0,0.0,0.0,0.0,0.0,0.0,0.706029327599083
579,10.576944623794702,10.676364994674543,2.931340197481802,0.35204655539666874,0.0,6.493925040336251,0.35204655539666874,0.0,0.0
580,48.22371563697732,0.0,0.0,24.788997173294717,4.402173282882558,2.443817023414283,60.44077017452594,23.238131196050517,6.525009916533321
581,20.197723531828814,0.0,0.0,18.429908010462327,6.182906935816959,0.0,12.667608368704862,0.2046136266544636,0.47567239610032175
582,0.0,0.0,0.0,3.5280245158979824,0.0,3.2371942682808594,0.0,0.0,1.0142142724769485
583,41.79261986267386,2.4520372201800456,0.0,38.53349647909218,0.0,0.1905140774633196,24.306180200536602,0.0,0.0
584,0.0,0.0,0.0,0.2874034656595086,0.0,0.0,0.0,0.0,0.0
585,56.258544115690086,0.724908523812644,4.51341108163615,15.783708038336783,0.0,3.412829769817506,36.060756932928626,0.0,6.7805638532432795
586,20.767724995619318,0.0,0.0,14.022151052726798,5.8074940745579795,0.9449273778417364,13.985962461700552,4.862566696716243,0.15893148520973455
587,12.590312294664727,0.032235048994238014,0.032235048994238014,11.656105943368942,0.0,0.0,10.936984494514519,0.0,3.4954146319186066
588,4.399210912060141,0.0,0.0,9.912089029179924,0.0,0.0,6.9644424348902305,0.0,0.3217416811555154
589,5.7089850364766335,2.654989613914097,0.0,28.987872758755316,22.520028955807106,0.0,15.149365338337446,0.0,1.414696273022912
590,5.64650453265952,0.0,0.0,0.0,0.0,0.8387351235618894,8.194895460694283,0.0,16.189047786992717
591,2.1760610021889306,0.0,0.0,4.581904463278761,0.0,0.0,12.853082512614463,8.380575465030205,2.233907201286314
592,0.02499324893847188,0.0,0.0,2.4105532050449767,2.4105532050449767,0.4862496072615272,0.0,0.0,0.22618213417419497
593,6.421704509564847,0.0,0.0,17.05131002172635,0.0,0.2697313028536996,6.466481983206023,0.0,1.8289368590413346
594,19.536631964610876,0.34179329402257963,0.34179329402257963,28.948492730826757,0.0,2.027150257802532,26.934864063563765,3.0640253855391393,6.668968195719003
595,24.787136347500365,0.0,0.0,7.267500180040429,0.0,0.0,15.199712430034026,8.011462209133072,27.140126796660525
596,1.108241967244112,0.0,0.0,7.369414231465896,2.5749702380313124,0.3696407939853543,1.108241967244112,0.0,3.2401734740238055
597,19.772376962207744,2.156920243451964,0.8981071243509859,14.143524234509812,8.816831158897003,12.348424569597057,26.619503290762793,11.358658423367217,1.2331513601250208
598,2.453691930522865,0.0,0.0,15.291622698231066,0.33815302077653087,0.33815302077653087,2.453691926308977,0.0,2.142802408827464
599,0.0,0.0,0.0,2.5383407938342657,1.2044141049277641,0.0,4.643740252068653,4.643740252068653,6.582370532282397
600,84.95383053084927,3.943207093371427,10.923078589203186,16.46941678916042,0.0,1.5338562230804769,49.44328893672531,6.006966922441563,5.204187554785847
601,13.782983288269492,5.952624197836229,1.1877239279879461,20.790859531315135,0.0,0.0,55.26953505342465,0.0,0.0
602,1.5204875663791881,2.855291675987587,0.0,10.366758856631094,6.519153539425957,1.5239485185144872,10.945203233569345,0.0,2.1929882967108085
603,21.53324310924279,0.0,0.0,3.9498892942993677,2.5632797667277885,0.0,1.6242150186565993,0.0,6.701975516782198
604,2.52344857906769,0.0,0.0,44.98694337988846,40.12018092133158,0.0,2.311133700769858,0.26702882490718594,1.7858987612538044
605,27.067819560831452,0.0,0.0,17.25558889489534,7.541782389591276,0.17346026081617083,31.508475997391912,25.459968788554647,15.054875685951941
606,47.74401035111211,0.10864800112909734,0.10864800112909734,87.32415119880346,4.373670973183863,5.825597784181184,54.41587736856039,0.10864800112909734,2.2183511975867702
607,33.481477635468224,6.319200374972922,0.0,17.250473614660763,0.0,0.0,17.250473614660763,0.0,0.0
608,15.780788469623587,0.0,0.0,21.7440060209924,10.865566571817311,0.050715348028745666,15.756061268812545,10.65621684956048,1.073989276424328
609,25.152479804894654,0.0,0.0,26.39790132449994,2.305096373829315,0.38558485183222047,17.194288328146285,2.5188013862283185,1.0619548721616638
610,1.994696000384863,1.858948767478239,0.0,2.591883023574951,0.0,0.0,2.264155296557874,2.264155296557874,8.4371295619315
611,21.908776832254915,0.0,0.0,11.007145716412083,2.1422624663287024,13.74011341548686,7.145213073829041,0.0,11.486345142901087
612,13.155189053560662,0.0,0.0,11.109871729636978,3.130286443463916,0.0,2.0561741469602453,0.0,0.0
613,20.021827109551566,0.0,0.0,11.334460500153341,0.0,0.0,10.035657190076108,0.0,1.6291046454713012
614,0.0,0.0,0.0,1.5874873055301464,0.0,0.0,0.5682148845585857,0.5682148845585857,22.94645021849928
615,53.5462994656138,0.0,0.0,15.18652082825912,0.0,0.0,5.229801687695158,0.0,1.5660916549526007
616,37.54997375606669,5.535986759860521,0.0,24.649288269360028,2.9798091183297117,0.0,23.939470091073844,2.9798091183297117,0.4045344573361547
617,2.5949357510716027,0.0,0.0,11.56121224861971,7.480689809596072,1.9416046879010196,0.4756760219383409,0.0,8.81111980560263
618,26.859177882266692,0.0,1.2672095342746275,3.8996678708591332,0.8336219740186834,0.0,161.77513424498943,93.93520938696963,28.727289481310322
619,42.10673152209037,0.16929942618997984,0.0,8.237846720073009,3.528168303721543,1.4220168404299898,13.446598559206194,0.0,5.022551225356693
620,26.56360968812774,0.0,4.143775636354206,3.005112978228567,0.0,0.0,7.358079249027753,0.0,1.9849452537252148
621,8.576352919886773,0.6945586450989367,0.0,8.826803181376249,0.0,0.0,6.447236334735152,0.0,1.5892401314922893
622,0.0,0.0,0.0,11.32014088142725,7.90298546053549,0.3075441519871447,0.0,0.0,0.0
623,6.9504228086520925,0.0,0.0,8.3151597559592,0.0,0.0,7.090255034816721,0.0,1.8218397857552588
624,15.207761817208706,0.0,0.0,12.147701033893014,0.0,4.847601577840919,8.046799619736987,0.0,2.644259067164512
625,0.0,0.0,0.0,0.0,0.0,0.6925326841145534,0.0,0.0,0.0
626,15.025631817765316,0.1709176489751485,1.5385961987490475,9.536794395665623,0.0,0.0,10.306570392597223,7.366891660791168,2.6767985872245106
627,8.919741977472142,3.241159808627856,0.0,4.324404912752954,0.0,1.6669580283464143,0.0,0.0,0.3341376010848478
628,17.887790969552867,13.162873348609537,0.4000258246825865,12.205157670449921,5.238034871984411,0.7972769276528879,13.263577344819367,6.052411515814185,0.5493144289543181
629,20.060293252636,0.0,0.0,24.85094383177139,0.0,0.0,20.060293252636,0.0,0.0
630,8.990117774485697,0.0,0.0,9.143220963955798,0.0,0.8798937923169774,0.0,0.0,0.6374231824882202
631,5.137598958535477,2.345372647626675,0.0,5.137598958535477,0.0,0.0,5.137598958535477,0.0,0.0
632,5.452481027517962,0.0,0.0,13.852959931154288,8.254003883364533,1.9839986338411109,0.7318957520469098,0.7318957520469098,0.0
633,16.787236215726438,0.0,0.0,0.0,0.0,0.0,0.0,0.0,3.153802566407819
634,0.17790022809836614,0.0,5.578175563893723,0.0,0.0,0.4132703293801683,0.0,0.0,4.3325002653214995
635,1.4615454125658118,0.0,0.0,0.0,0.0,0.14155610874962576,0.0,0.0,0.0
636,1.0204683466004099,0.0,2.9675107599609305,1.0124517278069618,0.0,0.0,0.9584421801497172,0.0,1.7258421179828076
637,7.585020225070679,0.0,0.0,5.781729140627505,0.0,0.0,5.781729140627505,0.0,1.6991214271408808
638,16.722738183533835,1.1743509337539422,3.0591948601704644,1.7163800714476736,0.7957866721953053,1.062517108961515,100.20621408901414,6.535546728334822,16.433599361703216
639,0.0,0.0,0.0,0.8077049939095673,0.0,2.5138582773795406,0.0,0.0,0.9870102469011215
640,4.0899522493399445,0.0,0.0,0.8689231735233989,0.0,0.0,0.8689231735233989,0.0,2.6025659751119576
641,0.2170615938503886,0.0,0.0,0.0,0.0,0.0,0.0,0.0,6.406014078844208
642,22.000838082632754,0.0,0.0,30.577246703988408,0.0,4.856876691492516,42.63986983527144,4.20235530735664,0.0
643,15.481373862278417,0.0,0.0,13.246106475378468,4.26293979422644,4.198549543153092,13.246106475378468,4.26293979422644,2.561617438263113
644,0.0,0.0,0.0,29.87181233426176,3.317429177413942,3.317429177413942,27.17304606066014,27.17304606066014,14.043451703435238
645,1.5236125655943056,0.0,0.0,4.0479192929786905,4.064521322915596,4.064521322915596,13.719997846501883,6.614535829443014,23.93444697093804
646,14.591294593883845,0.0,0.0,12.747626129467108,0.0,0.0,4.073433468303023,0.0,0.0
647,16.978025693873292,0.0,0.0,6.1039983296482205,0.0,10.027410703418013,6.1039983296482205,0.0,0.0
648,0.0,2.658610684432972,0.0,0.0,0.0,0.0,0.0,0.0,2.918455370120995
649,0.0,5.092595746056702,0.0,0.0,0.0,0.0,10.211758087032052,7.22494544011505,0.4230534800500152
650,13.800843578802812,0.0,0.0,14.066037851847796,0.0,2.8922360104268705,12.021071952761673,0.0,0.0
651,0.0,0.0,0.0,2.093120167072925,0.0,0.4964200240836476,10.562912313745159,0.0,2.5942499403316788
652,3.402642451202297,0.0,0.0,3.973794790860353,3.973794790860353,0.0,0.0,0.0,12.790596890313878
653,8.709475485413464,0.0,0.0,2.272201116227933,0.9087916288758038,0.0,2.272201116227933,0.9087916288758038,0.0
654,61.482986782791045,0.5840753954833531,0.5840753954833531,12.53230912254108,0.0,10.642398799531122,33.115745950913464,28.546971925203877,4.034341511279763
655,16.414303783860362,0.0,0.0,31.84844723529622,0.0,0.0,39.36916557546519,4.378459102138947,27.08713576456313
656,1.728462520967554,0.0,0.0,3.4770464241707373,0.0,8.299564155023575,14.538866913738843,0.0,1.0965820502985935
657,2.369714290796651,0.816370931779943,0.0,5.396045579367296,2.117219886328769,2.286528603110014,0.0,0.0,0.0
658,19.04007402405398,1.05127980161609,0.0,21.925381379051345,0.0,11.374477094520557,15.76582967180434,0.2871956533717821,7.091592649109771
659,7.114693921994558,1.64080027852566,7.092876480068696,0.0,0.0,24.93602584530896,53.88103248948616,5.89444800006396,13.05353986047595
660,6.379087544863012,0.0,0.0,4.358734081299417,0.0,0.0,4.149710085823017,0.0,0.0
661,16.807161030540158,6.484735216978606,0.8108210542035863,31.83917434083159,2.7545415276698577,13.74099683850477,14.848578876054376,0.0,0.0
662,24.368946965038845,0.042374086171008685,24.31683434957648,23.391736463800612,6.024606167021602,0.0,89.93621655492899,64.01909299947332,15.423638542299358
663,3.392131635721455,0.04257123952419306,0.04257123952419306,2.0722979323527397,0.0,0.0,16.138001245531342,0.0,0.0
664,12.364695146112723,0.14760062558877962,0.0,6.0403917440391695,3.443652817435492,0.21079297834830868,57.54040552051811,1.002104811328934,13.77114101282342
665,29.124521108524476,0.0,0.0,22.57641187729348,6.716022351820584,0.0,42.65199513745915,5.103660914568422,0.0
666,11.81110510241652,6.847902628697511,0.7552960723321576,15.93809849962625,4.915723138209842,0.0,4.262622379162764,0.21530116764677132,5.900568225632867
667,13.150371361989727,15.007211580952685,0.0,7.959109816651221,0.0,0.0,29.295083857867496,4.131091881110308,0.3667745592182996
668,15.907592790649687,0.0,0.0,6.409501230332722,0.6862134981616634,0.0,6.338668239888193,0.6206021259354202,0.15559175578258078
669,32.061981853910794,0.0,0.0,19.351329417217613,0.0,0.1741523977613042,8.068845651977341,0.0,0.0
670,5.023469548448844,0.0,0.0,0.0,0.0,2.3215702209895426,0.034687333663725894,0.0,4.121545310978519
671,0.0,0.0,0.0,0.0,0.0,0.0,1.4043923637773332,41.50036635894287,10.109421088768244
672,10.285576742461984,0.0,0.0,9.34203302253519,9.34203302253519,0.5671636032456604,14.142588533459133,14.142588533459133,1.1572223404800184
673,27.84417207977495,0.0,4.263653174084567,3.072043672900918,2.446773605196654,0.05310207833417735,97.37031863612964,96.80601501640302,10.760717551240703
674,15.441200375344948,0.0,0.0,9.512125586522416,0.0,0.13429139310858318,40.10404710678435,31.511681549379034,0.29006466310946166
675,19.750854494176735,0.0,0.0,22.161896830176914,0.0,11.12641704222301,19.467045209170152,5.11675288250251,1.5570533570264047
676,0.0,0.0,0.0,13.789585271514568,0.0,3.6000115676413316,0.0,0.0,0.9699736924944204
677,9.415381389015096,0.0036123405612329407,0.0036123405612329407,8.207412678145374,4.000058746668856,0.0,8.207412678145374,4.003671087217583,0.8558122621142275
678,0.0,0.0,0.0,0.0,0.0,0.0,0.0,0.0,0.0
679,35.2184822609685,0.0,0.0,2.6953671214170924,0.0,0.09007674972713176,8.686773106451597,5.851874561742051,0.9195618729015678
680,14.441640693094627,0.1577613420648163,0.0,16.410062644281084,5.224820409896353,0.031203889581149724,3.931930513643181,0.4642787185135546,0.1890796646349031
681,78.19757017537506,0.0,6.75051802879662,21.700750987564817,1.084521177797484,5.068338310345155,20.621474090812455,0.9892117357440782,0.38222296554448576
682,41.34542893368837,0.0,4.993799373356978,5.963734574531713,0.0,1.0301264178089582,5.963734574531713,0.0,4.623523083045114
683,19.34496271325179,0.0,0.0,17.41210545529657,0.8620479015519038,0.18336004262624783,31.870177712046768,4.812379819153421,1.775297829797836
684,2.6352594134513083,2.3447070427814083,0.0,9.990743938907855,0.0,0.0,45.22921868080883,0.0,2.9155656716158944
685,0.2840003587729143,0.0,0.0,0.20262905674618992,0.20262905674618992,9.98103213338402,0.20262905674618992,0.20262905674618992,0.0
686,30.860351077462383,0.0,0.0,23.83422091141503,0.0,0.4793474828165927,34.390886335367526,0.0,2.2258965563411266
687,89.57638764579158,0.0,0.2211145455204644,21.21020948617513,0.0,0.4344497550990809,40.70410062922352,4.422628750346291,2.4256095403208633
688,27.634542672287125,17.424965122084302,1.9247505838494021,24.40086877940601,0.0,1.2098530628204571,157.73089356176993,128.4335262142054,17.495667639460976
689,0.32334515276698994,0.0,0.0,0.0,0.0,0.0,4.91339788441357,0.0,2.302374889498907
690,0.0,0.0,0.0,0.0,0.0,1.518932106927366,0.0,0.0,8.387751396496554
691,14.765258667620827,0.0,0.0,46.93159351290561,0.0,2.8206432192559987,38.414870391796256,0.0,0.0
692,18.1934354597133,0.0,0.0,24.16869254976899,5.333041044006507,0.8998266024240706,8.71494687417939,2.7128424205926365,0.6697730610964641
693,8.600549365335667,0.0,0.0,5.323058868072906,0.6804612930046687,0.0,5.323058868072906,0.6804612930046687,2.7445102612779237
694,13.232952861193269,0.0,0.0,10.133452072103893,0.0,1.7984849900487347,14.811199821210153,0.0,0.828711354895546
695,4.2260208249674065,0.0,0.0,4.2260208249674065,0.0,0.2015559852284241,5.608296878590352,5.781913247375826,1.2725613232850037
696,3.1513281940056572,0.0,0.0,32.324203254356206,20.898213785351942,4.494322241639736,2.444021568435403,0.0,9.59467370101089
697,0.0,0.0,0.0,0.04846408499355448,0.0,0.0,2.6596094675758764,0.0,0.6655206863654826
698,12.960793031182817,0.0,0.0,5.014209045746128,3.1774775544695615,0.311692061615247,5.014209045746128,3.1774775544695615,0.18467294972182913
699,10.628449360205565,0.0,0.0,0.0,0.0,0.17975185018229922,6.411330783675737,6.434984731739007,0.0
700,17.779580673354104,0.0,0.0,0.20658299011876124,0.0,1.8644263889656258,10.881382659474127,0.0,2.93393341233255
701,8.297831482885414,2.3914909331726335,0.0,14.53339486821821,0.0,2.646349798371773,27.684973671777556,0.0,4.912846327162356
702,2.292684134014621,0.13862196134789428,0.13862196134789428,24.4319111219273,0.0,10.761759978389989,11.561571753387852,0.22876619863157543,0.09014423728731913
703,2.0565356869131506,0.0,0.0,8.890663316050677,3.897271760340857,0.0,11.70470490030604,3.2372881517286203,4.731000912355313
704,16.505275231137887,0.0,0.0,14.230625349210328,0.0,0.0,12.415131583802719,0.0,0.0
705,6.183139797469124,0.0,0.0,6.167994666482997,0.0,1.9687076528873604,6.167994666482997,0.0,1.290529149079191
706,11.58244485688374,0.0,0.0,8.320144563706577,0.0,0.0,24.850788988058696,0.0,0.0
707,18.584298894418737,1.8119998384415794,1.8119998384415794,29.838976205294728,7.791289478196688,5.925508170525404,73.22228958081624,0.08840134746424155,1.215311463081946
708,20.287817120630166,0.0,0.0,81.46814365642052,0.0,0.0,12.196881689832708,0.0,2.9173121666645727
709,4.104800800801229,0.0,0.0,5.11204650601934,1.0021244206538427,6.605882095719096,25.936589228218452,0.0,5.520945357667074
710,14.771208681396644,0.0,0.0,29.424566067772247,6.247935046095819,0.0,16.934417430475435,6.203981423911955,2.3996249005010384
711,30.73374732585242,0.2235050439340398,0.0,32.53444111117622,0.0,2.8672286472134374,24.275535067867935,0.0,1.6850124029417373
712,0.26585864248136204,0.0,0.0,9.21458181213589,3.936528061652325,20.807538033500634,5.512483672640428,3.1673370817104,1.2264371062352097
713,16.496271159654754,0.0,0.0,12.765709481530138,0.0,3.4593397248115707,12.76740773684071,0.0,0.0
714,1.3315737490219135,2.2087153977337834,2.2087153977337834,0.0,0.0,2.4329681093449835,0.0,1.1720416666278766,0.0
715,2.3334526143419794,0.0,0.0,0.1495825638947963,0.0,0.0,0.0,0.0,0.9699415412057419
716,0.0,0.0,6.9794427867796855,19.012032212737154,0.0,5.573537203478281,0.0,0.0,1.5683518371240552
717,78.56551137281167,0.0,8.757149575174935,18.02779652245161,14.734683681277744,0.0,16.922886103640195,8.585442345950895,0.0
718,23.61627296858549,0.0,0.0,10.175438410896561,0.0,9.215740902230323,16.306478909247517,6.42294123636924,2.426186581219241
719,0.8622996008850521,0.0,0.0,1.3224850679668805,1.2047557211728304,0.0,0.8333138986269262,0.8333138986269262,0.0
720,37.05860718467622,0.0,0.0,13.1452001095426,0.0,9.785366487388046,7.7412911366908475,0.0,0.8715135479464209
721,0.0,0.0,0.0,2.4907663532315496,2.4907663532315496,5.185335915826158,6.970167221135,0.0,1.5122846300953654
722,10.199844708238231,7.338827776901724,0.0,18.31054681915157,8.132412965432309,1.3721960499963757,10.178133853719146,0.0,1.187591437019023
723,0.9581113949625433,0.0,0.0,66.09790937087942,0.0,0.0,0.6743453566007815,0.0,0.08096129698205345
724,10.917598366396135,0.3253547177821474,0.3253547177821474,0.5491961448658458,0.0,0.0,19.12363875364349,9.012033922195258,0.0
725,12.714418920522348,6.635280042634179,0.0,4.879885200339743,0.0,8.106480501423619,19.401487975344594,4.946166053981017,2.437169058024523
726,56.465340929424656,10.95996093400646,0.0,10.16310599267166,11.181715134799816,0.0,11.149375102096485,1.9056890323082598,1.850007054088934
727,0.0,0.0,0.0,28.556828383695006,0.0,4.738210145153687,2.7000227982815943,2.7000227982815943,8.54735040003726
728,11.893991442051629,0.0,0.0,5.604451484888756,0.0,0.0,3.158981092564062,0.0,0.9958605396784606
729,12.113525501828605,0.0,9.147588213292579,1.9775386295243038,0.0,0.0,0.0,0.0,0.0
730,0.44235821444351586,3.065052545049582,0.0,9.798830225562398,1.873319937445359,4.009829190505684,23.219537652469256,39.25496529341183,11.977142042859185
731,4.280608602720207,0.0,0.0,7.274035427256393,0.2836758525664891,6.565011349800898,14.622600123809093,0.0,0.15647726712322196
732,14.27451614792102,0.0,0.0,0.0,0.0,0.0,8.963966281797724,2.1922603826905345,13.24881828987057
733,2.90217514511383,0.12592908943872771,0.12592908943872771,9.187127064921953,0.0,0.0,10.621430774864422,0.12592710434734045,0.0
734,9.920230172742265,0.0,0.0,0.9789476656710576,0.0,0.0,0.0,0.0,0.0
735,1.6860942857794612,6.3264749136085925,0.0,1.6860942855853978,0.0,2.8788211166867654,1.6860942856156953,0.0,10.83394948618212
736,126.43383346195066,0.0,24.87808260314145,7.902159981132485,7.902159981132485,0.7998767892744922,13.76004733263963,14.560460289727274,0.8553558597631934
737,0.0,0.0,0.0,5.465137781338655,5.465137781338655,0.019550147975280652,0.0,0.0,0.0
738,1.9477156943034117,0.0,1.0446226154578824,1.9477156943034117,0.0,0.0,1.9477156943034117,0.0,0.0
739,4.778221734392162,0.0,0.0,10.296748591860961,0.0,1.3756008692807882,6.967552762912476,0.0,1.6049974261586044
740,0.0,0.0,0.0,0.6068704319879714,0.6068704319879714,0.0,0.0,0.0,0.0
741,5.603982281523315,1.7126384447043392,0.0,2.667426032872214,0.0,0.37548709313438167,0.0,0.0,1.0132680664071927
742,11.843531449743324,0.0,0.0,11.85705698300282,0.688641215417988,0.8805254502356092,26.95775254494447,0.21195135613325533,2.1292504558496432
743,7.505952766482665,0.6009125752180466,0.6009125752180466,1.357191967594673,0.5180367193939333,3.113170707280233,0.0,0.0,0.9244773156911776
744,6.695556511629434,0.0,0.0,1.8447085537285943,0.0,0.0,1.8213323306747213,0.0,0.0
745,18.243570871856008,0.04238957146856137,0.04238957146856137,18.243570871856008,0.0,0.0,18.243570871856008,0.04238957146856137,0.0
746,6.4266510600708955,0.0,0.0,2.888355186411701,0.0,0.5572291426274205,17.57412466835126,3.60837133615226,11.751352708506346
747,4.503435289082034,0.0,0.0,14.90625462157098,0.0,0.22751343164520677,12.24486090275002,0.0,6.273653312209802
748,4.667361888636776,0.0,0.0,2.9886890537114823,1.9570342676592531,0.0,0.0,0.0,0.21087001705839725
749,0.9812624865261057,0.21562871427602204,0.21562871427602204,5.9242109772867195,4.169678285374204,0.0,0.24543086651823387,0.4066732486982687,0.0
750,0.0,0.050761690415811245,0.050761690415811245,0.0,0.0,5.4888529978684915,0.0,0.048739601046918324,1.815315417699395
751,7.906146868108692,1.65559567144237,0.0,0.30355799030655817,0.0,0.9992710338455595,0.30355799030655817,0.0,0.0
752,40.154404754047135,3.6256627284917045,0.23304181343715413,7.710808864235446,2.152443387211065,5.4800346173229855,7.656091037734228,0.0,0.8425547374068003
753,11.745988349314587,0.0,0.0,8.65557331684829,0.0,7.051100024979462,8.65557331684829,0.0,0.0
754,18.358475292209533,0.1744195603681078,0.1857468632501309,58.04678466162588,52.11678325544389,2.9667517783743165,16.572799783688197,11.799222233406965,1.238884928880708
755,13.54155660338293,0.0,0.0,3.5297094882289457,1.5662248936648666,1.92107900359116,0.0,0.0,0.3041400378667163
756,17.084328128716976,0.0,0.0,20.03576630935615,0.0,0.0,57.13615170898848,13.242861725681337,4.94251861813467
757,6.628071492498975,0.0,0.0,7.74914947823018,0.0,0.0,6.431406630140231,0.0,0.0
758,0.0,0.0,0.0,0.0,0.0,2.1105252192234047,0.0,0.0,0.0
759,14.067827266146708,0.055478427301125066,0.055478427301125066,23.8847318456844,0.0,2.7421637311504696,10.523753165714965,2.9132722277018956,0.0
760,19.77830419688283,0.6266368824119013,0.6266368824119013,27.097583517942923,13.522368859551904,5.2956493774909745,0.0,0.6036291949729957,0.0
761,21.158486592318894,0.18598537792587422,0.18598537792587422,13.823177384996598,0.0,1.930624505965909,8.239576473179653,0.18598537792587422,2.010234957720229
762,22.253982884535503,0.0,8.706548545530268,8.986121105911224,8.188980313281462,0.0,1.9809597159585337,1.9809597159585337,1.2176065224599313
763,0.0,0.0,0.0,0.0,0.0,0.2479305574839259,97.37463582205811,97.37463582205811,12.423991588255547
764,0.03062869029781723,2.0673514937710706,0.0,0.0,0.0,0.0,0.0,0.0,1.3142021944225917
765,26.11172457312827,0.0,0.0,22.787014982164777,0.0,0.0,40.96831204984127,0.0,19.76510994562804
766,15.856421030993687,0.0,0.0,12.672357871802149,0.0,0.0,22.88323614715702,20.970528099733855,0.4131501545869867
767,0.11329110449281643,0.0,0.0,2.240962388220538,0.0,0.14482817672302417,2.7517143494004586,2.703902074231621,0.7606190078528527
768,12.581387609122658,0.6574384811037817,1.0853384498302887,18.5058309431067,6.0725561354004185,9.71100849413358,10.450562368605318,1.1221934321964113,0.0
769,14.947874821616466,2.3335358369723735,0.0,22.15219899233017,0.0,0.0,6.950640732125379,0.0,0.0
770,4.818031382164378,0.0,0.0,11.404064161008165,0.0,0.7063970002527071,4.817745987268069,0.0,0.0
771,12.506067971128573,0.23896922856289393,0.23896922856289393,4.290586219456827,0.0,4.7210748787151715,44.308149195322386,0.0,1.8926989408706731
772,0.0,0.0,0.0,5.018714113350711,0.0,0.0,0.0,0.0,0.5163599535499088
773,33.322943642151955,0.0,0.0,11.779291202653042,0.0,0.25120268686379177,42.16535463372176,0.0,0.0
774,41.59665343046473,0.0,0.0,17.515414961389865,0.0,4.204873264623075,15.727799160904198,0.0,1.0647498925512195
775,31.315142688719135,0.0,2.8703484594394695,8.06727555380931,0.0,13.864910762533441,21.43256339078866,0.2901811119201625,6.167787847762554
776,10.104047480797362,0.0,0.0,37.03238657393578,30.132625703832048,6.595178269920268,0.0,0.0,17.070598000743757
777,0.0,0.0,0.0,0.5638281203514168,0.5638281203514168,0.0,5.025304437072208,5.025304437072208,1.8299103664269865
778,0.0,0.0,0.0,0.0,0.0,0.16218327941481903,0.0,0.0,0.46424711462572077
779,65.8342717409461,5.293165806545517,0.3473339325863094,135.32812119877394,5.283140085454448,0.0,43.537838340922406,3.9313026358173033,11.167827319427744
780,3.3762273689197,0.0,0.0,14.275079925662368,0.0,0.0,5.1818869666692535,0.0,0.8643932356591506
781,2.2261133001778717,0.0,0.0,2.0388961776732515,0.0,1.3176329202151464,6.371303899604698,4.959176314926623,0.0
782,61.438850329001895,2.689866177498743,2.689866177498743,8.920164192170091,0.0,0.0,8.375559307730072,0.0,0.0
783,14.624477592168404,0.0,0.0,14.60908660042685,0.0,0.0,15.647252762420607,0.0,3.788112788187931
784,3.4441267113112417,0.0,0.0,1.4214781908068517,3.007303636734264,11.117269790494106,1.3494275024382318,9.265603150379434,0.20726320075121407
785,26.128512251796877,0.677908494272117,0.0,16.03060120752164,0.0,2.7033551997740233,38.12352400009121,1.772254356620266,5.131920827273575
786,25.188499099134134,9.065793627905578,1.058523979081201,7.880471693121507,0.0,0.2174790419198871,35.709395853420716,0.0,22.080669732429413
787,16.83719389952705,0.0,0.0,20.93252149704699,0.0,0.0,22.017389814793148,0.0,12.494181166819146
788,6.805646124606966,0.0,0.0,32.672005497206214,12.87272889415479,6.590290712462831,26.081889061114254,0.0,3.484462219799923
789,0.6006516921995626,0.0,0.0,0.6006516921995626,0.0,0.0,0.6006516921995626,0.0,0.0
790,2.9421312244304545,5.295935882666754,0.09289030963481082,23.287983722005833,0.0,7.535084995327168,1.7985065878436899,0.0,3.137782908496064
791,7.609838266759567,4.05147121289599,2.73742517157865,11.7331935864853,0.0,0.0,7.856858716931725,0.0,0.0
792,4.328534541520696,0.0,0.0,13.313237275476808,0.0,0.0,2.1486773941060733,0.0,0.9217081628433448
793,15.057478909532733,4.8847271970063275,0.0,22.668225988230063,0.0,0.0,15.067581098018849,0.0,1.1970512907162743
794,2.0738335814298807,0.0,0.0,2.07383358142971,0.0,0.0,5.828889288635452,3.754638687901121,0.0
795,17.0321647604342,0.46288551506040676,0.46288551506040676,26.902073238277353,17.583661536632718,6.143803269244245,29.463690626947823,5.459539203467756,2.3854486557924304
796,19.46817026872145,1.39637205850471,1.39637205850471,23.537480229936364,0.0,2.1955702986278425,36.327541285739215,3.739390493502327,0.5580216216366125
797,4.335289765848245,0.0,0.0,8.20447558333018,0.0,0.20859890301790074,4.334163531259804,0.0,1.1811016936344458
798,10.363829417000915,2.5915292237960443,0.0,7.706408281948967,0.0,0.18020063053222657,4.190948663225441,0.0,1.2646742493946874
799,6.4565626556193365,0.0,0.0,9.285220276270337,3.711090912719783,3.832374413039531,17.09532376423539,0.0,0.6435446402641389
800,8.953375387883142,1.665562152333166,0.0,42.16962145545776,32.57503446163312,0.1647833974571995,37.55712680459152,15.133025383833683,3.2613678426255888
801,12.611347999806611,0.0,0.0,0.0,0.0,4.038314716227831,0.0,0.0,1.6599464121785559
802,0.0,5.45668368305104,0.0,0.0,0.0,0.0,0.0,0.0,0.0
803,10.33166706802308,0.0,0.0,10.125268283313005,4.668936681693026,1.2424196771156062,86.09125552410194,76.6540746838979,3.230190982713623
804,8.0396491864702,2.6603709652561633,0.0,5.884934091221226,0.0,0.0,18.294048497411637,0.0,2.4355434147435915
805,6.139106952891723,0.09655807572227104,0.09655807572227104,31.720727571723444,0.0,13.159897231175762,0.9667745660118499,0.09655807572227104,0.6932233602402391
806,13.320701045590596,0.5528759699617467,0.5528759699617467,4.594792160726456,0.0,0.0,27.539798810509694,0.0,8.351341738827017
807,0.758784179551526,0.0,0.0,1.4558868746618714,0.0,1.5057561781587196,0.4416766895299702,0.0,0.0
808,22.758944911746255,0.0,0.0,18.17604547144697,0.0,0.528873847860666,5.99351091117893,0.0,1.3520415557736385
809,9.953172854197163,7.84993007258106,3.3617658009474667,4.674310154292584,0.0,0.38852611387915204,5.017103345698615,0.0,4.861259709785799
810,12.722521538856597,0.08855154533077325,0.08855154533077325,9.159547771822702,0.0062011921310443086,0.0,24.738517320625874,10.380885099858176,3.3733459295880834
811,0.0,0.0,0.0,0.0,0.0,0.0,8.14856705095329,5.177598377036986,5.144847563148261
812,8.810939944891715,0.11715590011607446,0.11715590011607446,8.810939944891715,0.0,0.08119164403308332,8.810939944891715,0.11715590011607446,0.0
813,5.007670495264392,0.0,0.0,5.007670495264392,0.0,0.0,5.007670495264392,0.0,0.543911957681388
814,0.9764088347346274,0.0,0.0,0.15120854902045266,0.0,6.367090804561371,0.15120854902045266,0.0,2.232255132603939
815,1.912512118308996,0.0,0.0,3.017349147075265,0.0,0.49359067280431645,1.3655502969219242,0.0,0.5604659346584242
816,5.516204908199484,3.0155647858063332,1.3754423512779397,0.0,0.0,4.202448480829332,2.5227573160278496,3.320992242194535,3.743036631647186
817,9.141408491332271,0.0,0.0,8.35151463380484,0.0,0.0,10.553234347319801,14.457643826899528,2.9238581072763736
818,16.7125542693567,0.0,4.239251081309675,15.349389078108487,4.711284933655037,0.03613055790208364,15.358840384468238,0.0,0.0
819,16.185659688254106,0.0,0.0,15.569817358375076,0.0,3.108731594063272,9.547920354222072,0.0,0.0
820,9.670743931729248,0.0,0.0,14.964520770784873,3.4635578905089233,0.0,4.117184248731633,3.4639477155180316,2.389205749684635
821,30.755343812312134,0.0,0.0,14.91676743420291,0.0,0.0,76.16558126786688,2.8151134787840704,24.619883837451027
822,16.30197431072733,1.599739271645376,27.873523118632704,36.15091266983035,2.2038051546218753,7.0381337119790714,11.74254277836485,0.0,0.0
823,9.538118431721841,0.2972368941460104,0.2972368941460104,12.265501553965294,4.791370490721192,0.004069752748193878,8.583766810597382,2.350714186554711,0.0
824,9.435552773629468,0.0,0.0,13.404717920502435,13.404717920502435,6.5466054668979154,6.477556700467289,6.477556700467289,1.3618110577441485
825,20.347329564873718,0.0,0.0,17.02157671000623,0.0,0.0,15.91914658385096,0.0,0.0
826,0.0,0.0,0.0,0.0,0.0,6.38518484472894,0.0,0.0,1.4431247461357373
827,21.23507226540832,0.0,0.0,36.57113199479727,8.792227139625709,5.5665118161802525,20.130014142484754,2.1234255274910083,1.5375666669357884
828,8.073572543407238,0.0,3.7744922272397616,5.046916916086474,5.046916916086474,1.5313173308213095,4.903208019792032,4.903208019792032,0.7341520039351792
829,2.9440732171035506,14.286816270616328,3.7982989616592704,3.772007240961443,0.0,0.0,1.0984369008101567,0.0,6.035395264360005
830,4.011125293518859,0.012269791429218913,0.012269791429218913,3.316488062583119,0.0,0.0,3.316488062583119,0.012269791429218913,1.412335956775138
831,0.179070731465913,0.0,0.0,14.750803371114444,0.0,5.478399435453241,4.780072365549586,0.0,0.0
832,26.580068434003664,1.471836878807494,0.0,31.986020364185975,3.626341731051923,0.04835737855540856,21.0121765628748,2.6673554591002073,0.0
833,24.964014527710276,0.0,0.0,6.0982647591043815,0.0,0.0,6.0982647591043815,0.0,0.37831575449720845
834,0.0,0.0,0.0,0.0,0.0,0.13667554305669682,0.0,0.0,0.0
835,22.533370971457913,0.0,0.0,102.40376144170526,4.4625733172451305,0.0,76.85682912905827,54.52369881293927,2.7845639729397647
836,11.080505039594783,1.6103674081202257,0.44916352265528303,17.83479580976737,1.2428416920564302,6.164184499217043,25.00665883291927,4.509654944553347,9.758742307452735
837,56.21507878461051,3.9282597577577008,0.0,11.736981370201391,5.823792570743933,0.7051047062071802,4.95612397728712,2.6186114956968822,2.255118500160364
838,10.90352788044737,0.7465013760910892,0.7465013760910892,11.899133448548753,0.0,0.009381315284599623,17.97321893690213,0.7230758251362772,15.838034901349062
839,30.281710134961855,0.7199888385047757,0.7199888385047757,0.025161174929564822,0.0,0.0,28.759448588754793,29.47320297641076,0.6453208476456496
840,1.878193738715538,0.0,0.0,1.878193738715538,0.0,0.0,1.878193738715538,0.0,0.1516483145303198
841,0.0,0.668370037436091,0.0,0.0,0.0,0.0,0.0,0.0,1.590613890001606
842,17.883920167961122,0.0,0.0,8.826081888305737,0.0,0.0,13.894856989913023,10.840365865506271,0.9288686452577508
843,1.6235069935568731,0.0,0.0,1.4717315183268624,0.0,0.0,1.4717315183268624,0.0,0.0
844,2.7539487889098098,0.0,0.0,10.915946629006754,0.0,5.222836583123808,42.537926122322716,27.84009482223746,1.135421437329029
845,25.303248068688845,0.0,0.0,12.250391626089538,0.3882581530479001,17.802830608930037,5.169669561308865,0.0,1.225596602594095
846,61.434911689561204,0.0,15.667494533398582,4.98308487113141,4.98308487113141,0.06740603379193999,213.86155403162496,215.76619385355713,23.57188730893543
847,0.0,1.9942948518934713,1.9942948518934713,0.0,0.0,0.0,0.0,0.8048253111388703,0.0
848,3.598826274099565,1.1234622533708603,0.3646502944552594,3.684796871429512,0.0,0.0,5.772816864784829,5.268140803717813,0.30309952854170774
849,15.278961779343689,0.0,0.0,14.568936825131317,0.8712906873637678,0.0,14.498787051825246,0.0,0.0
850,0.002927969270047015,6.032375222630151,0.0,0.0,0.0,0.0,0.0,0.0,3.2728628323212092
851,2.139568875544313,0.0,0.0,7.892820520702259,0.0,0.5031867297824988,2.127387129581365,0.0,0.0
852,10.850079551601397,0.0,0.0,1.9526742808162396,0.0,0.0,0.0,0.0,0.0
853,6.907577909741832,7.120922679942339,1.0780784772511538,5.027158975601395,0.0,0.0,116.64515451988552,112.532174227322,9.735999062097932
854,0.7337839208433365,0.0,0.0,0.31917693150722926,0.0,7.211301722119117,0.0,0.0,0.0
855,13.765394956288333,0.0,0.0,7.408229655944297,7.77858395217271,10.237374606101298,46.443217760260495,44.58681144117594,0.0
856,6.160099529561336,0.0,0.0,5.555696811051462,6.796544842668538,6.873703772739987,19.979943758950185,0.0,0.9349564181847825
857,13.403885097373546,0.9707530672602616,0.0,2.2860136418669867,0.0,0.0,7.924721497961514,0.0,0.6008201997196352
858,9.327915941299779,0.0,0.0,6.748691477418475,0.0,0.0,6.748691477418475,0.0,0.2839425594706029
859,11.137835499921522,0.0,0.0,9.038718965789002,0.0,0.0,7.003674612533445,0.0,0.0
860,23.31010816107525,0.0,0.0,15.770668674731326,4.620067704471182,25.287244281876667,14.705815010721636,4.620067704471182,0.4075778480151939
861,25.61153152830161,0.0,0.0,33.57840751844111,0.0,5.563666439646909,16.387382356607105,0.0,0.0
862,9.57027111204394,0.0,0.0,9.405795437796542,0.0,2.0616582854929106,9.405795437796542,0.0,0.0
863,41.38048881451465,0.0,0.0,27.794464959781834,0.0,5.288143065596671,25.2896244757913,0.0,0.0
864,0.0,0.0,0.0,0.0,0.0,5.0258902823002245,0.0,0.0,3.4273709699839685
865,0.0,0.050637201039364754,0.050637201039364754,0.0,0.0,0.0,0.0,0.050637193282511817,0.0
866,3.805470399026518,3.9800198875033175,0.6609684228527044,17.170864184712116,14.541374863221108,0.22278999558614032,2.321880133436366,0.0,60.99526011191978
867,0.08639676372729355,0.0,0.0,7.752498701201546,0.5467869899201503,0.7004833686211214,133.09380788542674,79.45840540823275,9.276537189823955
868,20.107471755641683,0.0,0.0,154.21714352992612,138.09646452132844,6.208171461963332,158.5020007798558,149.8479452984638,15.500625878656336
869,9.557364738847212,0.16499164788297094,0.16499164788297094,12.444787134216114,0.0,0.0,5.213153927797094,0.0,4.41948228045257
870,14.315464147136879,13.414328787737304,3.2570811421261965,34.5428959854367,19.203320354569314,10.532032471609966,28.09525111033136,2.434118640086041,1.2163204130339125
871,0.0,0.4567705997032476,0.4567705997032476,0.0,0.0,3.33720721952875,0.0,0.4567705997032476,0.9529795931403839
872,4.543262259021105,1.880302750574515,0.0,0.0,0.0,0.0,0.0,0.0,0.5508466533874525
873,18.315917657772246,0.0,0.0,16.666006901297806,0.0,0.0,78.54233597221125,57.22173132697088,0.0
874,5.361806057691155,0.0,0.0,3.872824789829423,0.5328266682120386,0.0,21.6087998432385,8.899028966642192,0.9996357723883023
875,22.1405702784472,0.0,0.0,19.647177206313074,0.0,0.45358034889477494,19.954612449441044,0.3074410939861423,0.0
876,10.78116474555651,0.0,0.0,11.54093447771271,0.0,0.3545349817720762,10.781280090416942,0.0,2.3753587494389876
877,12.838530826582229,2.3914693028361853,0.0,69.64908540864499,63.326274179082105,5.08399397153687,8.464207715405195,8.45712521470503,4.080623272078441
878,0.0,0.0,0.0,0.0,0.0,0.0,4.7744613640236935,0.0,9.476346696208537
879,9.310597187288778,0.0,0.3573878581821077,34.43874275988125,28.054165468140667,0.0,17.87469191551412,0.0,0.0
880,0.0,0.0,0.0,0.0,0.0,0.0021898672433735555,8.821618940682697,6.979837703115322,0.0
881,12.587393523701394,0.0,0.0,60.809607548042464,9.245729640239091,3.2208901046449228,9.820825652410036,6.723841562676483,0.0
882,64.86180819026887,10.111488403893247,11.201691297124853,21.751205083515714,0.0,0.0,16.653982615807962,2.949608841550173,4.386244693560599
883,0.0,0.8220757684792943,0.8220757684792943,0.0,0.0,1.118595215774235,0.0,0.0,2.520458413537739
884,0.0,0.0,0.0,0.0,0.0,2.6403097388329684,0.0,0.0,0.0
885,11.84852332542684,0.0,0.0,4.539312788466674,0.0,0.8090147134853396,4.539312788466674,0.0,2.29107746230855
886,3.3703182059119854,0.0,0.0,6.01191347903972,0.0,4.714864385130568,0.0,0.0,0.0
887,51.40383451157487,0.0,2.892011489413534,10.98402910036964,10.882125470366844,0.29047235991345133,66.81419713455514,21.051321829093666,0.42120702582201375
888,22.346377197364347,0.0,0.0,14.366898694307878,0.0,6.584587780777667,14.357034732200049,0.0,0.2686431598968966
889,12.727042128362996,0.0,0.0,15.152002750075326,0.0,13.40589741263409,0.6928230743721429,0.0,0.0
890,26.835407570766364,0.0,0.7317575394267237,0.0,0.0,0.15708360558443246,30.805485989016063,5.8452281060876885,0.0
891,41.7642066393056,0.15869619914997202,4.601036999842307,8.303675488957396,0.0,0.0,11.009912051673865,4.831140355988964,0.0
892,4.898247354968845,0.0,0.0,13.535685758396312,10.461710845033394,0.0,6.589306101285416,3.2852033556187337,0.0
893,26.976597796146564,1.0383818823615343,0.683194946281958,16.20197099720974,13.861400882350893,0.0,87.7065680590774,9.140028302286396,0.0
894,16.860385984141544,0.0,0.0,12.732522843064572,0.0,2.1586728577836425,14.845146740801653,0.0,0.0
895,0.9685268639744322,0.0,0.0,0.9725228315554659,0.0,0.0,21.442244846623453,0.0,24.100514199019187
896,4.114717065593737,0.0,0.0,14.610398609164065,2.970071003984401,8.963208638044193,17.76498076343637,4.422755537506077,1.211232776164053
897,43.35707192817142,4.525462335120949,0.0,10.803145716545373,7.705005131175312,7.747093641690867,6.727194435633692,0.0,1.9745670192341436
898,6.809044784551844,0.018493590567231877,1.010231547990628,0.9671242955069772,0.0,0.43471849301874954,16.668275468151165,10.305890638705591,1.8499760856255136
899,19.372358503188252,0.2660436674955804,0.08218891798429695,6.865044500111878,0.0,0.023026748410188702,6.865044500111878,0.08202075926197949,0.0
900,8.363356329191845,0.0,0.0,13.391215193895363,0.0,13.865050734520764,8.330062817165384,0.0,0.0
901,0.0,0.0,0.0,0.0,0.0,0.0,0.0,0.0,4.006946971426572
902,0.47569267836496465,0.0,0.0,0.47569267836496465,0.0,0.0,0.47569267836496465,0.0,1.8498203339173358
903,14.019008835067865,3.0764146338594287,0.0,36.18418012512137,2.172053627091856,12.666444593274264,110.54736506843807,12.492011146101902,72.59733835312227
904,1.0143446203248345,0.0,0.0,4.5579236748544645,0.0,0.013403255009052373,0.0,0.0,0.9060736142464805
905,0.8776037512073742,0.0,0.0,0.9999362107682543,0.3129016001264233,0.0,0.032336803687542215,0.0,0.09446477343860238
906,3.60917587098038,0.0,0.0,3.6174034520061866,3.6174034520061866,0.0,3.6088929032395356,3.6088929032395356,0.0
907,3.450944324008759,6.436623859463339,0.21480430133021855,6.644430483598143,0.0,0.18576427755385794,1.0580310924508751,1.2728353937810937,0.0
908,28.07223896979346,1.625462894834527,0.022288692291624557,15.151470600198593,3.447474399813075,0.26377812685501567,13.87363012482598,0.022288692291624557,2.214935750382409
909,3.0586938881376113,0.0,0.0,1.8332325022070108,0.0,0.047934699776817524,0.0,0.0,1.2468164606125924
910,0.0,0.0,0.0,0.0,0.0,0.0,24.5299504714761,16.88268543626694,10.05114197582563
911,19.07910314589779,0.0,0.0,9.3396377715423,0.0,1.4179644341695052,9.053136727951482,0.0,15.191078155134448
912,21.176519120590655,0.0,0.0,16.201998697390138,0.0,0.2123873548487154,25.804872006531696,0.0,0.0
913,21.65442423011973,3.5231207530414395,0.141379429284882,32.07228112932415,0.0,8.990499310543271,33.96528727329974,0.141379429284882,0.0
914,5.066717353945023,0.0,0.0,4.644389694617587,0.0,0.0,4.644389694617587,0.0,0.0
915,18.60148242812437,7.950224774993785,3.7017792382579273,1.8406540480024773,0.0,0.0,1.8406540480024773,0.2381986705916006,1.2347965830150258
916,18.047993551964737,0.0,0.0,12.526765158214147,0.0,2.56308743673668,37.18495086325413,21.528022131891618,2.6337531788829267
917,11.86689521409889,0.0,0.0,2.762500840389521,0.0,0.0,0.6844490410278468,0.0,2.8477136545624546
918,22.018775699030158,0.0,0.0,10.952004571089248,0.0,0.0,15.371158443707856,4.425940822128467,1.1117205237391943
919,3.542685772814309,0.0,0.0,5.9538504946098385,5.9538504946098385,0.4997204626756684,9.42658422779769,9.42658422779769,5.5676242546445565
920,68.81027060152539,7.401328220217692,0.0,26.242709983511787,0.0,0.0,33.00622529453085,12.022890701568912,3.1817998794397226
921,9.782163929743092,0.0,4.235737724123084,18.329369628086653,5.56401132455062,5.626278568081034,37.37697187260028,0.0,6.58705281878261
922,12.587683853279856,0.0,0.0,14.702992009468062,2.0930121821199634,0.0,12.580302415087004,0.0,0.0
923,2.658174261129716,2.524239903338753,0.0,6.92181506956689,0.0,5.454103007572542,1.9087951831112377,0.0,0.0
924,3.0351067183994473,0.0,0.0,3.0351067184033695,0.0,0.0,5.920757693423042,0.0,4.428328977612466
925,6.803528899960014,0.0,0.0,5.3173397826548126,0.0,0.0,5.337859475260984,0.0,0.32763711785815985
926,0.0,3.5322486980853114,3.5322486980853114,14.587283643980925,14.587283643980925,0.09884184269026264,0.8004683748162051,1.2137675803584216,22.46775515670376
927,23.623804792821858,0.9290514871202618,0.0,11.99892144000816,0.0,0.0,7.353064964277394,1.0056556535925267,1.3990117679764467
928,8.158688480319825,0.0,0.0,29.336567684332152,24.23752599365983,0.06572257778378798,17.116227207288233,8.251430109880317,0.44432634880226374
929,8.58455347924371,0.0,0.0,0.0,0.0,0.5063291778816392,0.0,0.0,0.0
930,16.220602358145413,0.7973799310051959,0.7973799310051959,6.475127686612069,0.0,0.041993346448748525,13.867704618020923,6.6321810452873535,0.6899504492964184
931,9.057599893499855,0.0,0.0,2.0266800039358372,0.0,0.0,10.499074207062534,3.3024275603919477,9.943825816194277
932,1.19800767244692,0.0,0.0,8.38694151280896,0.0,0.024513752741199824,4.699113410676659,3.476353856670073,0.0
933,0.1432472543064307,0.0,0.0,3.5837651518293967,0.0,0.0,6.619267460777962,6.619267460777962,0.5583307432747802
934,5.1527758892213456,0.049325879458820054,0.049325879458820054,8.777165395199233,0.0,0.0,1.0755334894697057,0.049325879458820054,10.226097272000487
935,8.978032400142382,3.011058627703619,0.0,11.85790880029657,0.0,1.3552260590137735,6.2537058106827885,0.0,0.0
936,0.0,0.1465595338501089,0.1465595338501089,72.4710291981142,71.85837045200915,1.234082068711416,2.161662889432506,2.308222423282615,27.906541836259095
937,0.6764135477606601,0.0,1.979583640041028,0.6062342977263597,0.0,0.0,0.0,0.0,1.093344561048582
938,47.31401839354078,0.7420303256452598,8.460615521218216,12.987813173969329,0.0,0.0,10.694077553364394,0.0,21.00843440118578
939,8.973886393192288,0.0,0.0,9.117681985470597,0.0,2.486244214222097,4.18463092068157,0.0,0.6320804733962291
940,6.085954724791435,0.0,0.0,0.13634488068504425,0.0,1.1677791433452853,11.476379170786544,0.0,3.085201346729491
941,2.4358784921558083,0.0,0.0,3.666944490421514,2.3276071155143825,20.254821589635924,4.579487292053841,4.579487292053841,0.013701599907278705
942,0.0,0.0,0.0,0.0,0.0,0.0,3.735933317877567,0.0,1.3212723398983144
943,97.73821500826523,0.0,0.0,52.41044400555484,27.913481780488837,0.0,26.39279021810526,0.0,12.789338755320642
944,3.7172102583559763,2.2932256142206597,0.0,11.369234463378575,0.0,0.1215321364780948,56.63256788175147,0.0,5.726545215125157
945,11.485447101892646,0.0,0.0,4.8163835137733315,0.0,9.780245911445434,4.8163835137733315,0.0,1.2593217212173329
946,0.0,0.0,0.0,10.870186006225424,10.37424840130285,9.020644373458367,0.0,0.0,0.0
947,1.484859580070804,3.858099070997241,0.0,1.261962130507925,0.0,0.0,1.261962130507925,0.0,1.1734207156769116
948,3.7885254058452347,0.0,0.0,0.0,0.0,0.5289080552312839,0.0,0.0,2.528534871741442
949,5.590104018584356,5.381063423547118,0.0,3.9910741763362125,0.0,0.0,3.9776220532306468,0.0,0.0
950,0.0,0.0,0.0,2.0545928025210287,0.0,0.28991796246509693,0.0,0.0,0.80764536053249
951,6.323762656635068,0.0,0.0,6.3240492253542016,0.0,2.442225378708258,6.338581047937765,0.0,4.569587701660225
952,19.1562970051248,2.3129292355951065,0.0,9.492039545231108,0.0,4.079016842882822,9.819837382692981,0.0,21.350774910100085
953,16.911321859861715,0.5137573141706753,0.5137573141706753,13.25786512488142,12.054152521781162,0.0,12.72838852716555,10.041920011963981,2.240937562369396
954,1.2041340857454372,0.0,0.0,5.699361669859059,0.0,0.5382220565631997,1.7136995414003025,0.0,11.650705821245595
955,17.700463222000735,0.0,7.87954889164763,11.596294479380504,0.0,0.2044612487589461,83.06216418653801,71.46586970715717,29.727514436855444
956,0.8652015010143259,2.1047612586791615,0.0,0.8137610330028338,8.171219779058163,0.03070539554505558,0.8137610330028338,0.0,1.2399613772834925
957,1.9246716925207465,0.0,0.0,0.25337242586908815,0.25337242586908815,4.102439664047267,0.0,0.0,12.608425999396559
958,0.0,0.0,0.0,0.0,0.0,0.0,0.0,0.0,0.6433737563430952
959,9.541279190683866,0.0,0.0,9.541227564317921,0.0,6.267013310085815,26.21264844547133,0.0,1.234192121911235
960,12.89043226548128,0.0,0.0,38.05524560968777,8.798212051903022,0.0,119.38811294790682,0.0,0.0
961,9.412476245817516,1.6860041174174967,0.375239306537992,16.40371266795131,0.0,3.8991008283171595,7.463731821806249,0.375239306537992,1.1837525954487091
962,14.887453205211187,9.561618306560376,0.6599505771369536,24.631468349771666,0.0,0.21236997671167046,6.872398786893513,0.0,0.8206500425516197
963,9.376021523477078,2.5256786453177824,0.0,10.917436855327793,0.0,6.45712660010264,7.378019471291111,0.0,0.0
964,4.703315966632772,1.1169848526718056,0.0,0.0,0.0,0.0,0.1637064565246078,0.1637064565246078,0.0
965,8.417473318571325,0.0,0.0,0.0,0.0,0.060885666899821445,0.0,0.0,0.0
966,1.1022057023670584,0.0,15.908502521724955,5.136504491832682,0.0,13.218283234742898,18.88565798610955,8.883165907428037,2.903738775300866
967,0.0,0.0,0.0,0.0,0.0,6.810999180141209,0.0,0.0,0.24074193922402287
968,41.38597544379155,4.481494147797605,0.0,14.874320242225224,0.0,0.0,19.22570353917223,0.0,25.75942558500452
969,18.29593005064706,0.0,0.0,19.515106952710653,3.3936404559892708,6.128184654675579,47.92271787840559,21.100141152273693,0.0
970,1.562164653772527,2.709239835966912,0.0,0.0,0.0,6.711096573123427,0.0,0.0,1.472034528679643
971,5.533262280917597,10.184263659811506,0.0,2.8378430662311303,0.0,1.053037774014058,0.0,0.0,0.0
972,38.97481174847778,0.0,0.0,8.298524097820206,0.0,0.0,8.295501669006484,0.0,0.0
973,36.70996367044873,4.900158869657616,0.0,24.87935154268183,0.0,0.0,17.484927624430725,0.3836683230507276,6.4590912216039555
974,0.9472915477110178,11.643968050981016,0.0,6.175869270434248,0.0,11.222066745722941,45.82901840992602,31.13900653057962,0.7853447950121222
975,1.2582635697426667,4.4226401118072545,0.0,0.0,0.0,0.0,0.0,0.0,0.0
976,1.814761619436183,0.0,0.0,0.22862717161456203,0.0,4.786672292026594,0.0,0.0,0.379834948688881
977,11.74823706436328,0.0,0.0,2.6731632858643195,0.0,0.0,2.6731632858643195,0.0,1.6206123519187088
978,0.0,0.018266749562201312,0.018266749562201312,0.47758577488832543,0.47758577488832543,0.0,0.0,0.018266749562201312,1.2250037524565585
979,12.8993286475567,0.0,0.0,0.0,0.0,0.08191236426694104,0.0,0.0,0.5560420219420337
980,32.87805331360482,0.0,0.0,4.998850050899733,0.0,0.0,7.65868649072695,2.6598364398631418,7.447006491263124
981,4.74142620281944,0.0,0.0,1.2351915476302224,0.0,0.21567777131167531,0.0,0.0,1.1008084166846004
982,53.12517869613373,1.2273891697478803,1.2273891697478803,61.083014840707534,4.470411978054557,0.5551957792976054,26.207833263508263,2.680606080468209,0.15742251068843416
983,15.294780772880074,6.598707461334129,0.10250831457454979,17.33114911451395,0.0,3.9468828655321886,18.029205157562785,0.10250831457454979,0.538736977565776
984,18.458953332964967,0.0,0.0,28.20988473026705,0.0,0.11525650832572865,124.49727965154273,1.462667674583912,0.5941481993239677
985,47.66541153851142,0.0,21.31500945205289,23.347296908980297,23.347296908980297,0.05000844168188223,21.430125041171664,9.89782465581456,0.18941065181638805
986,20.675461046882134,10.29604039541482,0.0,28.637401471014726,0.0,1.8290133770207717,18.861411678465487,0.0,0.4010053454797742
987,0.0,0.0,0.0,0.0,0.0,5.261395452393401,0.0,0.0,0.0
988,14.821554596840969,0.0,0.0,9.053691100432559,0.0,12.433251933361532,9.587354946671269,0.0,0.7501328616168053
989,16.29126984108106,0.0,0.0,14.054526473301877,0.0,9.825606914404943,14.054526473301877,0.0,0.06761701143264531
990,6.177862263380035,0.0,0.0,5.435372079444676,2.6631833634708073,0.0,4.329592048698203,3.527703854013737,2.67294600835163
991,18.482377420123896,5.875647421608164,0.0,12.009669497215697,12.009669497215697,2.742292212304676,11.736105118223605,11.736105118223605,0.02846685113138392
992,35.221905882782664,0.27023287104236715,0.0,14.460656866977956,0.0,2.8735768249287617,7.8881003957512235,0.0,1.6225443095172238
993,0.0,0.0,0.0,0.0,0.0,0.18501152372760998,0.0,0.0,0.7926451410829713
994,28.58010991897487,0.0,0.0,17.4324799895071,0.0,0.0,19.75773531746421,5.167562525535686,0.0
995,8.3276908708159,7.697690915794567,0.0,8.407890308211336,0.0,4.894163636152598,13.833816026643689,0.0,0.347862358781839
996,23.961314940181552,0.0,0.0,18.1978488940764,0.0,0.0,17.796272259593025,0.0,0.249743916325059
997,2.226178069747334,1.6057269001530585,0.0,45.3280438232276,45.3280438232276,0.0,68.0038113751518,68.0038113751518,7.789808515983395
998,8.254922807361169,2.451920292076693,1.4346347190335678,10.815497937642476,6.130629304928988,0.0,37.67276520288536,26.357068074441486,13.6780486872251
999,33.483650664886994,1.8342682662329821,1.8342682662329821,28.623732333869327,0.0,0.3101988224292995,27.590244080546086,0.0,0.49509263945509474
